IncidentID,AgencyORI,AgencyName,IncidentStatusDesc,County,RdwyNumber,Street,RoadwayName,StreetSfx,StreetDir,IntersectionRdwy,IntersectionRdwyName,BetweenStRdwy1,BetweenStRdwyName1,BetweenStRdwy2,BetweenStRdwyName2,Latitude,Longitude,Milepoint,CollisionDate,CollisionTime,UnitsInvolved,MotorVehiclesInvolved,NumberKilled,NumberInjured,Weather,RdwyConditionCode,HitandRun,DirAnalysisCode,MannerofCollision,RdwyCharacter,LightCondition,RampFromRdwyId,RampToRdwyId,AcceptedDate,IsSecondaryCollision,OwnerBadge,IncidentStatus,
25628159,0568000,LOUISVILLE METRO POLICE DEPT,Accepted,JEFFERSON,US0031W,,DR W J HODGE,ST,,,GRAND,,,,,38.240141363,-85.788108986,19.034,9/8/2019 12:00:00 AM,0039,2,2,0,3,CLEAR,DRY,True,ANGLE COLLISION - OTHER,ANGLE,,DARK (UNKNOWN ROADWAY LIGHTING),,,9/12/2019 8:43:04 AM,True,7393,Accepted,
25696699,0568000,LOUISVILLE METRO POLICE DEPT,Accepted,JEFFERSON,,,26TH,ST,S,,MUHAMMAD ALI,,,,,38.255258565,-85.794265787,0.380,9/8/2019 12:00:00 AM,1211,2,2,0,0,CLEAR,DRY,False,ANGLE COLLISION - OTHER,ANGLE,STRAIGHT & LEVEL,DAYLIGHT,,,9/27/2019 8:44:36 AM,False,7805,Accepted,
25613132,0568000,LOUISVILLE METRO POLICE DEPT,Accepted,JEFFERSON,,,16TH,ST,S,,CHESTNUT,,,,,38.251151860,-85.777616485,0.529,9/8/2019 12:00:00 AM,0944,2,2,0,0,CLEAR,DRY,False,ANGLE COLLISION - OTHER,ANGLE,STRAIGHT & LEVEL,DAYLIGHT,,,9/9/2019 10:18:24 AM,False,7805,Accepted,
25633756,0568000,LOUISVILLE METRO POLICE DEPT,Accepted,JEFFERSON,I 0064,,I64 E,,,I 0264,I264 E,,,,,38.275075118,-85.812845569,0.804,9/8/2019 12:00:00 AM,1900,2,2,0,2,CLEAR,DRY,False,ANGLE COLLISION - OTHER,ANGLE,STRAIGHT & LEVEL,DAYLIGHT,,,9/13/2019 8:44:17 AM,False,7190,Accepted,
25613003,0568000,LOUISVILLE METRO POLICE DEPT,Accepted,JEFFERSON,,,LOWE,RD,,KY0155,TAYLORSVILLE,,,,,38.219041166,-85.606855638,0.002,9/8/2019 12:00:00 AM,0036,2,2,0,3,CLEAR,DRY,False,ANGLE COLLISION - ONE VEHICLE TURNING LEFT,ANGLE,STRAIGHT & LEVEL,DARK-HWY LIGHTED/ON,,,9/9/2019 10:10:28 AM,False,5117,Accepted,
25613140,0568000,LOUISVILLE METRO POLICE DEPT,Accepted,JEFFERSON,KY0061,,PRESTON,HWY,,KY1450,BLUE LICK,,,,,38.133760811,-85.684172013,3.618,9/8/2019 12:00:00 AM,2104,2,2,0,0,CLOUDY,DRY,False,ANGLE COLLISION - ONE VEHICLE TURNING LEFT,ANGLE,STRAIGHT & LEVEL,DARK-HWY LIGHTED/ON,,,9/9/2019 10:18:51 AM,False,6360,Accepted,
25612995,0568000,LOUISVILLE METRO POLICE DEPT,Accepted,JEFFERSON,,,PAGES,LN,W,,ROBBINS,,,,,38.130492212,-85.859081337,0.600,9/8/2019 12:00:00 AM,0214,1,1,0,1,CLEAR,DRY,False,NON-COLLISION OBJECT COLLISION,SINGLE VEHICLE,STRAIGHT & GRADE,DARK-HWY NOT LIGHTED,,,9/9/2019 10:10:03 AM,False,5043,Accepted,
25613081,0568000,LOUISVILLE METRO POLICE DEPT,Accepted,JEFFERSON,,,SHASTA,TRL,,,KILMER,,,,,38.176258241,-85.676607162,0.200,9/8/2019 12:00:00 AM,1553,2,2,0,0,CLOUDY,FLOODED,True,COLLISION WITH PARKED VEHICLE,REAR END,STRAIGHT & LEVEL,DAYLIGHT,,,9/9/2019 10:15:43 AM,False,7121,Accepted,
25613006,0568000,LOUISVILLE METRO POLICE DEPT,Accepted,JEFFERSON,US0031E,,BARDSTOWN,RD,,,GOLDSMITH,,,,,38.208845358,-85.669193072,11.812,9/8/2019 12:00:00 AM,0224,2,1,0,0,CLEAR,DRY,False,COLLISION WITH PEDESTRIAN IN INTERSECTION,SINGLE VEHICLE,STRAIGHT & LEVEL,DARK-HWY LIGHTED/ON,,,9/9/2019 10:10:44 AM,False,5117,Accepted,
25633766,0568000,LOUISVILLE METRO POLICE DEPT,Accepted,JEFFERSON,US0060A,,TAYLOR,BLVD,,,DRESDEN,,,,,38.197036037,-85.782889040,1.515,9/7/2019 12:00:00 AM,2055,2,1,0,1,CLEAR,DRY,False,COLLISION WITH BICYCLE IN INTERSECTION,SINGLE VEHICLE,STRAIGHT & LEVEL,DARK-HWY LIGHTED/ON,,,9/13/2019 8:46:59 AM,False,5183,Accepted,
25612879,0568000,LOUISVILLE METRO POLICE DEPT,Accepted,JEFFERSON,,,PEABODY,LN,,,TERRIL,,,,,38.204570276,-85.678134586,0.592,9/7/2019 12:00:00 AM,0140,2,1,0,1,CLEAR,DRY,True,COLLISION WITH PEDESTRIAN IN INTERSECTION,SINGLE VEHICLE,STRAIGHT & LEVEL,DARK-HWY LIGHTED/ON,,,9/9/2019 9:59:33 AM,False,7045,Accepted,
25718994,0568000,LOUISVILLE METRO POLICE DEPT,Accepted,JEFFERSON,KY1727,,TERRY,RD,,,RAGGARD,,,,,38.170927137,-85.867261868,3.472,9/7/2019 12:00:00 AM,2106,2,1,0,1,CLEAR,DRY,True,COLLISION WITH PEDESTRIAN IN INTERSECTION,SINGLE VEHICLE,STRAIGHT & LEVEL,DARK-HWY LIGHTED/ON,,,10/2/2019 8:46:39 AM,False,5212,Accepted,
25612975,0568000,LOUISVILLE METRO POLICE DEPT,Accepted,JEFFERSON,,,HILL,ST,W,,CYPRESS,,,,,38.230303944,-85.798588216,2.302,9/7/2019 12:00:00 AM,1904,1,1,0,0,CLEAR,DRY,False,COLLISION WITH FIXED OBJECT IN INTERSECTION - FIRST EVENT COLLISION 09 - 32,SINGLE VEHICLE,STRAIGHT & LEVEL,DAYLIGHT,,,9/9/2019 10:08:42 AM,False,7181,Accepted,
25612983,0568000,LOUISVILLE METRO POLICE DEPT,Accepted,JEFFERSON,,,PAGES,LN,W,,KERRY,,,,,38.130336890,-85.852421845,0.250,9/7/2019 12:00:00 AM,2300,1,1,0,1,CLEAR,DRY,False,NON-COLLISION OBJECT COLLISION,SINGLE VEHICLE,STRAIGHT & LEVEL,DARK-HWY LIGHTED/ON,,,9/9/2019 10:09:22 AM,False,5033,Accepted,
25612928,0568000,LOUISVILLE METRO POLICE DEPT,Accepted,JEFFERSON,KY1934,,CANE RUN,RD,,,KRAMERS,,,,,38.201275592,-85.835069784,9.377,9/7/2019 12:00:00 AM,0805,2,2,0,2,CLEAR,DRY,False,ANGLE COLLISION - ONE VEHICLE TURNING LEFT,ANGLE,STRAIGHT & LEVEL,DAYLIGHT,,,9/9/2019 10:05:23 AM,False,7420,Accepted,
25654778,0568000,LOUISVILLE METRO POLICE DEPT,Accepted,JEFFERSON,KY1020,,2ND,ST,S,,MUHAMMAD ALI,,,,,38.250752860,-85.754271038,12.435,9/7/2019 12:00:00 AM,1530,2,2,0,0,CLEAR,DRY,False,ANGLE COLLISION - OTHER,ANGLE,STRAIGHT & LEVEL,DAYLIGHT,,,9/18/2019 8:42:46 AM,False,5173,Accepted,
25612949,0568000,LOUISVILLE METRO POLICE DEPT,Accepted,JEFFERSON,,,BARRET,AVE,,,RUFER,,,,,38.234785918,-85.726919197,1.086,9/7/2019 12:00:00 AM,1625,2,2,0,0,CLEAR,DRY,False,ANGLE COLLISION - OTHER,ANGLE,STRAIGHT & LEVEL,DAYLIGHT,,,9/9/2019 10:07:09 AM,False,7965,Accepted,
25612986,0568000,LOUISVILLE METRO POLICE DEPT,Accepted,JEFFERSON,KY0061,,JACKSON,ST,S,,ST CATHERINE,,,,,38.235305388,-85.747275524,11.614,9/7/2019 12:00:00 AM,2115,2,2,0,1,CLEAR,DRY,False,ANGLE COLLISION - OTHER,ANGLE,STRAIGHT & LEVEL,DARK (UNKNOWN ROADWAY LIGHTING),,,9/9/2019 10:09:30 AM,False,5050,Accepted,
25613069,0568000,LOUISVILLE METRO POLICE DEPT,Accepted,JEFFERSON,,,BARRET,AVE,,,OAK,,,,,38.235741627,-85.727646910,1.009,9/7/2019 12:00:00 AM,1324,2,2,0,0,CLOUDY,DRY,False,ANGLE COLLISION - OTHER,ANGLE,STRAIGHT & LEVEL,DAYLIGHT,,,9/9/2019 10:14:55 AM,False,2230,Accepted,
25627951,0568000,LOUISVILLE METRO POLICE DEPT,Accepted,JEFFERSON,KY1631,,CRITTENDEN,DR,,,CENTRAL,,,,,38.202966898,-85.750666275,1.034,9/7/2019 12:00:00 AM,2235,2,2,0,0,CLEAR,DRY,False,REAR END - ONE VEHICLE TURNING RIGHT,REAR END,STRAIGHT & LEVEL,DARK-HWY LIGHTED/ON,,,9/12/2019 8:26:20 AM,False,5170,Accepted,
25612942,0568000,LOUISVILLE METRO POLICE DEPT,Accepted,JEFFERSON,,,LIBERTY,ST,E,,BROOK,,,,,38.252371463,-85.750700779,0.082,9/7/2019 12:00:00 AM,1550,2,2,0,1,CLEAR,DRY,False,SIDESWIPE-SAME DIRECTION,SIDESWIPE-SAME DIRECTION,STRAIGHT & LEVEL,DAYLIGHT,,,9/9/2019 10:06:41 AM,False,7377,Accepted,
25612927,0568000,LOUISVILLE METRO POLICE DEPT,Accepted,JEFFERSON,,,OLDSHIRE,RD,,,PRESTON SPRING,,,,,38.109322135,-85.667490486,0.092,9/7/2019 12:00:00 AM,1125,2,2,0,0,CLEAR,DRY,False,SIDESWIPE-SAME DIRECTION,SIDESWIPE-SAME DIRECTION,CURVE & LEVEL,DAYLIGHT,,,9/9/2019 10:05:13 AM,False,7955,Accepted,
25612966,0568000,LOUISVILLE METRO POLICE DEPT,Accepted,JEFFERSON,I 0265,,I265 W,,,I 0265,I265 W EXIT14 OFF RAMP TO  COOPER CHAPEL RD,,,,,38.119044748,-85.638485143,13.822,9/7/2019 12:00:00 AM,1700,2,2,0,0,CLEAR,DRY,False,OTHER INTERSECTION COLLISIONS,REAR END,STRAIGHT & LEVEL,DAYLIGHT,,,9/9/2019 10:08:08 AM,False,7486,Accepted,
25613031,0568000,LOUISVILLE METRO POLICE DEPT,Accepted,JEFFERSON,US0031W,,DIXIE,HWY,,,KERRICK,,,,,38.153392873,-85.835904458,12.274,9/7/2019 12:00:00 AM,1911,2,2,0,0,CLEAR,DRY,True,OTHER INTERSECTION COLLISIONS,REAR END,CURVE & LEVEL,DAYLIGHT,,,9/9/2019 10:12:49 AM,False,5059,Accepted,
25613040,0568000,LOUISVILLE METRO POLICE DEPT,Accepted,JEFFERSON,KY0022,,BALLARDSVILLE,RD,,KY1694,BROWNSBORO,,,,,38.315662510,-85.561336117,4.829,9/7/2019 12:00:00 AM,1130,2,2,0,0,CLOUDY,DRY,False,OTHER INTERSECTION COLLISIONS,REAR END,STRAIGHT & LEVEL,DAYLIGHT,,,9/9/2019 10:13:21 AM,False,7851,Accepted,
25612999,0568000,LOUISVILLE METRO POLICE DEPT,Accepted,JEFFERSON,KY0061,,PRESTON,HWY,,KY1065,OUTER,,,,,38.138313478,-85.686575404,3.950,9/7/2019 12:00:00 AM,2033,2,2,0,0,CLEAR,DRY,True,OTHER INTERSECTION COLLISIONS,REAR END,STRAIGHT & LEVEL,DARK-HWY LIGHTED/ON,,,9/9/2019 10:10:13 AM,False,7423,Accepted,
25612936,0568000,LOUISVILLE METRO POLICE DEPT,Accepted,JEFFERSON,US0031E,,BARDSTOWN,RD,,,CEDARLOOK,,,,,38.147071702,-85.585878767,5.331,9/7/2019 12:00:00 AM,1322,2,2,0,0,CLEAR,DRY,False,OTHER INTERSECTION COLLISIONS,REAR END,STRAIGHT & LEVEL,DAYLIGHT,,,9/9/2019 10:06:23 AM,False,7278,Accepted,
25612917,0568000,LOUISVILLE METRO POLICE DEPT,Accepted,JEFFERSON,KY1447,,WESTPORT,RD,,,CHAMBERLAIN,,,,,38.299200077,-85.541846476,7.029,9/7/2019 12:00:00 AM,0505,2,2,0,2,CLEAR,DRY,True,OTHER INTERSECTION COLLISIONS,REAR END,STRAIGHT & LEVEL,DARK (UNKNOWN ROADWAY LIGHTING),,,9/9/2019 10:03:21 AM,False,5155,Accepted,
25612931,0568000,LOUISVILLE METRO POLICE DEPT,Accepted,JEFFERSON,KY1934,,CANE RUN,RD,,,,,,,,38.189833541,-85.849504579,8.260,9/7/2019 12:00:00 AM,1258,2,1,0,1,CLEAR,DRY,False,COLLISION WITH PEDESTRIAN NON - INTERSECTION,SINGLE VEHICLE,STRAIGHT & LEVEL,DAYLIGHT,,,9/9/2019 10:06:10 AM,False,5003,Accepted,
25613190,0568000,LOUISVILLE METRO POLICE DEPT,Accepted,JEFFERSON,KY0907,,SOUTHSIDE,DR,,,,,,,,38.149721772,-85.770201866,6.692,9/7/2019 12:00:00 AM,1447,2,1,0,1,CLEAR,DRY,False,COLLISION WITH PEDESTRIAN NON - INTERSECTION,SINGLE VEHICLE,STRAIGHT & LEVEL,DAYLIGHT,,,9/9/2019 10:23:18 AM,False,7331,Accepted,
25633652,0568000,LOUISVILLE METRO POLICE DEPT,Accepted,JEFFERSON,,312,CLARK STATION,RD,,,,,,,,38.230944643,-85.425029736,0.314,9/7/2019 12:00:00 AM,0935,1,1,0,0,CLEAR,DRY,False,COLLISION WITH FIXED OBJECT NON - INTERSECTION - FIRST EVENT COLLISION 09 - 32 EXCLUDING 16,SINGLE VEHICLE,STRAIGHT & LEVEL,DAYLIGHT,,,9/13/2019 8:29:45 AM,False,7858,Accepted,
25613077,0568000,LOUISVILLE METRO POLICE DEPT,Accepted,JEFFERSON,,4567,1ST,ST,S,,,,,,,38.184698575,-85.762287024,3.619,9/7/2019 12:00:00 AM,2300,2,2,0,0,CLEAR,DRY,True,1 VEHICLE PARKED POSITION (NOT PARKING LOT/DRIVEWAY),SIDESWIPE-SAME DIRECTION,STRAIGHT & LEVEL,DARK (UNKNOWN ROADWAY LIGHTING),,,9/9/2019 10:15:23 AM,False,7301,Accepted,
25612968,0568000,LOUISVILLE METRO POLICE DEPT,Accepted,JEFFERSON,,1725,CLOVERBROOK,DR,,,,,,,,38.188128457,-85.794682314,0.110,9/7/2019 12:00:00 AM,1313,2,2,0,0,CLEAR,DRY,False,1 VEHICLE PARKED POSITION (NOT PARKING LOT/DRIVEWAY),SIDESWIPE-SAME DIRECTION,STRAIGHT & LEVEL,DAYLIGHT,,,9/9/2019 10:08:18 AM,False,7422,Accepted,
25613012,0568000,LOUISVILLE METRO POLICE DEPT,Accepted,JEFFERSON,KY1631,,CRITTENDEN,DR,,,,,,,,38.204691872,-85.750780303,1.154,9/7/2019 12:00:00 AM,2239,2,2,0,0,CLEAR,DRY,True,1 VEHICLE PARKED POSITION (NOT PARKING LOT/DRIVEWAY),ANGLE,STRAIGHT & LEVEL,DARK (UNKNOWN ROADWAY LIGHTING),,,9/9/2019 10:11:06 AM,False,5252,Accepted,
25612973,0568000,LOUISVILLE METRO POLICE DEPT,Accepted,JEFFERSON,,1156,15TH,ST,S,,,,,,,38.237092885,-85.778250060,0.812,9/7/2019 12:00:00 AM,1634,2,2,0,0,CLEAR,DRY,True,1 VEHICLE PARKED POSITION (NOT PARKING LOT/DRIVEWAY),SIDESWIPE-SAME DIRECTION,STRAIGHT & LEVEL,DAYLIGHT,,,9/9/2019 10:08:38 AM,False,5179,Accepted,
25654799,0568000,LOUISVILLE METRO POLICE DEPT,Accepted,JEFFERSON,,414,BAUER,AVE,,,,,,,,38.251323853,-85.660608346,0.172,9/7/2019 12:00:00 AM,0928,2,2,0,0,CLOUDY,DRY,True,1 VEHICLE PARKED POSITION (NOT PARKING LOT/DRIVEWAY),REAR END,STRAIGHT & LEVEL,UNKNOWN,,,9/18/2019 8:45:05 AM,False,5112,Accepted,
25613173,0568000,LOUISVILLE METRO POLICE DEPT,Accepted,JEFFERSON,KY0061,,SHELBY,ST,S,,,,TEXAS,,FETTER,38.216385936,-85.743571966,10.221,9/7/2019 12:00:00 AM,2138,2,2,0,0,CLEAR,DRY,False,1 VEHICLE PARKED POSITION (NOT PARKING LOT/DRIVEWAY),SIDESWIPE-OPPOSITE DIRECTION,STRAIGHT & LEVEL,DARK-HWY NOT LIGHTED,,,9/9/2019 10:22:13 AM,False,7450,Accepted,
25612953,0568000,LOUISVILLE METRO POLICE DEPT,Accepted,JEFFERSON,KY1065,4801,OUTER,LOOP,,,,,,,,38.137986824,-85.673277579,6.793,9/7/2019 12:00:00 AM,1521,2,2,0,0,CLEAR,DRY,False,REAR END IN TRAFFIC LANES BOTH VEHICLES MOVING,REAR END,CURVE & LEVEL,DAYLIGHT,,,9/9/2019 10:07:22 AM,False,7348,Accepted,
25612920,0568000,LOUISVILLE METRO POLICE DEPT,Accepted,JEFFERSON,I 0064,,I64 E,,,,,,,,,38.280021889,-85.823582538,0.014,9/7/2019 12:00:00 AM,0745,3,3,0,2,CLEAR,DRY,False,REAR END IN TRAFFIC LANES BOTH VEHICLES MOVING,REAR END,STRAIGHT & LEVEL,DAYLIGHT,,,9/9/2019 10:03:30 AM,False,5253,Accepted,
25612963,0568000,LOUISVILLE METRO POLICE DEPT,Accepted,JEFFERSON,I 0264,,I264 W,,,,,,,,,38.221573627,-85.650986110,16.989,9/7/2019 12:00:00 AM,1625,2,2,0,0,CLEAR,DRY,False,REAR END IN TRAFFIC LANES BOTH VEHICLES MOVING,REAR END,STRAIGHT & GRADE,DAYLIGHT,,,9/9/2019 10:07:57 AM,False,5112,Accepted,
25612924,0568000,LOUISVILLE METRO POLICE DEPT,Accepted,JEFFERSON,KY0155,,TAYLORSVILLE,RD,,,,,,,,38.187207616,-85.522401843,6.806,9/7/2019 12:00:00 AM,1028,2,2,0,0,CLOUDY,DRY,False,REAR END IN TRAFFIC LANES BOTH VEHICLES MOVING,REAR END,STRAIGHT & LEVEL,DAYLIGHT,,,9/9/2019 10:04:01 AM,False,5248,Accepted,
25612932,0568000,LOUISVILLE METRO POLICE DEPT,Accepted,JEFFERSON,I 0064,,I64 E,,,,,,,,,38.260981683,-85.733475293,5.944,9/7/2019 12:00:00 AM,1335,2,2,0,0,CLOUDY,DRY,False,SIDESWIPE COLLISION - SAME DIRECTION,SIDESWIPE-SAME DIRECTION,STRAIGHT & LEVEL,DAYLIGHT,,,9/9/2019 10:06:17 AM,False,2855,Accepted,
25612958,0568000,LOUISVILLE METRO POLICE DEPT,Accepted,JEFFERSON,I 0065,,I65 S,,,,,,,,,38.108340550,-85.701597105,124.698,9/7/2019 12:00:00 AM,1628,3,3,0,0,CLEAR,DRY,True,SIDESWIPE COLLISION - SAME DIRECTION,SIDESWIPE-SAME DIRECTION,STRAIGHT & LEVEL,DAYLIGHT,,,9/9/2019 10:07:35 AM,False,7955,Accepted,
25612960,0568000,LOUISVILLE METRO POLICE DEPT,Accepted,JEFFERSON,,,CARDINAL,BLVD,W,,,,4TH,KY1020,3RD,38.220665029,-85.762170026,0.235,9/7/2019 12:00:00 AM,1712,2,2,0,0,CLEAR,DRY,False,SIDESWIPE COLLISION - SAME DIRECTION,SIDESWIPE-SAME DIRECTION,STRAIGHT & LEVEL,DAYLIGHT,,,9/9/2019 10:07:41 AM,False,7418,Accepted,
25627946,0568000,LOUISVILLE METRO POLICE DEPT,Accepted,JEFFERSON,KY1020,,SOUTHSIDE,DR,,,,,,,,38.155707820,-85.764747260,5.915,9/7/2019 12:00:00 AM,1710,2,2,0,0,CLEAR,DRY,False,SIDESWIPE COLLISION - SAME DIRECTION,SIDESWIPE-SAME DIRECTION,STRAIGHT & LEVEL,DAYLIGHT,,,9/12/2019 8:26:01 AM,False,7053,Accepted,
25613176,0568000,LOUISVILLE METRO POLICE DEPT,Accepted,JEFFERSON,,1829,OSAGE,AVE,,,,,,,,38.239073274,-85.787001936,0.491,9/7/2019 12:00:00 AM,1943,3,3,0,1,CLEAR,DRY,False,1 VEHICLE ENTERING/LEAVING ENTRANCE,ANGLE,STRAIGHT & LEVEL,DAYLIGHT,,,9/9/2019 10:22:20 AM,False,5164,Accepted,
25612946,0568000,LOUISVILLE METRO POLICE DEPT,Accepted,JEFFERSON,KY1447,,WESTPORT,RD,,,,,,,,38.295071914,-85.556228442,6.216,9/7/2019 12:00:00 AM,1445,2,2,0,1,CLEAR,DRY,False,1 VEHICLE ENTERING/LEAVING ENTRANCE,ANGLE,STRAIGHT & LEVEL,DAYLIGHT,,,9/9/2019 10:07:00 AM,False,2489,Accepted,
25613078,0568000,LOUISVILLE METRO POLICE DEPT,Accepted,JEFFERSON,US0031E,,BARDSTOWN,RD,,,,,FERNDALE,,STORAGE,38.155352023,-85.589874200,5.947,9/7/2019 12:00:00 AM,1206,2,2,0,0,CLOUDY,DRY,False,1 VEHICLE ENTERING/LEAVING ENTRANCE,ANGLE,STRAIGHT & GRADE,DAYLIGHT,,,9/9/2019 10:15:35 AM,False,6494,Accepted,
25613119,0568000,LOUISVILLE METRO POLICE DEPT,Accepted,JEFFERSON,KY1865,,NEW CUT,RD,,,,,,,,38.126901895,-85.775841236,1.241,9/7/2019 12:00:00 AM,1833,2,2,0,0,CLEAR,DRY,False,1 VEHICLE ENTERING/LEAVING ENTRANCE,ANGLE,STRAIGHT & GRADE,DAYLIGHT,,,9/9/2019 10:17:26 AM,False,7221,Accepted,
25612944,0568000,LOUISVILLE METRO POLICE DEPT,Accepted,JEFFERSON,KY1065,,OUTER,LOOP,,,,,,,,38.138164375,-85.677465813,6.623,9/7/2019 12:00:00 AM,1600,2,2,0,2,CLEAR,DRY,False,1 VEHICLE ENTERING/LEAVING ENTRANCE,ANGLE,STRAIGHT & LEVEL,DAYLIGHT,,,9/9/2019 10:06:50 AM,False,6933,Accepted,
25612941,0568000,LOUISVILLE METRO POLICE DEPT,Accepted,JEFFERSON,KY2251,,BARDSTOWN,RD,,,,,STEIER,,HIKES,38.198953443,-85.659837224,1.030,9/7/2019 12:00:00 AM,1210,2,2,0,0,CLEAR,DRY,False,1 VEHICLE ENTERING/LEAVING ENTRANCE,ANGLE,STRAIGHT & LEVEL,DAYLIGHT,,,9/9/2019 10:06:34 AM,False,7448,Accepted,
25649396,0568000,LOUISVILLE METRO POLICE DEPT,Accepted,JEFFERSON,,,BARINGER,AVE,,,,,,,,38.232839496,-85.710606508,0.008,9/7/2019 12:00:00 AM,1336,2,2,0,0,CLEAR,DRY,False,1 VEHICLE ENTERING/LEAVING ENTRANCE,ANGLE,STRAIGHT & LEVEL,DAYLIGHT,,,9/17/2019 8:48:04 AM,False,7034,Accepted,
25613016,0568000,LOUISVILLE METRO POLICE DEPT,Accepted,JEFFERSON,I 0065,,,,,,,,,,,38.158025709,-85.716890697,0.080,9/7/2019 12:00:00 AM,1436,1,1,0,0,CLEAR,DRY,False,COLLISION WITH FIXED OBJECT NOT IN GORE ,SINGLE VEHICLE,CURVE & LEVEL,DAYLIGHT,KY1631,I 0065,9/9/2019 10:11:17 AM,False,7319,Accepted,
25612929,0568000,LOUISVILLE METRO POLICE DEPT,Accepted,JEFFERSON,I 0265,,,,,,,,,,,38.309043302,-85.572964931,0.009,9/7/2019 12:00:00 AM,1027,2,2,0,0,CLOUDY,DRY,False,OTHER RAMP RELATED COLLISIONS NOT LISTED ABOVE,REAR END,STRAIGHT & LEVEL,DAYLIGHT,KY0022,I 0265,9/9/2019 10:05:38 AM,False,6830,Accepted,
25612877,0568000,LOUISVILLE METRO POLICE DEPT,Accepted,JEFFERSON,I 0071,,,,,,,,,,,38.312578446,-85.585169731,0.165,9/7/2019 12:00:00 AM,0157,1,1,0,0,CLEAR,DRY,False,OTHER RAMP RELATED COLLISIONS NOT LISTED ABOVE,SINGLE VEHICLE,CURVE & HILLCREST,DARK-HWY LIGHTED/ON,I 0071,I 0265,9/9/2019 9:57:58 AM,False,7912,Accepted,
25618203,0568000,LOUISVILLE METRO POLICE DEPT,Accepted,JEFFERSON,KY1065,4901,OUTER,LOOP,,,,,,,,38.137964430,-85.665575791,7.213,9/7/2019 12:00:00 AM,1300,2,2,0,0,CLEAR,DRY,True,COLLISION IN PARKING LOT,BACKING,STRAIGHT & LEVEL,DAYLIGHT,,,9/10/2019 9:05:06 AM,False,7348,Accepted,
25679424,0560600,WEST BUECHEL POLICE DEPT.,Accepted,JEFFERSON,US0031E,3616,BUECHEL,BYP,,,,,,,,38.199026562,-85.661815168,11.043,9/6/2019 12:00:00 AM,1718,2,2,0,0,CLEAR,DRY,True,COLLISION IN PARKING LOT,ANGLE,STRAIGHT & LEVEL,DAYLIGHT,,,9/23/2019 5:18:04 PM,False,1292,Accepted,
25646137,KSP0400,KY STATE POLICE POST 04,Accepted,JEFFERSON,,830,PHILLIPS,LN,,,,,,,,38.196554343,-85.734005278,1.126,9/6/2019 12:00:00 AM,0945,2,2,0,0,CLEAR,DRY,False,COLLISION IN PARKING LOT,BACKING,STRAIGHT & LEVEL,DAYLIGHT,,,9/16/2019 3:18:57 PM,False,229,Accepted,
25613105,0568000,LOUISVILLE METRO POLICE DEPT,Accepted,JEFFERSON,I 0264,,,,,,,,,,,38.201423520,-85.693273844,0.184,9/6/2019 12:00:00 AM,1730,2,2,0,0,CLEAR,DRY,False,OTHER RAMP RELATED COLLISIONS NOT LISTED ABOVE,REAR END,STRAIGHT & LEVEL,DAYLIGHT,KY1703,I 0264,9/9/2019 10:16:20 AM,False,7938,Accepted,
25612809,0568000,LOUISVILLE METRO POLICE DEPT,Accepted,JEFFERSON,I 0065,,,,,,,,,,,38.157401109,-85.716428659,0.477,9/6/2019 12:00:00 AM,1357,2,2,0,0,CLEAR,DRY,False,OTHER RAMP RELATED COLLISIONS NOT LISTED ABOVE,REAR END,CURVE & LEVEL,DAYLIGHT,I 0065,KY1631,9/9/2019 9:45:54 AM,False,4693,Accepted,
25627934,0568000,LOUISVILLE METRO POLICE DEPT,Accepted,JEFFERSON,I 0065,,,,,,,,,,,38.158234448,-85.721855654,0.021,9/6/2019 12:00:00 AM,1246,2,2,0,0,CLEAR,DRY,False,OTHER RAMP RELATED COLLISIONS NOT LISTED ABOVE,REAR END,STRAIGHT & LEVEL,DAYLIGHT,I 0065,KY1631,9/12/2019 8:24:30 AM,False,8278,Accepted,
25606429,0560400,SHIVELY POLICE DEPARTMENT,Accepted,JEFFERSON,I 0264,,,,,,,,,,,38.186920832,-85.811608886,0.391,9/6/2019 12:00:00 AM,1031,2,2,0,0,CLEAR,DRY,False,OTHER RAMP RELATED COLLISIONS NOT LISTED ABOVE,REAR END,CURVE & GRADE,DAYLIGHT,I 0264,US31W N,9/7/2019 6:57:32 AM,False,7105,Accepted,
25612771,0568000,LOUISVILLE METRO POLICE DEPT,Accepted,JEFFERSON,I 0265,,,,,,,,,,,38.145276529,-85.546177888,0.327,9/6/2019 12:00:00 AM,0901,2,2,0,0,CLEAR,DRY,False,OTHER RAMP RELATED COLLISIONS NOT LISTED ABOVE,REAR END,STRAIGHT & LEVEL,DAYLIGHT,I 0265,KY1819,9/9/2019 9:36:48 AM,False,4656,Accepted,
25612863,0568000,LOUISVILLE METRO POLICE DEPT,Accepted,JEFFERSON,US0031W,6900,DIXIE,HWY,,,,,,,,38.150220445,-85.837176601,12.086,9/6/2019 12:00:00 AM,1240,2,2,0,0,CLEAR,DRY,True,COLLISION IN PARKING LOT,SIDESWIPE-SAME DIRECTION,STRAIGHT & LEVEL,DAYLIGHT,,,9/9/2019 9:54:03 AM,False,7267,Accepted,