IncidentID,AgencyORI,AgencyName,IncidentStatusDesc,County,RdwyNumber,Street,RoadwayName,StreetSfx,StreetDir,IntersectionRdwy,IntersectionRdwyName,BetweenStRdwy1,BetweenStRdwyName1,BetweenStRdwy2,BetweenStRdwyName2,Latitude,Longitude,Milepoint,CollisionDate,CollisionTime,UnitsInvolved,MotorVehiclesInvolved,NumberKilled,NumberInjured,Weather,RdwyConditionCode,HitandRun,DirAnalysisCode,MannerofCollision,RdwyCharacter,LightCondition,RampFromRdwyId,RampToRdwyId,AcceptedDate,IsSecondaryCollision,OwnerBadge,IncidentStatus,
25612971,0568000,LOUISVILLE METRO POLICE DEPT,Accepted,JEFFERSON,US0031E,1314,BARDSTOWN,RD,,,,,,,,38.235074212,-85.714907528,15.018,9/6/2019 12:00:00 AM,1807,2,2,0,0,CLEAR,DRY,False,COLLISION IN PARKING LOT,SIDESWIPE-SAME DIRECTION,STRAIGHT & LEVEL,DAYLIGHT,,,9/9/2019 10:08:31 AM,False,7129,Accepted,
25612127,0561500,UNIV. OF LOUISVILLE POLICE,Accepted,JEFFERSON,,,BRANDEIS,AVE,E,,,,1ST,,BRANDEIS,38.218804556,-85.756898495,0.066,9/6/2019 12:00:00 AM,1235,2,2,0,0,CLEAR,DRY,True,COLLISION IN PARKING LOT,BACKING,STRAIGHT & LEVEL,DAYLIGHT,,,9/9/2019 8:17:31 AM,False,5674,Accepted,
25612675,0568000,LOUISVILLE METRO POLICE DEPT,Accepted,JEFFERSON,I 0065,,I65 N,,,,,,,,,38.161838183,-85.720454508,128.600,9/6/2019 12:00:00 AM,0731,2,2,0,0,CLOUDY,DRY,False,OTHER ROADWAY OR MID-BLOCK COLLISION,REAR END,STRAIGHT & LEVEL,DAYLIGHT,,,9/9/2019 9:29:19 AM,False,4656,Accepted,
25612801,0568000,LOUISVILLE METRO POLICE DEPT,Accepted,JEFFERSON,KY1447,,WESTPORT,RD,,,,,ORMSBY,,EAGLE NEST,38.275004937,-85.607444574,3.121,9/6/2019 12:00:00 AM,1709,2,2,0,0,CLOUDY,DRY,False,OTHER ROADWAY OR MID-BLOCK COLLISION,REAR END,CURVE & HILLCREST,DAYLIGHT,,,9/9/2019 9:44:55 AM,False,2969,Accepted,
25612800,0568000,LOUISVILLE METRO POLICE DEPT,Accepted,JEFFERSON,KY1931,7800,ST ANDREWS CHURCH,RD,,,,,,,,38.151625436,-85.820154996,4.376,9/6/2019 12:00:00 AM,1420,2,2,0,0,CLEAR,DRY,False,OTHER ROADWAY OR MID-BLOCK COLLISION,OPPOSING LEFT TURN,STRAIGHT & LEVEL,DAYLIGHT,,,9/9/2019 9:44:48 AM,False,7817,Accepted,
25612878,0568000,LOUISVILLE METRO POLICE DEPT,Accepted,JEFFERSON,KY2053,,MT WASHINGTON,RD,,,,,,,,38.092737856,-85.667674948,0.094,9/6/2019 12:00:00 AM,2151,2,2,0,0,CLEAR,DRY,False,OTHER ROADWAY OR MID-BLOCK COLLISION,OPPOSING LEFT TURN,STRAIGHT & LEVEL,DARK-HWY LIGHTED/ON,,,9/9/2019 9:59:20 AM,False,5138,Accepted,
25612855,0565000,LYNDON POLICE DEPARTMENT,Accepted,JEFFERSON,KY1447,7713,WESTPORT,RD,,,,,,,,38.276422721,-85.602980819,3.379,9/6/2019 12:00:00 AM,1718,2,2,0,1,CLOUDY,DRY,False,OTHER ROADWAY OR MID-BLOCK COLLISION,REAR END,STRAIGHT & GRADE,DAYLIGHT,,,9/9/2019 9:53:38 AM,False,1359,Accepted,
25612831,0568000,LOUISVILLE METRO POLICE DEPT,Accepted,JEFFERSON,KY1020,2520,3RD,ST,S,,,,,,,38.213732043,-85.762288291,9.868,9/6/2019 12:00:00 AM,1047,1,1,0,0,CLEAR,DRY,False,OTHER ROADWAY OR MID-BLOCK COLLISION,SINGLE VEHICLE,STRAIGHT & LEVEL,DAYLIGHT,,,9/9/2019 9:49:52 AM,False,7418,Accepted,
25612832,0568000,LOUISVILLE METRO POLICE DEPT,Accepted,JEFFERSON,,,WARNOCK,ST,,,,KY2803,ARTHUR,,FLOYD,38.214620522,-85.754997709,0.356,9/6/2019 12:00:00 AM,1157,2,2,0,0,CLEAR,DRY,False,OTHER ROADWAY OR MID-BLOCK COLLISION,REAR END,STRAIGHT & LEVEL,DAYLIGHT,,,9/9/2019 9:50:03 AM,False,7418,Accepted,
25613038,0568000,LOUISVILLE METRO POLICE DEPT,Accepted,JEFFERSON,KY1931,,ST ANDREWS CHURCH,RD,,,,,,,,38.143477260,-85.839373515,3.156,9/6/2019 12:00:00 AM,1630,2,2,0,0,CLEAR,DRY,False,OTHER ROADWAY OR MID-BLOCK COLLISION,OPPOSING LEFT TURN,STRAIGHT & LEVEL,DAYLIGHT,,,9/9/2019 10:13:14 AM,False,7524,Accepted,
25654894,0568000,LOUISVILLE METRO POLICE DEPT,Accepted,JEFFERSON,,,BOULEVARD NAPOLEON,,,,,,DOUGLASS,,HARVARD,38.222725087,-85.695436394,0.241,9/6/2019 12:00:00 AM,1928,2,2,0,0,CLEAR,DRY,False,VEHICLE BACKING NON INTERSECTION,BACKING,STRAIGHT & LEVEL,DUSK,,,9/18/2019 8:58:34 AM,False,7180,Accepted,
25612817,0568000,LOUISVILLE METRO POLICE DEPT,Accepted,JEFFERSON,KY1747,,FERN VALLEY,RD,,,,,,,,38.157037220,-85.710633224,1.184,9/6/2019 12:00:00 AM,1758,2,2,0,0,CLOUDY,DRY,False,1 VEHICLE ENTERING/LEAVING ENTRANCE,ANGLE,STRAIGHT & LEVEL,DAYLIGHT,,,9/9/2019 9:47:40 AM,False,4693,Accepted,
25612802,0568000,LOUISVILLE METRO POLICE DEPT,Accepted,JEFFERSON,KY1931,,MANSLICK,RD,,,,,,,,38.168302543,-85.797248073,6.434,9/6/2019 12:00:00 AM,1244,3,3,0,0,CLEAR,DRY,False,1 VEHICLE ENTERING/LEAVING ENTRANCE,ANGLE,STRAIGHT & LEVEL,DAYLIGHT,,,9/9/2019 9:45:06 AM,False,7234,Accepted,
25602333,0568000,LOUISVILLE METRO POLICE DEPT,Accepted,JEFFERSON,,,GOLDSMITH,LN,,,,KY1703,NEWBURG,,LEITH,38.200230771,-85.684579186,0.021,9/6/2019 12:00:00 AM,0723,2,2,0,0,CLEAR,DRY,False,1 VEHICLE ENTERING/LEAVING ENTRANCE,ANGLE,STRAIGHT & LEVEL,DAYLIGHT,,,9/6/2019 10:01:23 AM,False,7830,Accepted,
25612125,0561500,UNIV. OF LOUISVILLE POLICE,Accepted,JEFFERSON,,,FLOYD,ST,S,,,,,,,38.207456155,-85.756312570,3.327,9/6/2019 12:00:00 AM,1548,2,2,0,0,CLEAR,DRY,False,1 VEHICLE ENTERING/LEAVING ENTRANCE,ANGLE,STRAIGHT & GRADE,DAYLIGHT,,,9/9/2019 8:17:00 AM,False,5694,Accepted,
25612793,0568000,LOUISVILLE METRO POLICE DEPT,Accepted,JEFFERSON,US0060A,,LEXINGTON,RD,,,,,,,,38.249018710,-85.670588589,9.766,9/6/2019 12:00:00 AM,1421,2,2,0,0,CLEAR,DRY,False,1 VEHICLE ENTERING/LEAVING ENTRANCE,ANGLE,STRAIGHT & LEVEL,DAYLIGHT,,,9/9/2019 9:42:48 AM,False,5112,Accepted,
25612797,0568000,LOUISVILLE METRO POLICE DEPT,Accepted,JEFFERSON,KY1932,,BRECKENRIDGE,LN,,,,,HIKES,,CHURCHILL PARK,38.218005943,-85.628481256,2.683,9/6/2019 12:00:00 AM,1636,2,2,0,0,CLEAR,DRY,False,1 VEHICLE ENTERING/LEAVING ENTRANCE,ANGLE,STRAIGHT & LEVEL,DAYLIGHT,,,9/9/2019 9:44:26 AM,False,7448,Accepted,
25627944,0568000,LOUISVILLE METRO POLICE DEPT,Accepted,JEFFERSON,,,KENWOOD,DR,W,,,,,,,38.161577257,-85.777572874,0.090,9/6/2019 12:00:00 AM,1300,2,2,0,0,CLEAR,DRY,False,1 VEHICLE ENTERING/LEAVING ENTRANCE,ANGLE,STRAIGHT & LEVEL,DAYLIGHT,,,9/12/2019 8:25:39 AM,False,7053,Accepted,
25623434,0568000,LOUISVILLE METRO POLICE DEPT,Accepted,JEFFERSON,I 0065,,I65 N EXIT130 TRANSIT,,,,,I 0065,I65 N EXIT131A OFF RAMP,I 0065,I65 N EXIT131A RAMP TO I264 E,38.183761075,-85.722650081,0.540,9/6/2019 12:00:00 AM,1235,2,2,0,1,CLEAR,DRY,False,SIDESWIPE COLLISION - SAME DIRECTION,SIDESWIPE-SAME DIRECTION,STRAIGHT & LEVEL,DAYLIGHT,,,9/11/2019 10:16:36 AM,False,7720,Accepted,
25627931,0568000,LOUISVILLE METRO POLICE DEPT,Accepted,JEFFERSON,I 0265,,I265 E,,,,,,,,,38.216415531,-85.506103157,25.042,9/6/2019 12:00:00 AM,1131,2,2,0,1,CLEAR,DRY,True,SIDESWIPE COLLISION - SAME DIRECTION,SIDESWIPE-SAME DIRECTION,STRAIGHT & LEVEL,DAYLIGHT,,,9/12/2019 8:24:17 AM,False,8278,Accepted,
25612868,0568000,LOUISVILLE METRO POLICE DEPT,Accepted,JEFFERSON,,45TH,GREENWOOD,AVE,,,,,,,,38.244772485,-85.827637069,2.315,9/6/2019 12:00:00 AM,1924,2,2,0,0,CLEAR,DRY,True,SIDESWIPE COLLISION - SAME DIRECTION,SIDESWIPE-SAME DIRECTION,STRAIGHT & LEVEL,DAYLIGHT,,,9/9/2019 9:54:48 AM,False,7445,Accepted,
25612777,0568000,LOUISVILLE METRO POLICE DEPT,Accepted,JEFFERSON,US0031E,,BARDSTOWN,RD,,,,,ICHABOD,,CEDAR CREEK,38.133609969,-85.579359300,4.334,9/6/2019 12:00:00 AM,1223,2,2,0,0,CLEAR,DRY,False,SIDESWIPE COLLISION - SAME DIRECTION,SIDESWIPE-SAME DIRECTION,STRAIGHT & LEVEL,DAYLIGHT,,,9/9/2019 9:38:57 AM,False,2017,Accepted,
25612926,0568000,LOUISVILLE METRO POLICE DEPT,Accepted,JEFFERSON,KY2052,,SHEPHERDSVILLE,RD,,,,,,,,38.148956430,-85.659873383,0.713,9/6/2019 12:00:00 AM,1645,2,2,0,0,CLEAR,FLOODED,False,SIDESWIPE COLLISION - SAME DIRECTION,SIDESWIPE-SAME DIRECTION,STRAIGHT & LEVEL,DAYLIGHT,,,9/9/2019 10:04:57 AM,False,7955,Accepted,
25612871,0568000,LOUISVILLE METRO POLICE DEPT,Accepted,JEFFERSON,,,SMYRNA,PKWY,,,,KY2845,MANSLICK,KY6320,SMYRNA FRONTAGE,38.123391923,-85.643097245,1.065,9/6/2019 12:00:00 AM,2252,2,2,0,0,CLEAR,DRY,False,SIDESWIPE COLLISION - SAME DIRECTION,SIDESWIPE-SAME DIRECTION,STRAIGHT & LEVEL,DARK-HWY LIGHTED/ON,,,9/9/2019 9:56:16 AM,False,5116,Accepted,
25613048,0568000,LOUISVILLE METRO POLICE DEPT,Accepted,JEFFERSON,I 0264,,I264 W,,,,,I 0065,I264 W EXIT12 OFF RAMP TO,I 0264,I264 W EXIT14 ON RAMP FROM KY864,38.192077143,-85.713930860,12.954,9/6/2019 12:00:00 AM,1442,2,2,0,0,CLEAR,DRY,False,SIDESWIPE COLLISION - SAME DIRECTION,SIDESWIPE-SAME DIRECTION,CURVE & HILLCREST,DAYLIGHT,,,9/9/2019 10:14:10 AM,False,7938,Accepted,
25602335,0568000,LOUISVILLE METRO POLICE DEPT,Accepted,JEFFERSON,I 0065,,I65 N,,,,,I 0065,I65 N EXIT136A OFF RAMP TO  S BROOK ST,I 0065,I65 N EXIT135 ON RAMP FROM  E SAINT CATHERINE ST,38.238703409,-85.753089118,134.773,9/6/2019 12:00:00 AM,0709,2,2,0,2,CLEAR,DRY,False,SIDESWIPE COLLISION - SAME DIRECTION,SIDESWIPE-SAME DIRECTION,CURVE & HILLCREST,DAYLIGHT,,,9/6/2019 10:02:17 AM,False,7840,Accepted,
25675910,0568000,LOUISVILLE METRO POLICE DEPT,Accepted,JEFFERSON,US0031W,815,MARKET,ST,W,,,,,,,38.256128240,-85.764959033,21.361,9/6/2019 12:00:00 AM,2012,2,2,0,0,CLEAR,DRY,False,SIDESWIPE COLLISION - SAME DIRECTION,SIDESWIPE-SAME DIRECTION,STRAIGHT & LEVEL,DUSK,,,9/23/2019 8:54:55 AM,False,7118,Accepted,
25612126,0561500,UNIV. OF LOUISVILLE POLICE,Accepted,JEFFERSON,,2126,BRANDEIS,AVE,E,,,,,,,38.218500917,-85.754146610,0.244,9/6/2019 12:00:00 AM,1522,2,2,0,0,CLEAR,DRY,False,SIDESWIPE COLLISION - SAME DIRECTION,SIDESWIPE-SAME DIRECTION,CURVE & LEVEL,DAYLIGHT,,,9/9/2019 8:17:25 AM,False,5666,Accepted,
25612791,0568000,LOUISVILLE METRO POLICE DEPT,Accepted,JEFFERSON,US0031E,,BARDSTOWN,RD,,,,,BASHFORD MANOR,,PARIS,38.202833598,-85.664514925,11.339,9/6/2019 12:00:00 AM,1327,3,3,0,0,CLEAR,DRY,False,REAR END IN TRAFFIC LANES BOTH VEHICLES MOVING,REAR END,STRAIGHT & LEVEL,DAYLIGHT,,,9/9/2019 9:41:50 AM,False,7448,Accepted,
25612814,0568000,LOUISVILLE METRO POLICE DEPT,Accepted,JEFFERSON,US0031E,,BARDSTOWN,RD,,,,,,,,38.136896207,-85.580955648,4.578,9/6/2019 12:00:00 AM,1640,2,2,0,0,CLOUDY,DRY,False,REAR END IN TRAFFIC LANES BOTH VEHICLES MOVING,REAR END,STRAIGHT & LEVEL,DAYLIGHT,,,9/9/2019 9:47:32 AM,False,4693,Accepted,
25612682,0568000,LOUISVILLE METRO POLICE DEPT,Accepted,JEFFERSON,I 0065,,I65 N,,,,,,,,,38.211418701,-85.752897488,132.853,9/6/2019 12:00:00 AM,0741,2,2,0,0,CLEAR,DRY,True,REAR END IN TRAFFIC LANES BOTH VEHICLES MOVING,REAR END,STRAIGHT & LEVEL,DAYLIGHT,,,9/9/2019 9:30:04 AM,False,6886,Accepted,
25612833,0568000,LOUISVILLE METRO POLICE DEPT,Accepted,JEFFERSON,I 0065,,I65 S,,,,,I 0065,I65 S EXIT135 ON RAMP FROM  E OAK ST,I 0065,I65 S EXIT135 OFF RAMP TO  E SAINT CATHERINE ST,38.236925915,-85.752546583,134.638,9/6/2019 12:00:00 AM,1621,3,3,0,0,CLEAR,DRY,False,REAR END IN TRAFFIC LANES BOTH VEHICLES MOVING,REAR END,STRAIGHT & LEVEL,DAYLIGHT,,,9/9/2019 9:50:17 AM,False,7418,Accepted,
25623706,0568000,LOUISVILLE METRO POLICE DEPT,Accepted,JEFFERSON,,,INDIAN,TRL,E,KY1703,NEWBURG,,,,,38.184607885,-85.665344281,2.609,9/6/2019 12:00:00 AM,1707,2,2,0,1,CLEAR,DRY,True,HEAD-ON COLLISION,HEAD ON,CURVE & LEVEL,DAYLIGHT,,,9/11/2019 10:48:51 AM,False,5027,Accepted,
25602228,0568000,LOUISVILLE METRO POLICE DEPT,Accepted,JEFFERSON,,,BROADWAY,,W,,24TH,,,,,38.249308555,-85.791553437,0.181,9/6/2019 12:00:00 AM,0316,2,2,0,2,CLEAR,DRY,False,HEAD-ON COLLISION,HEAD ON,STRAIGHT & LEVEL,OTHER,,,9/6/2019 9:39:37 AM,False,7173,Accepted,
25612870,0568000,LOUISVILLE METRO POLICE DEPT,Accepted,JEFFERSON,I 0264,,I264 W,,,,,,,,,38.239364872,-85.622907070,19.010,9/6/2019 12:00:00 AM,1811,2,2,0,1,CLOUDY,DRY,False,REAR END IN TRAFFIC LANES BOTH VEHICLES MOVING,REAR END,STRAIGHT & LEVEL,DAYLIGHT,,,9/9/2019 9:55:04 AM,False,7912,Accepted,
25612825,0568000,LOUISVILLE METRO POLICE DEPT,Accepted,JEFFERSON,KY0913,,BLANKENBAKER,PKWY,,,,,,,,38.189611265,-85.547668402,0.159,9/6/2019 12:00:00 AM,1716,2,2,0,0,CLOUDY,DRY,False,REAR END IN TRAFFIC LANES BOTH VEHICLES MOVING,REAR END,STRAIGHT & LEVEL,DAYLIGHT,,,9/9/2019 9:47:57 AM,False,5248,Accepted,
25602232,0568000,LOUISVILLE METRO POLICE DEPT,Accepted,JEFFERSON,,7011,GRADE,LN,,,,,,,,38.155318474,-85.732847580,2.275,9/6/2019 12:00:00 AM,0445,2,2,0,0,CLEAR,DRY,False,REAR END IN TRAFFIC LANES BOTH VEHICLES MOVING,REAR END,STRAIGHT & LEVEL,DARK-HWY NOT LIGHTED,,,9/6/2019 9:40:35 AM,False,5198,Accepted,
25602366,0568000,LOUISVILLE METRO POLICE DEPT,Accepted,JEFFERSON,I 0264,,I264 E,,,,,,,,,38.190060928,-85.758948444,10.475,9/6/2019 12:00:00 AM,0756,2,2,0,0,CLEAR,DRY,False,REAR END IN TRAFFIC LANES BOTH VEHICLES MOVING,REAR END,STRAIGHT & HILLCREST,DAYLIGHT,,,9/6/2019 10:13:05 AM,False,4903,Accepted,
25618282,0568000,LOUISVILLE METRO POLICE DEPT,Accepted,JEFFERSON,KY0864,,FEGENBUSH,LN,,,,,,,,38.146436933,-85.627978942,5.269,9/6/2019 12:00:00 AM,1534,3,3,0,0,CLEAR,DRY,False,REAR END IN TRAFFIC LANES BOTH VEHICLES MOVING,REAR END,STRAIGHT & LEVEL,DAYLIGHT,,,9/10/2019 9:23:12 AM,False,4693,Accepted,
25649087,0568000,LOUISVILLE METRO POLICE DEPT,Accepted,JEFFERSON,I 0265,,I265 E,,,,,I 0265,I265 E EXIT12 OFF RAMP TO KY61,I 0065,I65 S EXIT10 ON RAMP FROM I65,38.112008481,-85.690586768,10.872,9/6/2019 12:00:00 AM,1719,4,4,0,0,CLEAR,DRY,False,REAR END IN TRAFFIC LANES BOTH VEHICLES MOVING,REAR END,STRAIGHT & LEVEL,DAYLIGHT,,,9/17/2019 8:18:54 AM,False,7991,Accepted,
25612951,0568000,LOUISVILLE METRO POLICE DEPT,Accepted,JEFFERSON,I 0265,,I265 S,,,,,,,,,38.229160668,-85.505118288,25.891,9/6/2019 12:00:00 AM,0947,2,2,0,0,CLEAR,DRY,False,1 VEHICLE PARKED POSITION (NOT PARKING LOT/DRIVEWAY),SIDESWIPE-SAME DIRECTION,STRAIGHT & HILLCREST,DAYLIGHT,,,9/9/2019 10:07:16 AM,False,4903,Accepted,
25612884,0568000,LOUISVILLE METRO POLICE DEPT,Accepted,JEFFERSON,,,EUCLID,AVE,,,,,,,,38.211151578,-85.772110762,0.077,9/6/2019 12:00:00 AM,2058,2,2,0,0,CLEAR,DRY,False,1 VEHICLE PARKED POSITION (NOT PARKING LOT/DRIVEWAY),SIDESWIPE-SAME DIRECTION,CURVE & LEVEL,DARK-HWY LIGHTED/ON,,,9/9/2019 10:01:07 AM,False,7468,Accepted,
25612882,0568000,LOUISVILLE METRO POLICE DEPT,Accepted,JEFFERSON,,,21ST,ST,N,,,,DUNCAN,,COLUMBIA,38.261691444,-85.783765352,0.308,9/6/2019 12:00:00 AM,0700,2,2,0,0,CLOUDY,DRY,True,1 VEHICLE PARKED POSITION (NOT PARKING LOT/DRIVEWAY),SIDESWIPE-SAME DIRECTION,STRAIGHT & LEVEL,DAYLIGHT,,,9/9/2019 10:00:19 AM,False,5199,Accepted,
25612692,0568000,LOUISVILLE METRO POLICE DEPT,Accepted,JEFFERSON,,,GLASER,LN,,,,,WATTERSON,,VILLAGE GATE,38.144310354,-85.614067656,0.605,9/6/2019 12:00:00 AM,0957,1,1,0,0,CLEAR,DRY,False,COLLISION WITH FIXED OBJECT NON - INTERSECTION - FIRST EVENT COLLISION 09 - 32 EXCLUDING 16,SINGLE VEHICLE,STRAIGHT & LEVEL,DAYLIGHT,,,9/9/2019 9:31:20 AM,False,2017,Accepted,
25606993,0561000,JEFFERSONTOWN POLICE DEPT,Accepted,JEFFERSON,,9108,COLLINGWOOD,RD,,,,,,,,38.185255551,-85.590225918,0.342,9/6/2019 12:00:00 AM,2123,1,1,0,0,CLEAR,DRY,False,COLLISION WITH FIXED OBJECT NON - INTERSECTION - FIRST EVENT COLLISION 09 - 32 EXCLUDING 16,SINGLE VEHICLE,STRAIGHT & GRADE,DARK-HWY NOT LIGHTED,,,9/7/2019 2:15:44 PM,False,8285,Accepted,
25612913,0568000,LOUISVILLE METRO POLICE DEPT,Accepted,JEFFERSON,,,INDIAN,TRL,E,,,,BUTTERNUT,,DAHL,38.168706710,-85.698974883,0.415,9/6/2019 12:00:00 AM,2033,1,1,0,0,CLEAR,DRY,False,COLLISION WITH FIXED OBJECT NON - INTERSECTION - FIRST EVENT COLLISION 09 - 32 EXCLUDING 16,SINGLE VEHICLE,STRAIGHT & LEVEL,DARK-HWY LIGHTED/ON,,,9/9/2019 10:03:06 AM,False,7431,Accepted,
25660023,0568000,LOUISVILLE METRO POLICE DEPT,Accepted,JEFFERSON,,9200,ALEXANDER,AVE,,,,,JOHNSONTOWN,,EUCLID,38.119875190,-85.858786039,0.099,9/6/2019 12:00:00 AM,0051,2,2,0,0,CLEAR,DRY,False,COLLISION WITH BICYCLIST NON INTERSECTION,SIDESWIPE-SAME DIRECTION,STRAIGHT & GRADE,DARK-HWY LIGHTED/ON,,,9/19/2019 8:25:45 AM,False,7666,Accepted,
25612795,0568000,LOUISVILLE METRO POLICE DEPT,Accepted,JEFFERSON,KY1934,,CANE RUN,RD,,,ROCKFORD,,,,,38.184896528,-85.854307192,7.815,9/6/2019 12:00:00 AM,0738,2,2,0,0,CLEAR,DRY,False,OTHER INTERSECTION COLLISIONS,REAR END,STRAIGHT & LEVEL,DAYLIGHT,,,9/9/2019 9:44:05 AM,False,5032,Accepted,
25612827,0568000,LOUISVILLE METRO POLICE DEPT,Accepted,JEFFERSON,KY1934,,CANE RUN,RD,,,SHANKS,,,,,38.195403731,-85.842576380,8.788,9/6/2019 12:00:00 AM,1342,2,2,0,0,CLEAR,DRY,False,OTHER INTERSECTION COLLISIONS,REAR END,STRAIGHT & LEVEL,DAYLIGHT,,,9/9/2019 9:48:42 AM,False,7420,Accepted,
25602417,0568000,LOUISVILLE METRO POLICE DEPT,Accepted,JEFFERSON,,,OAK,ST,W,,7TH,,,,,38.235448609,-85.765124240,0.532,9/6/2019 12:00:00 AM,0920,2,2,0,0,CLEAR,DRY,True,OTHER INTERSECTION COLLISIONS,REAR END,STRAIGHT & LEVEL,DAYLIGHT,,,9/6/2019 10:24:34 AM,False,7391,Accepted,
25612676,0568000,LOUISVILLE METRO POLICE DEPT,Accepted,JEFFERSON,,,ASHLAND,AVE,W,KY1865,TAYLOR,,,,,38.186709903,-85.783784067,0.989,9/6/2019 12:00:00 AM,0842,2,2,0,0,CLEAR,DRY,False,OTHER INTERSECTION COLLISIONS,REAR END,STRAIGHT & LEVEL,DAYLIGHT,,,9/9/2019 9:29:35 AM,False,7402,Accepted,
25612872,0568000,LOUISVILLE METRO POLICE DEPT,Accepted,JEFFERSON,KY1065,,OUTER,LOOP,,,SHEPHERDSVILLE,,,,,38.138930576,-85.657607784,7.658,9/6/2019 12:00:00 AM,2209,2,2,0,0,CLEAR,DRY,True,OTHER INTERSECTION COLLISIONS,REAR END,STRAIGHT & LEVEL,DARK-HWY LIGHTED/ON,,,9/9/2019 9:56:38 AM,False,5214,Accepted,
25612955,0568000,LOUISVILLE METRO POLICE DEPT,Accepted,JEFFERSON,,,BROOK,ST,S,,MUHAMMAD ALI,,,,,38.250314536,-85.751643322,3.206,9/6/2019 12:00:00 AM,1539,2,2,0,0,CLEAR,DRY,False,OTHER INTERSECTION COLLISIONS,REAR END,STRAIGHT & LEVEL,DAYLIGHT,,,9/9/2019 10:07:28 AM,False,7852,Accepted,
25612789,0568000,LOUISVILLE METRO POLICE DEPT,Accepted,JEFFERSON,US0031E,,BARDSTOWN,RD,,,GOLDSMITH,,,,,38.208304339,-85.669037608,11.771,9/6/2019 12:00:00 AM,1243,2,2,0,0,CLEAR,DRY,False,OTHER INTERSECTION COLLISIONS,REAR END,STRAIGHT & LEVEL,DAYLIGHT,,,9/9/2019 9:41:22 AM,False,7448,Accepted,
25612798,0568000,LOUISVILLE METRO POLICE DEPT,Accepted,JEFFERSON,US0031W,,DIXIE,HWY,,,PAGES,,,,,38.130170075,-85.847849666,10.500,9/6/2019 12:00:00 AM,1334,3,3,0,0,CLEAR,DRY,False,OTHER INTERSECTION COLLISIONS,REAR END,STRAIGHT & LEVEL,DAYLIGHT,,,9/9/2019 9:44:37 AM,False,2311,Accepted,
25612716,0568000,LOUISVILLE METRO POLICE DEPT,Accepted,JEFFERSON,,,FLAT ROCK,RD,,KY1531,AIKEN,,,,,38.275317099,-85.442829379,3.843,9/6/2019 12:00:00 AM,1149,2,2,0,0,CLOUDY,DRY,False,OTHER INTERSECTION COLLISIONS,REAR END,STRAIGHT & LEVEL,DAYLIGHT,,,9/9/2019 9:36:24 AM,False,6334,Accepted,
25627971,0568000,LOUISVILLE METRO POLICE DEPT,Accepted,JEFFERSON,I 0264,,I264 W,,,I 0264,I264 W EXIT14 ON RAMP FROM KY864,,,,,38.191211550,-85.718103872,12.719,9/6/2019 12:00:00 AM,1630,2,2,0,0,CLOUDY,DRY,False,OTHER INTERSECTION COLLISIONS,REAR END,STRAIGHT & LEVEL,DAYLIGHT,,,9/12/2019 8:27:48 AM,False,6148,Accepted,
25613333,0568000,LOUISVILLE METRO POLICE DEPT,Accepted,JEFFERSON,,,OAK,ST,W,,15TH,,,,,38.236663024,-85.778494012,1.268,9/6/2019 12:00:00 AM,1500,2,2,0,0,CLEAR,DRY,True,SIDESWIPE-SAME DIRECTION,SIDESWIPE-SAME DIRECTION,STRAIGHT & LEVEL,DAYLIGHT,,,9/9/2019 10:37:04 AM,False,5132,Accepted,
25612848,0568000,LOUISVILLE METRO POLICE DEPT,Accepted,JEFFERSON,US0060A,,GRINSTEAD,DR,,US0060A,LEXINGTON,,,,,38.245552855,-85.701525367,8.008,9/6/2019 12:00:00 AM,0730,2,2,0,0,CLEAR,DRY,False,SIDESWIPE-SAME DIRECTION,SIDESWIPE-SAME DIRECTION,STRAIGHT & LEVEL,DAYLIGHT,,,9/9/2019 9:53:09 AM,False,7960,Accepted,
25612823,0568000,LOUISVILLE METRO POLICE DEPT,Accepted,JEFFERSON,KY0061,,PRESTON,HWY,,,OKOLONA,,,,,38.136870578,-85.686002516,3.842,9/6/2019 12:00:00 AM,1550,2,2,0,0,CLEAR,DRY,False,SIDESWIPE-SAME DIRECTION,SIDESWIPE-SAME DIRECTION,STRAIGHT & LEVEL,DAYLIGHT,,,9/9/2019 9:47:50 AM,False,7354,Accepted,
25612977,0568000,LOUISVILLE METRO POLICE DEPT,Accepted,JEFFERSON,,,ASHLAND,AVE,W,KY1865,TAYLOR,,,,,38.186633532,-85.783896322,0.988,9/6/2019 12:00:00 AM,1118,2,2,0,0,CLEAR,DRY,False,SIDESWIPE-SAME DIRECTION,SIDESWIPE-SAME DIRECTION,CURVE & LEVEL,DAYLIGHT,,,9/9/2019 10:08:51 AM,False,7472,Accepted,
25613318,0568000,LOUISVILLE METRO POLICE DEPT,Accepted,JEFFERSON,KY0864,,POPLAR LEVEL,RD,,I 0264,I264 E EXIT14 ON RAMP FROM KY864 S,,,,,38.195104893,-85.707469165,11.290,9/6/2019 12:00:00 AM,1205,2,2,0,0,CLEAR,DRY,False,VEHICLE BACKING IN INTERSECTION,BACKING,STRAIGHT & HILLCREST,DAYLIGHT,,,9/9/2019 10:35:38 AM,False,6148,Accepted,
25612854,0568000,LOUISVILLE METRO POLICE DEPT,Accepted,JEFFERSON,,,ASHLAND,AVE,W,KY1865,TAYLOR,,,,,38.186702629,-85.783800361,0.989,9/6/2019 12:00:00 AM,1603,2,2,0,0,CLEAR,DRY,False,OPPOSITE DIRECTION - BOTH VEHICLES GOING STRAIGHT AHEAD,SIDESWIPE-OPPOSITE DIRECTION,STRAIGHT & LEVEL,DAYLIGHT,,,9/9/2019 9:53:34 AM,False,7402,Accepted,