IncidentID,AgencyORI,AgencyName,IncidentStatusDesc,County,RdwyNumber,Street,RoadwayName,StreetSfx,StreetDir,IntersectionRdwy,IntersectionRdwyName,BetweenStRdwy1,BetweenStRdwyName1,BetweenStRdwy2,BetweenStRdwyName2,Latitude,Longitude,Milepoint,CollisionDate,CollisionTime,UnitsInvolved,MotorVehiclesInvolved,NumberKilled,NumberInjured,Weather,RdwyConditionCode,HitandRun,DirAnalysisCode,MannerofCollision,RdwyCharacter,LightCondition,RampFromRdwyId,RampToRdwyId,AcceptedDate,IsSecondaryCollision,OwnerBadge,IncidentStatus,
25612993,0568000,LOUISVILLE METRO POLICE DEPT,Accepted,JEFFERSON,,,28TH,ST,S,,KENTUCKY,,,,,38.243644096,-85.799381155,1.210,9/6/2019 12:00:00 AM,1935,2,2,0,0,CLEAR,DRY,False,ANGLE COLLISION - OTHER,ANGLE,STRAIGHT & LEVEL,DAYLIGHT,,,9/9/2019 10:09:57 AM,False,7481,Accepted,
25612810,0568000,LOUISVILLE METRO POLICE DEPT,Accepted,JEFFERSON,,,COOPER CHAPEL,RD,,,CHARLESWOOD,,,,,38.103410112,-85.662049422,0.574,9/6/2019 12:00:00 AM,1450,2,2,0,1,CLEAR,DRY,False,ANGLE COLLISION - OTHER,ANGLE,STRAIGHT & LEVEL,DAYLIGHT,,,9/9/2019 9:46:20 AM,False,4693,Accepted,
25612792,0568000,LOUISVILLE METRO POLICE DEPT,Accepted,JEFFERSON,,,INDIAN,TRL,E,KY1703,NEWBURG,,,,,38.184598729,-85.665428077,2.628,9/6/2019 12:00:00 AM,1436,2,2,0,0,CLEAR,DRY,False,ANGLE COLLISION - OTHER,ANGLE,STRAIGHT & LEVEL,DAYLIGHT,,,9/9/2019 9:42:16 AM,False,7830,Accepted,
25612685,0568000,LOUISVILLE METRO POLICE DEPT,Accepted,JEFFERSON,US0031W,,MARKET,ST,W,I 0064,I64 EXIT4 ON RAMP FROM US31W,,,,,38.256176987,-85.765410032,21.342,9/6/2019 12:00:00 AM,0921,2,2,0,0,CLEAR,DRY,False,ANGLE COLLISION - OTHER,ANGLE,STRAIGHT & LEVEL,DAYLIGHT,,,9/9/2019 9:30:18 AM,False,7216,Accepted,
25612712,0568000,LOUISVILLE METRO POLICE DEPT,Accepted,JEFFERSON,,,CHESTNUT,ST,W,US0031W,DR W J HODGE,,,,,38.252062907,-85.786061259,0.816,9/6/2019 12:00:00 AM,0936,2,2,0,0,CLEAR,DRY,False,ANGLE COLLISION - OTHER,ANGLE,STRAIGHT & LEVEL,DAYLIGHT,,,9/9/2019 9:34:34 AM,False,7988,Accepted,
25612796,0568000,LOUISVILLE METRO POLICE DEPT,Accepted,JEFFERSON,KY1934,,CANE RUN,RD,,,CRUMS,,,,,38.195356448,-85.842524922,8.784,9/6/2019 12:00:00 AM,1409,2,2,0,1,CLEAR,DRY,False,ANGLE COLLISION - OTHER,ANGLE,STRAIGHT & LEVEL,DAYLIGHT,,,9/9/2019 9:44:19 AM,False,5032,Accepted,
25612830,0568000,LOUISVILLE METRO POLICE DEPT,Accepted,JEFFERSON,US0060A,,EASTERN,PKWY,,KY0061,PRESTON,,,,,38.214593593,-85.743108596,4.550,9/6/2019 12:00:00 AM,0733,2,2,0,0,CLEAR,DRY,False,ANGLE COLLISION - OTHER,ANGLE,STRAIGHT & LEVEL,DAYLIGHT,,,9/9/2019 9:49:42 AM,False,7418,Accepted,
25612715,0568000,LOUISVILLE METRO POLICE DEPT,Accepted,JEFFERSON,,,ST CATHERINE,ST,W,,GARVIN,,,,,38.237406072,-85.761626275,0.365,9/6/2019 12:00:00 AM,1052,2,2,0,1,CLEAR,DRY,False,ANGLE COLLISION - OTHER,ANGLE,STRAIGHT & LEVEL,DAYLIGHT,,,9/9/2019 9:36:05 AM,False,7391,Accepted,
25612704,0568000,LOUISVILLE METRO POLICE DEPT,Accepted,JEFFERSON,US0031E,,BARDSTOWN,RD,,US0031E,US31E CROSSOVER,,,,,38.201163170,-85.663308528,11.222,9/6/2019 12:00:00 AM,0927,2,2,0,0,CLEAR,DRY,False,ANGLE COLLISION - ONE VEHICLE TURNING LEFT,ANGLE,STRAIGHT & LEVEL,DAYLIGHT,,,9/9/2019 9:32:48 AM,False,7059,Accepted,
25649088,0568000,LOUISVILLE METRO POLICE DEPT,Accepted,JEFFERSON,,,KINGSTON,AVE,W,,3RD,,,,,38.173056731,-85.767723958,0.210,9/6/2019 12:00:00 AM,1434,2,2,0,0,CLEAR,DRY,False,ANGLE COLLISION - OTHER,ANGLE,STRAIGHT & LEVEL,DAYLIGHT,,,9/17/2019 8:19:37 AM,False,7301,Accepted,
25623585,0568000,LOUISVILLE METRO POLICE DEPT,Accepted,JEFFERSON,,,3RD,ST,S,,SOUTHLAND,,,,,38.171560868,-85.768025961,1.884,9/6/2019 12:00:00 AM,1534,2,1,1,0,CLEAR,DRY,False,COLLISION WITH PEDESTRIAN IN INTERSECTION,SINGLE VEHICLE,STRAIGHT & LEVEL,DAYLIGHT,,,9/11/2019 10:31:24 AM,False,2217,Accepted,
25612866,0568000,LOUISVILLE METRO POLICE DEPT,Accepted,JEFFERSON,KY2048,,CANNONS,LN,,,WILLIS,,,,,38.246262759,-85.664366773,2.087,9/6/2019 12:00:00 AM,2040,2,1,0,0,CLEAR,DRY,True,COLLISION WITH PEDESTRIAN IN INTERSECTION,SINGLE VEHICLE,STRAIGHT & LEVEL,DUSK,,,9/9/2019 9:54:31 AM,False,7048,Accepted,
25602217,0568000,LOUISVILLE METRO POLICE DEPT,Accepted,JEFFERSON,KY0864,,GOSS,AVE,,US0060A,EASTERN,,,,,38.223999476,-85.730264373,13.722,9/5/2019 12:00:00 AM,2020,2,1,0,1,CLEAR,DRY,False,COLLISION WITH PEDESTRIAN IN INTERSECTION,SINGLE VEHICLE,STRAIGHT & LEVEL,DARK-HWY LIGHTED/ON,,,9/6/2019 9:36:56 AM,False,7359,Accepted,
25612840,0568000,LOUISVILLE METRO POLICE DEPT,Accepted,JEFFERSON,I 0265,,I265 W,,,I 0265,I265 W EXIT12 OFF RAMP TO KY61,,,,,38.112397220,-85.669896981,12.001,9/5/2019 12:00:00 AM,1743,2,2,0,0,CLEAR,DRY,False,COLLISION WITH FIXED OBJECT IN INTERSECTION - FIRST EVENT COLLISION 09 - 32,REAR END,STRAIGHT & LEVEL,DAYLIGHT,,,9/9/2019 9:52:16 AM,False,2142,Accepted,
25602118,0568000,LOUISVILLE METRO POLICE DEPT,Accepted,JEFFERSON,,,KENTUCKY,ST,E,,FLOYD,,,,,38.238000577,-85.751005655,0.201,9/5/2019 12:00:00 AM,1555,1,1,0,0,CLEAR,DRY,False,COLLISION WITH FIXED OBJECT IN INTERSECTION - FIRST EVENT COLLISION 09 - 32,SINGLE VEHICLE,STRAIGHT & LEVEL,DAYLIGHT,,,9/6/2019 9:26:25 AM,False,5245,Accepted,
25644274,0568000,LOUISVILLE METRO POLICE DEPT,Accepted,JEFFERSON,,,26TH,ST,S,,VIRGINIA,,,,,38.237817691,-85.796281584,1.596,9/5/2019 12:00:00 AM,0905,3,3,0,2,CLEAR,DRY,True,ANGLE COLLISION - OTHER,ANGLE,STRAIGHT & LEVEL,DAYLIGHT,,,9/16/2019 9:50:38 AM,False,7387,Accepted,
25644603,0568000,LOUISVILLE METRO POLICE DEPT,Accepted,JEFFERSON,KY1020,,NATIONAL,TPKE,,KY1020,SOUTHSIDE,,,,,38.152532247,-85.765601536,5.642,9/5/2019 12:00:00 AM,0927,2,1,0,0,CLEAR,DRY,False,ANGLE COLLISION - OTHER,ANGLE,STRAIGHT & LEVEL,DAYLIGHT,,,9/16/2019 10:33:26 AM,False,7224,Accepted,
25724103,0568000,LOUISVILLE METRO POLICE DEPT,Accepted,JEFFERSON,KY1020,,SOUTHERN,PKWY,,,ASHLAND,,,,,38.184711712,-85.767509205,8.054,9/5/2019 12:00:00 AM,2121,3,3,0,0,CLEAR,DRY,False,ANGLE COLLISION - OTHER,ANGLE,STRAIGHT & LEVEL,DARK-HWY LIGHTED/ON,,,10/3/2019 8:20:33 AM,False,5139,Accepted,
25618054,0568000,LOUISVILLE METRO POLICE DEPT,Accepted,JEFFERSON,,,LIBERTY,ST,E,,BROOK,,,,,38.252354660,-85.750641396,0.085,9/5/2019 12:00:00 AM,1801,2,2,0,0,CLEAR,DRY,False,ANGLE COLLISION - OTHER,ANGLE,STRAIGHT & LEVEL,DAYLIGHT,,,9/10/2019 8:48:06 AM,False,7406,Accepted,
25602229,0568000,LOUISVILLE METRO POLICE DEPT,Accepted,JEFFERSON,,,PHILLIPS,LN,,,FREEDOM,,,,,38.193564298,-85.739573678,0.743,9/5/2019 12:00:00 AM,1832,2,2,0,0,CLEAR,DRY,False,ANGLE COLLISION - OTHER,ANGLE,STRAIGHT & LEVEL,DAYLIGHT,,,9/6/2019 9:39:50 AM,False,5052,Accepted,
25597290,0568000,LOUISVILLE METRO POLICE DEPT,Accepted,JEFFERSON,KY1142,,PALATKA,RD,,KY1865,NEW CUT,,,,,38.150807885,-85.776375491,1.444,9/5/2019 12:00:00 AM,0808,2,2,0,2,CLEAR,DRY,False,ANGLE COLLISION - OTHER,ANGLE,STRAIGHT & LEVEL,DAYLIGHT,,,9/5/2019 9:55:40 AM,False,7224,Accepted,
25602119,0568000,LOUISVILLE METRO POLICE DEPT,Accepted,JEFFERSON,,,GARDINER,LN,,,BISHOP,,,,,38.197861026,-85.686314829,1.285,9/5/2019 12:00:00 AM,1356,2,2,0,0,CLEAR,DRY,False,ANGLE COLLISION - OTHER,ANGLE,STRAIGHT & LEVEL,DAYLIGHT,,,9/6/2019 9:26:33 AM,False,5247,Accepted,
25602200,0568000,LOUISVILLE METRO POLICE DEPT,Accepted,JEFFERSON,,,SOUTHSIDE,DR,,,TENNY,,,,,38.176651714,-85.764745706,0.002,9/5/2019 12:00:00 AM,1900,2,2,0,2,CLEAR,DRY,False,ANGLE COLLISION - OTHER,ANGLE,STRAIGHT & LEVEL,DAYLIGHT,,,9/6/2019 9:34:27 AM,False,7360,Accepted,
25602201,0568000,LOUISVILLE METRO POLICE DEPT,Accepted,JEFFERSON,,,GREENWOOD,AVE,,,38TH,,,,,38.243782172,-85.816242172,1.683,9/5/2019 12:00:00 AM,1850,2,2,0,2,CLEAR,DRY,False,ANGLE COLLISION - OTHER,ANGLE,STRAIGHT & LEVEL,DAYLIGHT,,,9/6/2019 9:34:37 AM,False,7184,Accepted,
25602142,0568000,LOUISVILLE METRO POLICE DEPT,Accepted,JEFFERSON,,,WILSON,AVE,,,26TH,,,,,38.234116869,-85.796628039,1.196,9/5/2019 12:00:00 AM,1715,2,2,0,2,CLEAR,DRY,False,ANGLE COLLISION - OTHER,ANGLE,STRAIGHT & GRADE,DAYLIGHT,,,9/6/2019 9:28:44 AM,False,6860,Accepted,
25602212,0568000,LOUISVILLE METRO POLICE DEPT,Accepted,JEFFERSON,,,35TH,ST,S,KY2054,ALGONQUIN,,,,,38.224874826,-85.814189373,1.208,9/5/2019 12:00:00 AM,1833,2,2,0,0,CLEAR,DRY,False,ANGLE COLLISION - OTHER,ANGLE,STRAIGHT & LEVEL,DAYLIGHT,,,9/6/2019 9:36:30 AM,False,7329,Accepted,
25602146,0568000,LOUISVILLE METRO POLICE DEPT,Accepted,JEFFERSON,US0031W,,22ND,ST,S,,BROADWAY,,,,,38.249217959,-85.788202181,19.558,9/5/2019 12:00:00 AM,1744,2,2,0,1,CLEAR,DRY,False,ANGLE COLLISION - OTHER,ANGLE,STRAIGHT & LEVEL,DAYLIGHT,,,9/6/2019 9:29:43 AM,False,7463,Accepted,
25602179,0568000,LOUISVILLE METRO POLICE DEPT,Accepted,JEFFERSON,,,SHERWOOD,AVE,,,FERNWOOD,,,,,38.231218941,-85.709228254,0.122,9/5/2019 12:00:00 AM,1749,2,2,0,0,CLEAR,DRY,False,ANGLE COLLISION - OTHER,ANGLE,STRAIGHT & LEVEL,DAYLIGHT,,,9/6/2019 9:31:57 AM,False,7740,Accepted,
25602199,0568000,LOUISVILLE METRO POLICE DEPT,Accepted,JEFFERSON,,,3RD,ST,S,,KENWOOD,,,,,38.161290538,-85.772323422,2.665,9/5/2019 12:00:00 AM,1235,2,2,0,0,CLEAR,DRY,False,ANGLE COLLISION - OTHER,ANGLE,STRAIGHT & LEVEL,DAYLIGHT,,,9/6/2019 9:34:15 AM,False,7360,Accepted,
25602104,0568000,LOUISVILLE METRO POLICE DEPT,Accepted,JEFFERSON,KY1230,,CANE RUN,RD,,,GREENWOOD,,,,,38.147543852,-85.896222253,4.826,9/5/2019 12:00:00 AM,1321,2,2,0,0,CLEAR,DRY,False,ANGLE COLLISION - OTHER,ANGLE,STRAIGHT & LEVEL,DAYLIGHT,,,9/6/2019 9:24:20 AM,False,7224,Accepted,
25602215,0568000,LOUISVILLE METRO POLICE DEPT,Accepted,JEFFERSON,,,ANTLE,DR,,,STANDIFORD PLAZA,,,,,38.087472193,-85.666210954,0.234,9/5/2019 12:00:00 AM,2105,2,2,0,0,CLEAR,DRY,False,ANGLE COLLISION - OTHER,ANGLE,STRAIGHT & LEVEL,DARK (UNKNOWN ROADWAY LIGHTING),,,9/6/2019 9:36:45 AM,False,5101,Accepted,
25602040,0568000,LOUISVILLE METRO POLICE DEPT,Accepted,JEFFERSON,US0031E,,BARDSTOWN,RD,,,WEBER,,,,,38.223579124,-85.686811405,13.252,9/5/2019 12:00:00 AM,1415,2,2,0,0,CLEAR,DRY,False,ANGLE COLLISION - OTHER,ANGLE,STRAIGHT & LEVEL,DAYLIGHT,,,9/6/2019 9:20:43 AM,False,5186,Accepted,
25602123,0568000,LOUISVILLE METRO POLICE DEPT,Accepted,JEFFERSON,,,FLOYD,ST,S,US0150,BROADWAY,,,,,38.245518981,-85.749710377,0.717,9/5/2019 12:00:00 AM,0827,2,2,0,1,CLEAR,DRY,False,ANGLE COLLISION - OTHER,ANGLE,STRAIGHT & LEVEL,DAYLIGHT,,,9/6/2019 9:26:56 AM,False,7239,Accepted,
25651484,0568000,LOUISVILLE METRO POLICE DEPT,Accepted,JEFFERSON,US0031E,,BARDSTOWN,RD,,,SHERWOOD,,,,,38.231687249,-85.708436880,14.574,9/5/2019 12:00:00 AM,1435,2,2,0,0,CLEAR,DRY,False,ANGLE COLLISION - OTHER,ANGLE,STRAIGHT & LEVEL,DAYLIGHT,,,9/17/2019 3:01:01 PM,False,2928,Accepted,
25602115,0568000,LOUISVILLE METRO POLICE DEPT,Accepted,JEFFERSON,,,ASTRAL,DR,,,URANUS,,,,,38.152576542,-85.856477233,0.208,9/5/2019 12:00:00 AM,1654,2,2,0,1,CLEAR,DRY,True,VEHICLE BACKING IN INTERSECTION,BACKING,STRAIGHT & LEVEL,DAYLIGHT,,,9/6/2019 9:26:01 AM,False,7224,Accepted,
25602148,0568000,LOUISVILLE METRO POLICE DEPT,Accepted,JEFFERSON,KY1020,,3RD,ST,S,,CENTRAL STATION,,,,,38.203551220,-85.764162809,9.376,9/5/2019 12:00:00 AM,0801,2,2,0,0,CLEAR,DRY,False,OPPOSING LEFT TURN,OPPOSING LEFT TURN,STRAIGHT & LEVEL,DAYLIGHT,,,9/6/2019 9:30:06 AM,False,7207,Accepted,
25602037,0568000,LOUISVILLE METRO POLICE DEPT,Accepted,JEFFERSON,US0060,,SHELBYVILLE,RD,,,BURNSDALE,,,,,38.244600833,-85.554753154,9.059,9/5/2019 12:00:00 AM,0736,2,2,0,0,CLOUDY,DRY,False,OPPOSING LEFT TURN,OPPOSING LEFT TURN,STRAIGHT & LEVEL,DAWN,,,9/6/2019 9:19:02 AM,False,7751,Accepted,
25618056,0568000,LOUISVILLE METRO POLICE DEPT,Accepted,JEFFERSON,,,OAK,ST,W,,7TH,,,,,38.235461204,-85.765105169,0.533,9/5/2019 12:00:00 AM,0744,2,2,0,0,CLOUDY,DRY,False,SIDESWIPE-SAME DIRECTION,SIDESWIPE-SAME DIRECTION,STRAIGHT & LEVEL,DAYLIGHT,,,9/10/2019 8:48:16 AM,False,7619,Accepted,
25602206,0568000,LOUISVILLE METRO POLICE DEPT,Accepted,JEFFERSON,,,1ST,ST,S,,LIBERTY,,,,,38.252539712,-85.752196095,0.246,9/5/2019 12:00:00 AM,0657,2,2,0,0,CLEAR,DRY,True,SIDESWIPE-SAME DIRECTION,SIDESWIPE-SAME DIRECTION,STRAIGHT & LEVEL,DAYLIGHT,,,9/6/2019 9:35:59 AM,False,5008,Accepted,
25602120,0568000,LOUISVILLE METRO POLICE DEPT,Accepted,JEFFERSON,,,4TH,ST,S,,ORMSBY,,,,,38.232860110,-85.760708552,1.655,9/5/2019 12:00:00 AM,0925,2,2,0,0,CLEAR,DRY,False,SIDESWIPE-SAME DIRECTION,SIDESWIPE-SAME DIRECTION,STRAIGHT & LEVEL,DAYLIGHT,,,9/6/2019 9:26:42 AM,False,7286,Accepted,
25602125,0568000,LOUISVILLE METRO POLICE DEPT,Accepted,JEFFERSON,,,1ST,ST,S,,JEFFERSON,,,,,38.253304107,-85.752065322,0.193,9/5/2019 12:00:00 AM,1610,2,2,0,0,CLOUDY,DRY,False,SIDESWIPE-SAME DIRECTION,SIDESWIPE-SAME DIRECTION,STRAIGHT & LEVEL,DAYLIGHT,,,9/6/2019 9:27:12 AM,False,7239,Accepted,
25602362,0568000,LOUISVILLE METRO POLICE DEPT,Accepted,JEFFERSON,,,BISHOP,LN,,,GARDINER,,,,,38.197867310,-85.686207640,1.258,9/5/2019 12:00:00 AM,1308,2,2,0,0,CLEAR,DRY,False,SIDESWIPE-SAME DIRECTION,SIDESWIPE-SAME DIRECTION,STRAIGHT & LEVEL,DAYLIGHT,,,9/6/2019 10:12:52 AM,False,7400,Accepted,
25613417,0568000,LOUISVILLE METRO POLICE DEPT,Accepted,JEFFERSON,,514,LIBERTY,ST,W,,ARMORY,,,,,38.253484018,-85.759788107,0.461,9/5/2019 12:00:00 AM,1049,2,2,0,0,CLEAR,DRY,False,SIDESWIPE-SAME DIRECTION,SIDESWIPE-SAME DIRECTION,STRAIGHT & LEVEL,DAYLIGHT,,,9/9/2019 10:47:52 AM,False,6803,Accepted,
25602036,0568000,LOUISVILLE METRO POLICE DEPT,Accepted,JEFFERSON,KY0841,,GENE SNYDER,FWY,,KY0841,KY841 RAMP FROM KY1865,,,,,38.119335099,-85.771668549,6.347,9/5/2019 12:00:00 AM,0854,1,1,0,0,CLEAR,DRY,False,OTHER INTERSECTION COLLISIONS,SINGLE VEHICLE,STRAIGHT & GRADE,DAYLIGHT,,,9/6/2019 9:18:44 AM,False,2000,Accepted,
25602108,0568000,LOUISVILLE METRO POLICE DEPT,Accepted,JEFFERSON,,800,OAK,ST,E,,SWAN,,,,,38.232820396,-85.736325149,1.054,9/5/2019 12:00:00 AM,1541,1,1,0,0,CLEAR,DRY,True,OTHER INTERSECTION COLLISIONS,SINGLE VEHICLE,STRAIGHT & LEVEL,DAYLIGHT,,,9/6/2019 9:25:00 AM,False,5240,Accepted,
25597139,0568000,LOUISVILLE METRO POLICE DEPT,Accepted,JEFFERSON,KY2052,,SHEPHERDSVILLE,RD,,KY1747,FERN VALLEY,,,,,38.156402329,-85.659855363,1.197,9/5/2019 12:00:00 AM,0430,2,2,0,0,CLEAR,DRY,False,OTHER INTERSECTION COLLISIONS,REAR END,STRAIGHT & LEVEL,DARK-HWY LIGHTED/ON,,,9/5/2019 9:32:32 AM,False,7120,Accepted,
25602144,0568000,LOUISVILLE METRO POLICE DEPT,Accepted,JEFFERSON,KY0061,,PRESTON,HWY,,,BELMAR,,,,,38.194686737,-85.729648378,8.539,9/5/2019 12:00:00 AM,1148,2,2,0,1,CLEAR,DRY,False,OTHER INTERSECTION COLLISIONS,REAR END,STRAIGHT & LEVEL,DAYLIGHT,,,9/6/2019 9:29:12 AM,False,5233,Accepted,
25602145,0568000,LOUISVILLE METRO POLICE DEPT,Accepted,JEFFERSON,I 0264,,I264 W,,,I 0264,I264 W EXIT14 ON RAMP FROM KY864 N,,,,,38.196046494,-85.706999962,13.421,9/5/2019 12:00:00 AM,1550,2,2,0,0,CLEAR,DRY,False,OTHER INTERSECTION COLLISIONS,REAR END,STRAIGHT & LEVEL,DAYLIGHT,,,9/6/2019 9:29:26 AM,False,5233,Accepted,
25602220,0568000,LOUISVILLE METRO POLICE DEPT,Accepted,JEFFERSON,US0031W,,DIXIE,HWY,,,LOWER HUNTERS,,,,,38.156161191,-85.834650023,12.436,9/5/2019 12:00:00 AM,1845,2,2,0,0,CLEAR,DRY,True,OTHER INTERSECTION COLLISIONS,REAR END,STRAIGHT & LEVEL,DAYLIGHT,,,9/6/2019 9:37:04 AM,False,7224,Accepted,
25602208,0568000,LOUISVILLE METRO POLICE DEPT,Accepted,JEFFERSON,KY1934,,CANE RUN,RD,,,DONALD,,,,,38.191647897,-85.847561605,8.417,9/5/2019 12:00:00 AM,1654,3,3,0,2,CLEAR,DRY,False,OTHER INTERSECTION COLLISIONS,REAR END,STRAIGHT & LEVEL,DAYLIGHT,,,9/6/2019 9:36:12 AM,False,7329,Accepted,
25602105,0568000,LOUISVILLE METRO POLICE DEPT,Accepted,JEFFERSON,KY1931,,MANSLICK,RD,,,IROQUOIS,,,,,38.163175318,-85.797745493,6.096,9/5/2019 12:00:00 AM,1506,6,6,0,1,CLEAR,DRY,False,OTHER INTERSECTION COLLISIONS,REAR END,STRAIGHT & LEVEL,DAYLIGHT,,,9/6/2019 9:24:30 AM,False,7224,Accepted,
25602149,0568000,LOUISVILLE METRO POLICE DEPT,Accepted,JEFFERSON,US0060A,,TAYLOR,BLVD,,,LONGFIELD,,,,,38.198521191,-85.782750934,1.616,9/5/2019 12:00:00 AM,1606,2,2,0,0,CLEAR,DRY,True,OTHER INTERSECTION COLLISIONS,REAR END,STRAIGHT & LEVEL,DAYLIGHT,,,9/6/2019 9:30:18 AM,False,7207,Accepted,
25602194,0568000,LOUISVILLE METRO POLICE DEPT,Accepted,JEFFERSON,KY1932,,BRECKENRIDGE,LN,,,,,BERKSHIRE,KY0155,TAYLORSVILLE,38.220662102,-85.631031417,2.907,9/5/2019 12:00:00 AM,1333,1,1,0,0,CLEAR,DRY,False,COLLISION WITH FIXED OBJECT NON - INTERSECTION - FIRST EVENT COLLISION 09 - 32 EXCLUDING 16,SINGLE VEHICLE,STRAIGHT & LEVEL,DAYLIGHT,,,9/6/2019 9:33:47 AM,False,6100,Accepted,
25602226,0568000,LOUISVILLE METRO POLICE DEPT,Accepted,JEFFERSON,,3700,SHANKS,LN,,,,,,,,38.198252853,-85.848854640,0.400,9/5/2019 12:00:00 AM,2237,1,1,0,1,CLEAR,DRY,False,COLLISION WITH FIXED OBJECT NON - INTERSECTION - FIRST EVENT COLLISION 09 - 32 EXCLUDING 16,SINGLE VEHICLE,STRAIGHT & LEVEL,DARK-HWY LIGHTED/ON,,,9/6/2019 9:38:52 AM,False,2905,Accepted,
25602235,0568000,LOUISVILLE METRO POLICE DEPT,Accepted,JEFFERSON,,,FLEET,AVE,,,,,CLARKS,,MINOMA,38.214203586,-85.741254943,0.020,9/5/2019 12:00:00 AM,1856,2,2,0,0,CLEAR,DRY,False,1 VEHICLE PARKED POSITION (NOT PARKING LOT/DRIVEWAY),ANGLE,STRAIGHT & LEVEL,DAYLIGHT,,,9/6/2019 9:40:46 AM,False,5037,Accepted,
25602182,0568000,LOUISVILLE METRO POLICE DEPT,Accepted,JEFFERSON,,2503,OAK,ST,W,,,,,,,38.237879793,-85.795063383,2.178,9/5/2019 12:00:00 AM,1300,2,2,0,0,CLEAR,DRY,True,1 VEHICLE PARKED POSITION (NOT PARKING LOT/DRIVEWAY),SIDESWIPE-SAME DIRECTION,STRAIGHT & LEVEL,DAYLIGHT,,,9/6/2019 9:32:23 AM,False,5151,Accepted,
25643912,0568000,LOUISVILLE METRO POLICE DEPT,Accepted,JEFFERSON,,6925,MATTHEWS,RD,,,,,,,,38.126090141,-85.877968560,0.223,9/5/2019 12:00:00 AM,1830,2,1,0,0,CLEAR,DRY,True,1 VEHICLE PARKED POSITION (NOT PARKING LOT/DRIVEWAY),BACKING,STRAIGHT & LEVEL,DAYLIGHT,,,9/16/2019 9:17:08 AM,False,7224,Accepted,
25623415,0568000,LOUISVILLE METRO POLICE DEPT,Accepted,JEFFERSON,,,ARTHUR KLING,WAY,,,,,ORMSBY,,OAK,38.233328575,-85.758074646,0.101,9/5/2019 12:00:00 AM,1113,2,2,0,0,CLOUDY,DRY,True,1 VEHICLE PARKED POSITION (NOT PARKING LOT/DRIVEWAY),SIDESWIPE-SAME DIRECTION,STRAIGHT & LEVEL,DAYLIGHT,,,9/11/2019 10:14:27 AM,False,7619,Accepted,
25623662,0568000,LOUISVILLE METRO POLICE DEPT,Accepted,JEFFERSON,I 0065,,I65 N,,,,,,,,,38.195175678,-85.733057219,131.130,9/5/2019 12:00:00 AM,0742,2,2,0,0,CLEAR,DRY,False,REAR END IN TRAFFIC LANES BOTH VEHICLES MOVING,REAR END,CURVE & GRADE,DAYLIGHT,,,9/11/2019 10:43:26 AM,False,7772,Accepted,
25627925,0568000,LOUISVILLE METRO POLICE DEPT,Accepted,JEFFERSON,I 0264,,I264 E,,,,,,,,,38.224693777,-85.643639087,17.443,9/5/2019 12:00:00 AM,1737,2,2,0,0,CLEAR,DRY,False,REAR END IN TRAFFIC LANES BOTH VEHICLES MOVING,REAR END,STRAIGHT & GRADE,DAYLIGHT,,,9/12/2019 8:24:02 AM,False,8278,Accepted,
25627919,0568000,LOUISVILLE METRO POLICE DEPT,Accepted,JEFFERSON,I 0064,,I64 E,,,,,,,,,38.223333542,-85.527019828,17.820,9/5/2019 12:00:00 AM,1635,2,2,0,0,CLEAR,DRY,False,REAR END IN TRAFFIC LANES BOTH VEHICLES MOVING,REAR END,STRAIGHT & GRADE,DAYLIGHT,,,9/12/2019 8:23:38 AM,False,8278,Accepted,
25602140,0568000,LOUISVILLE METRO POLICE DEPT,Accepted,JEFFERSON,,,GRADE,LN,,,,,,,,38.141283308,-85.738066869,3.302,9/5/2019 12:00:00 AM,1604,2,2,0,0,CLEAR,DRY,False,REAR END IN TRAFFIC LANES BOTH VEHICLES MOVING,REAR END,STRAIGHT & LEVEL,DAYLIGHT,,,9/6/2019 9:28:24 AM,False,4693,Accepted,
25602188,0568000,LOUISVILLE METRO POLICE DEPT,Accepted,JEFFERSON,I 0071,,I71 N,,,,,,INDIAN HILLS,I 0264,I264 W,38.290655791,-85.649777214,4.836,9/5/2019 12:00:00 AM,1814,4,4,0,0,CLEAR,DRY,False,REAR END IN TRAFFIC LANES BOTH VEHICLES MOVING,REAR END,CURVE & GRADE,DAYLIGHT,,,9/6/2019 9:32:59 AM,False,7765,Accepted,
25602147,0568000,LOUISVILLE METRO POLICE DEPT,Accepted,JEFFERSON,I 0065,,I65 S,,,,,,,,,38.193539060,-85.732235594,131.000,9/5/2019 12:00:00 AM,1725,2,2,0,1,CLEAR,DRY,False,REAR END IN TRAFFIC LANES BOTH VEHICLES MOVING,REAR END,CURVE & LEVEL,DAYLIGHT,,,9/6/2019 9:29:54 AM,False,2217,Accepted,
25602005,0568000,LOUISVILLE METRO POLICE DEPT,Accepted,JEFFERSON,I 0265,,I265 E,,,,,,,,,38.210223289,-85.506657229,24.614,9/5/2019 12:00:00 AM,0910,2,2,0,0,CLEAR,DRY,False,REAR END IN TRAFFIC LANES BOTH VEHICLES MOVING,REAR END,STRAIGHT & HILLCREST,DAYLIGHT,,,9/6/2019 9:14:04 AM,False,4903,Accepted,