IncidentID,AgencyORI,AgencyName,IncidentStatusDesc,County,RdwyNumber,Street,RoadwayName,StreetSfx,StreetDir,IntersectionRdwy,IntersectionRdwyName,BetweenStRdwy1,BetweenStRdwyName1,BetweenStRdwy2,BetweenStRdwyName2,Latitude,Longitude,Milepoint,CollisionDate,CollisionTime,UnitsInvolved,MotorVehiclesInvolved,NumberKilled,NumberInjured,Weather,RdwyConditionCode,HitandRun,DirAnalysisCode,MannerofCollision,RdwyCharacter,LightCondition,RampFromRdwyId,RampToRdwyId,AcceptedDate,IsSecondaryCollision,OwnerBadge,IncidentStatus,
25602006,0568000,LOUISVILLE METRO POLICE DEPT,Accepted,JEFFERSON,I 0264,,I264 E,,,,,,,,,38.189926681,-85.762843009,10.263,9/5/2019 12:00:00 AM,0702,2,2,0,0,CLEAR,DRY,False,REAR END IN TRAFFIC LANES BOTH VEHICLES MOVING,REAR END,STRAIGHT & LEVEL,DAYLIGHT,,,9/6/2019 9:14:12 AM,False,4903,Accepted,
25602107,0568000,LOUISVILLE METRO POLICE DEPT,Accepted,JEFFERSON,,,PRESTON,ST,S,,GERNERT,,,,,38.223468280,-85.750313482,0.002,9/5/2019 12:00:00 AM,0729,2,2,0,1,CLEAR,DRY,False,HEAD-ON COLLISION,HEAD ON,STRAIGHT & LEVEL,DAYLIGHT,,,9/6/2019 9:24:49 AM,False,5240,Accepted,
25602116,0568000,LOUISVILLE METRO POLICE DEPT,Accepted,JEFFERSON,KY1020,,NATIONAL,TPKE,,,,,,,,38.142654341,-85.755408898,4.791,9/5/2019 12:00:00 AM,1437,2,2,0,0,CLEAR,DRY,False,HEAD-ON COLLISION,HEAD ON,STRAIGHT & LEVEL,DAYLIGHT,,,9/6/2019 9:26:17 AM,False,7234,Accepted,
25612689,0568000,LOUISVILLE METRO POLICE DEPT,Accepted,JEFFERSON,I 0065,,I65 N,,,,,I 0065,I65 N EXIT125A RAMP TO I265 N,I 0065,I65 N EXIT125A RAMP TO I265 N,38.107727163,-85.701031675,124.658,9/5/2019 12:00:00 AM,0628,2,2,0,2,CLEAR,DRY,False,OTHER COLLISIONS ON SHOULDER,SIDESWIPE-SAME DIRECTION,STRAIGHT & LEVEL,DARK-HWY LIGHTED/ON,,,9/9/2019 9:30:53 AM,False,7720,Accepted,
25602236,0568000,LOUISVILLE METRO POLICE DEPT,Accepted,JEFFERSON,,3200,GREENWOOD,AVE,,,,,,,,38.242860542,-85.806205239,1.142,9/5/2019 12:00:00 AM,2233,2,2,0,0,CLEAR,DRY,True,OTHER COLLISIONS ON SHOULDER,SIDESWIPE-SAME DIRECTION,STRAIGHT & LEVEL,DARK-HWY LIGHTED/ON,,,9/6/2019 9:40:59 AM,False,7175,Accepted,
25602192,0568000,LOUISVILLE METRO POLICE DEPT,Accepted,JEFFERSON,US0150,,BROADWAY,,W,,,KY1020,2ND,KY1020,3RD,38.245862334,-85.755374372,2.543,9/5/2019 12:00:00 AM,1100,2,2,0,0,CLEAR,DRY,False,REAR END IN TRAFFIC LANES BOTH VEHICLES MOVING,REAR END,STRAIGHT & LEVEL,DAYLIGHT,,,9/6/2019 9:33:28 AM,False,2854,Accepted,
25602103,0568000,LOUISVILLE METRO POLICE DEPT,Accepted,JEFFERSON,,,WARNOCK,ST,,,,,CRITTENDEN,KY2803,ARTHUR,38.214287240,-85.751859938,0.204,9/5/2019 12:00:00 AM,1320,2,2,0,0,CLEAR,DRY,False,REAR END IN TRAFFIC LANES BOTH VEHICLES MOVING,REAR END,STRAIGHT & GRADE,DAYLIGHT,,,9/6/2019 9:24:12 AM,False,5245,Accepted,
25602134,0568000,LOUISVILLE METRO POLICE DEPT,Accepted,JEFFERSON,I 0264,,I264 W,,,,,,,,,38.205787315,-85.680098940,15.061,9/5/2019 12:00:00 AM,1750,2,2,0,0,CLEAR,DRY,False,REAR END IN TRAFFIC LANES BOTH VEHICLES MOVING,REAR END,STRAIGHT & LEVEL,DAYLIGHT,,,9/6/2019 9:27:52 AM,False,7284,Accepted,
25602042,0568000,LOUISVILLE METRO POLICE DEPT,Accepted,JEFFERSON,KY1065,,OUTER,LOOP,,,,,CAROL,,NOLTEMEYER WYNDE,38.138389710,-85.683484656,6.235,9/5/2019 12:00:00 AM,1430,2,2,0,0,CLEAR,DRY,False,REAR END IN TRAFFIC LANES BOTH VEHICLES MOVING,REAR END,STRAIGHT & LEVEL,DAYLIGHT,,,9/6/2019 9:21:00 AM,False,7397,Accepted,
25602416,0568000,LOUISVILLE METRO POLICE DEPT,Accepted,JEFFERSON,KY1747,,HURSTBOURNE,PKWY,N,,,US0060,SHELBYVILLE,,EDEN,38.247444890,-85.577369615,13.581,9/5/2019 12:00:00 AM,1604,2,2,0,0,CLEAR,DRY,False,SIDESWIPE COLLISION - SAME DIRECTION,SIDESWIPE-SAME DIRECTION,STRAIGHT & LEVEL,DAYLIGHT,,,9/6/2019 10:24:21 AM,False,2109,Accepted,
25602415,0568000,LOUISVILLE METRO POLICE DEPT,Accepted,JEFFERSON,,,ENGLISH STATION,RD,S,,,,FRAHLICH,,ECHO,38.195463423,-85.473718752,0.413,9/5/2019 12:00:00 AM,1214,2,2,0,0,CLEAR,DRY,False,SIDESWIPE COLLISION - SAME DIRECTION,SIDESWIPE-SAME DIRECTION,STRAIGHT & GRADE,DAYLIGHT,,,9/6/2019 10:24:06 AM,False,2109,Accepted,
25602361,0568000,LOUISVILLE METRO POLICE DEPT,Accepted,JEFFERSON,I 0064,,I64 W,,,,,,,,,38.223045322,-85.511970372,18.519,9/5/2019 12:00:00 AM,1652,3,3,0,0,CLEAR,DRY,True,SIDESWIPE COLLISION - SAME DIRECTION,SIDESWIPE-SAME DIRECTION,STRAIGHT & LEVEL,DAYLIGHT,,,9/6/2019 10:12:42 AM,False,7764,Accepted,
25602185,0568000,LOUISVILLE METRO POLICE DEPT,Accepted,JEFFERSON,I 0071,,I71 N,,,,,I 0071,I71 N EXIT2 ON RAMP FROM  ZORN AVE,I 0264,I264 W,38.279752265,-85.689326681,2.357,9/5/2019 12:00:00 AM,1622,2,2,0,0,CLEAR,DRY,False,SIDESWIPE COLLISION - SAME DIRECTION,SIDESWIPE-SAME DIRECTION,STRAIGHT & LEVEL,DAYLIGHT,,,9/6/2019 9:32:42 AM,False,7765,Accepted,
25602126,0568000,LOUISVILLE METRO POLICE DEPT,Accepted,JEFFERSON,US0150,,BROADWAY,,E,,,KY0061,PRESTON,KY0061,PRESTON,38.245143004,-85.746116879,3.046,9/5/2019 12:00:00 AM,0831,2,2,0,0,CLEAR,DRY,True,SIDESWIPE COLLISION - SAME DIRECTION,SIDESWIPE-SAME DIRECTION,STRAIGHT & LEVEL,DAYLIGHT,,,9/6/2019 9:27:20 AM,False,2764,Accepted,
25612679,0568000,LOUISVILLE METRO POLICE DEPT,Accepted,JEFFERSON,I 0071,,I71 N,,,,,,,,,38.297149008,-85.624707733,6.425,9/5/2019 12:00:00 AM,0924,2,2,0,0,CLEAR,DRY,False,SIDESWIPE COLLISION - SAME DIRECTION,SIDESWIPE-SAME DIRECTION,STRAIGHT & GRADE,DAYLIGHT,,,9/9/2019 9:29:54 AM,False,6886,Accepted,
25597146,0568000,LOUISVILLE METRO POLICE DEPT,Accepted,JEFFERSON,US0031W,,DIXIE,HWY,,,,,PENDLETON,,LANDSTAR,38.063712409,-85.885877033,5.395,9/5/2019 12:00:00 AM,0535,2,2,0,0,CLEAR,DRY,False,SIDESWIPE COLLISION - SAME DIRECTION,SIDESWIPE-SAME DIRECTION,STRAIGHT & LEVEL,DARK-HWY LIGHTED/ON,,,9/5/2019 9:33:46 AM,False,7908,Accepted,
25618050,0568000,LOUISVILLE METRO POLICE DEPT,Accepted,JEFFERSON,I 0064,,I64 E,,,,,,,,,38.247648959,-85.701392252,8.015,9/5/2019 12:00:00 AM,1013,2,2,0,0,CLEAR,DRY,True,SIDESWIPE COLLISION - SAME DIRECTION,SIDESWIPE-SAME DIRECTION,STRAIGHT & GRADE,DAYLIGHT,,,9/10/2019 8:47:38 AM,False,2228,Accepted,
25602122,0568000,LOUISVILLE METRO POLICE DEPT,Accepted,JEFFERSON,,,4TH,ST,S,,,,,,,38.236075888,-85.760138622,1.431,9/5/2019 12:00:00 AM,1450,2,2,0,0,CLEAR,DRY,False,SIDESWIPE COLLISION - OPPOSITE DIRECTION,SIDESWIPE-OPPOSITE DIRECTION,STRAIGHT & LEVEL,DAYLIGHT,,,9/6/2019 9:26:49 AM,False,7286,Accepted,
25602332,0568000,LOUISVILLE METRO POLICE DEPT,Accepted,JEFFERSON,KY0864,10802,CEDAR CREEK,RD,,,,,,,,38.092649790,-85.622561698,0.736,9/5/2019 12:00:00 AM,1356,2,2,0,0,CLEAR,DRY,True,SIDESWIPE COLLISION - OPPOSITE DIRECTION,SIDESWIPE-OPPOSITE DIRECTION,STRAIGHT & LEVEL,DAYLIGHT,,,9/6/2019 10:00:55 AM,False,2017,Accepted,
25602110,0568000,LOUISVILLE METRO POLICE DEPT,Accepted,JEFFERSON,,,BLEVINS GAP,RD,,,,,SAW MILL,,MARY JANE,38.073059701,-85.837000490,2.877,9/5/2019 12:00:00 AM,1522,2,2,0,0,CLEAR,DRY,False,SIDESWIPE COLLISION - OPPOSITE DIRECTION,SIDESWIPE-OPPOSITE DIRECTION,STRAIGHT & LEVEL,DAYLIGHT,,,9/6/2019 9:25:08 AM,False,6141,Accepted,
25601623,0561500,UNIV. OF LOUISVILLE POLICE,Accepted,JEFFERSON,US0060A,,3RD,ST,S,,,US0060A,WINKLER,US0060A,EASTERN,38.212564448,-85.762520986,3.326,9/5/2019 12:00:00 AM,1647,2,2,0,0,CLEAR,DRY,False,1 VEHICLE ENTERING/LEAVING ENTRANCE,ANGLE,STRAIGHT & HILLCREST,DAYLIGHT,,,9/6/2019 7:13:22 AM,False,5697,Accepted,
25602139,0568000,LOUISVILLE METRO POLICE DEPT,Accepted,JEFFERSON,KY1747,,FERN VALLEY,RD,,,,,,,,38.157036422,-85.710683175,1.181,9/5/2019 12:00:00 AM,1409,2,2,0,0,CLEAR,DRY,False,1 VEHICLE ENTERING/LEAVING ENTRANCE,ANGLE,STRAIGHT & LEVEL,DAYLIGHT,,,9/6/2019 9:28:10 AM,False,4693,Accepted,
25602141,0568000,LOUISVILLE METRO POLICE DEPT,Accepted,JEFFERSON,KY1747,,HURSTBOURNE,PKWY,,,,,,,,38.167579216,-85.605885087,7.385,9/5/2019 12:00:00 AM,1734,2,2,0,0,CLEAR,DRY,False,1 VEHICLE ENTERING/LEAVING ENTRANCE,ANGLE,STRAIGHT & LEVEL,DAYLIGHT,,,9/6/2019 9:28:33 AM,False,4693,Accepted,
25602111,0568000,LOUISVILLE METRO POLICE DEPT,Accepted,JEFFERSON,,,CHAMBERLAIN,LN,,,,,,,,38.299754555,-85.540466979,2.108,9/5/2019 12:00:00 AM,1650,2,2,0,0,CLEAR,DRY,False,1 VEHICLE ENTERING/LEAVING ENTRANCE,ANGLE,STRAIGHT & GRADE,DAYLIGHT,,,9/6/2019 9:25:16 AM,False,2346,Accepted,
25602137,0568000,LOUISVILLE METRO POLICE DEPT,Accepted,JEFFERSON,KY1065,,OUTER,LOOP,,,,,,,,38.138147986,-85.677832985,6.547,9/5/2019 12:00:00 AM,1329,2,2,0,0,CLEAR,DRY,False,1 VEHICLE ENTERING/LEAVING ENTRANCE,ANGLE,STRAIGHT & LEVEL,DAYLIGHT,,,9/6/2019 9:28:02 AM,False,4693,Accepted,
25602124,0568000,LOUISVILLE METRO POLICE DEPT,Accepted,JEFFERSON,,,LIBERTY,ST,E,,,,,,,38.251113676,-85.744356465,0.425,9/5/2019 12:00:00 AM,1051,2,2,0,0,CLEAR,DRY,False,VEHICLE BACKING NON INTERSECTION,BACKING,STRAIGHT & LEVEL,DAYLIGHT,,,9/6/2019 9:27:04 AM,False,7239,Accepted,
25602112,0568000,LOUISVILLE METRO POLICE DEPT,Accepted,JEFFERSON,,,4TH,ST,S,,,,INDUSTRY,,BRANDEIS,38.214914109,-85.763880463,2.904,9/5/2019 12:00:00 AM,1632,2,2,0,0,CLEAR,DRY,False,OTHER ROADWAY OR MID-BLOCK COLLISION,REAR END,STRAIGHT & LEVEL,DAYLIGHT,,,9/6/2019 9:25:24 AM,False,2927,Accepted,
25598592,0560300,ST. MATTHEWS POLICE DEPARTMENT,Accepted,JEFFERSON,US0060,5000,SHELBYVILLE,RD,,,,,,,,38.250272595,-85.622682582,5.353,9/5/2019 12:00:00 AM,1245,2,2,0,0,CLEAR,DRY,False,OTHER ROADWAY OR MID-BLOCK COLLISION,REAR END,STRAIGHT & LEVEL,DAYLIGHT,,,9/5/2019 2:50:15 PM,False,9155,Accepted,
25602189,0568000,LOUISVILLE METRO POLICE DEPT,Accepted,JEFFERSON,US0031E,,BARDSTOWN,RD,,,,,,,,38.201935386,-85.663551659,11.269,9/5/2019 12:00:00 AM,1326,2,2,0,0,CLEAR,DRY,False,OTHER ROADWAY OR MID-BLOCK COLLISION,REAR END,STRAIGHT & LEVEL,DAYLIGHT,,,9/6/2019 9:33:10 AM,False,7864,Accepted,
25602106,0568000,LOUISVILLE METRO POLICE DEPT,Accepted,JEFFERSON,KY0841,,GENE SNYDER,FWY,,,,,,,,38.117773106,-85.739701540,8.110,9/5/2019 12:00:00 AM,0808,1,1,0,0,CLEAR,DRY,False,OTHER ROADWAY OR MID-BLOCK COLLISION,SINGLE VEHICLE,STRAIGHT & LEVEL,DAYLIGHT,,,9/6/2019 9:24:41 AM,False,4656,Accepted,
25613316,0568000,LOUISVILLE METRO POLICE DEPT,Accepted,JEFFERSON,KY1450,9200,BLUE LICK,RD,,,,,PARK,,FREEDOM,38.116329593,-85.689488090,2.173,9/5/2019 12:00:00 AM,1712,4,4,0,0,CLEAR,DRY,True,OTHER ROADWAY OR MID-BLOCK COLLISION,REAR TO REAR,STRAIGHT & LEVEL,DAYLIGHT,,,9/9/2019 10:35:08 AM,False,2324,Accepted,
25618127,0568000,LOUISVILLE METRO POLICE DEPT,Accepted,JEFFERSON,I 0264,,I264 W,,,,,,,,,38.185657762,-85.807909602,7.860,9/5/2019 12:00:00 AM,1707,1,1,0,1,CLEAR,DRY,False,OTHER ROADWAY OR MID-BLOCK COLLISION,SINGLE VEHICLE,STRAIGHT & HILLCREST,DAYLIGHT,,,9/10/2019 8:58:06 AM,False,7944,Accepted,
25617940,0560600,WEST BUECHEL POLICE DEPT.,Accepted,JEFFERSON,,2020,BASHFORD MANOR,LN,,,,,,,,38.200592790,-85.669039773,0.296,9/5/2019 12:00:00 AM,1250,2,2,0,0,CLEAR,DRY,False,COLLISION IN PARKING LOT,SIDESWIPE-OPPOSITE DIRECTION,STRAIGHT & LEVEL,DAYLIGHT,,,9/10/2019 8:26:12 AM,False,1290,Accepted,
25602016,0568000,LOUISVILLE METRO POLICE DEPT,Accepted,JEFFERSON,KY1747,4711,HURSTBOURNE,PKWY,S,,,,,,,38.178355474,-85.607099886,8.162,9/5/2019 12:00:00 AM,1156,1,1,0,1,CLEAR,DRY,False,COLLISION IN PARKING LOT,SINGLE VEHICLE,STRAIGHT & LEVEL,DAYLIGHT,,,9/6/2019 9:16:48 AM,False,2017,Accepted,
25602242,0568000,LOUISVILLE METRO POLICE DEPT,Accepted,JEFFERSON,US0031E,,BARDSTOWN,RD,,,GRINSTEAD,,,,,38.238913761,-85.721894304,15.486,9/5/2019 12:00:00 AM,2044,2,2,0,0,CLEAR,DRY,True,COLLISION IN PARKING LOT,BACKING,STRAIGHT & LEVEL,DUSK,,,9/6/2019 9:42:47 AM,False,5152,Accepted,
25612112,0561500,UNIV. OF LOUISVILLE POLICE,Accepted,JEFFERSON,KY1020,1900,3RD,ST,S,,,,,,,38.219712331,-85.761320210,10.265,9/5/2019 12:00:00 AM,1245,2,1,0,1,CLEAR,DRY,False,COLLISION IN PARKING LOT,SINGLE VEHICLE,STRAIGHT & LEVEL,DAYLIGHT,,,9/9/2019 8:16:25 AM,False,5650,Accepted,
25602013,0568000,LOUISVILLE METRO POLICE DEPT,Accepted,JEFFERSON,KY1931,6121,GREENWOOD,RD,,,,,,,,38.145205066,-85.865624800,1.498,9/4/2019 12:00:00 AM,1552,2,2,0,0,CLEAR,DRY,True,COLLISION IN PARKING LOT,BACKING,STRAIGHT & LEVEL,DAYLIGHT,,,9/6/2019 9:16:05 AM,False,5100,Accepted,
25618293,0568000,LOUISVILLE METRO POLICE DEPT,Accepted,JEFFERSON,KY1065,4426,OUTER,LOOP,,,,,,,,38.138114123,-85.679691983,6.446,9/4/2019 12:00:00 AM,0906,2,2,0,0,CLOUDY,DRY,False,COLLISION IN PARKING LOT,BACKING,STRAIGHT & LEVEL,DAYLIGHT,,,9/10/2019 9:24:53 AM,False,7914,Accepted,
25597005,0568000,LOUISVILLE METRO POLICE DEPT,Accepted,JEFFERSON,KY1932,,BRECKENRIDGE,LN,,,,,WILLIS,US0060,SHELBYVILLE,38.251760608,-85.654479593,5.428,9/4/2019 12:00:00 AM,1457,2,2,0,0,CLEAR,DRY,False,COLLISION IN PARKING LOT,SIDESWIPE-OPPOSITE DIRECTION,STRAIGHT & LEVEL,DAYLIGHT,,,9/5/2019 9:21:17 AM,False,2413,Accepted,
25597002,0568000,LOUISVILLE METRO POLICE DEPT,Accepted,JEFFERSON,US0060,7900,SHELBYVILLE,RD,,,,,,,,38.248484271,-85.610198515,,9/4/2019 12:00:00 AM,1446,2,1,0,1,CLOUDY,DRY,False,COLLISION IN PARKING LOT,SINGLE VEHICLE,STRAIGHT & LEVEL,DAYLIGHT,,,9/5/2019 9:20:20 AM,False,7751,Accepted,
25597067,0568000,LOUISVILLE METRO POLICE DEPT,Accepted,JEFFERSON,US0031E,,BARDSTOWN,RD,,,,,CEDARLOOK,KY1065,BEULAH CHURCH,38.147758213,-85.586148690,5.388,9/4/2019 12:00:00 AM,1840,2,2,0,0,CLEAR,DRY,False,OTHER ROADWAY OR MID-BLOCK COLLISION,REAR END,STRAIGHT & LEVEL,DAYLIGHT,,,9/5/2019 9:26:34 AM,False,6337,Accepted,
25597083,0568000,LOUISVILLE METRO POLICE DEPT,Accepted,JEFFERSON,KY1747,2801,HURSTBOURNE,PKWY,N,,,,,KY1747,KY1747 CROSSOVER,38.286169728,-85.571008009,16.914,9/4/2019 12:00:00 AM,1618,2,2,0,0,CLEAR,DRY,False,OTHER ROADWAY OR MID-BLOCK COLLISION,REAR END,STRAIGHT & LEVEL,DAYLIGHT,,,9/5/2019 9:27:19 AM,False,7765,Accepted,
25771604,0568000,LOUISVILLE METRO POLICE DEPT,Accepted,JEFFERSON,I 0065,,,,,,,,,,,38.191166078,-85.720350248,0.102,9/4/2019 12:00:00 AM,1627,2,2,0,1,CLEAR,DRY,False,OTHER ROADWAY OR MID-BLOCK COLLISION,REAR END,STRAIGHT & LEVEL,DAYLIGHT,,,10/14/2019 8:34:09 AM,False,8278,Accepted,
25602019,0568000,LOUISVILLE METRO POLICE DEPT,Accepted,JEFFERSON,KY1065,,OUTER,LOOP,,,,,,,,38.127183059,-85.748181439,2.560,9/4/2019 12:00:00 AM,1712,2,2,0,0,CLEAR,DRY,False,OTHER ROADWAY OR MID-BLOCK COLLISION,REAR TO REAR,STRAIGHT & LEVEL,DAYLIGHT,,,9/6/2019 9:17:20 AM,False,7263,Accepted,
25597098,0568000,LOUISVILLE METRO POLICE DEPT,Accepted,JEFFERSON,I 0064,,I64 E,,,,,,,,,38.222739445,-85.508778743,18.800,9/4/2019 12:00:00 AM,0823,2,2,0,0,CLOUDY,DRY,False,OTHER ROADWAY OR MID-BLOCK COLLISION,REAR END,STRAIGHT & LEVEL,DAYLIGHT,,,9/5/2019 9:28:05 AM,False,4656,Accepted,
25597001,0568000,LOUISVILLE METRO POLICE DEPT,Accepted,JEFFERSON,,,COLLINS,LN,,,,,CHAMBERLAIN CROSSING,,CHAMBERLAIN,38.289885743,-85.515869131,1.099,9/4/2019 12:00:00 AM,1306,2,2,0,0,CLOUDY,DRY,False,VEHICLE BACKING NON INTERSECTION,BACKING,STRAIGHT & LEVEL,DAYLIGHT,,,9/5/2019 9:20:09 AM,False,7751,Accepted,
25597043,0568000,LOUISVILLE METRO POLICE DEPT,Accepted,JEFFERSON,I 0264,,I264 E,,,,,I 0264,I264 E EXIT11 OFF RAMP,I 0264,I264 E EXIT10 ON RAMP FROM KY1020,38.190063249,-85.758772021,10.485,9/4/2019 12:00:00 AM,1634,2,2,0,0,CLEAR,DRY,False,OTHER ROADWAY OR MID-BLOCK COLLISION,REAR END,STRAIGHT & LEVEL,DAYLIGHT,,,9/5/2019 9:23:54 AM,False,7207,Accepted,
25596892,0568000,LOUISVILLE METRO POLICE DEPT,Accepted,JEFFERSON,I 0064,,I64 W,,,,,,,,,38.221627541,-85.466152807,21.059,9/4/2019 12:00:00 AM,0500,1,1,0,0,CLEAR,DRY,False,OTHER ROADWAY OR MID-BLOCK COLLISION,SINGLE VEHICLE,STRAIGHT & LEVEL,DARK-HWY NOT LIGHTED,,,9/5/2019 9:10:34 AM,False,2920,Accepted,
25612133,0561500,UNIV. OF LOUISVILLE POLICE,Accepted,JEFFERSON,,414,CHESTNUT,ST,E,,,,,,,38.247696590,-85.746038945,0.377,9/4/2019 12:00:00 AM,0820,2,2,0,0,CLEAR,DRY,False,1 VEHICLE ENTERING/LEAVING ENTRANCE,ANGLE,STRAIGHT & LEVEL,DAYLIGHT,,,9/9/2019 8:18:12 AM,False,5672,Accepted,
25597101,0568000,LOUISVILLE METRO POLICE DEPT,Accepted,JEFFERSON,,745,15TH,ST,S,,,,,,,38.245161283,-85.777140351,1.371,9/4/2019 12:00:00 AM,1709,2,2,0,0,CLEAR,DRY,False,1 VEHICLE ENTERING/LEAVING ENTRANCE,ANGLE,STRAIGHT & LEVEL,DAYLIGHT,,,9/5/2019 9:28:25 AM,False,5151,Accepted,
25665513,0568000,LOUISVILLE METRO POLICE DEPT,Accepted,JEFFERSON,,,BERNHEIM,LN,,,,,,,,38.219834155,-85.777906404,0.843,9/4/2019 12:00:00 AM,2000,2,2,0,0,CLEAR,DRY,False,1 VEHICLE ENTERING/LEAVING ENTRANCE,ANGLE,STRAIGHT & LEVEL,DAYLIGHT,,,9/20/2019 9:11:52 AM,False,7154,Accepted,
25597044,0568000,LOUISVILLE METRO POLICE DEPT,Accepted,JEFFERSON,,3308,RENWOOD,BLVD,,,,,,,,38.157514770,-85.816259021,0.448,9/4/2019 12:00:00 AM,1655,2,2,0,0,CLEAR,DRY,False,1 VEHICLE ENTERING/LEAVING ENTRANCE,ANGLE,STRAIGHT & LEVEL,DAYLIGHT,,,9/5/2019 9:24:09 AM,False,7485,Accepted,
25597071,0568000,LOUISVILLE METRO POLICE DEPT,Accepted,JEFFERSON,I 0264,,I264 E,,,,,,,,,38.239106935,-85.622745907,18.999,9/4/2019 12:00:00 AM,0619,2,2,0,0,CLEAR,DRY,False,SIDESWIPE COLLISION - SAME DIRECTION,SIDESWIPE-SAME DIRECTION,STRAIGHT & LEVEL,DARK-HWY LIGHTED/ON,,,9/5/2019 9:26:52 AM,False,4656,Accepted,
25597079,0568000,LOUISVILLE METRO POLICE DEPT,Accepted,JEFFERSON,,,8TH,ST,S,,,,LIBERTY,,JEFFERSON,38.253663300,-85.763789878,0.256,9/4/2019 12:00:00 AM,0939,2,2,0,0,CLEAR,DRY,True,SIDESWIPE COLLISION - SAME DIRECTION,SIDESWIPE-SAME DIRECTION,STRAIGHT & LEVEL,DAYLIGHT,,,9/5/2019 9:27:11 AM,False,2854,Accepted,
25596956,0568000,LOUISVILLE METRO POLICE DEPT,Accepted,JEFFERSON,,,HIKES,LN,,,,,,,,38.219764587,-85.625838559,3.211,9/4/2019 12:00:00 AM,1128,2,2,0,0,CLEAR,DRY,False,SIDESWIPE COLLISION - SAME DIRECTION,SIDESWIPE-SAME DIRECTION,STRAIGHT & LEVEL,DAYLIGHT,,,9/5/2019 9:16:49 AM,False,7864,Accepted,
25602239,0568000,LOUISVILLE METRO POLICE DEPT,Accepted,JEFFERSON,I 0065,,I65 N,,,,,,,,,38.167624738,-85.720546693,129.000,9/4/2019 12:00:00 AM,1227,2,2,0,0,CLOUDY,DRY,False,SIDESWIPE COLLISION - SAME DIRECTION,SIDESWIPE-SAME DIRECTION,STRAIGHT & LEVEL,DAYLIGHT,,,9/6/2019 9:41:56 AM,False,4656,Accepted,
25596941,0568000,LOUISVILLE METRO POLICE DEPT,Accepted,JEFFERSON,,,WARNOCK,ST,,,FLOYD,,,,,38.214580158,-85.754397703,0.324,9/4/2019 12:00:00 AM,0720,2,2,0,1,CLOUDY,DRY,False,HEAD-ON COLLISION,HEAD ON,CURVE & LEVEL,DAYLIGHT,,,9/5/2019 9:16:22 AM,False,5240,Accepted,
25597006,0568000,LOUISVILLE METRO POLICE DEPT,Accepted,JEFFERSON,I 0265,,I265 N,,,,,,,,,38.290023256,-85.536484720,31.697,9/4/2019 12:00:00 AM,1737,2,2,0,0,CLEAR,DRY,False,REAR END IN TRAFFIC LANES BOTH VEHICLES MOVING,REAR END,STRAIGHT & LEVEL,DAYLIGHT,,,9/5/2019 9:21:38 AM,False,2346,Accepted,
25597287,0568000,LOUISVILLE METRO POLICE DEPT,Accepted,JEFFERSON,I 0265,,I265 E,,,,,,,,,38.111440568,-85.688595625,10.988,9/4/2019 12:00:00 AM,1735,2,2,0,2,CLOUDY,DRY,False,REAR END IN TRAFFIC LANES BOTH VEHICLES MOVING,REAR END,STRAIGHT & LEVEL,DAYLIGHT,,,9/5/2019 9:55:27 AM,False,7442,Accepted,
25596905,0568000,LOUISVILLE METRO POLICE DEPT,Accepted,JEFFERSON,KY2052,,SHEPHERDSVILLE,RD,,,,,GEORGIA,,CAROLINA CROSSINGS,38.146614240,-85.660078203,0.540,9/4/2019 12:00:00 AM,0824,2,2,0,0,CLEAR,DRY,False,REAR END IN TRAFFIC LANES BOTH VEHICLES MOVING,REAR END,STRAIGHT & GRADE,DAYLIGHT,,,9/5/2019 9:12:49 AM,False,2959,Accepted,
25597063,0568000,LOUISVILLE METRO POLICE DEPT,Accepted,JEFFERSON,KY1932,,BRECKENRIDGE,LN,,,,,,,,38.218154266,-85.628590566,2.694,9/4/2019 12:00:00 AM,1826,2,2,0,0,CLEAR,DRY,False,REAR END IN TRAFFIC LANES BOTH VEHICLES MOVING,REAR END,STRAIGHT & LEVEL,DAYLIGHT,,,9/5/2019 9:26:14 AM,False,7864,Accepted,
25596966,0568000,LOUISVILLE METRO POLICE DEPT,Accepted,JEFFERSON,KY2251,,BARDSTOWN,RD,,,,,,,,38.197317018,-85.656815331,0.839,9/4/2019 12:00:00 AM,1437,2,2,0,0,CLEAR,DRY,False,REAR END IN TRAFFIC LANES BOTH VEHICLES MOVING,REAR END,STRAIGHT & LEVEL,DAYLIGHT,,,9/5/2019 9:17:06 AM,False,7864,Accepted,
25597009,0568000,LOUISVILLE METRO POLICE DEPT,Accepted,JEFFERSON,KY2251,,BARDSTOWN,RD,,,,,ACTION,,SIX MILE,38.194253968,-85.651162932,0.469,9/4/2019 12:00:00 AM,1742,2,2,0,0,CLEAR,DRY,False,REAR END IN TRAFFIC LANES BOTH VEHICLES MOVING,REAR END,STRAIGHT & LEVEL,DAYLIGHT,,,9/5/2019 9:22:54 AM,False,5247,Accepted,
25596932,0568000,LOUISVILLE METRO POLICE DEPT,Accepted,JEFFERSON,I 0065,,I65 N,,,,,I 0065,I65 N EXIT128 ON RAMP FROM KY1631,I 0065,I65 N EXIT130 OFF RAMP TO KY61,38.173062899,-85.720156757,129.376,9/4/2019 12:00:00 AM,0742,2,2,0,0,CLOUDY,DRY,False,REAR END IN TRAFFIC LANES BOTH VEHICLES MOVING,REAR END,STRAIGHT & LEVEL,DAYLIGHT,,,9/5/2019 9:15:55 AM,False,7473,Accepted,