IncidentID,AgencyORI,AgencyName,IncidentStatusDesc,County,RdwyNumber,Street,RoadwayName,StreetSfx,StreetDir,IntersectionRdwy,IntersectionRdwyName,BetweenStRdwy1,BetweenStRdwyName1,BetweenStRdwy2,BetweenStRdwyName2,Latitude,Longitude,Milepoint,CollisionDate,CollisionTime,UnitsInvolved,MotorVehiclesInvolved,NumberKilled,NumberInjured,Weather,RdwyConditionCode,HitandRun,DirAnalysisCode,MannerofCollision,RdwyCharacter,LightCondition,RampFromRdwyId,RampToRdwyId,AcceptedDate,IsSecondaryCollision,OwnerBadge,IncidentStatus,
25596999,0568000,LOUISVILLE METRO POLICE DEPT,Accepted,JEFFERSON,I 0265,,I265 N,,,,,I 0071,I71 N EXIT9B RAMP TO I265 E,I 0071,I71 N EXIT35A RAMP TO I71 N,38.313619878,-85.579171455,34.550,9/4/2019 12:00:00 AM,1147,2,2,0,1,CLOUDY,DRY,False,REAR END IN TRAFFIC LANES BOTH VEHICLES MOVING,REAR END,STRAIGHT & LEVEL,DAYLIGHT,,,9/5/2019 9:20:02 AM,False,7751,Accepted,
25597007,0568000,LOUISVILLE METRO POLICE DEPT,Accepted,JEFFERSON,I 0264,,I264 E,,,,,,,,,38.190134997,-85.754277093,10.745,9/4/2019 12:00:00 AM,1720,3,3,0,0,CLEAR,DRY,False,REAR END IN TRAFFIC LANES BOTH VEHICLES MOVING,REAR END,STRAIGHT & LEVEL,DAYLIGHT,,,9/5/2019 9:21:50 AM,False,7251,Accepted,
25597008,0568000,LOUISVILLE METRO POLICE DEPT,Accepted,JEFFERSON,KY1065,,OUTER,LOOP,,,,,GRADE,KY3080,KY3080,38.128827778,-85.741623493,2.936,9/4/2019 12:00:00 AM,1744,2,2,0,0,CLEAR,DRY,False,REAR END IN TRAFFIC LANES BOTH VEHICLES MOVING,REAR END,STRAIGHT & HILLCREST,DAYLIGHT,,,9/5/2019 9:22:06 AM,False,7397,Accepted,
25597058,0568000,LOUISVILLE METRO POLICE DEPT,Accepted,JEFFERSON,,,JEFFERSON,BLVD,,,,,,,,38.143610747,-85.674722580,0.393,9/4/2019 12:00:00 AM,1116,2,2,0,0,CLOUDY,DRY,False,REAR END IN TRAFFIC LANES BOTH VEHICLES MOVING,REAR END,STRAIGHT & LEVEL,DAYLIGHT,,,9/5/2019 9:25:17 AM,False,4693,Accepted,
27592404,0568000,LOUISVILLE METRO POLICE DEPT,Accepted,JEFFERSON,I 0065,,I65 S,,,,,,,,,38.265409979,-85.744052563,136.948,9/4/2019 12:00:00 AM,1111,2,2,0,1,CLEAR,DRY,False,HEAD-ON COLLISION,HEAD ON,STRAIGHT & LEVEL,DAYLIGHT,,,12/22/2020 8:13:28 AM,False,4903,Accepted,
25602114,0568000,LOUISVILLE METRO POLICE DEPT,Accepted,JEFFERSON,KY1931,,MANSLICK,RD,,,,,,,,38.155642332,-85.801677576,5.508,9/4/2019 12:00:00 AM,1110,2,2,0,0,CLEAR,DRY,False,REAR END IN TRAFFIC LANES BOTH VEHICLES MOVING,REAR END,STRAIGHT & LEVEL,DAYLIGHT,,,9/6/2019 9:25:46 AM,False,7234,Accepted,
25597060,0568000,LOUISVILLE METRO POLICE DEPT,Accepted,JEFFERSON,KY1450,,BLUE LICK,RD,,,,,,,,38.116205963,-85.689504092,2.165,9/4/2019 12:00:00 AM,1318,2,2,0,0,CLOUDY,DRY,False,REAR END IN TRAFFIC LANES BOTH VEHICLES MOVING,REAR END,STRAIGHT & LEVEL,DAYLIGHT,,,9/5/2019 9:25:47 AM,False,4693,Accepted,
25597050,0568000,LOUISVILLE METRO POLICE DEPT,Accepted,JEFFERSON,I 0264,,I264 W,,,,,,,,,38.226510689,-85.640269934,17.646,9/4/2019 12:00:00 AM,1728,4,4,0,0,CLEAR,DRY,True,REAR END IN TRAFFIC LANES BOTH VEHICLES MOVING,REAR END,STRAIGHT & LEVEL,DAYLIGHT,,,9/5/2019 9:24:32 AM,False,6813,Accepted,
25597102,0568000,LOUISVILLE METRO POLICE DEPT,Accepted,JEFFERSON,US0060,,SHELBYVILLE,RD,,,,,,,,38.244789002,-85.554473605,9.048,9/4/2019 12:00:00 AM,1922,2,2,0,0,CLEAR,DRY,False,REAR END IN TRAFFIC LANES BOTH VEHICLES MOVING,REAR END,STRAIGHT & LEVEL,DUSK,,,9/5/2019 9:28:35 AM,False,7330,Accepted,
25613362,0568000,LOUISVILLE METRO POLICE DEPT,Accepted,JEFFERSON,I 0264,,I264 W,,,,,,,,,38.230245785,-85.632971762,18.148,9/4/2019 12:00:00 AM,1728,4,4,0,0,CLEAR,DRY,False,REAR END IN TRAFFIC LANES BOTH VEHICLES MOVING,REAR END,STRAIGHT & LEVEL,DAYLIGHT,,,9/9/2019 10:39:16 AM,False,2100,Accepted,
25597286,0568000,LOUISVILLE METRO POLICE DEPT,Accepted,JEFFERSON,,900,FLOYD,ST,S,,,,,,,38.243288993,-85.750054882,0.862,9/4/2019 12:00:00 AM,0940,2,2,0,0,CLEAR,DRY,True,1 VEHICLE PARKED POSITION (NOT PARKING LOT/DRIVEWAY),BACKING,STRAIGHT & LEVEL,DAYLIGHT,,,9/5/2019 9:55:18 AM,False,2877,Accepted,
25596903,0568000,LOUISVILLE METRO POLICE DEPT,Accepted,JEFFERSON,,2215,MARKET,ST,W,,,,,,,38.258609376,-85.787220536,0.036,9/4/2019 12:00:00 AM,0804,2,2,0,0,CLEAR,DRY,False,1 VEHICLE PARKED POSITION (NOT PARKING LOT/DRIVEWAY),SIDESWIPE-SAME DIRECTION,STRAIGHT & LEVEL,DAYLIGHT,,,9/5/2019 9:12:40 AM,False,7345,Accepted,
25602329,0568000,LOUISVILLE METRO POLICE DEPT,Accepted,JEFFERSON,US0031E,1100,MAIN,ST,E,,,,WENZEL,US0042,STORY,38.254041349,-85.733033909,16.763,9/4/2019 12:00:00 AM,1159,2,2,0,0,CLEAR,DRY,False,1 VEHICLE PARKED POSITION (NOT PARKING LOT/DRIVEWAY),REAR TO REAR,STRAIGHT & LEVEL,DAYLIGHT,,,9/6/2019 9:59:59 AM,False,7058,Accepted,
25597010,0568000,LOUISVILLE METRO POLICE DEPT,Accepted,JEFFERSON,,705,ASHLAND,AVE,W,,,,,,,38.185934361,-85.773267331,0.413,9/4/2019 12:00:00 AM,0800,2,2,0,0,CLEAR,DRY,False,1 VEHICLE PARKED POSITION (NOT PARKING LOT/DRIVEWAY),SIDESWIPE-SAME DIRECTION,STRAIGHT & LEVEL,DAYLIGHT,,,9/5/2019 9:23:16 AM,False,5221,Accepted,
25596888,0568000,LOUISVILLE METRO POLICE DEPT,Accepted,JEFFERSON,I 0064,,I64 E,,,,,,,,,38.273796251,-85.787264660,2.335,9/4/2019 12:00:00 AM,0255,1,1,0,0,CLEAR,DRY,False,COLLISION WITH FIXED OBJECT NON - INTERSECTION - FIRST EVENT COLLISION 09 - 32 EXCLUDING 16,SINGLE VEHICLE,STRAIGHT & LEVEL,DARK-HWY LIGHTED/OFF,,,9/5/2019 9:09:26 AM,False,7311,Accepted,
25602015,0568000,LOUISVILLE METRO POLICE DEPT,Accepted,JEFFERSON,KY2055,,MT HOLLY,RD,,,,,,,,38.096498905,-85.739884257,0.098,9/4/2019 12:00:00 AM,1502,1,1,0,1,CLEAR,DRY,False,COLLISION WITH FIXED OBJECT NON - INTERSECTION - FIRST EVENT COLLISION 09 - 32 EXCLUDING 16,SINGLE VEHICLE,STRAIGHT & LEVEL,DAYLIGHT,,,9/6/2019 9:16:19 AM,False,7944,Accepted,
25602063,0568000,LOUISVILLE METRO POLICE DEPT,Accepted,JEFFERSON,,,CHERI,WAY,,,,,,,,38.119100740,-85.756233858,0.461,9/4/2019 12:00:00 AM,1314,1,1,0,1,CLEAR,DRY,False,RAN OFF ROADWAY (1 VEHICLE WITH/EARTH EMBANKMENT/DITCH),SINGLE VEHICLE,STRAIGHT & LEVEL,DAYLIGHT,,,9/6/2019 9:22:03 AM,False,6326,Accepted,
25596893,0568000,LOUISVILLE METRO POLICE DEPT,Accepted,JEFFERSON,I 0064,,I64 E,,,,,,,,,38.273377710,-85.786199685,2.400,9/4/2019 12:00:00 AM,0253,1,1,0,0,CLEAR,DRY,False,COLLISION WITH FIXED OBJECT NON - INTERSECTION - FIRST EVENT COLLISION 09 - 32 EXCLUDING 16,SINGLE VEHICLE,CURVE & LEVEL,DARK-HWY NOT LIGHTED,,,9/5/2019 9:10:44 AM,False,7325,Accepted,
25597133,0568000,LOUISVILLE METRO POLICE DEPT,Accepted,JEFFERSON,US0031W,10000,DIXIE,HWY,,,,,ALANADALE,,CITATION,38.110063878,-85.865035494,8.825,9/4/2019 12:00:00 AM,2153,2,1,0,1,CLOUDY,DRY,False,COLLISION WITH PEDESTRIAN NON - INTERSECTION,SINGLE VEHICLE,STRAIGHT & LEVEL,DARK-HWY NOT LIGHTED,,,9/5/2019 9:32:09 AM,False,7160,Accepted,
25602024,0568000,LOUISVILLE METRO POLICE DEPT,Accepted,JEFFERSON,,,HILL,ST,W,,4TH,,,,,38.226030061,-85.761940214,0.270,9/4/2019 12:00:00 AM,1705,2,2,0,0,CLEAR,DRY,False,OTHER INTERSECTION COLLISIONS,REAR END,STRAIGHT & LEVEL,DAYLIGHT,,,9/6/2019 9:17:57 AM,False,7619,Accepted,
25596900,0568000,LOUISVILLE METRO POLICE DEPT,Accepted,JEFFERSON,,,BROADWAY,,W,,34TH,,,,,38.249891239,-85.807846963,1.069,9/4/2019 12:00:00 AM,0443,2,2,0,1,CLEAR,DRY,False,OTHER INTERSECTION COLLISIONS,REAR END,STRAIGHT & LEVEL,DUSK,,,9/5/2019 9:12:14 AM,False,7309,Accepted,
25596927,0568000,LOUISVILLE METRO POLICE DEPT,Accepted,JEFFERSON,I 0265,,,,,KY0022,BROWNSBORO,,,,,38.309052355,-85.572972347,0.223,9/4/2019 12:00:00 AM,1151,2,2,0,0,CLEAR,DRY,False,OTHER INTERSECTION COLLISIONS,REAR END,CURVE & GRADE,DAYLIGHT,,,9/5/2019 9:15:15 AM,False,2030,Accepted,
25596993,0568000,LOUISVILLE METRO POLICE DEPT,Accepted,JEFFERSON,,,WATTERSON,TRL,,,HENDRIK,,,,,38.183261498,-85.608036043,1.001,9/4/2019 12:00:00 AM,1652,3,3,0,1,CLEAR,DRY,False,OTHER INTERSECTION COLLISIONS,REAR END,STRAIGHT & LEVEL,DAYLIGHT,,,9/5/2019 9:19:55 AM,False,7307,Accepted,
25596990,0568000,LOUISVILLE METRO POLICE DEPT,Accepted,JEFFERSON,KY2251,,BARDSTOWN,RD,,US0031E,BARDSTOWN,,,,,38.200181827,-85.662283457,1.192,9/4/2019 12:00:00 AM,1714,2,2,0,0,CLEAR,DRY,False,OTHER INTERSECTION COLLISIONS,REAR END,STRAIGHT & LEVEL,DAYLIGHT,,,9/5/2019 9:19:46 AM,False,7864,Accepted,
25596915,0568000,LOUISVILLE METRO POLICE DEPT,Accepted,JEFFERSON,,,SHEPHERDSVILLE,RD,,KY1065,OUTER,,,,,38.138761913,-85.657585961,0.015,9/4/2019 12:00:00 AM,0731,2,2,0,0,CLEAR,DRY,False,OTHER INTERSECTION COLLISIONS,REAR END,STRAIGHT & LEVEL,DAYLIGHT,,,9/5/2019 9:14:16 AM,False,2017,Accepted,
25597103,0568000,LOUISVILLE METRO POLICE DEPT,Accepted,JEFFERSON,,,BASHFORD MANOR,LN,,KY1703,NEWBURG,,,,,38.195369608,-85.679172777,0.952,9/4/2019 12:00:00 AM,1004,2,2,0,0,CLEAR,DRY,False,OTHER INTERSECTION COLLISIONS,REAR END,STRAIGHT & LEVEL,DAYLIGHT,,,9/5/2019 9:28:49 AM,False,7400,Accepted,
25597004,0568000,LOUISVILLE METRO POLICE DEPT,Accepted,JEFFERSON,,,OAK,ST,E,KY0061,JACKSON,,,,,38.234181911,-85.747479361,0.434,9/4/2019 12:00:00 AM,1338,2,2,0,0,CLEAR,DRY,False,OTHER INTERSECTION COLLISIONS,REAR END,STRAIGHT & GRADE,DAYLIGHT,,,9/5/2019 9:20:54 AM,False,7334,Accepted,
25596922,0568000,LOUISVILLE METRO POLICE DEPT,Accepted,JEFFERSON,KY1065,,OUTER,LOOP,,KY0061,PRESTON,,,,,38.138330508,-85.686834159,6.067,9/4/2019 12:00:00 AM,1118,2,2,0,0,CLEAR,DRY,False,OTHER INTERSECTION COLLISIONS,REAR END,STRAIGHT & LEVEL,DAYLIGHT,,,9/5/2019 9:14:47 AM,False,2017,Accepted,
25596988,0568000,LOUISVILLE METRO POLICE DEPT,Accepted,JEFFERSON,KY0864,,POPLAR LEVEL,RD,,,GILMORE,,,,,38.182724447,-85.698409860,10.285,9/4/2019 12:00:00 AM,1421,2,2,0,0,CLEAR,DRY,False,SIDESWIPE-SAME DIRECTION,SIDESWIPE-SAME DIRECTION,STRAIGHT & LEVEL,DAYLIGHT,,,9/5/2019 9:19:36 AM,False,7473,Accepted,
25597140,0568000,LOUISVILLE METRO POLICE DEPT,Accepted,JEFFERSON,KY0841,,GENE SNYDER,FWY,,I 0071,I71 N EXIT35B RAMP TO I71 S,,,,,38.316743566,-85.588591501,35.095,9/4/2019 12:00:00 AM,1830,2,2,0,0,CLEAR,DRY,False,SIDESWIPE-SAME DIRECTION,SIDESWIPE-SAME DIRECTION,STRAIGHT & LEVEL,DAYLIGHT,,,9/5/2019 9:32:43 AM,False,5204,Accepted,
25596986,0568000,LOUISVILLE METRO POLICE DEPT,Accepted,JEFFERSON,US0060A,,LEXINGTON,RD,,US0060A,GRINSTEAD,,,,,38.245538373,-85.701547555,8.010,9/4/2019 12:00:00 AM,1655,2,2,0,0,CLEAR,DRY,True,SIDESWIPE-SAME DIRECTION,SIDESWIPE-SAME DIRECTION,STRAIGHT & LEVEL,DAYLIGHT,,,9/5/2019 9:19:28 AM,False,7128,Accepted,
25597055,0568000,LOUISVILLE METRO POLICE DEPT,Accepted,JEFFERSON,,,JEFFERSON,ST,E,,1ST,,,,,38.253291194,-85.752048219,1.050,9/4/2019 12:00:00 AM,1137,2,2,0,0,CLEAR,DRY,True,SIDESWIPE-SAME DIRECTION,SIDESWIPE-SAME DIRECTION,STRAIGHT & LEVEL,DAYLIGHT,,,9/5/2019 9:24:46 AM,False,5124,Accepted,
25613141,0568000,LOUISVILLE METRO POLICE DEPT,Accepted,JEFFERSON,,,BLUEGRASS,AVE,,,LONSDALE,,,,,38.179448313,-85.786419491,0.680,9/4/2019 12:00:00 AM,0837,2,2,0,0,CLEAR,DRY,False,OTHER INTERSECTION COLLISIONS,REAR END,STRAIGHT & LEVEL,DAYLIGHT,,,9/9/2019 10:19:28 AM,False,7094,Accepted,
25618047,0568000,LOUISVILLE METRO POLICE DEPT,Accepted,JEFFERSON,US0031E,,BARDSTOWN,RD,,KY2860,GRINSTEAD,,,,,38.238440880,-85.720986726,15.421,9/4/2019 12:00:00 AM,1317,1,1,0,0,CLEAR,DRY,True,OTHER INTERSECTION COLLISIONS,SINGLE VEHICLE,STRAIGHT & LEVEL,DAYLIGHT,,,9/10/2019 8:47:22 AM,False,2228,Accepted,
25597042,0568000,LOUISVILLE METRO POLICE DEPT,Accepted,JEFFERSON,,,CARDINAL,BLVD,W,KY1020,3RD,,,,,38.220566563,-85.761169332,0.180,9/4/2019 12:00:00 AM,1710,2,2,0,0,CLEAR,DRY,False,ANGLE COLLISION - OTHER,ANGLE,STRAIGHT & LEVEL,DAYLIGHT,,,9/5/2019 9:23:40 AM,False,5245,Accepted,
25597110,0568000,LOUISVILLE METRO POLICE DEPT,Accepted,JEFFERSON,,,CARDINAL,BLVD,W,KY1020,3RD,,,,,38.220585586,-85.761169801,0.179,9/4/2019 12:00:00 AM,1824,2,2,0,0,CLEAR,DRY,False,ANGLE COLLISION - OTHER,ANGLE,STRAIGHT & LEVEL,DAYLIGHT,,,9/5/2019 9:30:06 AM,False,5123,Accepted,
25602243,0568000,LOUISVILLE METRO POLICE DEPT,Accepted,JEFFERSON,KY1020,,2ND,ST,S,,CARDINAL,,,,,38.220617225,-85.759826054,10.335,9/4/2019 12:00:00 AM,2056,2,2,0,0,CLEAR,DRY,False,ANGLE COLLISION - OTHER,ANGLE,STRAIGHT & LEVEL,DUSK,,,9/6/2019 9:43:03 AM,False,5022,Accepted,
25597056,0568000,LOUISVILLE METRO POLICE DEPT,Accepted,JEFFERSON,US0060,,FRANKFORT,AVE,,,RESERVOIR,,,,,38.254501540,-85.680726871,2.160,9/4/2019 12:00:00 AM,1820,2,2,0,0,CLEAR,DRY,False,ANGLE COLLISION - OTHER,ANGLE,STRAIGHT & LEVEL,DAYLIGHT,,,9/5/2019 9:24:55 AM,False,2413,Accepted,
25623577,0568000,LOUISVILLE METRO POLICE DEPT,Accepted,JEFFERSON,KY1020,,3RD,ST,S,,HILL,,,,,38.225826762,-85.760248233,10.699,9/4/2019 12:00:00 AM,2054,2,2,0,0,CLEAR,DRY,False,ANGLE COLLISION - OTHER,ANGLE,STRAIGHT & GRADE,DARK-HWY LIGHTED/ON,,,9/11/2019 10:29:42 AM,False,5166,Accepted,
25596977,0568000,LOUISVILLE METRO POLICE DEPT,Accepted,JEFFERSON,,,MADISON,ST,W,,26TH,,,,,38.254114110,-85.794376337,1.195,9/4/2019 12:00:00 AM,1529,2,2,0,1,CLEAR,DRY,False,ANGLE COLLISION - OTHER,ANGLE,STRAIGHT & LEVEL,DAYLIGHT,,,9/5/2019 9:17:53 AM,False,7220,Accepted,
25597057,0568000,LOUISVILLE METRO POLICE DEPT,Accepted,JEFFERSON,,,FACTORY,LN,,,TERRACE SPRINGS,,,,,38.287046324,-85.502721030,0.560,9/4/2019 12:00:00 AM,1707,2,2,0,0,CLEAR,DRY,False,ANGLE COLLISION - OTHER,ANGLE,STRAIGHT & LEVEL,DAYLIGHT,,,9/5/2019 9:25:05 AM,False,2109,Accepted,
25596918,0568000,LOUISVILLE METRO POLICE DEPT,Accepted,JEFFERSON,KY1065,,OUTER,LOOP,,I 0065,I65 N EXIT127 OFF RAMP TO KY1065,,,,,38.136673984,-85.702321649,5.184,9/4/2019 12:00:00 AM,0856,2,2,0,0,CLEAR,DRY,False,ANGLE COLLISION - OTHER,ANGLE,STRAIGHT & LEVEL,DAYLIGHT,,,9/5/2019 9:14:30 AM,False,2017,Accepted,
25602021,0568000,LOUISVILLE METRO POLICE DEPT,Accepted,JEFFERSON,,,GRADE,LN,,KY1065,OUTER,,,,,38.130243932,-85.737121764,4.065,9/4/2019 12:00:00 AM,1723,2,2,0,1,CLEAR,DRY,False,ANGLE COLLISION - ONE VEHICLE TURNING RIGHT,ANGLE,STRAIGHT & HILLCREST,DAYLIGHT,,,9/6/2019 9:17:37 AM,False,4693,Accepted,
25596902,0568000,LOUISVILLE METRO POLICE DEPT,Accepted,JEFFERSON,US0031E,,MARKET,ST,E,,SHELBY,,,,,38.253182542,-85.738037632,16.936,9/4/2019 12:00:00 AM,0706,2,2,0,0,CLEAR,DRY,True,COLLISION WITH PARKED VEHICLE,SIDESWIPE-SAME DIRECTION,STRAIGHT & LEVEL,DAWN,,,9/5/2019 9:12:27 AM,False,7325,Accepted,
25597041,0568000,LOUISVILLE METRO POLICE DEPT,Accepted,JEFFERSON,,,ASHLAND,AVE,W,KY1020,SOUTHERN,,,,,38.185315208,-85.767395050,0.097,9/4/2019 12:00:00 AM,0913,1,1,0,0,CLEAR,DRY,False,COLLISION WITH FIXED OBJECT IN INTERSECTION - FIRST EVENT COLLISION 09 - 32,SINGLE VEHICLE,STRAIGHT & LEVEL,DAYLIGHT,,,9/5/2019 9:23:29 AM,False,5221,Accepted,
25597113,0568000,LOUISVILLE METRO POLICE DEPT,Accepted,JEFFERSON,,,HILL,ST,W,,13TH,,,,,38.227602809,-85.776816365,1.091,9/4/2019 12:00:00 AM,2100,2,2,0,0,CLEAR,DRY,False,COLLISION WITH PARKED VEHICLE,SIDESWIPE-SAME DIRECTION,STRAIGHT & LEVEL,DARK-HWY LIGHTED/ON,,,9/5/2019 9:30:34 AM,False,7384,Accepted,
25654784,0568000,LOUISVILLE METRO POLICE DEPT,Accepted,JEFFERSON,I 0264,,I264 W,,,I 0264,I264 W EXIT18B OFF RAMP TO KY1932 N,,,,,38.230565929,-85.632617339,18.148,9/3/2019 12:00:00 AM,1404,1,1,0,0,CLEAR,DRY,False,COLLISION WITH FIXED OBJECT IN INTERSECTION - FIRST EVENT COLLISION 09 - 32,SINGLE VEHICLE,CURVE & GRADE,DAYLIGHT,,,9/18/2019 8:43:51 AM,False,7764,Accepted,
25596874,0568000,LOUISVILLE METRO POLICE DEPT,Accepted,JEFFERSON,KY1230,,LOWER RIVER,RD,,KY1230,WATSON,,,,,38.064087802,-85.904958703,0.136,9/3/2019 12:00:00 AM,0545,1,1,0,0,CLEAR,DRY,False,COLLISION WITH FIXED OBJECT IN INTERSECTION - FIRST EVENT COLLISION 09 - 32,SINGLE VEHICLE,CURVE & LEVEL,DARK-HWY LIGHTED/ON,,,9/5/2019 9:06:01 AM,False,5033,Accepted,
25596896,0568000,LOUISVILLE METRO POLICE DEPT,Accepted,JEFFERSON,I 0065,,I65 S,,,I 0065,I65 S EXIT134 OFF RAMP TO  ARTHUR ST,,,,,38.226462313,-85.751694130,133.899,9/3/2019 12:00:00 AM,1721,2,2,0,0,CLEAR,DRY,False,COLLISION WITH FIXED OBJECT IN INTERSECTION - FIRST EVENT COLLISION 09 - 32,REAR END,STRAIGHT & LEVEL,DAYLIGHT,,,9/5/2019 9:11:51 AM,False,5196,Accepted,
25596852,0568000,LOUISVILLE METRO POLICE DEPT,Accepted,JEFFERSON,,,10TH,ST,S,US0031W,MAIN,,,,,38.257682780,-85.766456119,0.002,9/3/2019 12:00:00 AM,1415,1,1,0,0,CLEAR,DRY,False,COLLISION WITH FIXED OBJECT IN INTERSECTION - FIRST EVENT COLLISION 09 - 32,SINGLE VEHICLE,STRAIGHT & LEVEL,DAYLIGHT,,,9/5/2019 9:02:33 AM,False,5187,Accepted,
25597213,0568000,LOUISVILLE METRO POLICE DEPT,Accepted,JEFFERSON,,,KENTUCKY,ST,W,,9TH,,,,,38.240406545,-85.768020175,3.075,9/3/2019 12:00:00 AM,1246,2,1,0,0,CLEAR,DRY,True,COLLISION WITH BICYCLE IN INTERSECTION,SINGLE VEHICLE,STRAIGHT & LEVEL,DAYLIGHT,,,9/5/2019 9:45:33 AM,False,7326,Accepted,
25612930,0568000,LOUISVILLE METRO POLICE DEPT,Accepted,JEFFERSON,,,16TH,ST,S,,JEFFERSON,,,,,38.256034618,-85.776866409,0.193,9/3/2019 12:00:00 AM,1637,2,2,0,0,CLEAR,DRY,False,ANGLE COLLISION - ONE VEHICLE TURNING LEFT,ANGLE,STRAIGHT & LEVEL,DAYLIGHT,,,9/9/2019 10:06:01 AM,False,7479,Accepted,
25649402,0568000,LOUISVILLE METRO POLICE DEPT,Accepted,JEFFERSON,US0031E,,BARDSTOWN,RD,,,HUDSON,,,,,38.164968336,-85.598928379,6.800,9/3/2019 12:00:00 AM,1812,2,2,0,2,CLEAR,DRY,False,ANGLE COLLISION - ONE VEHICLE TURNING LEFT,ANGLE,STRAIGHT & LEVEL,DUSK,,,9/17/2019 8:49:51 AM,False,5248,Accepted,
25596848,0568000,LOUISVILLE METRO POLICE DEPT,Accepted,JEFFERSON,US0031E,,BARDSTOWN,RD,,,TYLER,,,,,38.217813750,-85.677405432,12.592,9/3/2019 12:00:00 AM,1820,2,2,0,1,CLEAR,DRY,False,ANGLE COLLISION - OTHER,ANGLE,STRAIGHT & LEVEL,DAYLIGHT,,,9/5/2019 9:00:06 AM,False,2230,Accepted,
25613358,0568000,LOUISVILLE METRO POLICE DEPT,Accepted,JEFFERSON,KY0061,,PRESTON,ST,S,,ATWOOD,,,,,38.217713806,-85.745994032,10.359,9/3/2019 12:00:00 AM,0923,2,2,0,0,CLEAR,DRY,False,ANGLE COLLISION - OTHER,ANGLE,STRAIGHT & LEVEL,DAYLIGHT,,,9/9/2019 10:38:40 AM,False,5183,Accepted,
25586675,0568000,LOUISVILLE METRO POLICE DEPT,Accepted,JEFFERSON,,,INDIAN,TRL,E,,PETERSBURG,,,,,38.184170435,-85.666132794,2.567,9/3/2019 12:00:00 AM,0802,2,2,0,0,CLEAR,DRY,False,ANGLE COLLISION - OTHER,ANGLE,STRAIGHT & LEVEL,DAYLIGHT,,,9/3/2019 1:14:42 PM,False,7830,Accepted,
25596755,0568000,LOUISVILLE METRO POLICE DEPT,Accepted,JEFFERSON,,,KENTUCKY,ST,W,KY1020,3RD,,,,,38.238751859,-85.757978056,3.651,9/3/2019 12:00:00 AM,1142,2,2,0,0,CLEAR,DRY,False,ANGLE COLLISION - OTHER,ANGLE,STRAIGHT & LEVEL,DAYLIGHT,,,9/5/2019 8:45:20 AM,False,7391,Accepted,
25596871,0568000,LOUISVILLE METRO POLICE DEPT,Accepted,JEFFERSON,US0150,,22ND,ST,N,US0031W,MAIN,,,,,38.259924106,-85.786314936,0.740,9/3/2019 12:00:00 AM,2155,3,3,0,2,CLEAR,DRY,False,ANGLE COLLISION - OTHER,ANGLE,STRAIGHT & LEVEL,DARK-HWY LIGHTED/ON,,,9/5/2019 9:05:26 AM,False,7223,Accepted,
25596879,0568000,LOUISVILLE METRO POLICE DEPT,Accepted,JEFFERSON,US0060A,,LEXINGTON,RD,,KY2048,CANNONS,,,,,38.249694231,-85.666945074,9.964,9/3/2019 12:00:00 AM,2150,2,2,0,0,CLEAR,DRY,False,ANGLE COLLISION - OTHER,ANGLE,STRAIGHT & LEVEL,DARK-HWY LIGHTED/ON,,,9/5/2019 9:07:26 AM,False,5171,Accepted,
25613355,0568000,LOUISVILLE METRO POLICE DEPT,Accepted,JEFFERSON,,,17TH,ST,S,,PRENTICE,,,,,38.240921703,-85.783278106,1.179,9/3/2019 12:00:00 AM,1344,2,2,0,0,CLEAR,DRY,False,ANGLE COLLISION - OTHER,ANGLE,STRAIGHT & LEVEL,DAYLIGHT,,,9/9/2019 10:38:15 AM,False,5000,Accepted,
25649392,0568000,LOUISVILLE METRO POLICE DEPT,Accepted,JEFFERSON,,,JOHNSONTOWN,RD,,US0031W,DIXIE,,,,,38.121208307,-85.855702057,0.001,9/3/2019 12:00:00 AM,1725,2,2,0,0,CLEAR,DRY,False,ANGLE COLLISION - OTHER,ANGLE,STRAIGHT & LEVEL,DAYLIGHT,,,9/17/2019 8:47:55 AM,False,7144,Accepted,
25596801,0568000,LOUISVILLE METRO POLICE DEPT,Accepted,JEFFERSON,US0042,,BROWNSBORO,RD,,,PENNSYLVANIA,,,,,38.260930695,-85.684792460,2.804,9/3/2019 12:00:00 AM,1554,2,2,0,0,CLEAR,DRY,False,ANGLE COLLISION - OTHER,ANGLE,STRAIGHT & HILLCREST,DAYLIGHT,,,9/5/2019 8:52:00 AM,False,7833,Accepted,
25596835,0568000,LOUISVILLE METRO POLICE DEPT,Accepted,JEFFERSON,KY0864,,SHELBY,ST,S,,MARY,,,,,38.234699561,-85.741231726,14.794,9/3/2019 12:00:00 AM,1027,2,2,0,1,CLEAR,DRY,False,ANGLE COLLISION - OTHER,ANGLE,CURVE & LEVEL,DAYLIGHT,,,9/5/2019 8:57:42 AM,False,7322,Accepted,
25596774,0568000,LOUISVILLE METRO POLICE DEPT,Accepted,JEFFERSON,US0042,,STORY,AVE,,,ADAMS,,,,,38.257333808,-85.724990969,0.452,9/3/2019 12:00:00 AM,1426,2,2,0,0,CLEAR,DRY,False,ANGLE COLLISION - OTHER,ANGLE,STRAIGHT & LEVEL,DAYLIGHT,,,9/5/2019 8:49:05 AM,False,7216,Accepted,