IncidentID,AgencyORI,AgencyName,IncidentStatusDesc,County,RdwyNumber,Street,RoadwayName,StreetSfx,StreetDir,IntersectionRdwy,IntersectionRdwyName,BetweenStRdwy1,BetweenStRdwyName1,BetweenStRdwy2,BetweenStRdwyName2,Latitude,Longitude,Milepoint,CollisionDate,CollisionTime,UnitsInvolved,MotorVehiclesInvolved,NumberKilled,NumberInjured,Weather,RdwyConditionCode,HitandRun,DirAnalysisCode,MannerofCollision,RdwyCharacter,LightCondition,RampFromRdwyId,RampToRdwyId,AcceptedDate,IsSecondaryCollision,OwnerBadge,IncidentStatus,
25586674,0568000,LOUISVILLE METRO POLICE DEPT,Accepted,JEFFERSON,US0031E,,BARDSTOWN,RD,,,ST GABRIEL,,,,,38.166421196,-85.601288259,6.970,9/3/2019 12:00:00 AM,1044,2,2,0,2,CLEAR,DRY,False,ANGLE COLLISION - OTHER,ANGLE,STRAIGHT & LEVEL,DAYLIGHT,,,9/3/2019 1:14:25 PM,False,2017,Accepted,
25596809,0568000,LOUISVILLE METRO POLICE DEPT,Accepted,JEFFERSON,KY6162,,MINOR,LN,,KY1065,OUTER,,,,,38.136493849,-85.713378634,0.294,9/3/2019 12:00:00 AM,1043,2,2,0,0,CLEAR,DRY,False,ANGLE COLLISION - OTHER,ANGLE,STRAIGHT & LEVEL,DAYLIGHT,,,9/5/2019 8:53:47 AM,False,4693,Accepted,
25586037,0568000,LOUISVILLE METRO POLICE DEPT,Accepted,JEFFERSON,,,SIX MILE,LN,,KY1932,BRECKENRIDGE,,,,,38.197600690,-85.625102780,1.588,9/3/2019 12:00:00 AM,0636,2,2,0,0,CLEAR,DRY,False,ANGLE COLLISION - OTHER,ANGLE,STRAIGHT & LEVEL,DAYLIGHT,,,9/3/2019 11:34:37 AM,False,5146,Accepted,
25586632,0568000,LOUISVILLE METRO POLICE DEPT,Accepted,JEFFERSON,,,JEFFERSON,ST,W,,13TH,,,,,38.255522879,-85.772001293,1.088,9/3/2019 12:00:00 AM,1001,2,2,0,0,CLEAR,DRY,True,ANGLE COLLISION - OTHER,ANGLE,,DAYLIGHT,,,9/3/2019 1:14:04 PM,False,7386,Accepted,
25613317,0568000,LOUISVILLE METRO POLICE DEPT,Accepted,JEFFERSON,,,BASHFORD MANOR,LN,,US0031E,BARDSTOWN,,,,,38.203001733,-85.664369299,0.003,9/3/2019 12:00:00 AM,1714,2,2,0,0,CLEAR,DRY,False,OPPOSING LEFT TURN,OPPOSING LEFT TURN,STRAIGHT & LEVEL,DAYLIGHT,,,9/9/2019 10:35:17 AM,False,7059,Accepted,
25597222,0568000,LOUISVILLE METRO POLICE DEPT,Accepted,JEFFERSON,US0031E,,BARDSTOWN,RD,,KY1747,HURSTBOURNE,,,,,38.168954950,-85.605276595,7.257,9/3/2019 12:00:00 AM,1826,2,2,0,0,CLEAR,DRY,False,SIDESWIPE-SAME DIRECTION,SIDESWIPE-SAME DIRECTION,STRAIGHT & LEVEL,DAYLIGHT,,,9/5/2019 9:47:00 AM,False,7246,Accepted,
25596837,0568000,LOUISVILLE METRO POLICE DEPT,Accepted,JEFFERSON,KY0061,,PRESTON,ST,S,,KENTUCKY,,,,,38.237762866,-85.748830735,11.725,9/3/2019 12:00:00 AM,1619,2,2,0,0,CLEAR,DRY,False,SIDESWIPE-SAME DIRECTION,SIDESWIPE-SAME DIRECTION,STRAIGHT & LEVEL,DAYLIGHT,,,9/5/2019 8:58:04 AM,False,7322,Accepted,
25586524,0568000,LOUISVILLE METRO POLICE DEPT,Accepted,JEFFERSON,KY1934,,CANE RUN,RD,,KY2056,BELLS,,,,,38.221086626,-85.812454323,11.207,9/3/2019 12:00:00 AM,0803,2,2,0,0,CLEAR,DRY,True,SIDESWIPE-SAME DIRECTION,SIDESWIPE-SAME DIRECTION,STRAIGHT & LEVEL,DAYLIGHT,,,9/3/2019 12:52:28 PM,False,2569,Accepted,
25612713,0568000,LOUISVILLE METRO POLICE DEPT,Accepted,JEFFERSON,,,HILL,ST,W,US0031W,22ND,,,,,38.228883306,-85.792865495,1.976,9/3/2019 12:00:00 AM,1246,2,2,0,0,CLEAR,DRY,False,SIDESWIPE-SAME DIRECTION,SIDESWIPE-SAME DIRECTION,STRAIGHT & LEVEL,DAYLIGHT,,,9/9/2019 9:35:10 AM,False,5032,Accepted,
25596803,0568000,LOUISVILLE METRO POLICE DEPT,Accepted,JEFFERSON,KY0907,,VALLEY STATION,RD,,,RENAISSANCE VALLEY,,,,,38.105700097,-85.861422859,0.323,9/3/2019 12:00:00 AM,1612,2,2,0,0,CLEAR,DRY,False,OTHER INTERSECTION COLLISIONS,REAR END,CURVE & LEVEL,DAYLIGHT,,,9/5/2019 8:52:35 AM,False,7496,Accepted,
25596821,0568000,LOUISVILLE METRO POLICE DEPT,Accepted,JEFFERSON,,,JEFFERSON,BLVD,,KY1747,FERN VALLEY,,,,,38.156378234,-85.671539170,0.199,9/3/2019 12:00:00 AM,1735,2,2,0,0,CLEAR,DRY,True,OTHER INTERSECTION COLLISIONS,REAR END,STRAIGHT & LEVEL,DAYLIGHT,,,9/5/2019 8:56:10 AM,False,6933,Accepted,
25596752,0568000,LOUISVILLE METRO POLICE DEPT,Accepted,JEFFERSON,US0031E,,BARDSTOWN,RD,,,HUDSON,,,,,38.164897103,-85.598910931,6.802,9/3/2019 12:00:00 AM,1105,3,3,0,2,CLEAR,DRY,False,OTHER INTERSECTION COLLISIONS,REAR END,STRAIGHT & LEVEL,DAYLIGHT,,,9/5/2019 8:44:04 AM,False,5248,Accepted,
25596881,0568000,LOUISVILLE METRO POLICE DEPT,Accepted,JEFFERSON,US0031W,,DIXIE,HWY,,,JOHNSONTOWN,,,,,38.121208307,-85.855702057,9.748,9/3/2019 12:00:00 AM,1839,2,2,0,0,CLEAR,DRY,False,OTHER INTERSECTION COLLISIONS,REAR END,STRAIGHT & LEVEL,DAYLIGHT,,,9/5/2019 9:08:12 AM,False,5211,Accepted,
25586602,0568000,LOUISVILLE METRO POLICE DEPT,Accepted,JEFFERSON,,,FLOYD,ST,S,,HAHN,,,,,38.212065576,-85.755544828,3.004,9/3/2019 12:00:00 AM,0010,2,2,0,0,CLEAR,DRY,False,OTHER INTERSECTION COLLISIONS,REAR END,STRAIGHT & LEVEL,DARK-HWY LIGHTED/ON,,,9/3/2019 1:02:09 PM,False,7944,Accepted,
25586407,0568000,LOUISVILLE METRO POLICE DEPT,Accepted,JEFFERSON,US0031W,,MARKET,ST,W,,10TH,,,,,38.256371351,-85.766041589,21.268,9/3/2019 12:00:00 AM,0751,2,2,0,0,CLEAR,DRY,True,OTHER INTERSECTION COLLISIONS,REAR END,STRAIGHT & LEVEL,DAYLIGHT,,,9/3/2019 12:26:12 PM,False,7386,Accepted,
25586634,0568000,LOUISVILLE METRO POLICE DEPT,Accepted,JEFFERSON,,,6TH,ST,S,US0150,BROADWAY,,,,,38.246343443,-85.761756689,0.739,9/3/2019 12:00:00 AM,1036,2,2,0,1,CLEAR,DRY,False,OTHER INTERSECTION COLLISIONS,REAR END,STRAIGHT & LEVEL,DAYLIGHT,,,9/3/2019 1:14:11 PM,False,7386,Accepted,
25612714,0568000,LOUISVILLE METRO POLICE DEPT,Accepted,JEFFERSON,,,WOODLAND,AVE,,US0031W,22ND,,,,,38.232897014,-85.791338775,0.073,9/3/2019 12:00:00 AM,1431,1,1,0,0,CLEAR,DRY,False,OTHER INTERSECTION COLLISIONS,SINGLE VEHICLE,STRAIGHT & GRADE,DAYLIGHT,,,9/9/2019 9:35:44 AM,False,5032,Accepted,
25597219,0568000,LOUISVILLE METRO POLICE DEPT,Accepted,JEFFERSON,US0031W,,2ND,ST,S,KY1020,2ND,,,,,38.254871024,-85.753541011,22.035,9/3/2019 12:00:00 AM,1220,2,2,0,0,CLEAR,DRY,False,SIDESWIPE-SAME DIRECTION,SIDESWIPE-SAME DIRECTION,STRAIGHT & LEVEL,DAYLIGHT,,,9/5/2019 9:46:27 AM,False,2406,Accepted,
25596753,0568000,LOUISVILLE METRO POLICE DEPT,Accepted,JEFFERSON,KY1020,,2ND,ST,S,US0150,BROADWAY,,,,,38.245828911,-85.755043057,12.097,9/3/2019 12:00:00 AM,1304,2,2,0,0,CLEAR,DRY,False,SIDESWIPE-SAME DIRECTION,SIDESWIPE-SAME DIRECTION,STRAIGHT & LEVEL,DAYLIGHT,,,9/5/2019 8:44:45 AM,False,5187,Accepted,
25596873,0568000,LOUISVILLE METRO POLICE DEPT,Accepted,JEFFERSON,KY1747,,FERN VALLEY,RD,,,PARAMOUNT PARK,,,,,38.157105601,-85.712384974,1.085,9/3/2019 12:00:00 AM,1923,2,2,0,1,CLEAR,DRY,False,OTHER INTERSECTION COLLISIONS,REAR END,STRAIGHT & LEVEL,DAYLIGHT,,,9/5/2019 9:05:50 AM,False,7423,Accepted,
25596785,0568000,LOUISVILLE METRO POLICE DEPT,Accepted,JEFFERSON,US0031E,,BARDSTOWN,RD,,,FEGENBUSH,,,,,38.187412797,-85.638417383,9.462,9/3/2019 12:00:00 AM,1427,2,2,0,0,CLEAR,DRY,False,OTHER INTERSECTION COLLISIONS,REAR END,STRAIGHT & LEVEL,DAYLIGHT,,,9/5/2019 8:50:09 AM,False,7739,Accepted,
25596806,0568000,LOUISVILLE METRO POLICE DEPT,Accepted,JEFFERSON,KY0864,,POPLAR LEVEL,RD,,,GARDINER,,,,,38.192686185,-85.706006457,11.093,9/3/2019 12:00:00 AM,0853,2,2,0,0,CLEAR,DRY,False,OTHER INTERSECTION COLLISIONS,REAR END,STRAIGHT & LEVEL,DAYLIGHT,,,9/5/2019 8:53:14 AM,False,7451,Accepted,
25586596,0568000,LOUISVILLE METRO POLICE DEPT,Accepted,JEFFERSON,I 0064,,I64 W,,,I 0064,I64 W EXIT12 RAMP TO I264 E,,,,,38.234499559,-85.612486756,12.813,9/3/2019 12:00:00 AM,0930,2,2,0,0,CLEAR,DRY,False,OTHER INTERSECTION COLLISIONS,REAR END,STRAIGHT & LEVEL,DAYLIGHT,,,9/3/2019 1:00:30 PM,False,6406,Accepted,
25586630,0568000,LOUISVILLE METRO POLICE DEPT,Accepted,JEFFERSON,KY2048,,CANNONS,LN,,KY2048,DUTCHMANS,,,,,38.225995009,-85.650641468,0.492,9/3/2019 12:00:00 AM,0949,2,2,0,0,CLEAR,DRY,False,OTHER INTERSECTION COLLISIONS,REAR END,STRAIGHT & LEVEL,DAYLIGHT,,,9/3/2019 1:13:35 PM,False,2278,Accepted,
25586631,0568000,LOUISVILLE METRO POLICE DEPT,Accepted,JEFFERSON,,,KENTUCKY,ST,E,,BROOK,,,,,38.238242295,-85.753189170,0.081,9/3/2019 12:00:00 AM,1132,2,2,0,0,CLEAR,DRY,False,OTHER INTERSECTION COLLISIONS,REAR END,STRAIGHT & LEVEL,DAYLIGHT,,,9/3/2019 1:13:49 PM,False,7391,Accepted,
25953704,0568000,LOUISVILLE METRO POLICE DEPT,Accepted,JEFFERSON,,,PHILLIPS,LN,,,FREEDOM,,,,,38.193830339,-85.739184018,0.769,9/3/2019 12:00:00 AM,1300,2,2,0,0,CLEAR,DRY,False,OTHER INTERSECTION COLLISIONS,REAR END,STRAIGHT & LEVEL,DAYLIGHT,,,11/21/2019 8:41:40 AM,False,7398,Accepted,
25596890,0568000,LOUISVILLE METRO POLICE DEPT,Accepted,JEFFERSON,I 0064,,I64 E,,,,,I 0064,I64 W EXIT1B RAMP TO I64 E,I 0064,I64 E EXIT3 OFF RAMP TO US31W,38.271548716,-85.783662100,2.595,9/3/2019 12:00:00 AM,1934,3,3,0,0,CLEAR,DRY,False,OCCUPANT FELL FROM MOVING VEHICLE,HEAD ON,CURVE & LEVEL,DAYLIGHT,,,9/5/2019 9:09:46 AM,False,5251,Accepted,
25596891,0568000,LOUISVILLE METRO POLICE DEPT,Accepted,JEFFERSON,,2232,MAGAZINE,ST,,,,,23RD,US0031W,22ND,38.251008699,-85.788804110,1.188,9/3/2019 12:00:00 AM,2104,2,2,0,0,CLEAR,DRY,True,1 VEHICLE PARKED POSITION (NOT PARKING LOT/DRIVEWAY),SIDESWIPE-SAME DIRECTION,STRAIGHT & LEVEL,DARK-HWY LIGHTED/ON,,,9/5/2019 9:10:05 AM,False,5251,Accepted,
25596897,0568000,LOUISVILLE METRO POLICE DEPT,Accepted,JEFFERSON,,1311,LARCHMONT,AVE,,,,,,,,38.209672174,-85.780260594,0.329,9/3/2019 12:00:00 AM,1850,2,2,0,0,CLEAR,DRY,True,1 VEHICLE PARKED POSITION (NOT PARKING LOT/DRIVEWAY),SIDESWIPE-OPPOSITE DIRECTION,,DARK-HWY LIGHTED/OFF,,,9/5/2019 9:12:01 AM,False,7468,Accepted,
25633594,0568000,LOUISVILLE METRO POLICE DEPT,Accepted,JEFFERSON,,,BALLARD,CT,,,,,,,,38.251807354,-85.744432864,0.001,9/3/2019 12:00:00 AM,1650,2,2,0,0,CLEAR,DRY,False,1 VEHICLE PARKED POSITION (NOT PARKING LOT/DRIVEWAY),SIDESWIPE-SAME DIRECTION,STRAIGHT & GRADE,DAYLIGHT,,,9/13/2019 8:21:24 AM,False,2661,Accepted,
25612836,0568000,LOUISVILLE METRO POLICE DEPT,Accepted,JEFFERSON,I 0265,,I265 E,,,,,,,,,38.198464795,-85.507797769,23.800,9/3/2019 12:00:00 AM,1716,2,2,0,0,CLEAR,DRY,False,REAR END IN TRAFFIC LANES BOTH VEHICLES MOVING,REAR END,STRAIGHT & LEVEL,DAYLIGHT,,,9/9/2019 9:51:40 AM,False,2142,Accepted,
25613883,0568000,LOUISVILLE METRO POLICE DEPT,Accepted,JEFFERSON,I 0265,,I265 E,,,,,,,,,38.110966342,-85.686589006,11.102,9/3/2019 12:00:00 AM,1631,2,1,0,0,CLEAR,DRY,False,REAR END IN TRAFFIC LANES BOTH VEHICLES MOVING,REAR END,STRAIGHT & GRADE,DAYLIGHT,,,9/9/2019 11:55:59 AM,True,8278,Accepted,
25613342,0568000,LOUISVILLE METRO POLICE DEPT,Accepted,JEFFERSON,,1337,CYPRESS,ST,,,,,,,,38.235181079,-85.797930591,0.186,9/3/2019 12:00:00 AM,1901,2,2,0,0,CLEAR,DRY,True,1 VEHICLE PARKED POSITION (NOT PARKING LOT/DRIVEWAY),REAR END,STRAIGHT & LEVEL,DAYLIGHT,,,9/9/2019 10:38:00 AM,False,5179,Accepted,
25596869,0568000,LOUISVILLE METRO POLICE DEPT,Accepted,JEFFERSON,KY1865,,TAYLOR,BLVD,,,,I 0264,I264 E EXIT9 OFF RAMP TO KY1865 S,,MANITAU,38.185554277,-85.784014662,5.454,9/3/2019 12:00:00 AM,1309,2,2,0,0,CLEAR,DRY,False,HEAD-ON COLLISION,HEAD ON,STRAIGHT & LEVEL,DAYLIGHT,,,9/5/2019 9:04:24 AM,False,7183,Accepted,
25596841,0568000,LOUISVILLE METRO POLICE DEPT,Accepted,JEFFERSON,I 0264,,I264 E,,,,,,,,,38.190575603,-85.723704145,12.400,9/3/2019 12:00:00 AM,1734,2,2,0,2,CLEAR,DRY,False,SIDESWIPE COLLISION - SAME DIRECTION,SIDESWIPE-SAME DIRECTION,STRAIGHT & LEVEL,DAYLIGHT,,,9/5/2019 8:58:38 AM,False,2217,Accepted,
25596823,0568000,LOUISVILLE METRO POLICE DEPT,Accepted,JEFFERSON,,,24TH,ST,N,,,,,,,38.269908079,-85.787234654,0.687,9/3/2019 12:00:00 AM,1704,2,2,0,0,CLEAR,DRY,False,SIDESWIPE COLLISION - SAME DIRECTION,SIDESWIPE-SAME DIRECTION,STRAIGHT & LEVEL,DAYLIGHT,,,9/5/2019 8:56:18 AM,False,7288,Accepted,
25596849,0568000,LOUISVILLE METRO POLICE DEPT,Accepted,JEFFERSON,I 0265,,I265 E,,,,,,,,,38.112086101,-85.669513798,11.968,9/3/2019 12:00:00 AM,1830,4,4,0,1,CLEAR,DRY,True,SIDESWIPE COLLISION - SAME DIRECTION,SIDESWIPE-SAME DIRECTION,STRAIGHT & LEVEL,DAYLIGHT,,,9/5/2019 9:00:48 AM,False,7486,Accepted,
25586026,0568000,LOUISVILLE METRO POLICE DEPT,Accepted,JEFFERSON,I 0064,,I64 W,,,,,I 0064,I64 W EXIT7 OFF RAMP TO  MELLWOOD AVE,I 0064,I64 TURN AROUND7,38.252269613,-85.717632394,6.803,9/3/2019 12:00:00 AM,0237,1,1,0,0,CLEAR,DRY,True,OTHER COLLISIONS ON SHOULDER,SINGLE VEHICLE,CURVE & LEVEL,DARK-HWY LIGHTED/ON,,,9/3/2019 11:33:38 AM,False,7049,Accepted,
25596884,0568000,LOUISVILLE METRO POLICE DEPT,Accepted,JEFFERSON,I 0264,,I264 E,,,,,,,,,38.190012606,-85.733106904,11.885,9/3/2019 12:00:00 AM,1829,2,2,0,1,CLEAR,DRY,False,REAR END IN TRAFFIC LANES BOTH VEHICLES MOVING,REAR END,STRAIGHT & LEVEL,DAYLIGHT,,,9/5/2019 9:08:40 AM,False,7243,Accepted,
25596765,0568000,LOUISVILLE METRO POLICE DEPT,Accepted,JEFFERSON,,,BISHOP,LN,,,,,RADIO,,EASTMOOR,38.196455293,-85.686524255,1.165,9/3/2019 12:00:00 AM,0848,2,2,0,0,CLEAR,DRY,False,REAR END IN TRAFFIC LANES BOTH VEHICLES MOVING,REAR END,STRAIGHT & LEVEL,DAYLIGHT,,,9/5/2019 8:47:28 AM,False,7830,Accepted,
25596810,0568000,LOUISVILLE METRO POLICE DEPT,Accepted,JEFFERSON,KY1065,,BEULAH CHURCH,RD,,,,,,,,38.143460652,-85.597126038,11.083,9/3/2019 12:00:00 AM,1514,2,2,0,0,CLEAR,DRY,False,REAR END IN TRAFFIC LANES BOTH VEHICLES MOVING,REAR END,STRAIGHT & LEVEL,DAYLIGHT,,,9/5/2019 8:54:01 AM,False,4693,Accepted,
25596815,0568000,LOUISVILLE METRO POLICE DEPT,Accepted,JEFFERSON,I 0265,,I265 E,,,,,,,,,38.110882781,-85.686195837,11.124,9/3/2019 12:00:00 AM,1631,2,2,0,0,CLEAR,DRY,False,REAR END IN TRAFFIC LANES BOTH VEHICLES MOVING,REAR END,STRAIGHT & GRADE,DAYLIGHT,,,9/5/2019 8:54:51 AM,False,8278,Accepted,
25596816,0568000,LOUISVILLE METRO POLICE DEPT,Accepted,JEFFERSON,,,NELSON MILLER,PKWY,,,,,,,,38.280786225,-85.515696413,0.004,9/3/2019 12:00:00 AM,1720,2,2,0,0,CLEAR,DRY,False,REAR END IN TRAFFIC LANES BOTH VEHICLES MOVING,REAR END,STRAIGHT & LEVEL,DAYLIGHT,,,9/5/2019 8:55:10 AM,False,2218,Accepted,
25596817,0568000,LOUISVILLE METRO POLICE DEPT,Accepted,JEFFERSON,KY0907,,VALLEY STATION,RD,,,,,,,,38.106835654,-85.842356739,1.387,9/3/2019 12:00:00 AM,1139,2,2,0,0,CLEAR,DRY,False,REAR END IN TRAFFIC LANES BOTH VEHICLES MOVING,REAR END,STRAIGHT & LEVEL,DAYLIGHT,,,9/5/2019 8:55:28 AM,False,7234,Accepted,
25596811,0568000,LOUISVILLE METRO POLICE DEPT,Accepted,JEFFERSON,KY1065,,OUTER,LOOP,,,,,,,,38.138009487,-85.673733955,6.759,9/3/2019 12:00:00 AM,1653,2,2,0,1,CLEAR,DRY,False,REAR END IN TRAFFIC LANES BOTH VEHICLES MOVING,REAR END,STRAIGHT & LEVEL,DAYLIGHT,,,9/5/2019 8:54:17 AM,False,4693,Accepted,
25597220,0568000,LOUISVILLE METRO POLICE DEPT,Accepted,JEFFERSON,KY3084,,OLD HENRY,RD,,,,,,,,38.272392991,-85.494512688,1.545,9/3/2019 12:00:00 AM,1719,3,3,0,1,CLEAR,DRY,False,REAR END IN TRAFFIC LANES BOTH VEHICLES MOVING,REAR END,STRAIGHT & LEVEL,DAYLIGHT,,,9/5/2019 9:46:39 AM,False,7802,Accepted,
25596754,0568000,LOUISVILLE METRO POLICE DEPT,Accepted,JEFFERSON,KY2801,,SOUTHERN HEIGHTS,AVE,W,,,,3RD,KY1020,SOUTHERN,38.189183269,-85.765393588,0.062,9/3/2019 12:00:00 AM,1107,2,2,0,0,CLOUDY,DRY,False,SIDESWIPE COLLISION - SAME DIRECTION,SIDESWIPE-SAME DIRECTION,STRAIGHT & LEVEL,DAYLIGHT,,,9/5/2019 8:45:01 AM,False,7204,Accepted,
25597214,0568000,LOUISVILLE METRO POLICE DEPT,Accepted,JEFFERSON,KY1703,,NEWBURG,RD,,,,,,,,38.200921141,-85.685962104,2.106,9/3/2019 12:00:00 AM,1255,2,2,0,0,CLEAR,DRY,False,SIDESWIPE COLLISION - SAME DIRECTION,SIDESWIPE-SAME DIRECTION,CURVE & LEVEL,DAYLIGHT,,,9/5/2019 9:45:48 AM,False,7673,Accepted,
25596814,0568000,LOUISVILLE METRO POLICE DEPT,Accepted,JEFFERSON,,,GRAY,ST,E,,,KY0061,JACKSON,,HANCOCK,38.246179576,-85.744463887,0.363,9/3/2019 12:00:00 AM,1540,2,2,0,0,CLEAR,DRY,True,SIDESWIPE COLLISION - SAME DIRECTION,SIDESWIPE-SAME DIRECTION,STRAIGHT & LEVEL,DAYLIGHT,,,9/5/2019 8:54:29 AM,False,2278,Accepted,
25606454,0566900,LOUISVILLE AIRPORT POLICE,Accepted,JEFFERSON,,,TERMINAL,DR,,,,,,,,38.188893625,-85.743601590,0.688,9/3/2019 12:00:00 AM,1721,2,2,0,0,CLEAR,DRY,False,SIDESWIPE COLLISION - SAME DIRECTION,SIDESWIPE-SAME DIRECTION,CURVE & LEVEL,DAYLIGHT,,,9/7/2019 7:24:45 AM,False,5752,Accepted,
25596843,0568000,LOUISVILLE METRO POLICE DEPT,Accepted,JEFFERSON,KY0864,,BEULAH CHURCH,RD,,,,KY0864,FEGENBUSH,,DELCOUR,38.135227298,-85.613643932,4.087,9/3/2019 12:00:00 AM,1500,2,2,0,0,CLEAR,DRY,False,1 VEHICLE ENTERING/LEAVING ENTRANCE,ANGLE,STRAIGHT & HILLCREST,DAYLIGHT,,,9/5/2019 8:59:00 AM,False,7289,Accepted,
25586591,0568000,LOUISVILLE METRO POLICE DEPT,Accepted,JEFFERSON,,,MAGAZINE,ST,,,,,,,,38.251353389,-85.792596662,1.356,9/3/2019 12:00:00 AM,0848,2,2,0,0,CLEAR,DRY,False,SIDESWIPE COLLISION - OPPOSITE DIRECTION,SIDESWIPE-OPPOSITE DIRECTION,STRAIGHT & LEVEL,DAYLIGHT,,,9/3/2019 1:00:16 PM,False,7988,Accepted,
25596863,0568000,LOUISVILLE METRO POLICE DEPT,Accepted,JEFFERSON,KY1934,,CANE RUN,RD,,,,,TRAPPERS,,FARNSLEY,38.203439204,-85.831833627,9.596,9/3/2019 12:00:00 AM,1658,2,2,0,0,CLEAR,DRY,False,1 VEHICLE ENTERING/LEAVING ENTRANCE,ANGLE,STRAIGHT & LEVEL,DAYLIGHT,,,9/5/2019 9:03:39 AM,False,7381,Accepted,
25596880,0568000,LOUISVILLE METRO POLICE DEPT,Accepted,JEFFERSON,KY0864,949,GOSS,AVE,,,,,,,,38.229309584,-85.738755148,14.307,9/3/2019 12:00:00 AM,0842,2,2,0,0,CLEAR,DRY,False,1 VEHICLE ENTERING/LEAVING ENTRANCE,ANGLE,STRAIGHT & LEVEL,DAYLIGHT,,,9/5/2019 9:07:37 AM,False,5183,Accepted,
25612925,0568000,LOUISVILLE METRO POLICE DEPT,Accepted,JEFFERSON,,,AUDUBON PLAZA,DR,,,,,ILLINOIS,KY0864,POPLAR LEVEL,38.213963186,-85.719790437,0.184,9/3/2019 12:00:00 AM,1624,2,2,0,0,CLEAR,DRY,False,1 VEHICLE ENTERING/LEAVING ENTRANCE,ANGLE,STRAIGHT & HILLCREST,DAYLIGHT,,,9/9/2019 10:04:28 AM,False,7938,Accepted,
25596782,0568000,LOUISVILLE METRO POLICE DEPT,Accepted,JEFFERSON,,4300B,FEGENBUSH,LN,,,,,,,,38.186049429,-85.638106639,0.083,9/3/2019 12:00:00 AM,0854,2,2,0,2,CLEAR,DRY,False,OTHER ROADWAY OR MID-BLOCK COLLISION,OPPOSING LEFT TURN,STRAIGHT & LEVEL,DAYLIGHT,,,9/5/2019 8:49:58 AM,False,7739,Accepted,
25586531,0568000,LOUISVILLE METRO POLICE DEPT,Accepted,JEFFERSON,,130,SPRING,ST,N,,,,,,,38.255261780,-85.722086924,0.213,9/3/2019 12:00:00 AM,0907,2,2,0,0,CLEAR,DRY,False,VEHICLE BACKING NON INTERSECTION,BACKING,STRAIGHT & LEVEL,DAYLIGHT,,,9/3/2019 12:53:15 PM,False,7216,Accepted,
25624182,0568000,LOUISVILLE METRO POLICE DEPT,Accepted,JEFFERSON,US0031E,2000,BARDSTOWN,RD,,,,,,,,38.225468343,-85.695948763,13.766,9/3/2019 12:00:00 AM,1322,2,2,0,0,CLEAR,DRY,False,OTHER ROADWAY OR MID-BLOCK COLLISION,REAR END,STRAIGHT & LEVEL,DAYLIGHT,,,9/11/2019 12:39:52 PM,False,5205,Accepted,
25596831,0568000,LOUISVILLE METRO POLICE DEPT,Accepted,JEFFERSON,KY1450,9000B,BLUE LICK,RD,,,,,,,,38.117248292,-85.689475195,2.237,9/3/2019 12:00:00 AM,1612,2,2,0,0,CLEAR,DRY,False,OTHER ROADWAY OR MID-BLOCK COLLISION,OPPOSING LEFT TURN,STRAIGHT & LEVEL,DAYLIGHT,,,9/5/2019 8:57:09 AM,False,7669,Accepted,
25596808,0568000,LOUISVILLE METRO POLICE DEPT,Accepted,JEFFERSON,KY1065,,OUTER,LOOP,,,,,,,,38.137531128,-85.672162988,6.741,9/3/2019 12:00:00 AM,1009,2,2,0,0,CLEAR,DRY,False,COLLISION IN PARKING LOT,REAR END,STRAIGHT & LEVEL,DAYLIGHT,,,9/5/2019 8:53:33 AM,False,4693,Accepted,
25596983,0568000,LOUISVILLE METRO POLICE DEPT,Accepted,JEFFERSON,I 0064,,,,,,,,,,,38.239892948,-85.621466130,0.594,9/3/2019 12:00:00 AM,0703,2,2,0,0,CLEAR,DRY,False,OTHER RAMP RELATED COLLISIONS NOT LISTED ABOVE,REAR END,CURVE & GRADE,DAYLIGHT,I 0064,I 0264,9/5/2019 9:19:02 AM,False,7720,Accepted,
25596886,0568000,LOUISVILLE METRO POLICE DEPT,Accepted,JEFFERSON,I 0065,,,,,,,,,,,38.152553555,-85.714666065,0.116,9/3/2019 12:00:00 AM,2056,3,3,0,1,CLEAR,DRY,False,OTHER RAMP RELATED COLLISIONS NOT LISTED ABOVE,REAR END,STRAIGHT & LEVEL,DARK-HWY LIGHTED/ON,I 0065,KY1631,9/5/2019 9:08:55 AM,False,7243,Accepted,
25586031,0568000,LOUISVILLE METRO POLICE DEPT,Accepted,JEFFERSON,I 0071,,,,,,,,,,,38.317234059,-85.576787997,0.037,9/3/2019 12:00:00 AM,0656,1,1,0,0,CLEAR,DRY,False,OTHER RAMP RELATED COLLISIONS NOT LISTED ABOVE,SINGLE VEHICLE,CURVE & LEVEL,DAYLIGHT,I 0071,KY0841,9/3/2019 11:34:18 AM,False,4903,Accepted,
25586534,0568000,LOUISVILLE METRO POLICE DEPT,Accepted,JEFFERSON,I 0064,,,,,,,,,,,38.234603415,-85.657717964,0.275,9/3/2019 12:00:00 AM,0924,2,2,0,0,CLEAR,DRY,True,OTHER RAMP RELATED COLLISIONS NOT LISTED ABOVE,REAR END,STRAIGHT & HILLCREST,DAYLIGHT,I 0064,KY2048,9/3/2019 12:53:44 PM,False,4903,Accepted,