IncidentID,AgencyORI,AgencyName,IncidentStatusDesc,County,RdwyNumber,Street,RoadwayName,StreetSfx,StreetDir,IntersectionRdwy,IntersectionRdwyName,BetweenStRdwy1,BetweenStRdwyName1,BetweenStRdwy2,BetweenStRdwyName2,Latitude,Longitude,Milepoint,CollisionDate,CollisionTime,UnitsInvolved,MotorVehiclesInvolved,NumberKilled,NumberInjured,Weather,RdwyConditionCode,HitandRun,DirAnalysisCode,MannerofCollision,RdwyCharacter,LightCondition,RampFromRdwyId,RampToRdwyId,AcceptedDate,IsSecondaryCollision,OwnerBadge,IncidentStatus,
25585654,0568000,LOUISVILLE METRO POLICE DEPT,Accepted,JEFFERSON,KY1065,4801,OUTER,LOOP,,,,,,,,38.137915971,-85.670899830,6.922,8/31/2019 12:00:00 AM,1705,2,2,0,0,CLOUDY,DRY,False,REAR END IN TRAFFIC LANES BOTH VEHICLES MOVING,REAR END,STRAIGHT & LEVEL,DAYLIGHT,,,9/3/2019 11:03:51 AM,False,2583,Accepted,
25585534,0568000,LOUISVILLE METRO POLICE DEPT,Accepted,JEFFERSON,I 0264,,I264 E,,,,,I 0264,I264 E EXIT14 ON RAMP FROM KY864,I 0264,I264 E EXIT14 ON RAMP FROM KY864,38.200672015,-85.695610871,14.128,8/31/2019 12:00:00 AM,1244,2,2,0,0,CLEAR,DRY,False,REAR END IN TRAFFIC LANES BOTH VEHICLES MOVING,REAR END,STRAIGHT & LEVEL,DAYLIGHT,,,9/3/2019 10:56:31 AM,False,7250,Accepted,
25585579,0568000,LOUISVILLE METRO POLICE DEPT,Accepted,JEFFERSON,I 0265,,I265 E,,,,,,,,,38.195446061,-85.508174169,23.591,8/31/2019 12:00:00 AM,0644,2,2,0,0,CLEAR,DRY,True,REAR END IN TRAFFIC LANES BOTH VEHICLES MOVING,REAR END,STRAIGHT & LEVEL,DAYLIGHT,,,9/3/2019 10:58:59 AM,False,5169,Accepted,
25585123,0568000,LOUISVILLE METRO POLICE DEPT,Accepted,JEFFERSON,,,WATTERSON,TRL,S,,,,FERN,,FAIR,38.159715939,-85.613935807,1.740,8/31/2019 12:00:00 AM,0159,1,1,0,0,CLEAR,DRY,True,OTHER COLLISIONS ON SHOULDER,SINGLE VEHICLE,,DARK-HWY LIGHTED/ON,,,9/3/2019 10:14:22 AM,False,7120,Accepted,
25585640,0568000,LOUISVILLE METRO POLICE DEPT,Accepted,JEFFERSON,,,6TH,ST,S,,,,OAK,,BERTRAND,38.236824577,-85.763400011,1.404,8/31/2019 12:00:00 AM,1607,2,2,0,0,CLEAR,DRY,False,1 VEHICLE PARKED POSITION (NOT PARKING LOT/DRIVEWAY),SIDESWIPE-SAME DIRECTION,STRAIGHT & LEVEL,DAYLIGHT,,,9/3/2019 11:03:15 AM,False,7619,Accepted,
25585589,0568000,LOUISVILLE METRO POLICE DEPT,Accepted,JEFFERSON,,5708,SPICEWOOD,LN,,,,,,,,38.167609214,-85.692611991,0.287,8/31/2019 12:00:00 AM,2147,2,2,0,0,CLEAR,DRY,False,1 VEHICLE PARKED POSITION (NOT PARKING LOT/DRIVEWAY),BACKING,STRAIGHT & LEVEL,DARK-HWY NOT LIGHTED,,,9/3/2019 11:00:24 AM,False,7276,Accepted,
25585590,0568000,LOUISVILLE METRO POLICE DEPT,Accepted,JEFFERSON,,340,CHESTNUT,ST,W,,,,,,,38.248841274,-85.757168453,2.403,8/31/2019 12:00:00 AM,2255,2,2,0,0,CLEAR,DRY,False,1 VEHICLE PARKED POSITION (NOT PARKING LOT/DRIVEWAY),SIDESWIPE-SAME DIRECTION,STRAIGHT & LEVEL,DARK-HWY LIGHTED/ON,,,9/3/2019 11:00:30 AM,False,5216,Accepted,
25585453,0568000,LOUISVILLE METRO POLICE DEPT,Accepted,JEFFERSON,KY3064,3512,NORTHWESTERN,PKWY,,,,,,,,38.274663684,-85.805073134,1.334,8/31/2019 12:00:00 AM,1100,2,2,0,0,CLEAR,DRY,True,1 VEHICLE PARKED POSITION (NOT PARKING LOT/DRIVEWAY),SIDESWIPE-SAME DIRECTION,STRAIGHT & LEVEL,DARK-HWY NOT LIGHTED,,,9/3/2019 10:52:20 AM,False,7292,Accepted,
25585134,0568000,LOUISVILLE METRO POLICE DEPT,Accepted,JEFFERSON,,,WILSON,AVE,,,,US0031W,22ND,,TEMPLE,38.234983961,-85.790976080,0.871,8/31/2019 12:00:00 AM,0237,3,3,0,0,CLEAR,DRY,False,1 VEHICLE PARKED POSITION (NOT PARKING LOT/DRIVEWAY),REAR END,STRAIGHT & LEVEL,DARK-HWY NOT LIGHTED,,,9/3/2019 10:16:05 AM,False,5229,Accepted,
25585127,0568000,LOUISVILLE METRO POLICE DEPT,Accepted,JEFFERSON,,11213,SEATONVILLE,RD,,,,,HEAVENS ESTATES,,BRENTLINGER,38.140300963,-85.553667962,1.615,8/31/2019 12:00:00 AM,0323,1,1,0,0,CLEAR,DRY,False,COLLISION WITH FIXED OBJECT NON - INTERSECTION - FIRST EVENT COLLISION 09 - 32 EXCLUDING 16,SINGLE VEHICLE,STRAIGHT & LEVEL,DARK-HWY NOT LIGHTED,,,9/3/2019 10:14:49 AM,False,7828,Accepted,
25585447,0568000,LOUISVILLE METRO POLICE DEPT,Accepted,JEFFERSON,I 0265,14,I265 W,,,,,,,,,38.118879181,-85.637846506,13.809,8/31/2019 12:00:00 AM,1610,1,1,0,0,CLEAR,DRY,False,COLLISION WITH NON-FIXED OBJECT ,SINGLE VEHICLE,STRAIGHT & LEVEL,DAYLIGHT,,,9/3/2019 10:52:05 AM,False,7799,Accepted,
25585547,0568000,LOUISVILLE METRO POLICE DEPT,Accepted,JEFFERSON,,,DORSEY,LN,,,,,,,,38.249887932,-85.561481388,0.368,8/31/2019 12:00:00 AM,1824,1,1,0,0,CLEAR,DRY,False,COLLISION WITH FIXED OBJECT NON - INTERSECTION - FIRST EVENT COLLISION 09 - 32 EXCLUDING 16,SINGLE VEHICLE,STRAIGHT & GRADE,DAYLIGHT,,,9/3/2019 10:57:17 AM,False,6532,Accepted,
25585444,0568000,LOUISVILLE METRO POLICE DEPT,Accepted,JEFFERSON,I 0265,,I265 W,,,,,,,,,38.117254441,-85.650505696,13.154,8/31/2019 12:00:00 AM,1613,1,1,0,0,CLEAR,DRY,False,RAN OFF ROADWAY (1 VEHICLE WITH/EARTH EMBANKMENT/DITCH),SINGLE VEHICLE,STRAIGHT & LEVEL,DAYLIGHT,,,9/3/2019 10:51:43 AM,False,7989,Accepted,
25585510,0568000,LOUISVILLE METRO POLICE DEPT,Accepted,JEFFERSON,KY1020,10004,NATIONAL,TPKE,,,,,,,,38.105984289,-85.742125675,2.119,8/31/2019 12:00:00 AM,1600,1,1,0,0,CLEAR,DRY,False,RAN OFF ROADWAY (1 VEHICLE WITH/EARTH EMBANKMENT/DITCH),SINGLE VEHICLE,STRAIGHT & LEVEL,DAYLIGHT,,,9/3/2019 10:55:01 AM,False,7263,Accepted,
25585454,0568000,LOUISVILLE METRO POLICE DEPT,Accepted,JEFFERSON,KY1020,,2ND,ST,S,,,,MUHAMMAD ALI,,LIBERTY,38.252477296,-85.753882790,12.557,8/31/2019 12:00:00 AM,1459,3,3,0,1,CLEAR,DRY,False,1 VEHICLE ENTERING OR LEAVING PARKED POSITION (NOT PARKING LOT),REAR END,STRAIGHT & LEVEL,DAYLIGHT,,,9/3/2019 10:52:29 AM,False,2854,Accepted,
25585676,0568000,LOUISVILLE METRO POLICE DEPT,Accepted,JEFFERSON,,,JEFFERSON,BLVD,,,MCCAWLEY,,,,,38.143739470,-85.674755136,0.402,8/31/2019 12:00:00 AM,1420,2,2,0,0,CLOUDY,DRY,True,OTHER INTERSECTION COLLISIONS,REAR END,STRAIGHT & LEVEL,DAYLIGHT,,,9/3/2019 11:06:26 AM,False,2583,Accepted,
25585445,0568000,LOUISVILLE METRO POLICE DEPT,Accepted,JEFFERSON,KY1727,,TERRY,RD,,KY1931,GREENWOOD,,,,,38.144847693,-85.871846334,1.585,8/31/2019 12:00:00 AM,1628,2,2,0,0,CLEAR,DRY,False,OTHER INTERSECTION COLLISIONS,REAR END,STRAIGHT & LEVEL,DAYLIGHT,,,9/3/2019 10:51:48 AM,False,7058,Accepted,
25585400,0568000,LOUISVILLE METRO POLICE DEPT,Accepted,JEFFERSON,,,LINCOLN,AVE,,KY1931,7TH ST,,,,,38.218472980,-85.779082293,0.723,8/31/2019 12:00:00 AM,1200,2,2,0,0,CLEAR,DRY,False,OTHER INTERSECTION COLLISIONS,REAR END,STRAIGHT & LEVEL,DAYLIGHT,,,9/3/2019 10:48:32 AM,False,7168,Accepted,
25585403,0568000,LOUISVILLE METRO POLICE DEPT,Accepted,JEFFERSON,US0031W,,DIXIE,HWY,,,CRAWFORD,,,,,38.149844374,-85.837155424,12.065,8/31/2019 12:00:00 AM,1148,2,2,0,1,CLEAR,DRY,False,OTHER INTERSECTION COLLISIONS,REAR END,STRAIGHT & LEVEL,DAYLIGHT,,,9/3/2019 10:48:43 AM,False,7224,Accepted,
25585437,0568000,LOUISVILLE METRO POLICE DEPT,Accepted,JEFFERSON,US0031E,,BARDSTOWN,RD,,,GOLDSMITH,,,,,38.208500751,-85.668925997,11.773,8/31/2019 12:00:00 AM,1241,3,3,0,0,CLEAR,DRY,False,OTHER INTERSECTION COLLISIONS,REAR END,STRAIGHT & LEVEL,DAYLIGHT,,,9/3/2019 10:50:31 AM,False,7864,Accepted,
25585838,0568000,LOUISVILLE METRO POLICE DEPT,Accepted,JEFFERSON,US0031W,,DIXIE,HWY,,,JOHNSONTOWN,,,,,38.121250878,-85.855638205,9.745,8/31/2019 12:00:00 AM,0015,2,2,0,2,CLEAR,DRY,False,OTHER INTERSECTION COLLISIONS,REAR END,STRAIGHT & LEVEL,DARK-HWY LIGHTED/ON,,,9/3/2019 11:16:21 AM,False,7160,Accepted,
25585493,0568000,LOUISVILLE METRO POLICE DEPT,Accepted,JEFFERSON,US0031E,,BARDSTOWN,RD,,,WINSTON,,,,,38.219203292,-85.679229282,12.730,8/31/2019 12:00:00 AM,0905,2,2,0,1,CLEAR,DRY,False,OTHER INTERSECTION COLLISIONS,REAR END,STRAIGHT & LEVEL,DAYLIGHT,,,9/3/2019 10:53:10 AM,False,6813,Accepted,
25585523,0568000,LOUISVILLE METRO POLICE DEPT,Accepted,JEFFERSON,KY0155,,TAYLORSVILLE,RD,,KY1932,BRECKENRIDGE,,,,,38.220077733,-85.630417694,13.590,8/31/2019 12:00:00 AM,1602,2,2,0,0,CLEAR,DRY,False,OTHER INTERSECTION COLLISIONS,REAR END,STRAIGHT & LEVEL,DAYLIGHT,,,9/3/2019 10:56:17 AM,False,7864,Accepted,
25585560,0568000,LOUISVILLE METRO POLICE DEPT,Accepted,JEFFERSON,US0031W,6600,DIXIE,HWY,,,LOWER HUNTERS,,,,,38.155570531,-85.834718526,12.405,8/31/2019 12:00:00 AM,1723,2,2,0,0,CLEAR,DRY,False,SIDESWIPE-SAME DIRECTION,SIDESWIPE-SAME DIRECTION,STRAIGHT & LEVEL,DAYLIGHT,,,9/3/2019 10:57:52 AM,False,7485,Accepted,
25585434,0568000,LOUISVILLE METRO POLICE DEPT,Accepted,JEFFERSON,US0060,,FRANKFORT,AVE,,,EWING,,,,,38.253720114,-85.700089149,1.108,8/31/2019 12:00:00 AM,1358,2,2,0,0,CLEAR,DRY,False,SIDESWIPE-SAME DIRECTION,SIDESWIPE-SAME DIRECTION,STRAIGHT & LEVEL,DAYLIGHT,,,9/3/2019 10:50:09 AM,False,7128,Accepted,
25585572,0568000,LOUISVILLE METRO POLICE DEPT,Accepted,JEFFERSON,KY0061,,PRESTON,ST,S,US0031E,MARKET,,,,,38.254094936,-85.746106400,12.868,8/31/2019 12:00:00 AM,2115,2,2,0,0,CLEAR,DRY,False,SIDESWIPE-SAME DIRECTION,SIDESWIPE-SAME DIRECTION,STRAIGHT & LEVEL,DARK-HWY LIGHTED/ON,,,9/3/2019 10:58:48 AM,False,7790,Accepted,
25585146,0568000,LOUISVILLE METRO POLICE DEPT,Accepted,JEFFERSON,I 0264,,I264 W,,,I 0065,I264 W EXIT12 OFF RAMP TO,,,,,38.191108197,-85.718370393,12.703,8/31/2019 12:00:00 AM,0316,2,2,0,1,CLEAR,DRY,True,SIDESWIPE-SAME DIRECTION,SIDESWIPE-SAME DIRECTION,,DARK-HWY LIGHTED/ON,,,9/3/2019 10:16:51 AM,False,5052,Accepted,
25597142,0568000,LOUISVILLE METRO POLICE DEPT,Accepted,JEFFERSON,KY0155,,TAYLORSVILLE,RD,,,YORKSHIRE,,,,,38.220080133,-85.628088408,13.436,8/31/2019 12:00:00 AM,2157,2,2,0,0,CLOUDY,DRY,True,SIDESWIPE-SAME DIRECTION,SIDESWIPE-SAME DIRECTION,,DARK-HWY LIGHTED/ON,,,9/5/2019 9:33:28 AM,False,7200,Accepted,
25585457,0568000,LOUISVILLE METRO POLICE DEPT,Accepted,JEFFERSON,,,OLD FERN VALLEY,RD,,KY1747,FERN VALLEY,,,,,38.157432868,-85.686415439,0.621,8/31/2019 12:00:00 AM,1445,2,2,0,0,CLEAR,DRY,False,OTHER INTERSECTION COLLISIONS,REAR END,STRAIGHT & LEVEL,DAYLIGHT,,,9/3/2019 10:52:57 AM,False,7442,Accepted,
25613891,0568000,LOUISVILLE METRO POLICE DEPT,Accepted,JEFFERSON,KY1931,,MANSLICK,RD,,,ELDERWOOD,,,,,38.194200752,-85.800727086,8.285,8/31/2019 12:00:00 AM,1700,2,1,0,0,CLEAR,DRY,False,SIDESWIPE-SAME DIRECTION,SIDESWIPE-SAME DIRECTION,CURVE & LEVEL,DAYLIGHT,,,9/9/2019 11:58:38 AM,False,7168,Accepted,
25585499,0568000,LOUISVILLE METRO POLICE DEPT,Accepted,JEFFERSON,US0031E,,BARDSTOWN,RD,,,DOUGLASS,,,,,38.224570399,-85.693943108,13.643,8/31/2019 12:00:00 AM,1706,2,2,0,2,CLOUDY,DRY,False,OPPOSING LEFT TURN,OPPOSING LEFT TURN,STRAIGHT & LEVEL,DAYLIGHT,,,9/3/2019 10:53:54 AM,False,6813,Accepted,
25585439,0568000,LOUISVILLE METRO POLICE DEPT,Accepted,JEFFERSON,US0031W,,MARKET,ST,W,,ROY WILKINS,,,,,38.256213053,-85.765785856,21.324,8/31/2019 12:00:00 AM,1446,2,2,0,0,CLEAR,DRY,False,VEHICLE BACKING IN INTERSECTION,BACKING,STRAIGHT & LEVEL,DAYLIGHT,,,9/3/2019 10:50:41 AM,False,7220,Accepted,
25585541,0568000,LOUISVILLE METRO POLICE DEPT,Accepted,JEFFERSON,,,GARDINER,LN,,KY1703,NEWBURG,,,,,38.198875752,-85.683525141,1.461,8/31/2019 12:00:00 AM,1244,2,2,0,0,CLEAR,DRY,False,VEHICLE BACKING IN INTERSECTION,BACKING,STRAIGHT & LEVEL,DAYLIGHT,,,9/3/2019 10:56:39 AM,False,7250,Accepted,
25585125,0568000,LOUISVILLE METRO POLICE DEPT,Accepted,JEFFERSON,,,MUHAMMAD ALI,BLVD,W,,13TH,,,,,38.252815430,-85.772474791,1.063,8/31/2019 12:00:00 AM,0251,2,2,0,2,CLOUDY,DRY,False,ANGLE COLLISION - OTHER,ANGLE,STRAIGHT & LEVEL,DARK-HWY LIGHTED/ON,,,9/3/2019 10:14:32 AM,False,5008,Accepted,
25585501,0568000,LOUISVILLE METRO POLICE DEPT,Accepted,JEFFERSON,KY1747,,FERN VALLEY,RD,,,HOLIDAY TOWERS,,,,,38.157310699,-85.714400129,0.975,8/31/2019 12:00:00 AM,1707,2,2,0,0,CLOUDY,DRY,False,ANGLE COLLISION - OTHER,ANGLE,STRAIGHT & LEVEL,DAYLIGHT,,,9/3/2019 10:54:12 AM,False,7397,Accepted,
25585627,0568000,LOUISVILLE METRO POLICE DEPT,Accepted,JEFFERSON,,,DUMESNIL,ST,,,CATALPA,,,,,38.236871833,-85.801626444,1.016,8/31/2019 12:00:00 AM,2013,2,2,0,2,CLEAR,DRY,True,ANGLE COLLISION - OTHER,ANGLE,STRAIGHT & LEVEL,DAYLIGHT,,,9/3/2019 11:02:49 AM,False,5229,Accepted,
25585898,0568000,LOUISVILLE METRO POLICE DEPT,Accepted,JEFFERSON,KY1934,,GREENBELT,HWY,,KY1230,CANE RUN,,,,,38.110724728,-85.894269568,1.901,8/31/2019 12:00:00 AM,1512,2,2,0,0,CLEAR,DRY,False,ANGLE COLLISION - OTHER,ANGLE,STRAIGHT & LEVEL,DAYLIGHT,,,9/3/2019 11:25:17 AM,False,2098,Accepted,
25597092,0568000,LOUISVILLE METRO POLICE DEPT,Accepted,JEFFERSON,,,WILSON,AVE,,,25TH,,,,,38.234786041,-85.795077694,1.098,8/31/2019 12:00:00 AM,1327,2,2,0,2,CLEAR,DRY,False,ANGLE COLLISION - OTHER,ANGLE,CURVE & GRADE,DAYLIGHT,,,9/5/2019 9:27:51 AM,False,7387,Accepted,
25585714,0568000,LOUISVILLE METRO POLICE DEPT,Accepted,JEFFERSON,,,CAPLE,AVE,,KY2055,MT HOLLY,,,,,38.102861585,-85.756340378,0.004,8/31/2019 12:00:00 AM,1930,1,1,0,1,CLEAR,DRY,False,NON-COLLISION OBJECT COLLISION,SINGLE VEHICLE,STRAIGHT & LEVEL,DAYLIGHT,,,9/3/2019 11:11:06 AM,False,7373,Accepted,
25586323,0568000,LOUISVILLE METRO POLICE DEPT,Accepted,JEFFERSON,,,FINCASTLE,RD,,KY0864,POPLAR LEVEL,,,,,38.207641142,-85.715305087,0.012,8/31/2019 12:00:00 AM,0400,1,1,0,0,CLEAR,DRY,True,COLLISION WITH FIXED OBJECT IN INTERSECTION - FIRST EVENT COLLISION 09 - 32,SINGLE VEHICLE,CURVE & GRADE,DARK-HWY LIGHTED/ON,,,9/3/2019 12:14:06 PM,False,7898,Accepted,
25585582,0568000,LOUISVILLE METRO POLICE DEPT,Accepted,JEFFERSON,KY0864,,LOGAN,ST,,,MARY,,,,,38.234191793,-85.739764897,14.689,8/31/2019 12:00:00 AM,1938,2,2,0,0,CLEAR,DRY,False,COLLISION WITH FIXED OBJECT IN INTERSECTION - FIRST EVENT COLLISION 09 - 32,ANGLE,STRAIGHT & LEVEL,DUSK,,,9/3/2019 10:59:07 AM,False,5037,Accepted,
25585128,0568000,LOUISVILLE METRO POLICE DEPT,Accepted,JEFFERSON,US0060A,,TAYLOR,BLVD,,,HOMEVIEW,,,,,38.204895842,-85.777972859,2.153,8/31/2019 12:00:00 AM,0255,2,2,0,1,CLEAR,DRY,False,COLLISION WITH PARKED VEHICLE,SIDESWIPE-SAME DIRECTION,STRAIGHT & LEVEL,DARK-HWY NOT LIGHTED,,,9/3/2019 10:15:02 AM,False,5038,Accepted,
25585726,0568000,LOUISVILLE METRO POLICE DEPT,Accepted,JEFFERSON,KY0155,,TAYLORSVILLE,RD,,,LOWE,,,,,38.219022249,-85.606833829,12.297,8/31/2019 12:00:00 AM,1120,2,2,0,3,CLEAR,DRY,False,ANGLE COLLISION - ONE VEHICLE TURNING LEFT,ANGLE,STRAIGHT & LEVEL,DAYLIGHT,,,9/3/2019 11:13:09 AM,False,6100,Accepted,
25654798,0568000,LOUISVILLE METRO POLICE DEPT,Accepted,JEFFERSON,,,MARKET,ST,W,,30TH,,,,,38.260362649,-85.800948576,0.786,8/31/2019 12:00:00 AM,0925,2,2,0,1,CLEAR,DRY,False,ANGLE COLLISION - OTHER,ANGLE,STRAIGHT & LEVEL,DAYLIGHT,,,9/18/2019 8:44:54 AM,False,7305,Accepted,
25633746,0568000,LOUISVILLE METRO POLICE DEPT,Accepted,JEFFERSON,US0150,,BROADWAY,,W,,4TH,,,,,38.246092293,-85.758396716,2.381,8/30/2019 12:00:00 AM,1833,2,2,0,0,CLEAR,DRY,False,ANGLE COLLISION - OTHER,ANGLE,STRAIGHT & LEVEL,DAYLIGHT,,,9/13/2019 8:42:12 AM,False,2103,Accepted,
25585104,0568000,LOUISVILLE METRO POLICE DEPT,Accepted,JEFFERSON,,,BRIARCLIFF,RD,,KY1065,OUTER,,,,,38.136141575,-85.697100242,,8/30/2019 12:00:00 AM,1928,2,2,0,1,CLEAR,DRY,False,ANGLE COLLISION - OTHER,ANGLE,STRAIGHT & LEVEL,DAYLIGHT,,,9/3/2019 10:10:55 AM,False,7016,Accepted,
25585356,0568000,LOUISVILLE METRO POLICE DEPT,Accepted,JEFFERSON,US0031E,,BARDSTOWN,RD,,,LANCASHIRE,,,,,38.216272783,-85.675397023,12.436,8/30/2019 12:00:00 AM,1333,2,2,0,2,CLEAR,DRY,False,ANGLE COLLISION - OTHER,ANGLE,STRAIGHT & LEVEL,DAYLIGHT,,,9/3/2019 10:46:47 AM,False,2100,Accepted,
25585115,0568000,LOUISVILLE METRO POLICE DEPT,Accepted,JEFFERSON,US0150,,BROADWAY,,W,,11TH,,,,,38.247288872,-85.769944628,1.744,8/30/2019 12:00:00 AM,0939,2,2,0,0,CLEAR,DRY,False,ANGLE COLLISION - OTHER,ANGLE,STRAIGHT & LEVEL,DAYLIGHT,,,9/3/2019 10:11:37 AM,False,7229,Accepted,
25583385,0560400,SHIVELY POLICE DEPARTMENT,Accepted,JEFFERSON,US0031W,4700B,DIXIE,HWY,,KY2051,ROCKFORD,,,,,38.174381611,-85.823334010,13.832,8/30/2019 12:00:00 AM,0842,2,2,0,0,CLEAR,DRY,False,ANGLE COLLISION - OTHER,ANGLE,STRAIGHT & LEVEL,DAYLIGHT,,,9/3/2019 2:19:41 AM,False,7103,Accepted,
25585442,0568000,LOUISVILLE METRO POLICE DEPT,Accepted,JEFFERSON,,,INDIAN,TRL,E,KY0864,POPLAR LEVEL,,,,,38.171510193,-85.685301090,1.228,8/30/2019 12:00:00 AM,1810,2,2,0,0,CLEAR,DRY,True,ANGLE COLLISION - OTHER,ANGLE,STRAIGHT & LEVEL,DAYLIGHT,,,9/3/2019 10:51:22 AM,False,7879,Accepted,
25585017,0568000,LOUISVILLE METRO POLICE DEPT,Accepted,JEFFERSON,,,SENECA,TRL,N,KY1020,SOUTHSIDE,,,,,38.160362430,-85.764835771,0.002,8/30/2019 12:00:00 AM,1705,2,2,0,4,CLEAR,DRY,False,ANGLE COLLISION - OTHER,ANGLE,STRAIGHT & LEVEL,DAYLIGHT,,,9/3/2019 10:04:11 AM,False,7424,Accepted,
25585035,0568000,LOUISVILLE METRO POLICE DEPT,Accepted,JEFFERSON,,,15TH,ST,S,,OAK,,,,,38.236681878,-85.778302219,0.784,8/30/2019 12:00:00 AM,1220,2,2,0,0,CLEAR,DRY,False,ANGLE COLLISION - OTHER,ANGLE,STRAIGHT & LEVEL,DAYLIGHT,,,9/3/2019 10:05:29 AM,False,5161,Accepted,
25585024,0568000,LOUISVILLE METRO POLICE DEPT,Accepted,JEFFERSON,KY1703,,NEWBURG,RD,,I 0264,I264 E EXIT15 ON RAMP FROM KY1703 S,,,,,38.201532200,-85.687641265,2.178,8/30/2019 12:00:00 AM,1209,2,2,0,1,CLEAR,DRY,False,ANGLE COLLISION - OTHER,ANGLE,STRAIGHT & LEVEL,DAYLIGHT,,,9/3/2019 10:04:44 AM,False,6813,Accepted,
25584894,0568000,LOUISVILLE METRO POLICE DEPT,Accepted,JEFFERSON,US0150,,BROADWAY,,W,,16TH,,,,,38.248427165,-85.778218925,1.284,8/30/2019 12:00:00 AM,0909,2,2,0,1,CLEAR,DRY,False,ANGLE COLLISION - OTHER,ANGLE,STRAIGHT & LEVEL,DAYLIGHT,,,9/3/2019 9:43:24 AM,False,7220,Accepted,
25887689,0568000,LOUISVILLE METRO POLICE DEPT,Accepted,JEFFERSON,KY0155,,TAYLORSVILLE,RD,,,CAWEIN,,,,,38.220922896,-85.644931250,14.368,8/30/2019 12:00:00 AM,1442,2,2,0,2,CLEAR,DRY,False,ANGLE COLLISION - OTHER,ANGLE,STRAIGHT & LEVEL,DAYLIGHT,,,11/6/2019 1:00:38 PM,False,7170,Accepted,
25585008,0568000,LOUISVILLE METRO POLICE DEPT,Accepted,JEFFERSON,,,BOLLING,AVE,,,17TH,,,,,38.228913141,-85.785274122,0.033,8/30/2019 12:00:00 AM,1635,2,2,0,0,CLEAR,DRY,False,OPPOSITE DIRECTION - BOTH VEHICLES GOING STRAIGHT AHEAD,SIDESWIPE-OPPOSITE DIRECTION,STRAIGHT & LEVEL,DAYLIGHT,,,9/3/2019 10:01:29 AM,False,7184,Accepted,
25584989,0568000,LOUISVILLE METRO POLICE DEPT,Accepted,JEFFERSON,US0031E,,BARDSTOWN,RD,,,DEL MARIA,,,,,38.170253681,-85.607099811,7.386,8/30/2019 12:00:00 AM,1617,3,3,0,2,CLEAR,DRY,False,OPPOSING LEFT TURN,OPPOSING LEFT TURN,STRAIGHT & HILLCREST,DAYLIGHT,,,9/3/2019 9:56:07 AM,False,7303,Accepted,
25584978,0568000,LOUISVILLE METRO POLICE DEPT,Accepted,JEFFERSON,KY0061,,PRESTON,HWY,,,LOCUST,,,,,38.207080562,-85.737792565,9.465,8/30/2019 12:00:00 AM,1242,2,2,0,0,CLEAR,DRY,False,REAR END - ONE VEHICLE TURNING RIGHT,REAR END,STRAIGHT & LEVEL,DAYLIGHT,,,9/3/2019 9:54:53 AM,False,5233,Accepted,
25602238,0568000,LOUISVILLE METRO POLICE DEPT,Accepted,JEFFERSON,,,GARLAND,AVE,,,DIXIE,,,,,38.243258892,-85.784395148,0.908,8/30/2019 12:00:00 AM,2233,2,2,0,0,CLEAR,DRY,True,REAR END - ONE VEHICLE TURNING RIGHT,REAR END,STRAIGHT & LEVEL,DARK-HWY LIGHTED/ON,,,9/6/2019 9:41:39 AM,False,7175,Accepted,
25584963,0568000,LOUISVILLE METRO POLICE DEPT,Accepted,JEFFERSON,US0060A,,LEXINGTON,RD,,,GARDEN,,,,,38.248643190,-85.680594257,9.225,8/30/2019 12:00:00 AM,1446,2,2,0,0,CLEAR,DRY,False,SIDESWIPE-SAME DIRECTION,SIDESWIPE-SAME DIRECTION,STRAIGHT & LEVEL,DAYLIGHT,,,9/3/2019 9:52:37 AM,False,7632,Accepted,
25584973,0568000,LOUISVILLE METRO POLICE DEPT,Accepted,JEFFERSON,,,11TH,ST,S,US0150,BROADWAY,,,,,38.247396254,-85.769998022,0.749,8/30/2019 12:00:00 AM,1549,2,2,0,0,CLEAR,DRY,False,SIDESWIPE-SAME DIRECTION,SIDESWIPE-SAME DIRECTION,STRAIGHT & LEVEL,DAYLIGHT,,,9/3/2019 9:53:53 AM,False,7345,Accepted,
25585048,0568000,LOUISVILLE METRO POLICE DEPT,Accepted,JEFFERSON,,,STRADER,AVE,,KY1865,TAYLOR,,,,,38.191093990,-85.783342799,0.002,8/30/2019 12:00:00 AM,1451,2,2,0,0,CLOUDY,DRY,False,SIDESWIPE-SAME DIRECTION,SIDESWIPE-SAME DIRECTION,STRAIGHT & LEVEL,DAYLIGHT,,,9/3/2019 10:06:00 AM,False,5237,Accepted,
25584887,0568000,LOUISVILLE METRO POLICE DEPT,Accepted,JEFFERSON,US0150,,BROADWAY,,W,,6TH,,,,,38.246402493,-85.761725918,2.169,8/30/2019 12:00:00 AM,1146,2,2,0,0,CLEAR,DRY,False,SIDESWIPE-SAME DIRECTION,SIDESWIPE-SAME DIRECTION,STRAIGHT & LEVEL,DAYLIGHT,,,9/3/2019 9:42:38 AM,False,7345,Accepted,
25584936,0568000,LOUISVILLE METRO POLICE DEPT,Accepted,JEFFERSON,,,CANDLELIGHT,LN,,KY1865,NEW CUT,,,,,38.129829920,-85.773858571,0.647,8/30/2019 12:00:00 AM,1151,2,2,0,0,CLEAR,DRY,False,OTHER INTERSECTION COLLISIONS,REAR END,STRAIGHT & LEVEL,DAYLIGHT,,,9/3/2019 9:46:04 AM,False,7224,Accepted,