IncidentID,AgencyORI,AgencyName,IncidentStatusDesc,County,RdwyNumber,Street,RoadwayName,StreetSfx,StreetDir,IntersectionRdwy,IntersectionRdwyName,BetweenStRdwy1,BetweenStRdwyName1,BetweenStRdwy2,BetweenStRdwyName2,Latitude,Longitude,Milepoint,CollisionDate,CollisionTime,UnitsInvolved,MotorVehiclesInvolved,NumberKilled,NumberInjured,Weather,RdwyConditionCode,HitandRun,DirAnalysisCode,MannerofCollision,RdwyCharacter,LightCondition,RampFromRdwyId,RampToRdwyId,AcceptedDate,IsSecondaryCollision,OwnerBadge,IncidentStatus,
25584872,0568000,LOUISVILLE METRO POLICE DEPT,Accepted,JEFFERSON,,,WILSHIRE,BLVD,,KY1065,OUTER,,,,,38.125719786,-85.760098657,0.020,8/30/2019 12:00:00 AM,0818,2,2,0,0,CLEAR,DRY,True,OTHER INTERSECTION COLLISIONS,REAR END,STRAIGHT & LEVEL,DAYLIGHT,,,9/3/2019 9:39:45 AM,False,7224,Accepted,
25584880,0568000,LOUISVILLE METRO POLICE DEPT,Accepted,JEFFERSON,KY1447,,WESTPORT,RD,,,CHAMBERLAIN,,,,,38.299368415,-85.541779389,7.047,8/30/2019 12:00:00 AM,0745,2,2,0,0,CLEAR,DRY,False,OTHER INTERSECTION COLLISIONS,REAR END,STRAIGHT & GRADE,DAWN,,,9/3/2019 9:40:54 AM,False,2346,Accepted,
25585112,0568000,LOUISVILLE METRO POLICE DEPT,Accepted,JEFFERSON,I 0064,,I64 E,,,I 0064,I64 N EXIT137 RAMP TO I71 N,,,,,38.260976072,-85.733375743,5.950,8/30/2019 12:00:00 AM,1610,2,2,0,0,CLEAR,DRY,False,OTHER INTERSECTION COLLISIONS,REAR END,STRAIGHT & LEVEL,DAYLIGHT,,,9/3/2019 10:11:19 AM,False,7229,Accepted,
25585129,0568000,LOUISVILLE METRO POLICE DEPT,Accepted,JEFFERSON,KY0864,,POPLAR LEVEL,RD,,,GARDINER,,,,,38.192709081,-85.706009127,11.095,8/30/2019 12:00:00 AM,1714,2,2,0,0,CLEAR,DRY,False,OTHER INTERSECTION COLLISIONS,REAR END,STRAIGHT & LEVEL,DAYLIGHT,,,9/3/2019 10:15:15 AM,False,7250,Accepted,
25596930,0568000,LOUISVILLE METRO POLICE DEPT,Accepted,JEFFERSON,KY0864,,POPLAR LEVEL,RD,,,PRODUCE,,,,,38.179218236,-85.691904616,9.860,8/30/2019 12:00:00 AM,1639,3,3,0,0,CLEAR,DRY,False,OTHER INTERSECTION COLLISIONS,REAR END,STRAIGHT & LEVEL,DAYLIGHT,,,9/5/2019 9:15:37 AM,False,7473,Accepted,
25596580,0564400,INDIAN HILLS POLICE DEPARTMENT,Accepted,JEFFERSON,US0042,,BROWNSBORO,RD,,,OLD BROWNSBORO,,,,,38.267259225,-85.660689873,4.187,8/30/2019 12:00:00 AM,1106,2,2,0,0,CLEAR,DRY,True,OTHER INTERSECTION COLLISIONS,REAR END,STRAIGHT & LEVEL,DAYLIGHT,,,9/5/2019 8:11:51 AM,False,4401,Accepted,
25586309,0568000,LOUISVILLE METRO POLICE DEPT,Accepted,JEFFERSON,KY0155,,TAYLORSVILLE,RD,,I 0265,I265 E EXIT23 ON RAMP FROM KY155,,,,,38.189106746,-85.507665342,5.983,8/30/2019 12:00:00 AM,1637,2,2,0,0,CLEAR,DRY,False,OTHER INTERSECTION COLLISIONS,REAR END,STRAIGHT & LEVEL,DAYLIGHT,,,9/3/2019 12:11:50 PM,False,2321,Accepted,
25602178,0568000,LOUISVILLE METRO POLICE DEPT,Accepted,JEFFERSON,,,FERNWOOD,AVE,,US0060A,EASTERN,,,,,38.231623158,-85.709721322,0.007,8/30/2019 12:00:00 AM,1600,2,2,0,0,CLEAR,DRY,False,OTHER INTERSECTION COLLISIONS,REAR END,STRAIGHT & LEVEL,DAYLIGHT,,,9/6/2019 9:31:45 AM,False,7740,Accepted,
25602165,0568000,LOUISVILLE METRO POLICE DEPT,Accepted,JEFFERSON,US0060A,,LEXINGTON,RD,,US0060A,GRINSTEAD,,,,,38.245550674,-85.701526533,8.011,8/30/2019 12:00:00 AM,1123,2,2,0,0,CLEAR,DRY,False,SIDESWIPE-SAME DIRECTION,SIDESWIPE-SAME DIRECTION,STRAIGHT & LEVEL,DAYLIGHT,,,9/6/2019 9:31:15 AM,False,7740,Accepted,
25585114,0568000,LOUISVILLE METRO POLICE DEPT,Accepted,JEFFERSON,US0031E,,MAIN,ST,W,,2ND,,,,,38.256274283,-85.753071828,17.874,8/30/2019 12:00:00 AM,1527,2,2,0,0,CLEAR,DRY,False,SIDESWIPE-SAME DIRECTION,SIDESWIPE-SAME DIRECTION,STRAIGHT & LEVEL,DAYLIGHT,,,9/3/2019 10:11:29 AM,False,7229,Accepted,
25585121,0568000,LOUISVILLE METRO POLICE DEPT,Accepted,JEFFERSON,KY0061,,PRESTON,HWY,,KY1747,FERN VALLEY,,,,,38.156812182,-85.696771709,5.354,8/30/2019 12:00:00 AM,0019,2,2,0,0,CLEAR,DRY,True,SIDESWIPE-SAME DIRECTION,SIDESWIPE-SAME DIRECTION,,DARK-HWY LIGHTED/ON,,,9/3/2019 10:13:46 AM,False,7016,Accepted,
25584935,0568000,LOUISVILLE METRO POLICE DEPT,Accepted,JEFFERSON,US0031W,,DIXIE,HWY,,,LOWER HUNTERS,,,,,38.156293554,-85.834426935,12.426,8/30/2019 12:00:00 AM,1223,2,2,0,0,CLEAR,DRY,True,SIDESWIPE-SAME DIRECTION,SIDESWIPE-SAME DIRECTION,STRAIGHT & LEVEL,DAYLIGHT,,,9/3/2019 9:45:58 AM,False,7224,Accepted,
25586288,0568000,LOUISVILLE METRO POLICE DEPT,Accepted,JEFFERSON,,,JOHNSONTOWN,RD,,,CHENAULT,,,,,38.121575043,-85.868052118,0.665,8/30/2019 12:00:00 AM,1453,2,2,0,1,CLEAR,DRY,False,OTHER INTERSECTION COLLISIONS,REAR END,STRAIGHT & LEVEL,DAYLIGHT,,,9/3/2019 12:09:02 PM,False,7224,Accepted,
25569541,0568000,LOUISVILLE METRO POLICE DEPT,Accepted,JEFFERSON,KY1727,,TERRY,RD,,KY1934,CANE RUN,,,,,38.178064509,-85.861860666,4.055,8/30/2019 12:00:00 AM,0648,2,2,0,0,CLEAR,DRY,False,OTHER INTERSECTION COLLISIONS,REAR END,STRAIGHT & LEVEL,DAYLIGHT,,,8/30/2019 8:53:13 AM,False,7224,Accepted,
25584934,0568000,LOUISVILLE METRO POLICE DEPT,Accepted,JEFFERSON,KY0907,,SOUTHSIDE,DR,,,SOUTHVIEW,,,,,38.151513690,-85.766358219,6.940,8/30/2019 12:00:00 AM,1231,2,2,0,0,CLEAR,DRY,False,OTHER INTERSECTION COLLISIONS,REAR END,STRAIGHT & LEVEL,DAYLIGHT,,,9/3/2019 9:45:44 AM,False,7224,Accepted,
25584951,0568000,LOUISVILLE METRO POLICE DEPT,Accepted,JEFFERSON,US0060A,,TAYLOR,BLVD,,,BERRY,,,,,38.196371276,-85.782973806,1.477,8/30/2019 12:00:00 AM,1344,2,2,0,4,CLEAR,DRY,False,OTHER INTERSECTION COLLISIONS,REAR END,STRAIGHT & LEVEL,DAYLIGHT,,,9/3/2019 9:49:27 AM,False,7977,Accepted,
25569474,0568000,LOUISVILLE METRO POLICE DEPT,Accepted,JEFFERSON,,3604,MUHAMMAD ALI,BLVD,W,,,,,,,38.257151504,-85.811534693,3.242,8/30/2019 12:00:00 AM,0147,3,3,0,0,CLEAR,DRY,False,1 VEHICLE PARKED POSITION (NOT PARKING LOT/DRIVEWAY),REAR END,STRAIGHT & LEVEL,DARK-HWY LIGHTED/ON,,,8/30/2019 8:41:08 AM,False,7481,Accepted,
25585513,0568000,LOUISVILLE METRO POLICE DEPT,Accepted,JEFFERSON,,4185,ALGONQUIN,PKWY,,,,,,,,38.231046422,-85.827456185,0.570,8/30/2019 12:00:00 AM,1439,1,1,0,0,CLEAR,MUD-DIRT,False,COLLISION WITH FIXED OBJECT NON - INTERSECTION - FIRST EVENT COLLISION 09 - 32 EXCLUDING 16,SINGLE VEHICLE,STRAIGHT & LEVEL,DAYLIGHT,,,9/3/2019 10:55:33 AM,False,7329,Accepted,
25585380,0568000,LOUISVILLE METRO POLICE DEPT,Accepted,JEFFERSON,US0042,,BROWNSBORO,RD,,,,,UNIVERSITY,,KNIGHTSBRIDGE,38.259851653,-85.690591401,2.476,8/30/2019 12:00:00 AM,1819,1,1,0,0,CLEAR,DRY,True,COLLISION WITH FIXED OBJECT NON - INTERSECTION - FIRST EVENT COLLISION 09 - 32 EXCLUDING 16,SINGLE VEHICLE,STRAIGHT & LEVEL,DAYLIGHT,,,9/3/2019 10:47:34 AM,True,7632,Accepted,
25569479,0568000,LOUISVILLE METRO POLICE DEPT,Accepted,JEFFERSON,,1100,CROSSTIMBERS,DR,,,,,,,,38.260272464,-85.455583010,0.010,8/30/2019 12:00:00 AM,0130,1,1,0,1,CLEAR,DRY,False,COLLISION WITH FIXED OBJECT NON - INTERSECTION - FIRST EVENT COLLISION 09 - 32 EXCLUDING 16,SINGLE VEHICLE,CURVE & HILLCREST,DARK-HWY LIGHTED/OFF,,,8/30/2019 8:41:51 AM,False,2920,Accepted,
25569478,0568000,LOUISVILLE METRO POLICE DEPT,Accepted,JEFFERSON,KY0907,7640,3RD ST,RD,,,,,,,,38.137671491,-85.785103081,5.535,8/30/2019 12:00:00 AM,0422,1,1,0,1,CLEAR,DRY,False,COLLISION WITH FIXED OBJECT NON - INTERSECTION - FIRST EVENT COLLISION 09 - 32 EXCLUDING 16,SINGLE VEHICLE,STRAIGHT & LEVEL,DARK-HWY LIGHTED/OFF,,,8/30/2019 8:41:42 AM,False,7436,Accepted,
25584877,0568000,LOUISVILLE METRO POLICE DEPT,Accepted,JEFFERSON,,,FLAT ROCK,RD,,,,,GLEN LAKES,,TURTLE CREEK,38.246432691,-85.440313824,0.796,8/30/2019 12:00:00 AM,0828,1,1,0,0,CLEAR,DRY,True,COLLISION WITH FIXED OBJECT NON - INTERSECTION - FIRST EVENT COLLISION 09 - 32 EXCLUDING 16,SINGLE VEHICLE,STRAIGHT & HILLCREST,DAYLIGHT,,,9/3/2019 9:40:08 AM,False,2109,Accepted,
25585118,0568000,LOUISVILLE METRO POLICE DEPT,Accepted,JEFFERSON,,2124,JEFFERSON,ST,W,,,,,,,38.257053300,-85.785762257,1.852,8/30/2019 12:00:00 AM,2235,2,2,0,0,CLEAR,DRY,False,1 VEHICLE PARKED POSITION (NOT PARKING LOT/DRIVEWAY),REAR END,STRAIGHT & LEVEL,OTHER,,,9/3/2019 10:12:47 AM,False,7173,Accepted,
25585096,0568000,LOUISVILLE METRO POLICE DEPT,Accepted,JEFFERSON,,,KENWOOD,WAY,W,,,,3RD,,SOUTHSIDE,38.178889515,-85.766371323,0.020,8/30/2019 12:00:00 AM,1524,2,2,0,0,CLEAR,DRY,False,1 VEHICLE PARKED POSITION (NOT PARKING LOT/DRIVEWAY),SIDESWIPE-SAME DIRECTION,STRAIGHT & LEVEL,DAYLIGHT,,,9/3/2019 10:09:35 AM,True,5221,Accepted,
25613872,0568000,LOUISVILLE METRO POLICE DEPT,Accepted,JEFFERSON,,3524,LENTZ,AVE,,,,,,,,38.194810100,-85.785771064,0.109,8/30/2019 12:00:00 AM,1030,2,1,0,0,CLEAR,DRY,True,1 VEHICLE PARKED POSITION (NOT PARKING LOT/DRIVEWAY),SIDESWIPE-SAME DIRECTION,STRAIGHT & LEVEL,UNKNOWN,,,9/9/2019 11:53:35 AM,False,5237,Accepted,
25584983,0568000,LOUISVILLE METRO POLICE DEPT,Accepted,JEFFERSON,KY1065,,OUTER,LOOP,,,,,VAUGHN MILL,,ROCHELLE,38.137534923,-85.633097036,8.996,8/30/2019 12:00:00 AM,1604,2,2,0,0,CLEAR,DRY,False,REAR END IN TRAFFIC LANES BOTH VEHICLES MOVING,REAR END,STRAIGHT & LEVEL,DAYLIGHT,,,9/3/2019 9:55:19 AM,False,6878,Accepted,
25585031,0568000,LOUISVILLE METRO POLICE DEPT,Accepted,JEFFERSON,I 0065,,I65 N,,,,,,,,,38.236527820,-85.752103963,134.613,8/30/2019 12:00:00 AM,1746,2,2,0,0,CLEAR,DRY,False,OTHER COLLISIONS ON SHOULDER,SIDESWIPE-SAME DIRECTION,STRAIGHT & LEVEL,DAYLIGHT,,,9/3/2019 10:05:10 AM,False,7251,Accepted,
25585058,0568000,LOUISVILLE METRO POLICE DEPT,Accepted,JEFFERSON,US0031E,,BARDSTOWN,RD,,,,,,,,38.158593030,-85.591434291,6.182,8/30/2019 12:00:00 AM,1612,3,3,0,0,CLEAR,DRY,False,REAR END IN TRAFFIC LANES BOTH VEHICLES MOVING,REAR END,STRAIGHT & LEVEL,DAYLIGHT,,,9/3/2019 10:07:12 AM,False,4693,Accepted,
25585094,0568000,LOUISVILLE METRO POLICE DEPT,Accepted,JEFFERSON,I 0064,,I64 E,,,,,I 0064,I64 E EXIT15 ON RAMP FROM KY1747,I 0064,I64 E EXIT17 OFF RAMP TO KY913,38.223314059,-85.553262003,16.412,8/30/2019 12:00:00 AM,1645,2,2,0,0,CLEAR,DRY,False,REAR END IN TRAFFIC LANES BOTH VEHICLES MOVING,REAR END,STRAIGHT & LEVEL,DAYLIGHT,,,9/3/2019 10:09:04 AM,False,7018,Accepted,
25585000,0568000,LOUISVILLE METRO POLICE DEPT,Accepted,JEFFERSON,US0031W,,DIXIE,HWY,,,,,,,,38.130684361,-85.847465282,10.470,8/30/2019 12:00:00 AM,1308,2,2,0,0,CLEAR,DRY,False,REAR END IN TRAFFIC LANES BOTH VEHICLES MOVING,REAR END,STRAIGHT & LEVEL,DAYLIGHT,,,9/3/2019 9:58:28 AM,False,7234,Accepted,
25585002,0568000,LOUISVILLE METRO POLICE DEPT,Accepted,JEFFERSON,US0031W,,DIXIE,HWY,,,,,,,,38.084975700,-85.880074000,6.908,8/30/2019 12:00:00 AM,1447,2,2,0,0,CLEAR,DRY,False,REAR END IN TRAFFIC LANES BOTH VEHICLES MOVING,REAR END,STRAIGHT & LEVEL,DAYLIGHT,,,9/3/2019 9:59:13 AM,False,7234,Accepted,
25585591,0568000,LOUISVILLE METRO POLICE DEPT,Accepted,JEFFERSON,,,MILES,LN,,KY0061,PRESTON,,,,,38.124356989,-85.679183877,0.002,8/30/2019 12:00:00 AM,2000,2,2,0,0,CLEAR,DRY,True,HEAD-ON COLLISION,HEAD ON,STRAIGHT & LEVEL,DAYLIGHT,,,9/3/2019 11:00:45 AM,False,5198,Accepted,
25585928,0568000,LOUISVILLE METRO POLICE DEPT,Accepted,JEFFERSON,I 0264,,I264 E,,,,,,,,,38.189762722,-85.767662576,10.000,8/30/2019 12:00:00 AM,1709,2,2,0,0,CLEAR,DRY,False,REAR END IN TRAFFIC LANES BOTH VEHICLES MOVING,REAR END,STRAIGHT & GRADE,DAYLIGHT,,,9/3/2019 11:29:06 AM,False,8278,Accepted,
25585545,0568000,LOUISVILLE METRO POLICE DEPT,Accepted,JEFFERSON,I 0064,,I64 W,,,,,,,,,38.235964435,-85.637186834,11.471,8/30/2019 12:00:00 AM,1201,2,2,0,0,CLEAR,DRY,False,REAR END IN TRAFFIC LANES BOTH VEHICLES MOVING,REAR END,STRAIGHT & GRADE,DAYLIGHT,,,9/3/2019 10:57:09 AM,False,6532,Accepted,
25585913,0568000,LOUISVILLE METRO POLICE DEPT,Accepted,JEFFERSON,I 0065,,I65 S,,,,,,,,,38.222185887,-85.751296030,133.600,8/30/2019 12:00:00 AM,1505,3,3,0,0,CLEAR,DRY,False,REAR END IN TRAFFIC LANES BOTH VEHICLES MOVING,REAR END,CURVE & GRADE,DAYLIGHT,,,9/3/2019 11:28:35 AM,False,8278,Accepted,
25585130,0568000,LOUISVILLE METRO POLICE DEPT,Accepted,JEFFERSON,I 0264,,I264 W,,,,,I 0264,I264 W EXIT14 ON RAMP FROM KY864,I 0264,I264 W EXIT14 OFF RAMP TO KY864,38.195881183,-85.707288559,13.402,8/30/2019 12:00:00 AM,1723,3,3,0,0,CLEAR,DRY,False,REAR END IN TRAFFIC LANES BOTH VEHICLES MOVING,REAR END,STRAIGHT & LEVEL,DAYLIGHT,,,9/3/2019 10:15:36 AM,False,7250,Accepted,
25585095,0568000,LOUISVILLE METRO POLICE DEPT,Accepted,JEFFERSON,,,8TH,ST,S,,,,CHESTNUT,,MARY J ROBB,38.250310405,-85.764383677,0.490,8/30/2019 12:00:00 AM,1411,2,2,0,0,CLEAR,DRY,False,REAR END IN TRAFFIC LANES BOTH VEHICLES MOVING,REAR END,STRAIGHT & LEVEL,DAYLIGHT,,,9/3/2019 10:09:14 AM,False,2854,Accepted,
25585922,0568000,LOUISVILLE METRO POLICE DEPT,Accepted,JEFFERSON,I 0264,,I264 E,,,,,,,,,38.278866147,-85.635041697,22.006,8/30/2019 12:00:00 AM,1554,2,2,0,0,CLEAR,DRY,False,REAR END IN TRAFFIC LANES BOTH VEHICLES MOVING,REAR END,STRAIGHT & LEVEL,DAYLIGHT,,,9/3/2019 11:28:52 AM,False,8278,Accepted,
25585875,0568000,LOUISVILLE METRO POLICE DEPT,Accepted,JEFFERSON,I 0065,,,,,,,,,,,38.191140491,-85.722635338,0.065,8/30/2019 12:00:00 AM,1115,2,2,0,0,CLEAR,DRY,False,REAR END IN TRAFFIC LANES BOTH VEHICLES MOVING,REAR END,STRAIGHT & LEVEL,DAYLIGHT,,,9/3/2019 11:20:22 AM,False,6886,Accepted,
25596913,0568000,LOUISVILLE METRO POLICE DEPT,Accepted,JEFFERSON,I 0064,I64,I64 WEST,,W,,,,,,,38.235674465,-85.615023216,0.122,8/30/2019 12:00:00 AM,0836,2,2,0,0,CLEAR,DRY,False,REAR END IN TRAFFIC LANES BOTH VEHICLES MOVING,REAR END,STRAIGHT & LEVEL,DAYLIGHT,I 0064,I 0264,9/5/2019 9:14:03 AM,False,6314,Accepted,
25585899,0568000,LOUISVILLE METRO POLICE DEPT,Accepted,JEFFERSON,I 0065,,I65 S,,,,,,,,,38.121442081,-85.701989278,125.603,8/30/2019 12:00:00 AM,1508,3,3,0,0,CLEAR,DRY,False,REAR END IN TRAFFIC LANES BOTH VEHICLES MOVING,REAR END,STRAIGHT & LEVEL,DAYLIGHT,,,9/3/2019 11:25:49 AM,False,7944,Accepted,
25585874,0568000,LOUISVILLE METRO POLICE DEPT,Accepted,JEFFERSON,I 0064,,I64 E,,,,,,,,,38.245408821,-85.698205658,8.245,8/30/2019 12:00:00 AM,0849,2,2,0,0,CLEAR,DRY,False,SIDESWIPE COLLISION - SAME DIRECTION,SIDESWIPE-SAME DIRECTION,STRAIGHT & LEVEL,DAYLIGHT,,,9/3/2019 11:20:01 AM,False,6886,Accepted,
25585691,0568000,LOUISVILLE METRO POLICE DEPT,Accepted,JEFFERSON,US0042,1421,MELLWOOD,AVE,,,,,,,,38.254149207,-85.723933113,0.459,8/30/2019 12:00:00 AM,1305,3,3,0,0,CLEAR,DRY,False,SIDESWIPE COLLISION - SAME DIRECTION,SIDESWIPE-SAME DIRECTION,CURVE & LEVEL,DAYLIGHT,,,9/3/2019 11:08:19 AM,False,2764,Accepted,
25585107,0568000,LOUISVILLE METRO POLICE DEPT,Accepted,JEFFERSON,I 0065,,I65 N,,,,,,,,,38.200022359,-85.734442949,131.482,8/30/2019 12:00:00 AM,1837,2,2,0,0,CLEAR,DRY,False,SIDESWIPE COLLISION - SAME DIRECTION,SIDESWIPE-SAME DIRECTION,CURVE & LEVEL,DAYLIGHT,,,9/3/2019 10:11:09 AM,False,7912,Accepted,
25585663,0568000,LOUISVILLE METRO POLICE DEPT,Accepted,JEFFERSON,I 0065,,I65 N,,,,,,,,,38.235892666,-85.751783108,134.565,8/30/2019 12:00:00 AM,1721,3,3,0,4,CLEAR,DRY,False,SIDESWIPE COLLISION - SAME DIRECTION,SIDESWIPE-SAME DIRECTION,STRAIGHT & LEVEL,DAYLIGHT,,,9/3/2019 11:05:08 AM,False,7239,Accepted,
25618192,0568000,LOUISVILLE METRO POLICE DEPT,Accepted,JEFFERSON,I 0264,,I264 W,,,,,,,,,38.191145707,-85.717835312,12.732,8/30/2019 12:00:00 AM,1830,2,2,0,0,CLEAR,DRY,True,SIDESWIPE COLLISION - SAME DIRECTION,SIDESWIPE-SAME DIRECTION,STRAIGHT & GRADE,DAYLIGHT,,,9/10/2019 9:03:17 AM,False,2854,Accepted,
25585064,0568000,LOUISVILLE METRO POLICE DEPT,Accepted,JEFFERSON,I 0065,,I65 S,,,,,,,,,38.263427757,-85.743056545,136.800,8/30/2019 12:00:00 AM,1500,2,2,0,0,CLEAR,DRY,False,SIDESWIPE COLLISION - SAME DIRECTION,SIDESWIPE-SAME DIRECTION,STRAIGHT & LEVEL,DAYLIGHT,,,9/3/2019 10:07:53 AM,False,2217,Accepted,
25585062,0568000,LOUISVILLE METRO POLICE DEPT,Accepted,JEFFERSON,I 0264,,I264 W,,,,,I 0264,I264 W EXIT22 OFF RAMP TO US42,I 0264,I264 W EXIT22 ON RAMP FROM US42,38.281527363,-85.638017151,22.225,8/30/2019 12:00:00 AM,1730,2,2,0,0,CLEAR,DRY,False,SIDESWIPE COLLISION - SAME DIRECTION,SIDESWIPE-SAME DIRECTION,STRAIGHT & GRADE,DAYLIGHT,,,9/3/2019 10:07:43 AM,False,7765,Accepted,
25584947,0568000,LOUISVILLE METRO POLICE DEPT,Accepted,JEFFERSON,I 0265,,I265 N,,,,,I 0265,I265 N EXIT34 ON RAMP FROM KY22 W,I 0071,I71 N EXIT35A RAMP TO I71 N,38.311608701,-85.575825456,34.321,8/30/2019 12:00:00 AM,0745,2,2,0,0,CLEAR,DRY,False,SIDESWIPE COLLISION - SAME DIRECTION,SIDESWIPE-SAME DIRECTION,STRAIGHT & LEVEL,DAYLIGHT,,,9/3/2019 9:47:45 AM,False,2030,Accepted,
25585860,0568000,LOUISVILLE METRO POLICE DEPT,Accepted,JEFFERSON,,,STANDARD,AVE,,US0031W,22ND,,,,,38.231545250,-85.791763624,0.135,8/30/2019 12:00:00 AM,2108,2,2,0,2,CLEAR,DRY,False,HEAD-ON COLLISION,HEAD ON,STRAIGHT & LEVEL,DARK-HWY LIGHTED/ON,,,9/3/2019 11:18:03 AM,False,7388,Accepted,
25584885,0568000,LOUISVILLE METRO POLICE DEPT,Accepted,JEFFERSON,I 0065,,I65 N,,,,,,,,,38.221919564,-85.751194340,133.585,8/30/2019 12:00:00 AM,1100,3,3,0,0,CLEAR,DRY,False,SIDESWIPE COLLISION - SAME DIRECTION,SIDESWIPE-SAME DIRECTION,STRAIGHT & GRADE,DAYLIGHT,,,9/3/2019 9:42:05 AM,False,4903,Accepted,
25602007,0568000,LOUISVILLE METRO POLICE DEPT,Accepted,JEFFERSON,KY0155,,TAYLORSVILLE,RD,,,,,,,,38.219890691,-85.625594115,13.310,8/30/2019 12:00:00 AM,0917,2,2,0,0,CLEAR,DRY,False,REAR END IN TRAFFIC LANES BOTH VEHICLES MOVING,REAR END,STRAIGHT & LEVEL,DAYLIGHT,,,9/6/2019 9:14:23 AM,False,5119,Accepted,
25584879,0568000,LOUISVILLE METRO POLICE DEPT,Accepted,JEFFERSON,I 0264,,I264 E,,,,,,,,,38.275983550,-85.632240795,21.756,8/30/2019 12:00:00 AM,0801,3,3,0,0,CLEAR,DRY,False,REAR END IN TRAFFIC LANES BOTH VEHICLES MOVING,REAR END,STRAIGHT & LEVEL,DAYLIGHT,,,9/3/2019 9:40:25 AM,False,4903,Accepted,
25584987,0568000,LOUISVILLE METRO POLICE DEPT,Accepted,JEFFERSON,,,RANGELAND,RD,,,,,,,,38.164537888,-85.662334315,1.093,8/30/2019 12:00:00 AM,1355,2,2,0,0,CLEAR,DRY,False,REAR END IN TRAFFIC LANES BOTH VEHICLES MOVING,REAR END,STRAIGHT & LEVEL,DAYLIGHT,,,9/3/2019 9:55:41 AM,False,5247,Accepted,
25585056,0568000,LOUISVILLE METRO POLICE DEPT,Accepted,JEFFERSON,KY0061,,PRESTON,HWY,,,,,,,,38.103244046,-85.672371010,1.380,8/30/2019 12:00:00 AM,1422,2,2,0,0,CLEAR,DRY,False,REAR END IN TRAFFIC LANES BOTH VEHICLES MOVING,REAR END,STRAIGHT & LEVEL,DAYLIGHT,,,9/3/2019 10:06:56 AM,False,4693,Accepted,
25585073,0568000,LOUISVILLE METRO POLICE DEPT,Accepted,JEFFERSON,I 0264,,I264 E,,,,,,,,,38.190116094,-85.756649020,10.600,8/30/2019 12:00:00 AM,1607,2,2,0,1,CLEAR,DRY,False,REAR END IN TRAFFIC LANES BOTH VEHICLES MOVING,REAR END,STRAIGHT & LEVEL,DAYLIGHT,,,9/3/2019 10:08:18 AM,False,2217,Accepted,
25585060,0568000,LOUISVILLE METRO POLICE DEPT,Accepted,JEFFERSON,US0031E,,BARDSTOWN,RD,,,,,,,,38.132539578,-85.578815516,4.254,8/30/2019 12:00:00 AM,1542,2,2,0,0,CLEAR,DRY,False,1 VEHICLE ENTERING/LEAVING ENTRANCE,ANGLE,STRAIGHT & LEVEL,DAYLIGHT,,,9/3/2019 10:07:28 AM,False,4693,Accepted,
25585076,0568000,LOUISVILLE METRO POLICE DEPT,Accepted,JEFFERSON,US0031E,,BUECHEL,BYP,,,,KY2052,HIKES,US0031E,BARDSTOWN,38.199146808,-85.661818636,11.051,8/30/2019 12:00:00 AM,1309,2,2,0,0,CLEAR,DRY,False,1 VEHICLE ENTERING/LEAVING ENTRANCE,ANGLE,STRAIGHT & LEVEL,DAYLIGHT,,,9/3/2019 10:08:25 AM,False,6100,Accepted,
25585441,0568000,LOUISVILLE METRO POLICE DEPT,Accepted,JEFFERSON,,,ROBBS,LN,,,,,GAYEWAY,KY1065,OUTER,38.136066087,-85.663016030,0.177,8/30/2019 12:00:00 AM,1622,2,2,0,0,CLEAR,DRY,True,1 VEHICLE ENTERING/LEAVING ENTRANCE,ANGLE,STRAIGHT & LEVEL,DAYLIGHT,,,9/3/2019 10:51:08 AM,False,7397,Accepted,
25585698,0568000,LOUISVILLE METRO POLICE DEPT,Accepted,JEFFERSON,,,GREENWOOD,AVE,,,,,40TH,,39TH,38.243940348,-85.818451769,1.813,8/30/2019 12:00:00 AM,1027,2,2,0,0,CLEAR,DRY,True,1 VEHICLE ENTERING/LEAVING ENTRANCE,ANGLE,STRAIGHT & LEVEL,DAYLIGHT,,,9/3/2019 11:09:12 AM,False,7328,Accepted,
25584939,0568000,LOUISVILLE METRO POLICE DEPT,Accepted,JEFFERSON,KY1703,,NEWBURG,RD,,,,,GARDINER,,LARKMOOR,38.198705721,-85.683217478,1.867,8/30/2019 12:00:00 AM,1225,2,2,0,0,CLOUDY,DRY,False,1 VEHICLE ENTERING/LEAVING ENTRANCE,ANGLE,STRAIGHT & LEVEL,DAYLIGHT,,,9/3/2019 9:46:14 AM,False,7602,Accepted,
25585430,0568000,LOUISVILLE METRO POLICE DEPT,Accepted,JEFFERSON,I 0065,,I65 N,,,,,I 0065,I65 N EXIT136A OFF RAMP TO  S BROOK ST,I 0065,I65 N EXIT135 ON RAMP FROM  E SAINT CATHERINE ST,38.239542610,-85.753140253,134.830,8/30/2019 12:00:00 AM,1743,2,2,0,0,CLOUDY,DRY,False,OTHER ROADWAY OR MID-BLOCK COLLISION,REAR END,CURVE & LEVEL,DAYLIGHT,,,9/3/2019 10:50:01 AM,False,7619,Accepted,