IncidentID,AgencyORI,AgencyName,IncidentStatusDesc,County,RdwyNumber,Street,RoadwayName,StreetSfx,StreetDir,IntersectionRdwy,IntersectionRdwyName,BetweenStRdwy1,BetweenStRdwyName1,BetweenStRdwy2,BetweenStRdwyName2,Latitude,Longitude,Milepoint,CollisionDate,CollisionTime,UnitsInvolved,MotorVehiclesInvolved,NumberKilled,NumberInjured,Weather,RdwyConditionCode,HitandRun,DirAnalysisCode,MannerofCollision,RdwyCharacter,LightCondition,RampFromRdwyId,RampToRdwyId,AcceptedDate,IsSecondaryCollision,OwnerBadge,IncidentStatus,
25584875,0568000,LOUISVILLE METRO POLICE DEPT,Accepted,JEFFERSON,I 0265,,I265 W,,,,,I 0265,I265 W EXIT14 OFF RAMP TO  COOPER CHAPEL RD,I 0265,I265 W EXIT15 ON RAMP FROM KY864,38.120510738,-85.631560790,14.213,8/30/2019 12:00:00 AM,0749,2,2,0,0,CLEAR,DRY,False,OTHER ROADWAY OR MID-BLOCK COLLISION,REAR END,STRAIGHT & LEVEL,DAYLIGHT,,,9/3/2019 9:39:54 AM,False,2017,Accepted,
25584975,0568000,LOUISVILLE METRO POLICE DEPT,Accepted,JEFFERSON,I 0071,,I71 S,,,,,,,,,38.308372370,-85.595064423,8.228,8/30/2019 12:00:00 AM,1600,2,2,0,1,CLEAR,DRY,False,OTHER ROADWAY OR MID-BLOCK COLLISION,REAR TO REAR,STRAIGHT & LEVEL,DAYLIGHT,,,9/3/2019 9:54:15 AM,False,2030,Accepted,
25618062,0568000,LOUISVILLE METRO POLICE DEPT,Accepted,JEFFERSON,,,HIKES,LN,,,,,GREEN MEADOWS,KY2251,BARDSTOWN,38.200249779,-85.658150471,0.994,8/30/2019 12:00:00 AM,1559,2,2,0,0,CLEAR,DRY,False,OTHER ROADWAY OR MID-BLOCK COLLISION,REAR END,STRAIGHT & LEVEL,DAYLIGHT,,,9/10/2019 8:49:35 AM,False,2429,Accepted,
25585005,0568000,LOUISVILLE METRO POLICE DEPT,Accepted,JEFFERSON,,,STONESTREET,RD,,,,,KENNEDY PLACE,US0031W,DIXIE,38.120862701,-85.854934559,0.048,8/30/2019 12:00:00 AM,1640,3,3,0,0,CLEAR,DRY,False,OTHER ROADWAY OR MID-BLOCK COLLISION,REAR END,STRAIGHT & LEVEL,DAYLIGHT,,,9/3/2019 10:00:31 AM,False,7224,Accepted,
25585377,0568000,LOUISVILLE METRO POLICE DEPT,Accepted,JEFFERSON,US0031E,550,3RD,ST,S,,,,,,,38.255744800,-85.754992529,17.829,8/30/2019 12:00:00 AM,0900,2,2,0,0,CLEAR,DRY,True,COLLISION IN PARKING LOT,BACKING,STRAIGHT & LEVEL,DAYLIGHT,,,9/3/2019 10:47:25 AM,False,7497,Accepted,
25585119,0568000,LOUISVILLE METRO POLICE DEPT,Accepted,JEFFERSON,US0031W,10445,DIXIE,HWY,,,,,,,,38.103479625,-85.869344320,8.314,8/30/2019 12:00:00 AM,2200,2,2,0,3,CLEAR,DRY,False,COLLISION IN PARKING LOT,ANGLE,STRAIGHT & LEVEL,DARK-HWY LIGHTED/ON,,,9/3/2019 10:13:20 AM,False,7295,Accepted,
25584996,0568000,LOUISVILLE METRO POLICE DEPT,Accepted,JEFFERSON,KY0841,,,,,,,,,,,38.102653772,-85.820179509,0.090,8/30/2019 12:00:00 AM,1117,3,3,0,0,CLEAR,DRY,True,OTHER RAMP RELATED COLLISIONS NOT LISTED ABOVE,REAR END,STRAIGHT & LEVEL,DAYLIGHT,KY0841,STONESTREET RD,9/3/2019 9:57:17 AM,False,7234,Accepted,
25584871,0568000,LOUISVILLE METRO POLICE DEPT,Accepted,JEFFERSON,I 0265,,,,,,,,,,,38.110606375,-85.681695164,0.383,8/30/2019 12:00:00 AM,0730,3,3,0,0,CLEAR,DRY,False,OTHER RAMP RELATED COLLISIONS NOT LISTED ABOVE,REAR END,CURVE & GRADE,DAYLIGHT,KY0061,I 0265,9/3/2019 9:39:15 AM,False,7840,Accepted,
25585122,0568000,LOUISVILLE METRO POLICE DEPT,Accepted,JEFFERSON,,1509,CRUMS,LN,,KY1931,MANSLICK,,,,,38.189226321,-85.801347257,0.430,8/30/2019 12:00:00 AM,1932,2,2,0,0,CLEAR,DRY,True,COLLISION IN PARKING LOT,SIDESWIPE-OPPOSITE DIRECTION,STRAIGHT & LEVEL,DARK-HWY LIGHTED/ON,,,9/3/2019 10:14:02 AM,False,7435,Accepted,
25584946,0568000,LOUISVILLE METRO POLICE DEPT,Accepted,JEFFERSON,,10501,FISCHER PARK,DR,,,,,,,,38.296746866,-85.555079854,0.287,8/30/2019 12:00:00 AM,1310,2,2,0,0,CLEAR,DRY,True,COLLISION IN PARKING LOT,BACKING,STRAIGHT & LEVEL,DAYLIGHT,,,9/3/2019 9:47:41 AM,False,7313,Accepted,
25584980,0568000,LOUISVILLE METRO POLICE DEPT,Accepted,JEFFERSON,,3434,ILLINOIS,AVE,,,,,,,,38.215002344,-85.713981085,0.495,8/30/2019 12:00:00 AM,1530,1,1,0,0,CLEAR,DRY,True,COLLISION IN PARKING LOT,SINGLE VEHICLE,STRAIGHT & LEVEL,DAYLIGHT,,,9/3/2019 9:55:09 AM,False,5233,Accepted,
25569436,0568000,LOUISVILLE METRO POLICE DEPT,Accepted,JEFFERSON,,4503,WESTPORT WOODS,LN,,,,,,,,38.304399604,-85.532903607,0.109,8/29/2019 12:00:00 AM,1454,2,2,0,0,CLEAR,DRY,False,COLLISION IN PARKING LOT,BACKING,STRAIGHT & LEVEL,DAYLIGHT,,,8/30/2019 8:34:40 AM,False,7142,Accepted,
25569370,0568000,LOUISVILLE METRO POLICE DEPT,Accepted,JEFFERSON,I 0065,,,,,,,,,,,38.191997597,-85.731439854,1.321,8/29/2019 12:00:00 AM,1415,1,1,0,1,CLEAR,DRY,False,OTHER RAMP RELATED COLLISIONS NOT LISTED ABOVE,SINGLE VEHICLE,CURVE & LEVEL,DAYLIGHT,I 0065,I 0264,8/30/2019 8:31:06 AM,False,7965,Accepted,
25566004,0561000,JEFFERSONTOWN POLICE DEPT,Accepted,JEFFERSON,I 0064,,,,,,,,,,,38.224849677,-85.578239019,0.093,8/29/2019 12:00:00 AM,1057,2,2,0,0,CLEAR,DRY,False,OTHER RAMP RELATED COLLISIONS NOT LISTED ABOVE,REAR END,STRAIGHT & LEVEL,DAYLIGHT,I 0064,KY1747,8/29/2019 3:45:22 PM,False,8299,Accepted,
25569173,0560400,SHIVELY POLICE DEPARTMENT,Accepted,JEFFERSON,US0031W,4720,DIXIE,HWY,,,,,,,,38.174432312,-85.823324682,13.830,8/29/2019 12:00:00 AM,0000,2,2,0,0,CLEAR,DRY,True,COLLISION IN PARKING LOT,BACKING,STRAIGHT & LEVEL,DARK-HWY LIGHTED/ON,,,8/30/2019 7:20:57 AM,False,7114,Accepted,
25584882,0568000,LOUISVILLE METRO POLICE DEPT,Accepted,JEFFERSON,I 0065,,,,,,,,,,,38.116453252,-85.699271585,0.409,8/29/2019 12:00:00 AM,1822,2,2,0,0,CLEAR,DRY,False,OTHER RAMP RELATED COLLISIONS NOT LISTED ABOVE,SIDESWIPE-SAME DIRECTION,STRAIGHT & LEVEL,DAYLIGHT,I 0065,I 0065,9/3/2019 9:41:31 AM,False,7944,Accepted,
25569458,0568000,LOUISVILLE METRO POLICE DEPT,Accepted,JEFFERSON,I 0065,,,,,,,,,,,38.154544364,-85.716973340,0.554,8/29/2019 12:00:00 AM,2140,2,2,0,0,CLEAR,DRY,False,OTHER RAMP RELATED COLLISIONS NOT LISTED ABOVE,REAR END,STRAIGHT & LEVEL,DARK-HWY LIGHTED/ON,KY1631,I 0065,8/30/2019 8:38:36 AM,False,6360,Accepted,
25585878,0568000,LOUISVILLE METRO POLICE DEPT,Accepted,JEFFERSON,US0031W,7200,DIXIE,HWY,,,,,,,,38.144054212,-85.839496240,11.658,8/29/2019 12:00:00 AM,1254,2,2,0,0,CLEAR,DRY,False,OTHER ROADWAY OR MID-BLOCK COLLISION,REAR END,STRAIGHT & LEVEL,DAYLIGHT,,,9/3/2019 11:21:18 AM,False,7524,Accepted,
25569331,0568000,LOUISVILLE METRO POLICE DEPT,Accepted,JEFFERSON,I 0265,,I265 E,,,,,,,,,38.182839729,-85.508133264,22.713,8/29/2019 12:00:00 AM,0700,2,2,0,0,CLEAR,DRY,False,OTHER ROADWAY OR MID-BLOCK COLLISION,REAR END,STRAIGHT & LEVEL,DAYLIGHT,,,8/30/2019 8:24:54 AM,False,4903,Accepted,
25569332,0568000,LOUISVILLE METRO POLICE DEPT,Accepted,JEFFERSON,,,GLASER,LN,,,,,OLD BOUNDARY,,FONTENDLEAU,38.143764844,-85.602028920,1.274,8/29/2019 12:00:00 AM,0834,2,2,0,2,CLEAR,DRY,False,OTHER ROADWAY OR MID-BLOCK COLLISION,REAR END,STRAIGHT & LEVEL,DAYLIGHT,,,8/30/2019 8:25:04 AM,False,2017,Accepted,
25569466,0568000,LOUISVILLE METRO POLICE DEPT,Accepted,JEFFERSON,KY1931,5200,GREENWOOD,RD,,,,,,,,38.144099922,-85.854367287,2.282,8/29/2019 12:00:00 AM,2035,1,1,0,0,CLEAR,DRY,False,OTHER ROADWAY OR MID-BLOCK COLLISION,SINGLE VEHICLE,STRAIGHT & LEVEL,DARK-HWY LIGHTED/OFF,,,8/30/2019 8:39:57 AM,False,7992,Accepted,
25596749,0568000,LOUISVILLE METRO POLICE DEPT,Accepted,JEFFERSON,I 0265,,I265 E,,,,,,,,,38.186940864,-85.508748833,23.001,8/29/2019 12:00:00 AM,0700,3,3,0,1,CLEAR,DRY,False,OTHER ROADWAY OR MID-BLOCK COLLISION,REAR END,STRAIGHT & LEVEL,DAYLIGHT,,,9/5/2019 8:43:09 AM,False,4656,Accepted,
25613117,0568000,LOUISVILLE METRO POLICE DEPT,Accepted,JEFFERSON,,,FAIRDALE,RD,,,,,,,,38.105004920,-85.758726704,0.001,8/29/2019 12:00:00 AM,1610,2,2,0,0,CLEAR,DRY,False,1 VEHICLE ENTERING/LEAVING ENTRANCE,ANGLE,STRAIGHT & LEVEL,DAYLIGHT,,,9/9/2019 10:17:06 AM,False,7221,Accepted,
25569360,0568000,LOUISVILLE METRO POLICE DEPT,Accepted,JEFFERSON,,,LUCIA,AVE,,,,,,,,38.236918995,-85.718466416,0.006,8/29/2019 12:00:00 AM,0852,2,2,0,0,CLEAR,DRY,False,1 VEHICLE ENTERING/LEAVING ENTRANCE,ANGLE,STRAIGHT & LEVEL,DAYLIGHT,,,8/30/2019 8:29:21 AM,False,7034,Accepted,
25569367,0568000,LOUISVILLE METRO POLICE DEPT,Accepted,JEFFERSON,,,MARGUERITE,DR,,,,,,,,38.164648337,-85.849185129,0.033,8/29/2019 12:00:00 AM,1041,2,2,0,0,CLEAR,DRY,False,1 VEHICLE ENTERING/LEAVING ENTRANCE,ANGLE,STRAIGHT & LEVEL,DAYLIGHT,,,8/30/2019 8:30:49 AM,False,7234,Accepted,
25585895,0568000,LOUISVILLE METRO POLICE DEPT,Accepted,JEFFERSON,US0031E,,BARDSTOWN,RD,,,,,,,,38.211216980,-85.671375232,12.050,8/29/2019 12:00:00 AM,1632,2,2,0,0,CLEAR,DRY,False,1 VEHICLE ENTERING/LEAVING ENTRANCE,ANGLE,STRAIGHT & LEVEL,DAYLIGHT,,,9/3/2019 11:24:28 AM,False,7306,Accepted,
25569446,0568000,LOUISVILLE METRO POLICE DEPT,Accepted,JEFFERSON,,,WARREN,AVE,,,,,BERRY,,DENMARK,38.195918894,-85.777066941,0.411,8/29/2019 12:00:00 AM,1525,2,2,0,0,CLEAR,DRY,True,SIDESWIPE COLLISION - OPPOSITE DIRECTION,SIDESWIPE-OPPOSITE DIRECTION,STRAIGHT & LEVEL,DAYLIGHT,,,8/30/2019 8:37:25 AM,False,7402,Accepted,
25633690,0568000,LOUISVILLE METRO POLICE DEPT,Accepted,JEFFERSON,KY2251,,BARDSTOWN,RD,,,,,HIKES,,STEIER,38.198439029,-85.658919908,0.971,8/29/2019 12:00:00 AM,1130,2,2,0,0,CLEAR,DRY,False,SIDESWIPE COLLISION - OPPOSITE DIRECTION,SIDESWIPE-OPPOSITE DIRECTION,STRAIGHT & LEVEL,DAYLIGHT,,,9/13/2019 8:33:14 AM,False,7497,Accepted,
25613334,0568000,LOUISVILLE METRO POLICE DEPT,Accepted,JEFFERSON,US0060,,SHELBYVILLE,RD,,,,,EDEN,KY1747,HURSTBOURNE,38.246486844,-85.577883908,7.803,8/29/2019 12:00:00 AM,1409,2,2,0,0,CLEAR,DRY,False,SIDESWIPE COLLISION - SAME DIRECTION,SIDESWIPE-SAME DIRECTION,STRAIGHT & LEVEL,DAYLIGHT,,,9/9/2019 10:37:20 AM,False,7358,Accepted,
25569444,0568000,LOUISVILLE METRO POLICE DEPT,Accepted,JEFFERSON,US0031E,,BARDSTOWN,RD,,,,I 0264,I264 E EXIT16 OFF RAMP TO US31E S,,GOLDSMITH,38.209711691,-85.670227262,11.907,8/29/2019 12:00:00 AM,1821,2,2,0,0,CLEAR,DRY,False,REAR END IN TRAFFIC LANES BOTH VEHICLES MOVING,REAR END,STRAIGHT & LEVEL,DAYLIGHT,,,8/30/2019 8:36:55 AM,False,7482,Accepted,
25613771,0568000,LOUISVILLE METRO POLICE DEPT,Accepted,JEFFERSON,,,SHEPHERDSVILLE,RD,,,,,,,,38.129508157,-85.661746008,0.685,8/29/2019 12:00:00 AM,1755,2,1,0,0,CLEAR,DRY,False,REAR END IN TRAFFIC LANES BOTH VEHICLES MOVING,REAR END,STRAIGHT & LEVEL,DAYLIGHT,,,9/9/2019 11:34:37 AM,False,4693,Accepted,
25676006,0568000,LOUISVILLE METRO POLICE DEPT,Accepted,JEFFERSON,KY1447,,WESTPORT,RD,,,,,OLD WESTPORT,,OLD WESTPORT,38.276428200,-85.602848027,3.386,8/29/2019 12:00:00 AM,0737,3,3,0,0,CLEAR,DRY,True,REAR END IN TRAFFIC LANES BOTH VEHICLES MOVING,REAR END,STRAIGHT & LEVEL,DAYLIGHT,,,9/23/2019 9:06:03 AM,False,6929,Accepted,
25569440,0568000,LOUISVILLE METRO POLICE DEPT,Accepted,JEFFERSON,KY0061,,JACKSON,ST,S,,,,FINZER,,JACOB,38.244059190,-85.745776833,12.211,8/29/2019 12:00:00 AM,1708,2,2,0,0,CLEAR,DRY,False,SIDESWIPE COLLISION - SAME DIRECTION,SIDESWIPE-SAME DIRECTION,STRAIGHT & LEVEL,DAYLIGHT,,,8/30/2019 8:35:29 AM,False,7418,Accepted,
25569467,0568000,LOUISVILLE METRO POLICE DEPT,Accepted,JEFFERSON,I 0264,,I264 W,,,,,,,,,38.245774242,-85.621247209,19.468,8/29/2019 12:00:00 AM,2100,2,2,0,1,CLEAR,DRY,False,SIDESWIPE COLLISION - SAME DIRECTION,SIDESWIPE-SAME DIRECTION,STRAIGHT & LEVEL,DARK-HWY LIGHTED/OFF,,,8/30/2019 8:40:07 AM,False,7055,Accepted,
25585893,0568000,LOUISVILLE METRO POLICE DEPT,Accepted,JEFFERSON,I 0264,,I264 W,,,,,,,,,38.202045111,-85.689006907,14.507,8/29/2019 12:00:00 AM,1539,2,2,0,0,CLEAR,DRY,True,SIDESWIPE COLLISION - SAME DIRECTION,SIDESWIPE-SAME DIRECTION,STRAIGHT & LEVEL,DAYLIGHT,,,9/3/2019 11:24:11 AM,False,7306,Accepted,
25569536,0568000,LOUISVILLE METRO POLICE DEPT,Accepted,JEFFERSON,,,HILL,ST,W,,,,,,,38.228004843,-85.784754371,1.526,8/29/2019 12:00:00 AM,0620,2,2,0,0,CLEAR,DRY,False,SIDESWIPE COLLISION - SAME DIRECTION,SIDESWIPE-SAME DIRECTION,STRAIGHT & LEVEL,DAWN,,,8/30/2019 8:52:57 AM,False,7434,Accepted,
25569363,0568000,LOUISVILLE METRO POLICE DEPT,Accepted,JEFFERSON,,219,ORMSBY,AVE,W,,,,,,,38.232616929,-85.757828356,0.115,8/29/2019 12:00:00 AM,1455,2,2,0,0,CLEAR,DRY,False,SIDESWIPE COLLISION - SAME DIRECTION,SIDESWIPE-SAME DIRECTION,STRAIGHT & LEVEL,DAYLIGHT,,,8/30/2019 8:29:56 AM,False,7132,Accepted,
25569438,0568000,LOUISVILLE METRO POLICE DEPT,Accepted,JEFFERSON,,,KENTUCKY,ST,E,,,,FLOYD,,BROOK,38.238020696,-85.751116130,0.195,8/29/2019 12:00:00 AM,1316,2,2,0,0,CLEAR,DRY,False,SIDESWIPE COLLISION - SAME DIRECTION,SIDESWIPE-SAME DIRECTION,STRAIGHT & LEVEL,DAYLIGHT,,,8/30/2019 8:35:04 AM,False,7418,Accepted,
25596895,0568000,LOUISVILLE METRO POLICE DEPT,Accepted,JEFFERSON,I 0065,,I65 N,,,,,,,,,38.102156587,-85.701013083,124.274,8/29/2019 12:00:00 AM,0242,2,2,0,0,CLEAR,DRY,True,SIDESWIPE COLLISION - SAME DIRECTION,SIDESWIPE-SAME DIRECTION,STRAIGHT & LEVEL,DARK (UNKNOWN ROADWAY LIGHTING),,,9/5/2019 9:11:31 AM,False,5184,Accepted,
25612774,0568000,LOUISVILLE METRO POLICE DEPT,Accepted,JEFFERSON,I 0264,,I264 W,,,,,I 0065,I65 W EXIT11 OFF RAMP,I 0065,I264 W EXIT12 OFF RAMP TO,38.190998755,-85.719920290,12.618,8/29/2019 12:00:00 AM,1600,2,2,0,0,CLEAR,DRY,False,SIDESWIPE COLLISION - SAME DIRECTION,SIDESWIPE-SAME DIRECTION,STRAIGHT & LEVEL,DAYLIGHT,,,9/9/2019 9:38:19 AM,False,7938,Accepted,
25596980,0568000,LOUISVILLE METRO POLICE DEPT,Accepted,JEFFERSON,I 0065,,I65 N,,,,,I 0065,I65 N EXIT128 ON RAMP FROM KY1631,I 0065,I65 N EXIT130 OFF RAMP TO KY61,38.168636770,-85.720536437,129.070,8/29/2019 12:00:00 AM,0743,3,3,0,0,CLEAR,DRY,False,REAR END IN TRAFFIC LANES BOTH VEHICLES MOVING,REAR END,STRAIGHT & LEVEL,DAYLIGHT,,,9/5/2019 9:18:32 AM,False,7720,Accepted,
25585098,0568000,LOUISVILLE METRO POLICE DEPT,Accepted,JEFFERSON,KY1703,,NEWBURG,RD,,,,,COLONIAL HILL,,THOUSAND OAKS,38.203675764,-85.691643497,2.447,8/29/2019 12:00:00 AM,1842,2,2,0,0,CLEAR,DRY,False,REAR END IN TRAFFIC LANES BOTH VEHICLES MOVING,REAR END,STRAIGHT & LEVEL,DAYLIGHT,,,9/3/2019 10:10:13 AM,False,7570,Accepted,
25569334,0568000,LOUISVILLE METRO POLICE DEPT,Accepted,JEFFERSON,I 0064,,I64 E,,,,,,,,,38.277673499,-85.821013119,0.258,8/29/2019 12:00:00 AM,0755,2,2,0,0,CLEAR,DRY,False,REAR END IN TRAFFIC LANES BOTH VEHICLES MOVING,REAR END,STRAIGHT & LEVEL,DAYLIGHT,,,8/30/2019 8:25:22 AM,False,5253,Accepted,
25569333,0568000,LOUISVILLE METRO POLICE DEPT,Accepted,JEFFERSON,I 0265,,I265 E,,,,,,,,,38.178652382,-85.510635510,22.397,8/29/2019 12:00:00 AM,0700,2,2,0,0,CLEAR,DRY,False,REAR END IN TRAFFIC LANES BOTH VEHICLES MOVING,REAR END,STRAIGHT & LEVEL,DAYLIGHT,,,8/30/2019 8:25:13 AM,True,4903,Accepted,
25569408,0568000,LOUISVILLE METRO POLICE DEPT,Accepted,JEFFERSON,KY1020,,NATIONAL,TPKE,,,,,GLENGARRY,,RUBEN,38.124510739,-85.748533066,3.505,8/29/2019 12:00:00 AM,1709,2,2,0,0,CLEAR,DRY,False,REAR END IN TRAFFIC LANES BOTH VEHICLES MOVING,REAR END,STRAIGHT & LEVEL,DAYLIGHT,,,8/30/2019 8:32:37 AM,False,7202,Accepted,
25569459,0568000,LOUISVILLE METRO POLICE DEPT,Accepted,JEFFERSON,I 0264,,I264 W,,,,,,,,,38.256934764,-85.622051620,20.259,8/29/2019 12:00:00 AM,2145,2,2,0,0,CLEAR,DRY,False,REAR END IN TRAFFIC LANES BOTH VEHICLES MOVING,REAR END,CURVE & GRADE,DARK-HWY LIGHTED/ON,,,8/30/2019 8:38:46 AM,False,7615,Accepted,
25569358,0568000,LOUISVILLE METRO POLICE DEPT,Accepted,JEFFERSON,I 0264,,I264 W,,,,,,,,,38.205064411,-85.681451212,14.972,8/29/2019 12:00:00 AM,1554,2,2,0,0,CLEAR,DRY,False,REAR END IN TRAFFIC LANES BOTH VEHICLES MOVING,REAR END,STRAIGHT & LEVEL,DAYLIGHT,,,8/30/2019 8:28:58 AM,False,2278,Accepted,
25569337,0568000,LOUISVILLE METRO POLICE DEPT,Accepted,JEFFERSON,I 0071,,I71 S,,,,,,,,,38.298180540,-85.623192451,6.504,8/29/2019 12:00:00 AM,0937,1,1,0,0,CLEAR,DRY,False,OTHER COLLISIONS ON SHOULDER,SINGLE VEHICLE,STRAIGHT & LEVEL,DAYLIGHT,,,8/30/2019 8:26:13 AM,False,6929,Accepted,
25569338,0568000,LOUISVILLE METRO POLICE DEPT,Accepted,JEFFERSON,,,RAY,AVE,,,,,GLENMARY,KY2860,GRINSTEAD,38.241490906,-85.709977946,0.096,8/29/2019 12:00:00 AM,0847,2,2,0,0,CLEAR,DRY,False,1 VEHICLE PARKED POSITION (NOT PARKING LOT/DRIVEWAY),SIDESWIPE-SAME DIRECTION,STRAIGHT & LEVEL,DAYLIGHT,,,8/30/2019 8:26:24 AM,False,2230,Accepted,
25569437,0568000,LOUISVILLE METRO POLICE DEPT,Accepted,JEFFERSON,,,BURNETT,AVE,E,,,,HANCOCK,,CLAY,38.225579686,-85.745594012,0.616,8/29/2019 12:00:00 AM,0907,2,2,0,0,CLEAR,DRY,False,1 VEHICLE PARKED POSITION (NOT PARKING LOT/DRIVEWAY),SIDESWIPE-SAME DIRECTION,STRAIGHT & LEVEL,DAYLIGHT,,,8/30/2019 8:34:52 AM,False,7418,Accepted,
25569439,0568000,LOUISVILLE METRO POLICE DEPT,Accepted,JEFFERSON,,,OAK,ST,E,,,I 0065,I65 S EXIT135 ON RAMP FROM  E OAK ST,KY0061,PRESTON,38.234074463,-85.749669252,0.310,8/29/2019 12:00:00 AM,1635,2,2,0,0,CLEAR,DRY,False,1 VEHICLE PARKED POSITION (NOT PARKING LOT/DRIVEWAY),SIDESWIPE-SAME DIRECTION,STRAIGHT & LEVEL,DARK (UNKNOWN ROADWAY LIGHTING),,,8/30/2019 8:35:11 AM,False,7418,Accepted,
25563418,0568000,LOUISVILLE METRO POLICE DEPT,Accepted,JEFFERSON,US0031W,,DIXIE,HWY,,,KATHERINE STATION,,,,,38.005897231,-85.936826871,0.453,8/29/2019 12:00:00 AM,0040,1,1,0,0,CLEAR,DRY,False,OTHER INTERSECTION COLLISIONS,SINGLE VEHICLE,STRAIGHT & LEVEL,DARK-HWY NOT LIGHTED,,,8/29/2019 8:37:13 AM,False,5103,Accepted,
25569356,0568000,LOUISVILLE METRO POLICE DEPT,Accepted,JEFFERSON,US0150,,BROADWAY,,W,,18TH,,,,,38.248905572,-85.781531950,1.099,8/29/2019 12:00:00 AM,1214,2,2,0,0,CLEAR,DRY,True,OTHER INTERSECTION COLLISIONS,REAR END,STRAIGHT & LEVEL,DAYLIGHT,,,8/30/2019 8:28:41 AM,False,7805,Accepted,
25569343,0568000,LOUISVILLE METRO POLICE DEPT,Accepted,JEFFERSON,KY1727,,TERRY,RD,,,COLE,,,,,38.159027210,-85.867310400,2.614,8/29/2019 12:00:00 AM,0734,2,2,0,0,CLEAR,DRY,False,OTHER INTERSECTION COLLISIONS,REAR END,STRAIGHT & LEVEL,DAYLIGHT,,,8/30/2019 8:26:59 AM,False,6326,Accepted,
25569433,0568000,LOUISVILLE METRO POLICE DEPT,Accepted,JEFFERSON,KY1747,,HURSTBOURNE,PKWY,N,US0060,SHELBYVILLE,,,,,38.246407285,-85.577008604,13.500,8/29/2019 12:00:00 AM,1637,2,2,0,0,CLEAR,DRY,False,OTHER INTERSECTION COLLISIONS,REAR END,STRAIGHT & LEVEL,DAYLIGHT,,,8/30/2019 8:34:18 AM,False,7858,Accepted,
25569350,0568000,LOUISVILLE METRO POLICE DEPT,Accepted,JEFFERSON,KY0061,,PRESTON,HWY,,,GRADE,,,,,38.180548728,-85.718933555,7.394,8/29/2019 12:00:00 AM,1332,2,2,0,0,CLEAR,DRY,False,OTHER INTERSECTION COLLISIONS,REAR END,STRAIGHT & LEVEL,DAYLIGHT,,,8/30/2019 8:28:08 AM,False,7319,Accepted,
25569441,0568000,LOUISVILLE METRO POLICE DEPT,Accepted,JEFFERSON,KY0061,,PRESTON,HWY,,,BOERSTE,,,,,38.113972516,-85.675982872,2.125,8/29/2019 12:00:00 AM,1301,2,2,0,0,CLEAR,DRY,False,OTHER INTERSECTION COLLISIONS,REAR END,STRAIGHT & LEVEL,DAYLIGHT,,,8/30/2019 8:35:52 AM,False,4693,Accepted,
25569365,0568000,LOUISVILLE METRO POLICE DEPT,Accepted,JEFFERSON,KY0155,,TAYLORSVILLE,RD,,I 0264,I264 W EXIT17 ON RAMP FROM KY155,,,,,38.221858473,-85.655606504,14.945,8/29/2019 12:00:00 AM,1647,2,2,0,0,CLEAR,DRY,False,OTHER INTERSECTION COLLISIONS,REAR END,STRAIGHT & LEVEL,DAYLIGHT,,,8/30/2019 8:30:21 AM,False,2278,Accepted,
25602241,0568000,LOUISVILLE METRO POLICE DEPT,Accepted,JEFFERSON,,,7TH,ST,S,KY2054,ALGONQUIN,,,,,38.220057607,-85.777396647,0.001,8/29/2019 12:00:00 AM,1558,3,3,0,0,CLEAR,DRY,True,OTHER INTERSECTION COLLISIONS,REAR END,STRAIGHT & LEVEL,DAYLIGHT,,,9/6/2019 9:42:15 AM,False,5173,Accepted,
25569465,0568000,LOUISVILLE METRO POLICE DEPT,Accepted,JEFFERSON,US0031E,,BARDSTOWN,RD,,US0060A,EASTERN,,,,,38.231989476,-85.709344993,14.625,8/29/2019 12:00:00 AM,2255,2,2,0,0,CLEAR,DRY,False,SIDESWIPE-SAME DIRECTION,SIDESWIPE-SAME DIRECTION,STRAIGHT & LEVEL,DARK-HWY LIGHTED/ON,,,8/30/2019 8:39:43 AM,False,7049,Accepted,
25569460,0568000,LOUISVILLE METRO POLICE DEPT,Accepted,JEFFERSON,KY1932,,BRECKENRIDGE,LN,,US0031E,BARDSTOWN,,,,,38.181102857,-85.626435010,0.009,8/29/2019 12:00:00 AM,2254,2,2,0,0,CLEAR,DRY,False,SIDESWIPE-SAME DIRECTION,SIDESWIPE-SAME DIRECTION,STRAIGHT & LEVEL,DARK-HWY LIGHTED/ON,,,8/30/2019 8:38:55 AM,False,2234,Accepted,
25585116,0568000,LOUISVILLE METRO POLICE DEPT,Accepted,JEFFERSON,KY0061,,PRESTON,HWY,,,MANNING,,,,,38.198334390,-85.732038427,8.821,8/29/2019 12:00:00 AM,2030,2,2,0,0,CLEAR,DRY,False,SIDESWIPE-SAME DIRECTION,SIDESWIPE-SAME DIRECTION,STRAIGHT & LEVEL,DAYLIGHT,,,9/3/2019 10:12:01 AM,False,5149,Accepted,