IncidentID,AgencyORI,AgencyName,IncidentStatusDesc,County,RdwyNumber,Street,RoadwayName,StreetSfx,StreetDir,IntersectionRdwy,IntersectionRdwyName,BetweenStRdwy1,BetweenStRdwyName1,BetweenStRdwy2,BetweenStRdwyName2,Latitude,Longitude,Milepoint,CollisionDate,CollisionTime,UnitsInvolved,MotorVehiclesInvolved,NumberKilled,NumberInjured,Weather,RdwyConditionCode,HitandRun,DirAnalysisCode,MannerofCollision,RdwyCharacter,LightCondition,RampFromRdwyId,RampToRdwyId,AcceptedDate,IsSecondaryCollision,OwnerBadge,IncidentStatus,
25569364,0568000,LOUISVILLE METRO POLICE DEPT,Accepted,JEFFERSON,US0031E,,BUECHEL,BYP,,,PLAZA,,,,,38.190948692,-85.651898149,10.262,8/29/2019 12:00:00 AM,1644,2,2,0,1,CLEAR,DRY,False,OTHER INTERSECTION COLLISIONS,REAR END,STRAIGHT & LEVEL,DAYLIGHT,,,8/30/2019 8:30:05 AM,False,2532,Accepted,
25569414,0568000,LOUISVILLE METRO POLICE DEPT,Accepted,JEFFERSON,KY1065,,OUTER,LOOP,,KY0061,PRESTON,,,,,38.138326604,-85.686904954,6.048,8/29/2019 12:00:00 AM,1717,2,2,0,0,CLEAR,DRY,False,OTHER INTERSECTION COLLISIONS,REAR END,STRAIGHT & LEVEL,DAYLIGHT,,,8/30/2019 8:32:47 AM,False,7354,Accepted,
25569470,0568000,LOUISVILLE METRO POLICE DEPT,Accepted,JEFFERSON,US0031E,,BARDSTOWN,RD,,US0060A,EASTERN,,,,,38.231994062,-85.709321934,14.626,8/29/2019 12:00:00 AM,2211,2,2,0,0,CLEAR,DRY,False,OTHER INTERSECTION COLLISIONS,REAR END,STRAIGHT & LEVEL,DARK-HWY LIGHTED/ON,,,8/30/2019 8:40:23 AM,False,7043,Accepted,
25569476,0568000,LOUISVILLE METRO POLICE DEPT,Accepted,JEFFERSON,US0031E,,BARDSTOWN,RD,,I 0264,I264 E EXIT16 ON RAMP FROM US31E N,,,,,38.209640147,-85.669853270,11.904,8/29/2019 12:00:00 AM,2308,2,2,0,0,CLEAR,DRY,True,OPPOSITE DIRECTION - BOTH VEHICLES GOING STRAIGHT AHEAD,SIDESWIPE-OPPOSITE DIRECTION,STRAIGHT & LEVEL,DARK-HWY LIGHTED/ON,,,8/30/2019 8:41:25 AM,False,5024,Accepted,
25569457,0568000,LOUISVILLE METRO POLICE DEPT,Accepted,JEFFERSON,KY1931,,GREENWOOD,RD,,,FEYHURST,,,,,38.144345893,-85.858239201,2.129,8/29/2019 12:00:00 AM,2035,2,2,0,0,CLEAR,DRY,False,ANGLE COLLISION - OTHER,ANGLE,STRAIGHT & LEVEL,DUSK,,,8/30/2019 8:38:26 AM,False,7980,Accepted,
25569442,0568000,LOUISVILLE METRO POLICE DEPT,Accepted,JEFFERSON,,,COOPER CHAPEL,RD,,,LEISURE,,,,,38.103070677,-85.650897314,1.185,8/29/2019 12:00:00 AM,1717,2,2,0,0,CLEAR,DRY,False,ANGLE COLLISION - OTHER,ANGLE,CURVE & LEVEL,DAYLIGHT,,,8/30/2019 8:36:22 AM,False,4693,Accepted,
25569432,0568000,LOUISVILLE METRO POLICE DEPT,Accepted,JEFFERSON,KY1747,,HURSTBOURNE,PKWY,N,,WHITE BLOSSOM,,,,,38.299682766,-85.573864459,17.950,8/29/2019 12:00:00 AM,0749,2,2,0,0,CLEAR,DRY,False,ANGLE COLLISION - OTHER,ANGLE,STRAIGHT & LEVEL,DAYLIGHT,,,8/30/2019 8:34:02 AM,False,7858,Accepted,
25563423,0568000,LOUISVILLE METRO POLICE DEPT,Accepted,JEFFERSON,KY0061,,PRESTON,HWY,,KY1065,OUTER,,,,,38.138539117,-85.686819868,3.966,8/29/2019 12:00:00 AM,0444,2,2,0,0,CLEAR,DRY,False,ANGLE COLLISION - OTHER,ANGLE,STRAIGHT & LEVEL,DARK-HWY LIGHTED/ON,,,8/29/2019 8:37:38 AM,False,6360,Accepted,
25569351,0568000,LOUISVILLE METRO POLICE DEPT,Accepted,JEFFERSON,KY0061,,PRESTON,HWY,,,PARK,,,,,38.118058923,-85.677247878,2.450,8/29/2019 12:00:00 AM,0842,2,2,0,0,CLEAR,DRY,False,ANGLE COLLISION - OTHER,ANGLE,STRAIGHT & LEVEL,DAYLIGHT,,,8/30/2019 8:28:16 AM,False,7669,Accepted,
25586397,0568000,LOUISVILLE METRO POLICE DEPT,Accepted,JEFFERSON,,,OLD BARDSTOWN,RD,,,FAIRMOUNT,,,,,38.116093795,-85.571739753,1.053,8/29/2019 12:00:00 AM,0932,2,2,0,0,CLEAR,DRY,False,ANGLE COLLISION - OTHER,ANGLE,STRAIGHT & LEVEL,DAYLIGHT,,,9/3/2019 12:25:30 PM,False,7962,Accepted,
25569362,0568000,LOUISVILLE METRO POLICE DEPT,Accepted,JEFFERSON,KY1931,,7TH ST,RD,,KY2054,ALGONQUIN,,,,,38.219873085,-85.777643016,10.454,8/29/2019 12:00:00 AM,1544,3,3,0,0,CLEAR,DRY,True,ANGLE COLLISION - OTHER,ANGLE,STRAIGHT & LEVEL,DAYLIGHT,,,8/30/2019 8:29:46 AM,False,7381,Accepted,
25569445,0568000,LOUISVILLE METRO POLICE DEPT,Accepted,JEFFERSON,US0031E,,BARDSTOWN,RD,,I 0265,I265 E EXIT17 OFF RAMP TO US31E,,,,,38.139354814,-85.582219547,4.756,8/29/2019 12:00:00 AM,1850,2,2,0,0,CLEAR,DRY,False,ANGLE COLLISION - OTHER,ANGLE,STRAIGHT & LEVEL,DAYLIGHT,,,8/30/2019 8:37:06 AM,False,7698,Accepted,
25569471,0568000,LOUISVILLE METRO POLICE DEPT,Accepted,JEFFERSON,US0031W,,22ND,ST,S,,DUMESNIL,,,,,38.236517912,-85.790361586,18.656,8/29/2019 12:00:00 AM,2317,2,2,0,0,CLEAR,DRY,False,ANGLE COLLISION - OTHER,ANGLE,STRAIGHT & LEVEL,DARK-HWY LIGHTED/ON,,,8/30/2019 8:40:37 AM,False,5039,Accepted,
25569403,0568000,LOUISVILLE METRO POLICE DEPT,Accepted,JEFFERSON,KY0061,,PRESTON,HWY,,,GILMORE,,,,,38.174622940,-85.712716233,6.879,8/29/2019 12:00:00 AM,1634,2,2,0,0,CLEAR,DRY,False,ANGLE COLLISION - OTHER,ANGLE,STRAIGHT & LEVEL,DAYLIGHT,,,8/30/2019 8:32:26 AM,False,7319,Accepted,
25676061,0568000,LOUISVILLE METRO POLICE DEPT,Accepted,JEFFERSON,,,BISHOP,LN,,KY1703,NEWBURG,,,,,38.200917460,-85.685941838,0.001,8/29/2019 12:00:00 AM,1702,2,2,0,0,CLEAR,DRY,False,ANGLE COLLISION - OTHER,ANGLE,STRAIGHT & HILLCREST,DAYLIGHT,,,9/23/2019 9:13:39 AM,False,7121,Accepted,
25569456,0568000,LOUISVILLE METRO POLICE DEPT,Accepted,JEFFERSON,,,SILO,CT,,,SILO,,,,,38.129901464,-85.594318289,0.063,8/29/2019 12:00:00 AM,1841,2,2,0,0,CLEAR,DRY,False,COLLISION WITH PARKED VEHICLE,ANGLE,STRAIGHT & LEVEL,DUSK,,,8/30/2019 8:38:12 AM,False,6977,Accepted,
25569357,0568000,LOUISVILLE METRO POLICE DEPT,Accepted,JEFFERSON,,,LINDBERGH,DR,,,LINCOLN,,,,,38.214993074,-85.776355339,0.127,8/29/2019 12:00:00 AM,1446,2,2,0,0,CLEAR,DRY,False,COLLISION WITH PARKED VEHICLE,ANGLE,STRAIGHT & LEVEL,DAYLIGHT,,,8/30/2019 8:28:47 AM,False,7433,Accepted,
25569461,0568000,LOUISVILLE METRO POLICE DEPT,Accepted,JEFFERSON,,,WATTERSON,TRL,,,HENDRIK,,,,,38.183214465,-85.608013447,1.003,8/29/2019 12:00:00 AM,2140,1,1,0,0,CLOUDY,DRY,False,COLLISION WITH FIXED OBJECT IN INTERSECTION - FIRST EVENT COLLISION 09 - 32,SINGLE VEHICLE,CURVE & LEVEL,DARK-HWY NOT LIGHTED,,,8/30/2019 8:39:13 AM,False,6668,Accepted,
25569453,0568000,LOUISVILLE METRO POLICE DEPT,Accepted,JEFFERSON,,,7TH,ST,S,US0031W,MARKET,,,,,38.255796205,-85.761737119,2.669,8/29/2019 12:00:00 AM,1316,2,1,0,1,CLEAR,DRY,False,COLLISION WITH BICYCLE IN INTERSECTION,SINGLE VEHICLE,STRAIGHT & LEVEL,DAYLIGHT,,,8/30/2019 8:37:56 AM,False,5173,Accepted,
25563292,0568000,LOUISVILLE METRO POLICE DEPT,Accepted,JEFFERSON,,,SEATONVILLE,RD,,,EL RANCHO,,,,,38.146614415,-85.569793641,0.623,8/28/2019 12:00:00 AM,1155,2,1,0,0,CLEAR,DRY,True,COLLISION WITH PEDESTRIAN IN INTERSECTION,SINGLE VEHICLE,,DAYLIGHT,,,8/29/2019 8:28:39 AM,False,7960,Accepted,
25569346,0568000,LOUISVILLE METRO POLICE DEPT,Accepted,JEFFERSON,,,JEFFERSON,ST,W,,12TH,,,,,38.255381547,-85.770382287,0.991,8/28/2019 12:00:00 AM,1618,3,3,0,2,CLEAR,DRY,False,ANGLE COLLISION - OTHER,ANGLE,STRAIGHT & LEVEL,DAYLIGHT,,,8/30/2019 8:27:26 AM,True,2403,Accepted,
25569347,0568000,LOUISVILLE METRO POLICE DEPT,Accepted,JEFFERSON,,,OAK,ST,W,,17TH,,,,,38.237007654,-85.782749380,1.500,8/28/2019 12:00:00 AM,1630,2,2,0,0,CLEAR,DRY,False,ANGLE COLLISION - OTHER,ANGLE,STRAIGHT & LEVEL,DAYLIGHT,,,8/30/2019 8:27:35 AM,False,5132,Accepted,
25569344,0568000,LOUISVILLE METRO POLICE DEPT,Accepted,JEFFERSON,US0150,,BROADWAY,,W,KY1020,2ND,,,,,38.245872170,-85.755073155,2.557,8/28/2019 12:00:00 AM,1018,2,2,0,0,CLEAR,DRY,False,ANGLE COLLISION - OTHER,ANGLE,STRAIGHT & LEVEL,DAYLIGHT,,,8/30/2019 8:27:06 AM,False,7386,Accepted,
25559677,0568000,LOUISVILLE METRO POLICE DEPT,Accepted,JEFFERSON,,,IOWA,AVE,,,6TH,,,,,38.208077885,-85.768335364,0.273,8/28/2019 12:00:00 AM,1154,4,4,0,1,CLEAR,DRY,False,ANGLE COLLISION - OTHER,ANGLE,STRAIGHT & LEVEL,DAYLIGHT,,,8/28/2019 2:39:01 PM,False,7872,Accepted,
25562126,0561000,JEFFERSONTOWN POLICE DEPT,Accepted,JEFFERSON,KY1819,,BILLTOWN,RD,,,FAIRGROUND,,,,,38.173263835,-85.572943164,7.665,8/28/2019 12:00:00 AM,1720,2,2,0,0,CLEAR,DRY,False,ANGLE COLLISION - OTHER,ANGLE,STRAIGHT & LEVEL,DAYLIGHT,,,8/29/2019 1:29:07 AM,False,8281,Accepted,
25569463,0568000,LOUISVILLE METRO POLICE DEPT,Accepted,JEFFERSON,,,JEFFERSON,ST,W,,12TH,,,,,38.255291710,-85.770246831,0.999,8/28/2019 12:00:00 AM,1946,2,2,0,1,CLEAR,DRY,False,ANGLE COLLISION - OTHER,ANGLE,STRAIGHT & LEVEL,DUSK,,,8/30/2019 8:39:25 AM,False,7118,Accepted,
25563462,0568000,LOUISVILLE METRO POLICE DEPT,Accepted,JEFFERSON,KY0864,,BEULAH CHURCH,RD,,,DELCOUR,,,,,38.135241686,-85.613652237,4.084,8/28/2019 12:00:00 AM,1830,2,2,0,0,CLEAR,DRY,False,ANGLE COLLISION - OTHER,ANGLE,STRAIGHT & LEVEL,DAYLIGHT,,,8/29/2019 8:44:34 AM,False,7486,Accepted,
25559641,0568000,LOUISVILLE METRO POLICE DEPT,Accepted,JEFFERSON,,,LEXINGTON,RD,,,PAYNE,,,,,38.250420846,-85.717889661,0.883,8/28/2019 12:00:00 AM,0738,2,2,0,1,CLEAR,DRY,False,ANGLE COLLISION - OTHER,ANGLE,STRAIGHT & LEVEL,DAYLIGHT,,,8/28/2019 2:35:31 PM,False,7023,Accepted,
25559666,0568000,LOUISVILLE METRO POLICE DEPT,Accepted,JEFFERSON,KY1934,,CANE RUN,RD,,KY2056,BELLS,,,,,38.221021979,-85.812477314,11.212,8/28/2019 12:00:00 AM,1026,2,2,0,0,CLEAR,DRY,False,ANGLE COLLISION - OTHER,ANGLE,STRAIGHT & LEVEL,DAYLIGHT,,,8/28/2019 2:37:45 PM,False,2569,Accepted,
25563401,0568000,LOUISVILLE METRO POLICE DEPT,Accepted,JEFFERSON,KY0155,,TAYLORSVILLE,RD,,,YORKSHIRE,,,,,38.220186384,-85.627999343,13.433,8/28/2019 12:00:00 AM,1032,4,4,0,1,CLEAR,DRY,False,ANGLE COLLISION - OTHER,ANGLE,STRAIGHT & LEVEL,DAYLIGHT,,,8/29/2019 8:33:21 AM,False,7482,Accepted,
25563341,0568000,LOUISVILLE METRO POLICE DEPT,Accepted,JEFFERSON,,,SHADY VILLA,DR,,,SHADOW RUN,,,,,38.162801524,-85.687202976,0.473,8/28/2019 12:00:00 AM,0909,2,2,0,0,CLEAR,DRY,False,ANGLE COLLISION - OTHER,ANGLE,STRAIGHT & LEVEL,DAYLIGHT,,,8/29/2019 8:31:27 AM,False,7451,Accepted,
25559672,0568000,LOUISVILLE METRO POLICE DEPT,Accepted,JEFFERSON,US0031E,,BARDSTOWN,RD,,US0060A,EASTERN,,,,,38.231961977,-85.709261434,14.622,8/28/2019 12:00:00 AM,1111,2,2,0,0,CLEAR,DRY,False,ANGLE COLLISION - OTHER,ANGLE,STRAIGHT & LEVEL,DAYLIGHT,,,8/28/2019 2:38:06 PM,False,2230,Accepted,
25563287,0568000,LOUISVILLE METRO POLICE DEPT,Accepted,JEFFERSON,,,OAK,ST,W,,12TH,,,,,38.236188526,-85.773566883,0.997,8/28/2019 12:00:00 AM,1445,2,2,0,0,CLEAR,DRY,False,OPPOSING LEFT TURN,OPPOSING LEFT TURN,STRAIGHT & LEVEL,DAYLIGHT,,,8/29/2019 8:28:21 AM,False,7326,Accepted,
25563414,0568000,LOUISVILLE METRO POLICE DEPT,Accepted,JEFFERSON,KY2054,,ALGONQUIN,PKWY,,,MCCLOSKEY,,,,,38.222866603,-85.787989631,1.885,8/28/2019 12:00:00 AM,1920,2,2,0,1,CLOUDY,DRY,False,OPPOSING LEFT TURN,OPPOSING LEFT TURN,STRAIGHT & LEVEL,DAYLIGHT,,,8/29/2019 8:36:27 AM,False,7439,Accepted,
25563416,0568000,LOUISVILLE METRO POLICE DEPT,Accepted,JEFFERSON,,,CLAY,ST,S,US0031E,MARKET,,,,,38.253403637,-85.740048721,0.096,8/28/2019 12:00:00 AM,2056,2,2,0,2,CLEAR,DRY,False,OPPOSING LEFT TURN,OPPOSING LEFT TURN,STRAIGHT & LEVEL,DARK-HWY LIGHTED/ON,,,8/29/2019 8:36:53 AM,False,7325,Accepted,
25563374,0568000,LOUISVILLE METRO POLICE DEPT,Accepted,JEFFERSON,,,PARK,RD,S,,MINOR,,,,,38.115808016,-85.715006283,2.261,8/28/2019 12:00:00 AM,1541,2,2,0,0,CLEAR,DRY,False,OPPOSING LEFT TURN,OPPOSING LEFT TURN,STRAIGHT & LEVEL,DAYLIGHT,,,8/29/2019 8:31:48 AM,False,4693,Accepted,
25569348,0568000,LOUISVILLE METRO POLICE DEPT,Accepted,JEFFERSON,KY0864,,POPLAR LEVEL,RD,,,FERN VALLEY,,,,,38.158627865,-85.651131600,6.926,8/28/2019 12:00:00 AM,1722,2,2,0,0,CLEAR,DRY,False,OPPOSING LEFT TURN,OPPOSING LEFT TURN,STRAIGHT & LEVEL,DAYLIGHT,,,8/30/2019 8:27:42 AM,False,7294,Accepted,
25559681,0568000,LOUISVILLE METRO POLICE DEPT,Accepted,JEFFERSON,KY1932,,BRECKENRIDGE,LN,,,REDDING,,,,,38.189888468,-85.625812847,0.596,8/28/2019 12:00:00 AM,1235,2,2,0,0,CLEAR,DRY,False,OPPOSING LEFT TURN,OPPOSING LEFT TURN,STRAIGHT & LEVEL,DAYLIGHT,,,8/28/2019 2:39:35 PM,False,7739,Accepted,
25563397,0568000,LOUISVILLE METRO POLICE DEPT,Accepted,JEFFERSON,KY0864,,POPLAR LEVEL,RD,,,FERN VALLEY,,,,,38.158576268,-85.651175265,6.923,8/28/2019 12:00:00 AM,1812,2,2,0,0,CLEAR,DRY,False,OTHER INTERSECTION COLLISIONS,REAR END,STRAIGHT & LEVEL,DAYLIGHT,,,8/29/2019 8:33:09 AM,False,7739,Accepted,
25563322,0568000,LOUISVILLE METRO POLICE DEPT,Accepted,JEFFERSON,,,VON ALLMEN,CT,,,CHAMBERLAIN,,,,,38.313434532,-85.567973470,0.353,8/28/2019 12:00:00 AM,1710,2,2,0,0,CLEAR,DRY,False,OTHER INTERSECTION COLLISIONS,REAR END,CURVE & LEVEL,DAYLIGHT,,,8/29/2019 8:31:00 AM,False,2969,Accepted,
25563294,0568000,LOUISVILLE METRO POLICE DEPT,Accepted,JEFFERSON,KY1931,,7TH ST,RD,,,WELLER,,,,,38.216953164,-85.780699555,10.214,8/28/2019 12:00:00 AM,1057,2,2,0,1,CLEAR,DRY,False,OTHER INTERSECTION COLLISIONS,REAR END,STRAIGHT & LEVEL,DAYLIGHT,,,8/29/2019 8:28:56 AM,False,7204,Accepted,
25563319,0568000,LOUISVILLE METRO POLICE DEPT,Accepted,JEFFERSON,KY1065,,OUTER,LOOP,,KY1020,NATIONAL,,,,,38.126930947,-85.748985734,2.516,8/28/2019 12:00:00 AM,1645,2,2,0,0,CLEAR,DRY,False,OTHER INTERSECTION COLLISIONS,REAR END,STRAIGHT & LEVEL,DAYLIGHT,,,8/29/2019 8:30:39 AM,False,7080,Accepted,
25559654,0568000,LOUISVILLE METRO POLICE DEPT,Accepted,JEFFERSON,,,FAIRMOUNT,RD,,,OLD BARDSTOWN,,,,,38.116075053,-85.571702315,0.002,8/28/2019 12:00:00 AM,0713,2,2,0,0,CLEAR,DRY,False,OTHER INTERSECTION COLLISIONS,REAR END,STRAIGHT & LEVEL,DAYLIGHT,,,8/28/2019 2:36:54 PM,False,7278,Accepted,
25559662,0568000,LOUISVILLE METRO POLICE DEPT,Accepted,JEFFERSON,KY2048,,CANNONS,LN,,KY2048,DUTCHMANS,,,,,38.225992462,-85.650641912,0.492,8/28/2019 12:00:00 AM,1035,2,2,0,0,CLEAR,DRY,False,OTHER INTERSECTION COLLISIONS,REAR END,STRAIGHT & LEVEL,DAYLIGHT,,,8/28/2019 2:37:36 PM,False,2278,Accepted,
25569335,0568000,LOUISVILLE METRO POLICE DEPT,Accepted,JEFFERSON,US0150,,BROADWAY,,E,KY0061,PRESTON,,,,,38.245367635,-85.747688041,2.957,8/28/2019 12:00:00 AM,1445,2,2,0,0,CLEAR,DRY,False,SIDESWIPE-SAME DIRECTION,SIDESWIPE-SAME DIRECTION,STRAIGHT & LEVEL,DAYLIGHT,,,8/30/2019 8:25:53 AM,False,2403,Accepted,
25559676,0568000,LOUISVILLE METRO POLICE DEPT,Accepted,JEFFERSON,,,ST CATHERINE,ST,W,,1ST,,,,,38.236878952,-85.754912169,0.001,8/28/2019 12:00:00 AM,0926,2,2,0,0,CLEAR,DRY,False,SIDESWIPE-SAME DIRECTION,SIDESWIPE-SAME DIRECTION,STRAIGHT & LEVEL,DUSK,,,8/28/2019 2:38:53 PM,False,7398,Accepted,
25559679,0568000,LOUISVILLE METRO POLICE DEPT,Accepted,JEFFERSON,KY0061,,PRESTON,ST,S,,GRAY,,,,,38.246508340,-85.747411804,12.288,8/28/2019 12:00:00 AM,1000,2,2,0,0,CLEAR,DRY,False,SIDESWIPE-SAME DIRECTION,SIDESWIPE-SAME DIRECTION,STRAIGHT & GRADE,DAYLIGHT,,,8/28/2019 2:39:18 PM,False,2661,Accepted,
25563404,0568000,LOUISVILLE METRO POLICE DEPT,Accepted,JEFFERSON,KY2860,,GRINSTEAD,DR,,,RAY,,,,,38.242649603,-85.710970666,0.641,8/28/2019 12:00:00 AM,0738,2,2,0,0,CLEAR,DRY,False,SIDESWIPE-SAME DIRECTION,SIDESWIPE-SAME DIRECTION,STRAIGHT & LEVEL,DAYLIGHT,,,8/29/2019 8:33:45 AM,False,7129,Accepted,
25563352,0568000,LOUISVILLE METRO POLICE DEPT,Accepted,JEFFERSON,KY0146,,NEW LA GRANGE,RD,,,WASHBURN,,,,,38.254226675,-85.611946962,0.454,8/28/2019 12:00:00 AM,1736,2,2,0,0,CLEAR,DRY,False,SIDESWIPE-SAME DIRECTION,SIDESWIPE-SAME DIRECTION,STRAIGHT & GRADE,DAYLIGHT,,,8/29/2019 8:31:35 AM,False,6456,Accepted,
25602101,0568000,LOUISVILLE METRO POLICE DEPT,Accepted,JEFFERSON,US0031W,,DIXIE,HWY,,,PAGES,,,,,38.130275707,-85.847791094,10.493,8/28/2019 12:00:00 AM,1038,2,2,0,0,CLEAR,DRY,False,SIDESWIPE-SAME DIRECTION,SIDESWIPE-SAME DIRECTION,STRAIGHT & LEVEL,DAYLIGHT,,,9/6/2019 9:24:01 AM,False,6326,Accepted,
25586394,0568000,LOUISVILLE METRO POLICE DEPT,Accepted,JEFFERSON,KY1934,,CANE RUN,RD,,,SHANKS,,,,,38.195401403,-85.842628212,8.782,8/28/2019 12:00:00 AM,0536,2,2,0,0,CLEAR,DRY,False,OTHER INTERSECTION COLLISIONS,REAR END,STRAIGHT & LEVEL,DARK-HWY LIGHTED/ON,,,9/3/2019 12:25:12 PM,False,7437,Accepted,
25559674,0568000,LOUISVILLE METRO POLICE DEPT,Accepted,JEFFERSON,KY1747,,FERN VALLEY,RD,,KY0864,FEGENBUSH,,,,,38.161190359,-85.640844041,5.123,8/28/2019 12:00:00 AM,0650,2,2,0,0,CLEAR,DRY,False,SIDESWIPE-SAME DIRECTION,SIDESWIPE-SAME DIRECTION,STRAIGHT & LEVEL,DAWN,,,8/28/2019 2:38:34 PM,False,7465,Accepted,
25563392,0568000,LOUISVILLE METRO POLICE DEPT,Accepted,JEFFERSON,KY0061,,PRESTON,ST,S,,LAMPTON,,,,,38.242143090,-85.748070849,12.034,8/28/2019 12:00:00 AM,1601,2,2,0,0,CLEAR,DRY,False,SIDESWIPE-SAME DIRECTION,SIDESWIPE-SAME DIRECTION,STRAIGHT & LEVEL,DAYLIGHT,,,8/29/2019 8:32:44 AM,False,7418,Accepted,
25585556,0568000,LOUISVILLE METRO POLICE DEPT,Accepted,JEFFERSON,,,1ST,ST,S,,LIBERTY,,,,,38.252606595,-85.752284086,0.240,8/28/2019 12:00:00 AM,1525,2,2,0,0,CLEAR,DRY,True,SIDESWIPE-SAME DIRECTION,SIDESWIPE-SAME DIRECTION,,DAYLIGHT,,,9/3/2019 10:57:38 AM,False,2661,Accepted,
25563398,0568000,LOUISVILLE METRO POLICE DEPT,Accepted,JEFFERSON,US0060,,SHELBYVILLE,RD,,KY1747,HURSTBOURNE,,,,,38.246407977,-85.577021008,7.847,8/28/2019 12:00:00 AM,1732,2,2,0,0,CLEAR,DRY,True,OTHER INTERSECTION COLLISIONS,REAR END,STRAIGHT & LEVEL,DAYLIGHT,,,8/29/2019 8:33:15 AM,False,7956,Accepted,
25563331,0568000,LOUISVILLE METRO POLICE DEPT,Accepted,JEFFERSON,KY2054,,ALGONQUIN,PKWY,,,COLORADO,,,,,38.213849604,-85.772787928,3.011,8/28/2019 12:00:00 AM,1250,2,2,0,0,CLEAR,DRY,False,OTHER INTERSECTION COLLISIONS,REAR END,STRAIGHT & LEVEL,DAYLIGHT,,,8/29/2019 8:31:15 AM,False,5186,Accepted,
25563298,0568000,LOUISVILLE METRO POLICE DEPT,Accepted,JEFFERSON,,,SOUTHLAND,BLVD,W,KY1020,SOUTHSIDE,,,,,38.171139238,-85.764715173,0.060,8/28/2019 12:00:00 AM,1609,2,2,0,0,CLEAR,DRY,False,OTHER INTERSECTION COLLISIONS,REAR END,STRAIGHT & LEVEL,DAYLIGHT,,,8/29/2019 8:29:28 AM,False,7301,Accepted,
25563393,0568000,LOUISVILLE METRO POLICE DEPT,Accepted,JEFFERSON,,,7TH,ST,S,,KENTUCKY,,,,,38.240006116,-85.764485704,1.577,8/28/2019 12:00:00 AM,1658,2,2,0,0,CLEAR,DRY,False,OTHER INTERSECTION COLLISIONS,REAR END,STRAIGHT & LEVEL,DAYLIGHT,,,8/29/2019 8:32:50 AM,False,7398,Accepted,
25563268,0568000,LOUISVILLE METRO POLICE DEPT,Accepted,JEFFERSON,,,COOPER CHAPEL,RD,,KY0061,PRESTON,,,,,38.103531648,-85.672498144,,8/28/2019 12:00:00 AM,1257,2,2,0,0,CLEAR,DRY,False,OTHER INTERSECTION COLLISIONS,REAR END,CURVE & LEVEL,DAYLIGHT,,,8/29/2019 8:26:58 AM,False,2017,Accepted,
25563278,0568000,LOUISVILLE METRO POLICE DEPT,Accepted,JEFFERSON,,218,MUHAMMAD ALI,BLVD,W,,,,,,,38.250838909,-85.754859927,0.125,8/28/2019 12:00:00 AM,1445,2,2,0,0,CLEAR,DRY,True,1 VEHICLE PARKED POSITION (NOT PARKING LOT/DRIVEWAY),REAR END,STRAIGHT & LEVEL,DAYLIGHT,,,8/29/2019 8:28:06 AM,False,5187,Accepted,
25563411,0568000,LOUISVILLE METRO POLICE DEPT,Accepted,JEFFERSON,,683,SOUTHWESTERN,PKWY,,,,,,,,38.251774078,-85.826828870,1.193,8/28/2019 12:00:00 AM,1807,2,2,0,1,CLEAR,DRY,False,1 VEHICLE PARKED POSITION (NOT PARKING LOT/DRIVEWAY),SIDESWIPE-SAME DIRECTION,STRAIGHT & LEVEL,DAYLIGHT,,,8/29/2019 8:35:01 AM,False,7458,Accepted,
25563284,0568000,LOUISVILLE METRO POLICE DEPT,Accepted,JEFFERSON,,3810,PFLANZ,AVE,,,,,,,,38.273460850,-85.812405656,0.075,8/28/2019 12:00:00 AM,1430,2,2,0,0,CLEAR,DRY,False,1 VEHICLE PARKED POSITION (NOT PARKING LOT/DRIVEWAY),BACKING,STRAIGHT & LEVEL,DAYLIGHT,,,8/29/2019 8:28:13 AM,False,7942,Accepted,
25563384,0568000,LOUISVILLE METRO POLICE DEPT,Accepted,JEFFERSON,I 0064,,I64 W,,,,,,,,,38.217969824,-85.415058438,23.829,8/28/2019 12:00:00 AM,1710,1,1,0,1,CLEAR,DRY,False,COLLISION WITH FIXED OBJECT NON - INTERSECTION - FIRST EVENT COLLISION 09 - 32 EXCLUDING 16,SINGLE VEHICLE,STRAIGHT & HILLCREST,DAYLIGHT,,,8/29/2019 8:32:12 AM,False,6406,Accepted,
25569359,0568000,LOUISVILLE METRO POLICE DEPT,Accepted,JEFFERSON,,7061,BRONNER,CIR,,,,,,,,38.185526123,-85.628614765,0.182,8/28/2019 12:00:00 AM,1823,1,1,0,0,CLEAR,DRY,False,COLLISION WITH FIXED OBJECT NON - INTERSECTION - FIRST EVENT COLLISION 09 - 32 EXCLUDING 16,SINGLE VEHICLE,STRAIGHT & LEVEL,DAYLIGHT,,,8/30/2019 8:29:11 AM,False,7338,Accepted,
25563415,0568000,LOUISVILLE METRO POLICE DEPT,Accepted,JEFFERSON,US0031W,,22ND,ST,S,,,,CONGRESS,,JEFFERSON,38.257734638,-85.786710244,20.154,8/28/2019 12:00:00 AM,2350,1,1,0,1,CLEAR,DRY,False,COLLISION WITH FIXED OBJECT NON - INTERSECTION - FIRST EVENT COLLISION 09 - 32 EXCLUDING 16,SINGLE VEHICLE,STRAIGHT & LEVEL,DARK-HWY LIGHTED/ON,,,8/29/2019 8:36:36 AM,False,5021,Accepted,
25582953,0560300,ST. MATTHEWS POLICE DEPARTMENT,Accepted,JEFFERSON,US0060,5000,SHELBYVILLE,RD,,,,,,,,38.250167890,-85.623116295,5.326,8/28/2019 12:00:00 AM,0530,2,2,0,0,CLEAR,DRY,False,1 VEHICLE PARKED POSITION (NOT PARKING LOT/DRIVEWAY),REAR END,STRAIGHT & LEVEL,DARK-HWY NOT LIGHTED,,,9/2/2019 11:57:00 PM,False,9164,Accepted,