IncidentID,AgencyORI,AgencyName,IncidentStatusDesc,County,RdwyNumber,Street,RoadwayName,StreetSfx,StreetDir,IntersectionRdwy,IntersectionRdwyName,BetweenStRdwy1,BetweenStRdwyName1,BetweenStRdwy2,BetweenStRdwyName2,Latitude,Longitude,Milepoint,CollisionDate,CollisionTime,UnitsInvolved,MotorVehiclesInvolved,NumberKilled,NumberInjured,Weather,RdwyConditionCode,HitandRun,DirAnalysisCode,MannerofCollision,RdwyCharacter,LightCondition,RampFromRdwyId,RampToRdwyId,AcceptedDate,IsSecondaryCollision,OwnerBadge,IncidentStatus,
25563390,0568000,LOUISVILLE METRO POLICE DEPT,Accepted,JEFFERSON,KY0061,1220,PRESTON,ST,S,,,,,,,38.233437556,-85.749593568,11.422,8/28/2019 12:00:00 AM,1454,2,2,0,0,CLEAR,DRY,True,1 VEHICLE PARKED POSITION (NOT PARKING LOT/DRIVEWAY),SIDESWIPE-SAME DIRECTION,STRAIGHT & LEVEL,DAYLIGHT,,,8/29/2019 8:32:38 AM,False,7418,Accepted,
25563301,0568000,LOUISVILLE METRO POLICE DEPT,Accepted,JEFFERSON,,735,EASTERN,PKWY,,,,,,,,38.236132693,-85.703198216,0.358,8/28/2019 12:00:00 AM,1657,2,2,0,0,CLEAR,DRY,False,1 VEHICLE PARKED POSITION (NOT PARKING LOT/DRIVEWAY),BACKING,STRAIGHT & LEVEL,DAYLIGHT,,,8/29/2019 8:29:37 AM,False,7342,Accepted,
25563306,0568000,LOUISVILLE METRO POLICE DEPT,Accepted,JEFFERSON,,2626,5TH,ST,S,,,,,,,38.210788725,-85.766279344,1.968,8/28/2019 12:00:00 AM,1730,2,2,0,0,CLEAR,DRY,True,1 VEHICLE PARKED POSITION (NOT PARKING LOT/DRIVEWAY),BACKING,STRAIGHT & LEVEL,DAYLIGHT,,,8/29/2019 8:29:51 AM,False,7872,Accepted,
25557707,0568000,LOUISVILLE METRO POLICE DEPT,Accepted,JEFFERSON,I 0071,,I71 N,,,,,I 0071,I71 TURN AROUND6,I 0071,I71 TURN AROUND8,38.300598349,-85.612876697,7.122,8/28/2019 12:00:00 AM,0445,1,1,0,1,CLOUDY,DRY,False,RAN OFF ROADWAY (1 VEHICLE WITH/EARTH EMBANKMENT/DITCH),SINGLE VEHICLE,STRAIGHT & LEVEL,DARK-HWY LIGHTED/ON,,,8/28/2019 8:26:35 AM,False,7159,Accepted,
25612907,0568000,LOUISVILLE METRO POLICE DEPT,Accepted,JEFFERSON,KY0061,,PRESTON,HWY,,,,,FOREST,,PRESTWOOD,38.161715847,-85.699731339,5.726,8/28/2019 12:00:00 AM,2104,2,1,0,1,CLEAR,DRY,False,COLLISION WITH BICYCLIST NON INTERSECTION,SINGLE VEHICLE,STRAIGHT & LEVEL,DARK-HWY LIGHTED/ON,,,9/9/2019 10:02:33 AM,False,7431,Accepted,
25563275,0568000,LOUISVILLE METRO POLICE DEPT,Accepted,JEFFERSON,US0031W,,DIXIE,HWY,,,,,,,,38.082005145,-85.881739884,6.686,8/28/2019 12:00:00 AM,1414,2,2,0,0,CLEAR,DRY,False,OCCUPANT FELL FROM MOVING VEHICLE,ANGLE,STRAIGHT & LEVEL,DAYLIGHT,,,8/29/2019 8:27:59 AM,False,6010,Accepted,
25563412,0568000,LOUISVILLE METRO POLICE DEPT,Accepted,JEFFERSON,,400,GILLILAND,RD,,,,,,,,38.217253285,-85.463862175,0.188,8/28/2019 12:00:00 AM,2030,1,1,0,1,CLEAR,DRY,False,COLLISION WITH ANIMAL NON INTERSECTION,SINGLE VEHICLE,STRAIGHT & LEVEL,DARK-HWY NOT LIGHTED,,,8/29/2019 8:36:04 AM,False,2920,Accepted,
25563394,0568000,LOUISVILLE METRO POLICE DEPT,Accepted,JEFFERSON,I 0265,,,,,,,I 0265,I265 S EXIT33 OFF RAMP TO KY1447,,CHAMBERLAIN,38.298371029,-85.543730604,0.119,8/28/2019 12:00:00 AM,1655,1,1,0,1,CLEAR,DRY,False,OCCUPANT FELL FROM MOVING VEHICLE,SINGLE VEHICLE,CURVE & LEVEL,DAYLIGHT,,,8/29/2019 8:32:56 AM,False,7142,Accepted,
25563290,0568000,LOUISVILLE METRO POLICE DEPT,Accepted,JEFFERSON,KY3082,2734,BANK,ST,,,,,,,,38.270953105,-85.795381246,0.825,8/28/2019 12:00:00 AM,1510,2,2,0,0,CLEAR,DRY,True,OTHER COLLISIONS ON SHOULDER,SIDESWIPE-SAME DIRECTION,STRAIGHT & LEVEL,,,,8/29/2019 8:28:31 AM,False,7988,Accepted,
25559646,0568000,LOUISVILLE METRO POLICE DEPT,Accepted,JEFFERSON,KY0061,,PRESTON,HWY,,KY2053,MT WASHINGTON,,,,,38.092855180,-85.669059968,0.649,8/28/2019 12:00:00 AM,0638,2,2,0,0,CLEAR,DRY,False,HEAD-ON COLLISION,HEAD ON,STRAIGHT & GRADE,DARK-HWY NOT LIGHTED,,,8/28/2019 2:36:09 PM,False,2017,Accepted,
25613116,0568000,LOUISVILLE METRO POLICE DEPT,Accepted,JEFFERSON,KY1065,175,OUTER,LOOP,,,,,,,,38.126713385,-85.779355918,0.849,8/28/2019 12:00:00 AM,1654,1,1,0,1,CLEAR,DRY,False,OTHER COLLISIONS ON SHOULDER,SINGLE VEHICLE,STRAIGHT & GRADE,DAYLIGHT,,,9/9/2019 10:16:56 AM,False,7221,Accepted,
25613357,0568000,LOUISVILLE METRO POLICE DEPT,Accepted,JEFFERSON,KY0864,7606,FEGENBUSH,LN,,,,,,,,38.141321799,-85.620506944,4.716,8/28/2019 12:00:00 AM,2330,3,3,0,0,CLEAR,DRY,False,HEAD-ON COLLISION,HEAD ON,STRAIGHT & LEVEL,DARK-HWY NOT LIGHTED,,,9/9/2019 10:38:35 AM,False,7415,Accepted,
25585879,0568000,LOUISVILLE METRO POLICE DEPT,Accepted,JEFFERSON,KY1931,,MANSLICK,RD,,,,,,,,38.165763995,-85.797484203,6.272,8/28/2019 12:00:00 AM,1700,3,3,0,0,CLEAR,DRY,False,REAR END IN TRAFFIC LANES BOTH VEHICLES MOVING,REAR END,STRAIGHT & HILLCREST,DAYLIGHT,,,9/3/2019 11:21:54 AM,False,7524,Accepted,
25585896,0568000,LOUISVILLE METRO POLICE DEPT,Accepted,JEFFERSON,I 0264,,I264 W,,,,,I 0065,I65 W EXIT11 OFF RAMP,I 0065,I264 W EXIT12 OFF RAMP TO,38.190705097,-85.724784813,12.353,8/28/2019 12:00:00 AM,1629,2,2,0,0,CLEAR,DRY,True,REAR END IN TRAFFIC LANES BOTH VEHICLES MOVING,REAR END,STRAIGHT & LEVEL,DAYLIGHT,,,9/3/2019 11:24:52 AM,False,7938,Accepted,
25569361,0568000,LOUISVILLE METRO POLICE DEPT,Accepted,JEFFERSON,,,CHESTNUT,ST,W,,,KY1020,3RD,KY1020,2ND,38.248720320,-85.755518765,2.434,8/28/2019 12:00:00 AM,0943,2,2,0,0,CLEAR,DRY,False,SIDESWIPE COLLISION - SAME DIRECTION,SIDESWIPE-SAME DIRECTION,STRAIGHT & LEVEL,DAYLIGHT,,,8/30/2019 8:29:29 AM,False,5168,Accepted,
25569336,0568000,LOUISVILLE METRO POLICE DEPT,Accepted,JEFFERSON,,,1ST,ST,S,,,,CHESTNUT,,MUHAMMAD ALI,38.249446761,-85.752838827,0.462,8/28/2019 12:00:00 AM,1512,2,2,0,0,CLEAR,DRY,False,SIDESWIPE COLLISION - SAME DIRECTION,SIDESWIPE-SAME DIRECTION,STRAIGHT & LEVEL,DAYLIGHT,,,8/30/2019 8:26:06 AM,False,2403,Accepted,
25563405,0568000,LOUISVILLE METRO POLICE DEPT,Accepted,JEFFERSON,US0060A,,EASTERN,PKWY,,,,KY1703,BAXTER,,QUADRANT,38.229001350,-85.714910216,6.462,8/28/2019 12:00:00 AM,1539,2,2,0,0,CLEAR,DRY,False,SIDESWIPE COLLISION - SAME DIRECTION,SIDESWIPE-SAME DIRECTION,STRAIGHT & LEVEL,DAYLIGHT,,,8/29/2019 8:33:51 AM,False,7129,Accepted,
25559645,0568000,LOUISVILLE METRO POLICE DEPT,Accepted,JEFFERSON,US0031E,,BARDSTOWN,RD,,,,KY2860,GRINSTEAD,,ELLWOOD,38.238322519,-85.720818759,15.412,8/28/2019 12:00:00 AM,0901,2,2,0,0,CLEAR,DRY,False,SIDESWIPE COLLISION - SAME DIRECTION,SIDESWIPE-SAME DIRECTION,STRAIGHT & LEVEL,DAYLIGHT,,,8/28/2019 2:36:01 PM,False,2230,Accepted,
25569431,0568000,LOUISVILLE METRO POLICE DEPT,Accepted,JEFFERSON,KY0022,,BROWNSBORO,RD,,,TEN BROECK,,,,,38.303000133,-85.585396792,3.176,8/28/2019 12:00:00 AM,0840,2,2,0,3,CLEAR,DRY,False,HEAD-ON COLLISION,HEAD ON,CURVE & GRADE,DAYLIGHT,,,8/30/2019 8:33:54 AM,False,7858,Accepted,
25586313,0568000,LOUISVILLE METRO POLICE DEPT,Accepted,JEFFERSON,US0031E,,BARDSTOWN,RD,,,,,ICHABOD,,BRENTLINGER,38.132362778,-85.578734321,4.241,8/28/2019 12:00:00 AM,0726,2,2,0,0,CLEAR,DRY,False,SIDESWIPE COLLISION - SAME DIRECTION,SIDESWIPE-SAME DIRECTION,STRAIGHT & LEVEL,DAYLIGHT,,,9/3/2019 12:12:24 PM,False,7720,Accepted,
25569473,0568000,LOUISVILLE METRO POLICE DEPT,Accepted,JEFFERSON,,,36TH,ST,S,,BROADWAY,,,,,38.250052515,-85.811205723,0.472,8/28/2019 12:00:00 AM,1927,2,2,0,0,CLEAR,DRY,False,HEAD-ON COLLISION,HEAD ON,STRAIGHT & LEVEL,DARK-HWY LIGHTED/ON,,,8/30/2019 8:40:50 AM,False,5057,Accepted,
25559680,0568000,LOUISVILLE METRO POLICE DEPT,Accepted,JEFFERSON,US0042,,BROWNSBORO,RD,,,,,,,,38.261108563,-85.684372893,2.829,8/28/2019 12:00:00 AM,1141,2,2,0,0,CLEAR,DRY,False,SIDESWIPE COLLISION - SAME DIRECTION,SIDESWIPE-SAME DIRECTION,STRAIGHT & LEVEL,DAYLIGHT,,,8/28/2019 2:39:27 PM,False,5112,Accepted,
25613364,0568000,LOUISVILLE METRO POLICE DEPT,Accepted,JEFFERSON,I 0264,,I264 W,,,,,I 0264,I264 W EXIT14 ON RAMP FROM KY864 N,I 0264,I264 W EXIT14 OFF RAMP TO KY864 S,38.193852639,-85.710656914,13.171,8/28/2019 12:00:00 AM,1816,2,2,0,0,CLEAR,DRY,False,REAR END IN TRAFFIC LANES BOTH VEHICLES MOVING,REAR END,STRAIGHT & LEVEL,DAYLIGHT,,,9/9/2019 10:39:28 AM,False,7938,Accepted,
25613045,0568000,LOUISVILLE METRO POLICE DEPT,Accepted,JEFFERSON,KY1703,,NEWBURG,RD,,,,I 0264,I264 E EXIT15 OFF RAMP TO KY1703,,BISHOP,38.201342479,-85.687581402,2.172,8/28/2019 12:00:00 AM,1553,2,2,0,0,CLEAR,DRY,False,REAR END IN TRAFFIC LANES BOTH VEHICLES MOVING,REAR END,STRAIGHT & HILLCREST,DAYLIGHT,,,9/9/2019 10:13:57 AM,False,7121,Accepted,
25569345,0568000,LOUISVILLE METRO POLICE DEPT,Accepted,JEFFERSON,I 0264,,,,,,,,,,,38.205725281,-85.829114269,0.198,8/28/2019 12:00:00 AM,1755,2,2,0,0,CLEAR,DRY,False,REAR END IN TRAFFIC LANES BOTH VEHICLES MOVING,REAR END,STRAIGHT & LEVEL,DAYLIGHT,,,8/30/2019 8:27:13 AM,False,5003,Accepted,
25559653,0568000,LOUISVILLE METRO POLICE DEPT,Accepted,JEFFERSON,KY1934,,CANE RUN,RD,,,,,,,,38.201145111,-85.835083135,9.366,8/28/2019 12:00:00 AM,0744,2,2,0,1,CLEAR,DRY,False,REAR END IN TRAFFIC LANES BOTH VEHICLES MOVING,REAR END,STRAIGHT & LEVEL,DAYLIGHT,,,8/28/2019 2:36:45 PM,False,7326,Accepted,
25563396,0568000,LOUISVILLE METRO POLICE DEPT,Accepted,JEFFERSON,I 0264,,I264 W,,,,,,,,,38.195857586,-85.707303598,13.400,8/28/2019 12:00:00 AM,0801,2,2,0,0,CLEAR,DRY,False,REAR END IN TRAFFIC LANES BOTH VEHICLES MOVING,REAR END,STRAIGHT & LEVEL,DAYLIGHT,,,8/29/2019 8:33:03 AM,False,4656,Accepted,
25563379,0568000,LOUISVILLE METRO POLICE DEPT,Accepted,JEFFERSON,I 0065,,I65 S,,,,,,,,,38.242030816,-85.752903059,135.000,8/28/2019 12:00:00 AM,1608,2,2,0,0,CLEAR,DRY,False,REAR END IN TRAFFIC LANES BOTH VEHICLES MOVING,REAR END,STRAIGHT & LEVEL,DAYLIGHT,,,8/29/2019 8:32:00 AM,False,2217,Accepted,
25563387,0568000,LOUISVILLE METRO POLICE DEPT,Accepted,JEFFERSON,US0060A,,EASTERN,PKWY,,,,KY0061,SHELBY,,ALEXANDER,38.215165431,-85.742153244,4.617,8/28/2019 12:00:00 AM,0927,2,2,0,0,CLEAR,DRY,False,REAR END IN TRAFFIC LANES BOTH VEHICLES MOVING,REAR END,STRAIGHT & LEVEL,DAYLIGHT,,,8/29/2019 8:32:25 AM,False,7418,Accepted,
25563305,0568000,LOUISVILLE METRO POLICE DEPT,Accepted,JEFFERSON,,,32ND,ST,S,,,,,,,38.238641206,-85.806960066,0.829,8/28/2019 12:00:00 AM,1633,2,2,0,0,CLEAR,DRY,False,REAR END IN TRAFFIC LANES BOTH VEHICLES MOVING,REAR END,STRAIGHT & LEVEL,DAYLIGHT,,,8/29/2019 8:29:44 AM,False,7326,Accepted,
25563380,0568000,LOUISVILLE METRO POLICE DEPT,Accepted,JEFFERSON,KY0022,,BROWNSBORO,RD,,,,,,,,38.312337950,-85.568275856,4.393,8/28/2019 12:00:00 AM,1658,2,2,0,0,CLEAR,DRY,False,REAR END IN TRAFFIC LANES BOTH VEHICLES MOVING,REAR END,STRAIGHT & LEVEL,DAYLIGHT,,,8/29/2019 8:32:06 AM,False,2489,Accepted,
25563389,0568000,LOUISVILLE METRO POLICE DEPT,Accepted,JEFFERSON,US0060A,,EASTERN,PKWY,,,,KY1020,3RD,,S BROOK CONNECTOR,38.213608060,-85.761016704,3.487,8/28/2019 12:00:00 AM,1322,3,3,0,1,CLEAR,DRY,True,REAR END IN TRAFFIC LANES BOTH VEHICLES MOVING,REAR END,STRAIGHT & LEVEL,DAYLIGHT,,,8/29/2019 8:32:31 AM,False,7418,Accepted,
25814439,0568000,LOUISVILLE METRO POLICE DEPT,Accepted,JEFFERSON,I 0264,,I264 E,,,,,,,,,38.207397743,-85.828127720,5.169,8/28/2019 12:00:00 AM,1627,3,3,0,0,CLEAR,DRY,True,REAR END IN TRAFFIC LANES BOTH VEHICLES MOVING,REAR END,CURVE & GRADE,DAYLIGHT,,,10/23/2019 8:29:03 AM,False,7764,Accepted,
25585952,0568000,LOUISVILLE METRO POLICE DEPT,Accepted,JEFFERSON,,,INDIAN,TRL,E,,,KY0864,POPLAR LEVEL,,ILEX,38.171853991,-85.684258374,1.244,8/28/2019 12:00:00 AM,1814,2,2,0,0,CLEAR,DRY,False,1 VEHICLE ENTERING/LEAVING ENTRANCE,ANGLE,STRAIGHT & LEVEL,DAYLIGHT,,,9/3/2019 11:30:26 AM,False,7451,Accepted,
25559648,0568000,LOUISVILLE METRO POLICE DEPT,Accepted,JEFFERSON,,9115,FERN CREEK,RD,,,,,,,,38.156644333,-85.591654568,0.681,8/28/2019 12:00:00 AM,0748,2,2,0,0,CLEAR,DRY,False,1 VEHICLE ENTERING/LEAVING ENTRANCE,ANGLE,STRAIGHT & LEVEL,DAYLIGHT,,,8/28/2019 2:36:15 PM,False,2017,Accepted,
25560500,0560300,ST. MATTHEWS POLICE DEPARTMENT,Accepted,JEFFERSON,US0060,5001,SHELBYVILLE,RD,,,,,,,,38.250353104,-85.623590270,5.303,8/28/2019 12:00:00 AM,1042,2,2,0,1,CLEAR,DRY,False,1 VEHICLE ENTERING/LEAVING ENTRANCE,ANGLE,STRAIGHT & LEVEL,DAYLIGHT,,,8/28/2019 5:17:04 PM,False,9155,Accepted,
25563272,0568000,LOUISVILLE METRO POLICE DEPT,Accepted,JEFFERSON,,,CHESTNUT,ST,W,,,KY1020,2ND,KY1020,3RD,38.248677354,-85.755506865,2.434,8/28/2019 12:00:00 AM,0924,2,2,0,0,CLEAR,DRY,False,1 VEHICLE ENTERING/LEAVING ENTRANCE,ANGLE,STRAIGHT & LEVEL,DAYLIGHT,,,8/29/2019 8:27:32 AM,False,5168,Accepted,
25563403,0568000,LOUISVILLE METRO POLICE DEPT,Accepted,JEFFERSON,KY1932,,BRECKENRIDGE,LN,,,,,CHURCHILL PARK,,HIKES,38.216389516,-85.627382302,2.555,8/28/2019 12:00:00 AM,1757,2,2,0,0,CLEAR,DRY,False,1 VEHICLE ENTERING/LEAVING ENTRANCE,ANGLE,STRAIGHT & LEVEL,DAYLIGHT,,,8/29/2019 8:33:37 AM,False,7482,Accepted,
25563313,0568000,LOUISVILLE METRO POLICE DEPT,Accepted,JEFFERSON,KY1065,,OUTER,LOOP,,,,,,,,38.126409812,-85.775141521,1.078,8/28/2019 12:00:00 AM,1719,2,2,0,1,CLEAR,DRY,False,1 VEHICLE ENTERING/LEAVING ENTRANCE,ANGLE,STRAIGHT & LEVEL,DAYLIGHT,,,8/29/2019 8:30:11 AM,False,7234,Accepted,
25563361,0568000,LOUISVILLE METRO POLICE DEPT,Accepted,JEFFERSON,,,GRADE,LN,,,,,,,,38.147508139,-85.736744398,2.853,8/28/2019 12:00:00 AM,1051,2,2,0,1,CLOUDY,DRY,False,1 VEHICLE ENTERING/LEAVING ENTRANCE,ANGLE,STRAIGHT & LEVEL,DAYLIGHT,,,8/29/2019 8:31:41 AM,False,4693,Accepted,
25586399,0568000,LOUISVILLE METRO POLICE DEPT,Accepted,JEFFERSON,KY1703,,NEWBURG,RD,,,,,,,,38.201837300,-85.688951376,2.251,8/28/2019 12:00:00 AM,1634,2,2,0,0,CLEAR,DRY,False,1 VEHICLE ENTERING/LEAVING ENTRANCE,ANGLE,STRAIGHT & LEVEL,DAYLIGHT,,,9/3/2019 12:25:46 PM,False,7306,Accepted,
25562631,0561000,JEFFERSONTOWN POLICE DEPT,Accepted,JEFFERSON,I 0064,,I64 E,,,,,I 0064,I64 E EXIT17 OFF RAMP TO KY913,I 0064,I64 E EXIT15 ON RAMP FROM KY1747,38.222627760,-85.574341281,15.281,8/28/2019 12:00:00 AM,1720,2,2,0,1,CLEAR,DRY,False,OTHER ROADWAY OR MID-BLOCK COLLISION,REAR END,STRAIGHT & LEVEL,DAYLIGHT,,,8/29/2019 6:35:25 AM,False,8265,Accepted,
25563376,0568000,LOUISVILLE METRO POLICE DEPT,Accepted,JEFFERSON,KY1747,,FERN VALLEY,RD,,,,,,,,38.161033331,-85.640941433,5.117,8/28/2019 12:00:00 AM,1710,2,2,0,1,CLEAR,DRY,False,OTHER ROADWAY OR MID-BLOCK COLLISION,REAR END,STRAIGHT & HILLCREST,DAYLIGHT,,,8/29/2019 8:31:55 AM,False,4693,Accepted,
25563385,0568000,LOUISVILLE METRO POLICE DEPT,Accepted,JEFFERSON,KY0907,,3RD ST,RD,,,,,,,,38.129406511,-85.793339757,4.808,8/28/2019 12:00:00 AM,1629,2,2,0,0,CLEAR,DRY,False,OTHER ROADWAY OR MID-BLOCK COLLISION,REAR END,STRAIGHT & LEVEL,DAYLIGHT,,,8/29/2019 8:32:18 AM,False,7274,Accepted,
25563315,0568000,LOUISVILLE METRO POLICE DEPT,Accepted,JEFFERSON,I 0065,,,,,,,,,,,38.236528295,-85.751377813,0.004,8/28/2019 12:00:00 AM,0900,2,2,0,0,CLEAR,DRY,False,OTHER RAMP RELATED COLLISIONS NOT LISTED ABOVE,SIDESWIPE-SAME DIRECTION,STRAIGHT & LEVEL,DAYLIGHT,E SAINT CATHERINE ST,I 0065,8/29/2019 8:30:26 AM,False,7342,Accepted,
25559678,0568000,LOUISVILLE METRO POLICE DEPT,Accepted,JEFFERSON,I 0071,,,,,,,,,,,38.275435258,-85.697499699,0.027,8/28/2019 12:00:00 AM,0947,2,2,0,0,CLEAR,DRY,False,OTHER RAMP RELATED COLLISIONS NOT LISTED ABOVE,REAR END,STRAIGHT & GRADE,DAYLIGHT,I 0071,ZORN AVE,8/28/2019 2:39:10 PM,False,7833,Accepted,
25559670,0568000,LOUISVILLE METRO POLICE DEPT,Accepted,JEFFERSON,US0060A,3030,TAYLOR,BLVD,,,,,,,,38.206437451,-85.776040588,2.286,8/28/2019 12:00:00 AM,1123,2,2,0,0,CLEAR,DRY,True,COLLISION IN PARKING LOT,BACKING,STRAIGHT & LEVEL,DAYLIGHT,,,8/28/2019 2:37:52 PM,False,7872,Accepted,
25569448,0568000,LOUISVILLE METRO POLICE DEPT,Accepted,JEFFERSON,,,PIKE,ST,,,,,,,,38.256506895,-85.762797136,0.064,8/28/2019 12:00:00 AM,1445,2,2,0,0,CLEAR,DRY,True,COLLISION IN PARKING LOT,SIDESWIPE-SAME DIRECTION,STRAIGHT & LEVEL,DAYLIGHT,,,8/30/2019 8:37:42 AM,False,5173,Accepted,
25588807,0560600,WEST BUECHEL POLICE DEPT.,Accepted,JEFFERSON,,2020,BASHFORD MANOR,LN,,,,,,,,38.200767073,-85.668705259,0.274,8/28/2019 12:00:00 AM,1600,2,2,0,0,CLEAR,DRY,True,COLLISION IN PARKING LOT,ANGLE,STRAIGHT & LEVEL,DAYLIGHT,,,9/3/2019 8:24:24 PM,False,1290,Accepted,
25559644,0568000,LOUISVILLE METRO POLICE DEPT,Accepted,JEFFERSON,I 0064,,I64 W,,,,,,,,,38.234168569,-85.611989741,12.925,8/28/2019 12:00:00 AM,0754,4,4,0,1,CLEAR,DRY,False,OTHER ROADWAY OR MID-BLOCK COLLISION,REAR END,STRAIGHT & LEVEL,DAYLIGHT,,,8/28/2019 2:35:50 PM,False,4903,Accepted,
25563310,0568000,LOUISVILLE METRO POLICE DEPT,Accepted,JEFFERSON,KY1931,,ST ANDREWS CHURCH,RD,,,,,,,,38.145253297,-85.832512394,3.567,8/28/2019 12:00:00 AM,1414,2,2,0,1,CLEAR,DRY,False,OTHER ROADWAY OR MID-BLOCK COLLISION,REAR END,STRAIGHT & LEVEL,DAYLIGHT,,,8/29/2019 8:30:02 AM,False,7234,Accepted,
25563402,0568000,LOUISVILLE METRO POLICE DEPT,Accepted,JEFFERSON,US0031E,,BARDSTOWN,RD,,,,,PARIS,US0031E,US31E CROSSOVER,38.201487410,-85.663602477,11.244,8/28/2019 12:00:00 AM,1249,2,2,0,0,CLEAR,DRY,False,OTHER ROADWAY OR MID-BLOCK COLLISION,REAR END,STRAIGHT & LEVEL,DAYLIGHT,,,8/29/2019 8:33:30 AM,False,7482,Accepted,
25584928,0568000,LOUISVILLE METRO POLICE DEPT,Accepted,JEFFERSON,I 0265,,I265 N,,,,,,,,,38.292814279,-85.540745280,31.992,8/27/2019 12:00:00 AM,1350,1,1,0,0,CLOUDY,DRY,False,OTHER ROADWAY OR MID-BLOCK COLLISION,SINGLE VEHICLE,STRAIGHT & LEVEL,DAYLIGHT,,,9/3/2019 9:45:22 AM,False,8278,Accepted,
25557689,0568000,LOUISVILLE METRO POLICE DEPT,Accepted,JEFFERSON,KY1703,,NEWBURG,RD,,,,,,,,38.203011167,-85.690673278,2.377,8/27/2019 12:00:00 AM,1423,2,2,0,0,CLOUDY,WET,True,OTHER ROADWAY OR MID-BLOCK COLLISION,REAR END,STRAIGHT & GRADE,DAYLIGHT,,,8/28/2019 8:25:23 AM,False,6813,Accepted,
25590443,0561500,UNIV. OF LOUISVILLE POLICE,Accepted,JEFFERSON,,2900,FLOYD,ST,S,,,,,,,38.202111377,-85.757295641,3.700,8/27/2019 12:00:00 AM,1508,3,3,0,0,CLEAR,DRY,False,COLLISION IN PARKING LOT,ANGLE,STRAIGHT & LEVEL,DAYLIGHT,,,9/4/2019 7:09:48 AM,False,5697,Accepted,
25557684,0568000,LOUISVILLE METRO POLICE DEPT,Accepted,JEFFERSON,,10641,FISCHER PARK,DR,,,,,,,,38.296685921,-85.555145319,0.282,8/27/2019 12:00:00 AM,2119,2,2,0,0,CLEAR,WET,False,COLLISION IN PARKING LOT,BACKING,STRAIGHT & LEVEL,DARK (UNKNOWN ROADWAY LIGHTING),,,8/28/2019 8:24:59 AM,False,5228,Accepted,
25557645,0568000,LOUISVILLE METRO POLICE DEPT,Accepted,JEFFERSON,,,OXMOOR,LN,,,,,,,,38.246896037,-85.613574070,0.170,8/27/2019 12:00:00 AM,1529,2,2,0,0,CLOUDY,DRY,False,COLLISION IN PARKING LOT,REAR END,STRAIGHT & LEVEL,DAYLIGHT,,,8/28/2019 8:21:27 AM,False,6862,Accepted,
25563297,0568000,LOUISVILLE METRO POLICE DEPT,Accepted,JEFFERSON,I 0064,,,,,,,,,,,38.257306928,-85.765416600,0.002,8/27/2019 12:00:00 AM,1240,2,2,0,0,CLOUDY,DRY,False,OTHER RAMP RELATED COLLISIONS NOT LISTED ABOVE,SIDESWIPE-SAME DIRECTION,STRAIGHT & GRADE,DAYLIGHT,US31W,I 0064,8/29/2019 8:29:14 AM,False,2406,Accepted,
25557713,0568000,LOUISVILLE METRO POLICE DEPT,Accepted,JEFFERSON,I 0264,,,,,,,,,,,38.278142233,-85.633951094,0.153,8/27/2019 12:00:00 AM,1734,2,2,0,0,CLEAR,DRY,False,OTHER RAMP RELATED COLLISIONS NOT LISTED ABOVE,REAR END,STRAIGHT & LEVEL,DAYLIGHT,I 0264,US0042,8/28/2019 8:26:59 AM,False,7243,Accepted,
25559675,0568000,LOUISVILLE METRO POLICE DEPT,Accepted,JEFFERSON,I 0064,,,,,,,,,,,38.220892390,-85.582061925,0.705,8/27/2019 12:00:00 AM,0700,2,2,0,0,RAINING,WET,False,OTHER RAMP RELATED COLLISIONS NOT LISTED ABOVE,REAR END,STRAIGHT & GRADE,DARK-HWY NOT LIGHTED,I 0064,KY1747,8/28/2019 2:38:45 PM,False,6886,Accepted,
25557685,0568000,LOUISVILLE METRO POLICE DEPT,Accepted,JEFFERSON,I 0065,,,,,,,,,,,38.157095245,-85.716676281,0.453,8/27/2019 12:00:00 AM,1715,2,2,0,0,CLOUDY,WET,True,OTHER RAMP RELATED COLLISIONS NOT LISTED ABOVE,REAR END,STRAIGHT & LEVEL,DAYLIGHT,I 0065,KY1631,8/28/2019 8:25:03 AM,False,7397,Accepted,
25613899,0561500,UNIV. OF LOUISVILLE POLICE,Accepted,JEFFERSON,,2900,FLOYD,ST,S,,,,,,,38.201751525,-85.757351389,3.725,8/27/2019 12:00:00 AM,1508,3,1,0,0,CLEAR,DRY,False,COLLISION IN PARKING LOT,ANGLE,STRAIGHT & LEVEL,DAYLIGHT,,,9/9/2019 12:01:48 PM,False,5697,Accepted,
25563410,0568000,LOUISVILLE METRO POLICE DEPT,Accepted,JEFFERSON,I 0264,,I264 E,,,,,,,,,38.250361667,-85.619243066,19.812,8/27/2019 12:00:00 AM,1723,2,2,0,2,CLOUDY,DRY,False,OTHER ROADWAY OR MID-BLOCK COLLISION,REAR END,STRAIGHT & LEVEL,DAYLIGHT,,,8/29/2019 8:34:54 AM,False,2142,Accepted,