IncidentID,AgencyORI,AgencyName,IncidentStatusDesc,County,RdwyNumber,Street,RoadwayName,StreetSfx,StreetDir,IntersectionRdwy,IntersectionRdwyName,BetweenStRdwy1,BetweenStRdwyName1,BetweenStRdwy2,BetweenStRdwyName2,Latitude,Longitude,Milepoint,CollisionDate,CollisionTime,UnitsInvolved,MotorVehiclesInvolved,NumberKilled,NumberInjured,Weather,RdwyConditionCode,HitandRun,DirAnalysisCode,MannerofCollision,RdwyCharacter,LightCondition,RampFromRdwyId,RampToRdwyId,AcceptedDate,IsSecondaryCollision,OwnerBadge,IncidentStatus,
25584949,0568000,LOUISVILLE METRO POLICE DEPT,Accepted,JEFFERSON,KY1703,,BAXTER,AVE,,,,,GRINSTEAD,,RUFER,38.237752740,-85.722306473,5.483,8/27/2019 12:00:00 AM,1737,2,2,0,0,RAINING,WET,False,OTHER ROADWAY OR MID-BLOCK COLLISION,REAR END,STRAIGHT & HILLCREST,DAYLIGHT,,,9/3/2019 9:48:36 AM,False,2228,Accepted,
25584993,0568000,LOUISVILLE METRO POLICE DEPT,Accepted,JEFFERSON,I 0264,,I264 E,,,,,,,,,38.209328531,-85.674294331,15.462,8/27/2019 12:00:00 AM,1131,1,1,0,0,CLOUDY,DRY,False,OTHER ROADWAY OR MID-BLOCK COLLISION,SINGLE VEHICLE,STRAIGHT & LEVEL,DAYLIGHT,,,9/3/2019 9:56:32 AM,False,7578,Accepted,
25584926,0568000,LOUISVILLE METRO POLICE DEPT,Accepted,JEFFERSON,US0031E,,BUECHEL,BYP,,,,KY2052,HIKES,US0031E,BARDSTOWN,38.198636801,-85.661451435,11.007,8/27/2019 12:00:00 AM,1639,2,2,0,1,CLEAR,DRY,False,OTHER ROADWAY OR MID-BLOCK COLLISION,REAR END,STRAIGHT & LEVEL,DAYLIGHT,,,9/3/2019 9:45:02 AM,False,2429,Accepted,
25586287,0568000,LOUISVILLE METRO POLICE DEPT,Accepted,JEFFERSON,US0031E,,BARDSTOWN,RD,,,,,TYLER,,GLADSTONE,38.217937473,-85.677413852,12.585,8/27/2019 12:00:00 AM,1813,2,2,0,0,RAINING,WET,False,OTHER ROADWAY OR MID-BLOCK COLLISION,REAR END,STRAIGHT & LEVEL,DAYLIGHT,,,9/3/2019 12:08:49 PM,False,2228,Accepted,
25557638,0568000,LOUISVILLE METRO POLICE DEPT,Accepted,JEFFERSON,,1620,RANGELAND,RD,,,,,,,,38.166721534,-85.674188222,0.409,8/27/2019 12:00:00 AM,1444,2,2,0,0,CLEAR,DRY,False,VEHICLE BACKING NON INTERSECTION,BACKING,STRAIGHT & LEVEL,DAYLIGHT,,,8/28/2019 8:21:02 AM,False,5247,Accepted,
25557715,0568000,LOUISVILLE METRO POLICE DEPT,Accepted,JEFFERSON,KY1865,5340,NEW CUT,RD,,,,,,,,38.152145298,-85.776685673,3.109,8/27/2019 12:00:00 AM,2057,2,2,0,1,CLEAR,DRY,False,VEHICLE BACKING NON INTERSECTION,BACKING,STRAIGHT & LEVEL,DARK-HWY LIGHTED/ON,,,8/28/2019 8:27:07 AM,False,7295,Accepted,
25557675,0568000,LOUISVILLE METRO POLICE DEPT,Accepted,JEFFERSON,US0031E,,BARDSTOWN,RD,,,,,,,,38.217430796,-85.676943407,12.556,8/27/2019 12:00:00 AM,1617,2,2,0,1,CLOUDY,DRY,False,OTHER ROADWAY OR MID-BLOCK COLLISION,REAR END,STRAIGHT & LEVEL,DAYLIGHT,,,8/28/2019 8:24:27 AM,False,6813,Accepted,
25555189,0568000,LOUISVILLE METRO POLICE DEPT,Accepted,JEFFERSON,KY1931,,GREENWOOD,RD,,,,,,,,38.144044994,-85.851995121,2.461,8/27/2019 12:00:00 AM,1211,2,2,0,0,CLEAR,DRY,False,1 VEHICLE ENTERING/LEAVING ENTRANCE,ANGLE,STRAIGHT & LEVEL,DAYLIGHT,,,8/27/2019 3:52:52 PM,False,7224,Accepted,
25555215,0568000,LOUISVILLE METRO POLICE DEPT,Accepted,JEFFERSON,US0031W,,DIXIE,HWY,,,,,KERRICK,,ST PAULS CHURCH,38.153211272,-85.835760130,12.262,8/27/2019 12:00:00 AM,1248,2,2,0,1,CLOUDY,DRY,False,1 VEHICLE ENTERING/LEAVING ENTRANCE,ANGLE,STRAIGHT & LEVEL,DAYLIGHT,,,8/27/2019 3:55:49 PM,False,6326,Accepted,
25555165,0568000,LOUISVILLE METRO POLICE DEPT,Accepted,JEFFERSON,KY1020,,2ND,ST,S,,,,CHESTNUT,US0150,BROADWAY,38.246317240,-85.754979035,12.130,8/27/2019 12:00:00 AM,0740,2,2,0,0,CLOUDY,DRY,False,1 VEHICLE ENTERING/LEAVING ENTRANCE,ANGLE,STRAIGHT & LEVEL,DAYLIGHT,,,8/27/2019 3:51:29 PM,False,2406,Accepted,
25557697,0568000,LOUISVILLE METRO POLICE DEPT,Accepted,JEFFERSON,US0150,,BROADWAY,,W,,,KY1020,2ND,,1ST,38.245835224,-85.754808493,2.551,8/27/2019 12:00:00 AM,1438,2,2,0,0,CLOUDY,DRY,True,1 VEHICLE ENTERING/LEAVING ENTRANCE,ANGLE,STRAIGHT & LEVEL,DAYLIGHT,,,8/28/2019 8:26:02 AM,False,7229,Accepted,
25557703,0568000,LOUISVILLE METRO POLICE DEPT,Accepted,JEFFERSON,KY2054,,ALGONQUIN,PKWY,,,,,,,,38.224473999,-85.809456913,0.711,8/27/2019 12:00:00 AM,2146,2,2,0,1,CLEAR,DRY,False,1 VEHICLE ENTERING/LEAVING ENTRANCE,ANGLE,STRAIGHT & LEVEL,DARK-HWY LIGHTED/ON,,,8/28/2019 8:26:27 AM,False,7154,Accepted,
25557692,0568000,LOUISVILLE METRO POLICE DEPT,Accepted,JEFFERSON,KY1020,,3RD,ST,S,,,,,,,38.205223801,-85.763934908,9.505,8/27/2019 12:00:00 AM,1605,2,2,0,0,CLOUDY,DRY,False,1 VEHICLE ENTERING/LEAVING ENTRANCE,ANGLE,STRAIGHT & LEVEL,DAYLIGHT,,,8/28/2019 8:25:36 AM,False,7286,Accepted,
25557699,0568000,LOUISVILLE METRO POLICE DEPT,Accepted,JEFFERSON,KY1020,,2ND,ST,S,,,US0150,BROADWAY,,CHESTNUT,38.247816569,-85.754700178,12.235,8/27/2019 12:00:00 AM,1708,2,2,0,0,RAINING,WET,False,1 VEHICLE ENTERING/LEAVING ENTRANCE,ANGLE,STRAIGHT & LEVEL,DAYLIGHT,,,8/28/2019 8:26:08 AM,False,2854,Accepted,
25585601,0568000,LOUISVILLE METRO POLICE DEPT,Accepted,JEFFERSON,KY1934,3412,CANE RUN,RD,,,,,,,,38.222856120,-85.810768547,11.369,8/27/2019 12:00:00 AM,2107,2,2,0,3,CLOUDY,DRY,False,1 VEHICLE ENTERING/LEAVING ENTRANCE,ANGLE,STRAIGHT & LEVEL,DARK-HWY NOT LIGHTED,,,9/3/2019 11:01:21 AM,False,7437,Accepted,
25557691,0568000,LOUISVILLE METRO POLICE DEPT,Accepted,JEFFERSON,US0150,700,BROADWAY,,W,,,,,,,38.246581317,-85.763654670,2.090,8/27/2019 12:00:00 AM,1104,2,2,0,0,CLOUDY,DRY,False,SIDESWIPE COLLISION - OPPOSITE DIRECTION,SIDESWIPE-OPPOSITE DIRECTION,STRAIGHT & LEVEL,DAYLIGHT,,,8/28/2019 8:25:31 AM,False,7229,Accepted,
25557639,0568000,LOUISVILLE METRO POLICE DEPT,Accepted,JEFFERSON,KY0155,,TAYLORSVILLE,RD,,,,,,,,38.219389499,-85.615237388,12.755,8/27/2019 12:00:00 AM,1532,3,3,0,0,CLOUDY,WET,False,REAR END IN TRAFFIC LANES BOTH VEHICLES MOVING,REAR END,STRAIGHT & LEVEL,DAYLIGHT,,,8/28/2019 8:21:07 AM,False,7864,Accepted,
25555149,0568000,LOUISVILLE METRO POLICE DEPT,Accepted,JEFFERSON,I 0065,,I65 N EXIT130 TRANSIT,,,,,,,,,38.181331556,-85.721030668,0.351,8/27/2019 12:00:00 AM,0627,2,2,0,0,CLOUDY,DRY,False,REAR END IN TRAFFIC LANES BOTH VEHICLES MOVING,REAR END,STRAIGHT & LEVEL,DAWN,,,8/27/2019 3:49:39 PM,False,4903,Accepted,
25557678,0568000,LOUISVILLE METRO POLICE DEPT,Accepted,JEFFERSON,KY0864,,POPLAR LEVEL,RD,,,,,,,,38.196547923,-85.707970221,11.397,8/27/2019 12:00:00 AM,1710,2,2,0,0,CLOUDY,WET,False,REAR END IN TRAFFIC LANES BOTH VEHICLES MOVING,REAR END,STRAIGHT & LEVEL,DAYLIGHT,,,8/28/2019 8:24:42 AM,False,7898,Accepted,
25557687,0568000,LOUISVILLE METRO POLICE DEPT,Accepted,JEFFERSON,US0031E,,BARDSTOWN,RD,,,,,,,,38.168791945,-85.604785045,7.226,8/27/2019 12:00:00 AM,1900,2,2,0,0,RAINING,WET,False,REAR END IN TRAFFIC LANES BOTH VEHICLES MOVING,REAR END,STRAIGHT & LEVEL,DAYLIGHT,,,8/28/2019 8:25:14 AM,False,7573,Accepted,
25557664,0568000,LOUISVILLE METRO POLICE DEPT,Accepted,JEFFERSON,KY0864,,POPLAR LEVEL,RD,,,,,AUDUBON PLAZA,,HESS,38.213054108,-85.722240064,12.819,8/27/2019 12:00:00 AM,1513,2,2,0,0,CLOUDY,DRY,False,REAR END IN TRAFFIC LANES BOTH VEHICLES MOVING,REAR END,STRAIGHT & LEVEL,DAYLIGHT,,,8/28/2019 8:23:28 AM,False,6100,Accepted,
25555168,0568000,LOUISVILLE METRO POLICE DEPT,Accepted,JEFFERSON,,,JEFFERSON,ST,E,,,,1ST,,BROOK,38.253111013,-85.750598265,0.951,8/27/2019 12:00:00 AM,1030,2,2,0,0,CLOUDY,DRY,False,SIDESWIPE COLLISION - SAME DIRECTION,SIDESWIPE-SAME DIRECTION,STRAIGHT & LEVEL,DAYLIGHT,,,8/27/2019 3:51:40 PM,False,2406,Accepted,
25585670,0568000,LOUISVILLE METRO POLICE DEPT,Accepted,JEFFERSON,US0150,,BROADWAY,,E,,,,,,,38.245392001,-85.748824840,2.894,8/27/2019 12:00:00 AM,1139,2,2,0,0,CLEAR,DRY,False,SIDESWIPE COLLISION - SAME DIRECTION,SIDESWIPE-SAME DIRECTION,STRAIGHT & LEVEL,DAYLIGHT,,,9/3/2019 11:05:39 AM,False,7239,Accepted,
25584931,0568000,LOUISVILLE METRO POLICE DEPT,Accepted,JEFFERSON,I 0065,,,,,,,,,,,38.118735972,-85.702300574,0.212,8/27/2019 12:00:00 AM,1530,2,2,0,0,CLOUDY,DRY,True,SIDESWIPE COLLISION - SAME DIRECTION,SIDESWIPE-SAME DIRECTION,CURVE & GRADE,DAYLIGHT,,,9/3/2019 9:45:36 AM,False,8278,Accepted,
25559652,0568000,LOUISVILLE METRO POLICE DEPT,Accepted,JEFFERSON,,,CLAY,ST,S,,,,LIBERTY,,BALLARD,38.251073680,-85.740476611,0.235,8/27/2019 12:00:00 AM,1310,2,2,0,0,CLOUDY,DRY,False,SIDESWIPE COLLISION - SAME DIRECTION,SIDESWIPE-SAME DIRECTION,STRAIGHT & LEVEL,DAYLIGHT,,,8/28/2019 2:36:37 PM,False,7058,Accepted,
25602038,0568000,LOUISVILLE METRO POLICE DEPT,Accepted,JEFFERSON,I 0064,,I64 N TRANSIT,,,,,,,,,38.261694363,-85.726238154,0.403,8/27/2019 12:00:00 AM,1704,2,2,0,0,CLOUDY,WET,False,SIDESWIPE COLLISION - SAME DIRECTION,SIDESWIPE-SAME DIRECTION,CURVE & GRADE,DAYLIGHT,,,9/6/2019 9:19:36 AM,False,8278,Accepted,
25557667,0568000,LOUISVILLE METRO POLICE DEPT,Accepted,JEFFERSON,,,BRECKINRIDGE,ST,W,,,KY1020,2ND,KY1020,3RD,38.241574125,-85.756050436,0.105,8/27/2019 12:00:00 AM,0950,2,2,0,0,CLOUDY,DRY,False,REAR END IN TRAFFIC LANES BOTH VEHICLES MOVING,REAR END,STRAIGHT & LEVEL,DAYLIGHT,,,8/28/2019 8:23:51 AM,False,7619,Accepted,
25557658,0568000,LOUISVILLE METRO POLICE DEPT,Accepted,JEFFERSON,KY0061,,PRESTON,HWY,,,,,,,,38.093707086,-85.669319586,0.707,8/27/2019 12:00:00 AM,1524,2,2,0,0,CLOUDY,DRY,False,REAR END IN TRAFFIC LANES BOTH VEHICLES MOVING,REAR END,STRAIGHT & LEVEL,DAYLIGHT,,,8/28/2019 8:22:53 AM,False,4693,Accepted,
25557485,0560400,SHIVELY POLICE DEPARTMENT,Accepted,JEFFERSON,I 0264,,I264 W,,,,,,,,,38.185713895,-85.807132758,7.902,8/27/2019 12:00:00 AM,1824,2,2,0,0,CLOUDY,DRY,False,REAR END IN TRAFFIC LANES BOTH VEHICLES MOVING,REAR END,STRAIGHT & LEVEL,DAYLIGHT,,,8/28/2019 7:28:24 AM,False,7128,Accepted,
25557694,0568000,LOUISVILLE METRO POLICE DEPT,Accepted,JEFFERSON,KY2241,,WILLIS,AVE,,,,,,,,38.252063569,-85.653022656,0.067,8/27/2019 12:00:00 AM,1949,2,2,0,0,CLEAR,DRY,False,REAR END IN TRAFFIC LANES BOTH VEHICLES MOVING,REAR END,STRAIGHT & LEVEL,DUSK,,,8/28/2019 8:25:50 AM,False,5104,Accepted,
25557669,0568000,LOUISVILLE METRO POLICE DEPT,Accepted,JEFFERSON,I 0264,,I264 W,,,,,,,,,38.191152715,-85.717690850,12.740,8/27/2019 12:00:00 AM,1800,2,2,0,0,CLOUDY,DRY,False,REAR END IN TRAFFIC LANES BOTH VEHICLES MOVING,REAR END,STRAIGHT & LEVEL,DAYLIGHT,,,8/28/2019 8:24:01 AM,False,7786,Accepted,
25555195,0560300,ST. MATTHEWS POLICE DEPARTMENT,Accepted,JEFFERSON,US0060,5000,SHELBYVILLE,RD,,,,,,,,38.250243640,-85.622261614,5.376,8/27/2019 12:00:00 AM,1215,2,2,0,0,CLOUDY,DRY,True,REAR END IN TRAFFIC LANES BOTH VEHICLES MOVING,REAR END,STRAIGHT & LEVEL,DAYLIGHT,,,8/27/2019 3:53:05 PM,False,9155,Accepted,
25557661,0568000,LOUISVILLE METRO POLICE DEPT,Accepted,JEFFERSON,US0031E,,BARDSTOWN,RD,,,,,HEATHER,,BELMONT,38.205749987,-85.666659635,11.568,8/27/2019 12:00:00 AM,1612,2,2,0,1,CLOUDY,DRY,False,REAR END IN TRAFFIC LANES BOTH VEHICLES MOVING,REAR END,STRAIGHT & LEVEL,DAYLIGHT,,,8/28/2019 8:23:11 AM,False,6100,Accepted,
25557673,0568000,LOUISVILLE METRO POLICE DEPT,Accepted,JEFFERSON,I 0065,,I65 S,,,,,I 0065,I65 S EXIT130 OFF RAMP TO  GRADE LN,I 0065,I65 S EXIT131A ON RAMP,38.182034441,-85.722071684,130.030,8/27/2019 12:00:00 AM,1623,2,2,0,0,CLOUDY,DRY,True,REAR END IN TRAFFIC LANES BOTH VEHICLES MOVING,REAR END,STRAIGHT & LEVEL,DAYLIGHT,,,8/28/2019 8:24:21 AM,False,7473,Accepted,
25584891,0568000,LOUISVILLE METRO POLICE DEPT,Accepted,JEFFERSON,I 0071,,I71 S,,,,,,,,,38.314310065,-85.583258143,9.000,8/27/2019 12:00:00 AM,0728,3,3,0,1,CLOUDY,WET,False,REAR END IN TRAFFIC LANES BOTH VEHICLES MOVING,REAR END,STRAIGHT & LEVEL,DAYLIGHT,,,9/3/2019 9:43:08 AM,False,4656,Accepted,
25581942,0561500,UNIV. OF LOUISVILLE POLICE,Accepted,JEFFERSON,,400,MUHAMMAD ALI,BLVD,E,,,,,,,38.249950826,-85.746534089,0.709,8/27/2019 12:00:00 AM,1630,2,2,0,0,CLEAR,DRY,False,REAR END IN TRAFFIC LANES BOTH VEHICLES MOVING,REAR END,STRAIGHT & LEVEL,DAYLIGHT,,,9/2/2019 5:24:12 PM,False,5619,Accepted,
25557683,0568000,LOUISVILLE METRO POLICE DEPT,Accepted,JEFFERSON,KY1747,,FERN VALLEY,RD,,,,,ULRICH,,PARAMOUNT PARK,38.157039996,-85.709718297,1.234,8/27/2019 12:00:00 AM,1748,2,2,0,0,CLOUDY,WET,False,REAR END IN TRAFFIC LANES BOTH VEHICLES MOVING,REAR END,STRAIGHT & LEVEL,DAYLIGHT,,,8/28/2019 8:24:56 AM,False,7397,Accepted,
25557700,0568000,LOUISVILLE METRO POLICE DEPT,Accepted,JEFFERSON,KY3084,,OLD HENRY,RD,,,,I 0265,I265 N EXIT29 ON RAMP FROM KY3084,I 0265,I265 S EXIT29 OFF RAMP TO KY3084,38.269455817,-85.502516428,1.064,8/27/2019 12:00:00 AM,0755,2,2,0,0,CLOUDY,DRY,False,REAR END IN TRAFFIC LANES BOTH VEHICLES MOVING,REAR END,STRAIGHT & LEVEL,DAYLIGHT,,,8/28/2019 8:26:17 AM,False,7018,Accepted,
25557482,0560400,SHIVELY POLICE DEPARTMENT,Accepted,JEFFERSON,I 0264,,I264 W,,,,,,,,,38.194213986,-85.829462537,6.232,8/27/2019 12:00:00 AM,2106,2,2,0,0,CLOUDY,DRY,False,REAR END IN TRAFFIC LANES BOTH VEHICLES MOVING,REAR END,STRAIGHT & LEVEL,DARK-HWY LIGHTED/ON,,,8/28/2019 7:28:10 AM,False,7128,Accepted,
25557651,0568000,LOUISVILLE METRO POLICE DEPT,Accepted,JEFFERSON,,,GRADE,LN,,,,,,,,38.143988801,-85.738448584,3.114,8/27/2019 12:00:00 AM,1145,2,2,0,0,CLOUDY,DRY,False,REAR END IN TRAFFIC LANES BOTH VEHICLES MOVING,REAR END,CURVE & LEVEL,DAYLIGHT,,,8/28/2019 8:22:07 AM,False,4693,Accepted,
25557652,0568000,LOUISVILLE METRO POLICE DEPT,Accepted,JEFFERSON,US0031E,,BARDSTOWN,RD,,,,,,,,38.151027575,-85.587739924,5.638,8/27/2019 12:00:00 AM,1622,2,2,0,0,CLOUDY,DRY,False,REAR END IN TRAFFIC LANES BOTH VEHICLES MOVING,REAR END,STRAIGHT & LEVEL,DAYLIGHT,,,8/28/2019 8:22:12 AM,False,4693,Accepted,
25555190,0568000,LOUISVILLE METRO POLICE DEPT,Accepted,JEFFERSON,KY2055,9205,MANSLICK,RD,W,,,,,,,38.118173079,-85.792354227,3.514,8/27/2019 12:00:00 AM,1104,1,1,0,0,CLEAR,DRY,False,OTHER COLLISIONS ON SHOULDER,SINGLE VEHICLE,STRAIGHT & LEVEL,DAYLIGHT,,,8/27/2019 3:52:56 PM,False,7224,Accepted,
25613144,0568000,LOUISVILLE METRO POLICE DEPT,Accepted,JEFFERSON,KY0907,,3RD ST,RD,,,,,,,,38.118098696,-85.805986758,3.743,8/27/2019 12:00:00 AM,2129,1,1,0,0,CLEAR,DRY,False,OTHER COLLISIONS ON SHOULDER,SINGLE VEHICLE,STRAIGHT & LEVEL,DARK-HWY LIGHTED/ON,,,9/9/2019 10:20:12 AM,False,7332,Accepted,
25585809,0568000,LOUISVILLE METRO POLICE DEPT,Accepted,JEFFERSON,KY0907,,3RD ST,RD,,,,,ARNOLDTOWN,KY2055,MANSLICK,38.124889948,-85.797096460,4.431,8/27/2019 12:00:00 AM,0635,1,1,0,0,CLEAR,DRY,False,COLLISION WITH FIXED OBJECT NON - INTERSECTION - FIRST EVENT COLLISION 09 - 32 EXCLUDING 16,SINGLE VEHICLE,CURVE & LEVEL,DAWN,,,9/3/2019 11:15:32 AM,False,2457,Accepted,
25602237,0568000,LOUISVILLE METRO POLICE DEPT,Accepted,JEFFERSON,,2612,HOWARD,ST,,,,,,,,38.246028702,-85.797060893,0.539,8/27/2019 12:00:00 AM,2235,1,1,0,0,CLEAR,DRY,False,COLLISION WITH FIXED OBJECT NON - INTERSECTION - FIRST EVENT COLLISION 09 - 32 EXCLUDING 16,SINGLE VEHICLE,STRAIGHT & LEVEL,DARK-HWY LIGHTED/ON,,,9/6/2019 9:41:22 AM,False,7175,Accepted,
25555187,0568000,LOUISVILLE METRO POLICE DEPT,Accepted,JEFFERSON,KY0841,,GENE SNYDER,FWY,,,,KY0841,KY841 RAMP TO KY1865,KY0841,KY841 RAMP FROM KY1865,38.120413728,-85.780040093,5.902,8/27/2019 12:00:00 AM,0737,1,1,0,1,CLOUDY,DRY,False,COLLISION WITH FIXED OBJECT NON - INTERSECTION - FIRST EVENT COLLISION 09 - 32 EXCLUDING 16,SINGLE VEHICLE,CURVE & GRADE,DAYLIGHT,,,8/27/2019 3:52:44 PM,False,7840,Accepted,
25557709,0568000,LOUISVILLE METRO POLICE DEPT,Accepted,JEFFERSON,,2622,HALE,AVE,,,,,,,,38.239212407,-85.797632120,1.060,8/27/2019 12:00:00 AM,0110,2,2,0,0,CLOUDY,DRY,False,1 VEHICLE PARKED POSITION (NOT PARKING LOT/DRIVEWAY),HEAD ON,STRAIGHT & LEVEL,DARK-HWY LIGHTED/ON,,,8/28/2019 8:26:42 AM,False,7370,Accepted,
25557686,0568000,LOUISVILLE METRO POLICE DEPT,Accepted,JEFFERSON,,,DEARBORN,AVE,,,,,DOERHOEFER,,GARLAND,38.246571405,-85.814040179,0.019,8/27/2019 12:00:00 AM,1643,2,2,0,0,CLOUDY,WET,False,1 VEHICLE PARKED POSITION (NOT PARKING LOT/DRIVEWAY),SIDESWIPE-SAME DIRECTION,STRAIGHT & LEVEL,DAYLIGHT,,,8/28/2019 8:25:08 AM,False,7328,Accepted,
25557688,0568000,LOUISVILLE METRO POLICE DEPT,Accepted,JEFFERSON,,1903,ELBA,DR,,,,,,,,38.200966285,-85.676615807,0.028,8/27/2019 12:00:00 AM,2000,2,2,0,0,CLOUDY,DRY,False,1 VEHICLE PARKED POSITION (NOT PARKING LOT/DRIVEWAY),REAR END,CURVE & GRADE,DAWN,,,8/28/2019 8:25:17 AM,False,7371,Accepted,
25563413,0568000,LOUISVILLE METRO POLICE DEPT,Accepted,JEFFERSON,,6517,EL RANCHO,RD,,,,,EL COCO,,EL VENTOSO,38.149741704,-85.568777852,0.226,8/27/2019 12:00:00 AM,2200,4,4,0,1,CLOUDY,DRY,False,1 VEHICLE PARKED POSITION (NOT PARKING LOT/DRIVEWAY),HEAD ON,STRAIGHT & LEVEL,DARK-HWY NOT LIGHTED,,,8/29/2019 8:36:19 AM,False,7828,Accepted,
25555150,0568000,LOUISVILLE METRO POLICE DEPT,Accepted,JEFFERSON,,,CHAMBERLAIN,LN,,,,I 0265,I265 S EXIT33 OFF RAMP TO  CHAMBERLAIN LN,,WINCHESTER ACRES,38.287920066,-85.523996298,0.721,8/27/2019 12:00:00 AM,0646,2,2,0,0,RAINING,WET,False,1 VEHICLE PARKED POSITION (NOT PARKING LOT/DRIVEWAY),REAR END,STRAIGHT & LEVEL,DAWN,,,8/27/2019 3:49:43 PM,False,5228,Accepted,
25555186,0568000,LOUISVILLE METRO POLICE DEPT,Accepted,JEFFERSON,KY2055,,MANSLICK,RD,W,,MASON,,,,,38.110152868,-85.764786690,1.753,8/27/2019 12:00:00 AM,1310,2,2,0,0,CLEAR,DRY,False,OTHER INTERSECTION COLLISIONS,REAR END,STRAIGHT & LEVEL,DAYLIGHT,,,8/27/2019 3:52:39 PM,False,7224,Accepted,
25557657,0568000,LOUISVILLE METRO POLICE DEPT,Accepted,JEFFERSON,KY1020,,SOUTHSIDE,DR,,,SENECA,,,,,38.159578730,-85.764786586,6.131,8/27/2019 12:00:00 AM,1753,2,2,0,0,CLEAR,DRY,False,OTHER INTERSECTION COLLISIONS,REAR END,STRAIGHT & LEVEL,DAYLIGHT,,,8/28/2019 8:22:48 AM,False,7224,Accepted,
25555218,0568000,LOUISVILLE METRO POLICE DEPT,Accepted,JEFFERSON,US0060,,FRANKFORT,AVE,,,STILZ,,,,,38.254611245,-85.685409203,1.910,8/27/2019 12:00:00 AM,1332,2,2,0,1,CLEAR,DRY,False,OTHER INTERSECTION COLLISIONS,REAR END,STRAIGHT & LEVEL,DAYLIGHT,,,8/27/2019 3:55:57 PM,False,7128,Accepted,
25618060,0568000,LOUISVILLE METRO POLICE DEPT,Accepted,JEFFERSON,US0031E,,BARDSTOWN,RD,,,FEGENBUSH,,,,,38.187176310,-85.637966402,9.439,8/27/2019 12:00:00 AM,1712,2,2,0,0,CLOUDY,WET,False,OTHER INTERSECTION COLLISIONS,REAR END,STRAIGHT & GRADE,DAYLIGHT,,,9/10/2019 8:49:10 AM,False,7303,Accepted,
25557708,0568000,LOUISVILLE METRO POLICE DEPT,Accepted,JEFFERSON,KY1747,,HURSTBOURNE,PKWY,S,,FENWICK HILL,,,,,38.200691744,-85.602689191,9.732,8/27/2019 12:00:00 AM,1951,2,2,0,1,CLEAR,DRY,False,SIDESWIPE-SAME DIRECTION,SIDESWIPE-SAME DIRECTION,STRAIGHT & GRADE,DAYLIGHT,,,8/28/2019 8:26:38 AM,False,7383,Accepted,
25557710,0568000,LOUISVILLE METRO POLICE DEPT,Accepted,JEFFERSON,,,CHESTNUT,ST,W,,4TH,,,,,38.248828484,-85.756724234,2.427,8/27/2019 12:00:00 AM,2116,2,2,0,0,CLEAR,DRY,False,SIDESWIPE-SAME DIRECTION,SIDESWIPE-SAME DIRECTION,STRAIGHT & LEVEL,DARK-HWY LIGHTED/ON,,,8/28/2019 8:26:46 AM,False,5172,Accepted,
25557637,0568000,LOUISVILLE METRO POLICE DEPT,Accepted,JEFFERSON,US0031E,,BAXTER,AVE,,US0150,BROADWAY,,,,,38.243735949,-85.727126948,15.908,8/27/2019 12:00:00 AM,1410,2,2,0,0,RAINING,WET,False,OTHER INTERSECTION COLLISIONS,REAR END,STRAIGHT & LEVEL,DAYLIGHT,,,8/28/2019 8:20:49 AM,False,5020,Accepted,
25557680,0568000,LOUISVILLE METRO POLICE DEPT,Accepted,JEFFERSON,,,11TH,ST,S,US0031W,MARKET,,,,,38.256448399,-85.768348924,0.092,8/27/2019 12:00:00 AM,1232,2,2,0,0,CLOUDY,DRY,False,SIDESWIPE-SAME DIRECTION,SIDESWIPE-SAME DIRECTION,STRAIGHT & LEVEL,DAYLIGHT,,,8/28/2019 8:24:47 AM,False,7229,Accepted,
25557695,0568000,LOUISVILLE METRO POLICE DEPT,Accepted,JEFFERSON,,,7TH,ST,S,US0031W,MARKET,,,,,38.255939246,-85.761765714,2.663,8/27/2019 12:00:00 AM,1842,2,2,0,0,CLEAR,DRY,False,SIDESWIPE-SAME DIRECTION,SIDESWIPE-SAME DIRECTION,STRAIGHT & LEVEL,DAYLIGHT,,,8/28/2019 8:25:55 AM,False,7862,Accepted,
25555174,0568000,LOUISVILLE METRO POLICE DEPT,Accepted,JEFFERSON,,,OLD BARDSTOWN,RD,,US0031E,BARDSTOWN,,,,,38.130412812,-85.577435297,0.002,8/27/2019 12:00:00 AM,0815,2,2,0,0,CLOUDY,DRY,False,OTHER INTERSECTION COLLISIONS,REAR END,STRAIGHT & LEVEL,DAYLIGHT,,,8/27/2019 3:52:06 PM,False,2017,Accepted,
25557663,0568000,LOUISVILLE METRO POLICE DEPT,Accepted,JEFFERSON,KY1934,4400,CANE RUN,RD,,,KRISTIN,,,,,38.197474651,-85.839648578,9.010,8/27/2019 12:00:00 AM,1656,2,2,0,0,RAINING,WET,False,OTHER INTERSECTION COLLISIONS,REAR END,STRAIGHT & LEVEL,DAYLIGHT,,,8/28/2019 8:23:23 AM,False,5208,Accepted,