IncidentID,AgencyORI,AgencyName,IncidentStatusDesc,County,RdwyNumber,Street,RoadwayName,StreetSfx,StreetDir,IntersectionRdwy,IntersectionRdwyName,BetweenStRdwy1,BetweenStRdwyName1,BetweenStRdwy2,BetweenStRdwyName2,Latitude,Longitude,Milepoint,CollisionDate,CollisionTime,UnitsInvolved,MotorVehiclesInvolved,NumberKilled,NumberInjured,Weather,RdwyConditionCode,HitandRun,DirAnalysisCode,MannerofCollision,RdwyCharacter,LightCondition,RampFromRdwyId,RampToRdwyId,AcceptedDate,IsSecondaryCollision,OwnerBadge,IncidentStatus,
25557670,0568000,LOUISVILLE METRO POLICE DEPT,Accepted,JEFFERSON,US0031E,,BARDSTOWN,RD,,,CREWS,,,,,38.179475671,-85.623721415,8.492,8/27/2019 12:00:00 AM,1825,2,2,0,0,RAINING,WET,False,OTHER INTERSECTION COLLISIONS,REAR END,STRAIGHT & LEVEL,DAYLIGHT,,,8/28/2019 8:24:04 AM,False,7303,Accepted,
25557696,0568000,LOUISVILLE METRO POLICE DEPT,Accepted,JEFFERSON,KY1447,,WESTPORT,RD,,,CREEK,,,,,38.276073284,-85.601400571,3.449,8/27/2019 12:00:00 AM,1728,2,2,0,0,CLOUDY,DRY,False,OPPOSING LEFT TURN,OPPOSING LEFT TURN,STRAIGHT & HILLCREST,DAYLIGHT,,,8/28/2019 8:25:59 AM,False,7751,Accepted,
25557662,0568000,LOUISVILLE METRO POLICE DEPT,Accepted,JEFFERSON,KY1703,,BAXTER,AVE,,,GRINSTEAD,,,,,38.237760899,-85.722299780,5.483,8/27/2019 12:00:00 AM,1735,2,2,0,0,RAINING,WET,False,OPPOSING LEFT TURN,OPPOSING LEFT TURN,STRAIGHT & LEVEL,DAYLIGHT,,,8/28/2019 8:23:17 AM,False,7900,Accepted,
25557682,0568000,LOUISVILLE METRO POLICE DEPT,Accepted,JEFFERSON,KY2053,,THIXTON,LN,,,OLD BARDSTOWN,,,,,38.100605522,-85.566668961,7.127,8/27/2019 12:00:00 AM,1901,2,2,0,0,RAINING,WET,False,OPPOSING LEFT TURN,OPPOSING LEFT TURN,STRAIGHT & LEVEL,DAYLIGHT,,,8/28/2019 8:24:53 AM,False,2321,Accepted,
25555156,0568000,LOUISVILLE METRO POLICE DEPT,Accepted,JEFFERSON,,,HILL,ST,W,,15TH,,,,,38.227956731,-85.780127579,1.273,8/27/2019 12:00:00 AM,0909,2,2,0,0,CLOUDY,DRY,False,REAR END - ONE VEHICLE TURNING RIGHT,REAR END,STRAIGHT & LEVEL,DAYLIGHT,,,8/27/2019 3:50:18 PM,False,7538,Accepted,
25557650,0568000,LOUISVILLE METRO POLICE DEPT,Accepted,JEFFERSON,US0031W,,DIXIE,HWY,,,PENDLETON,,,,,38.062293237,-85.886510799,5.292,8/27/2019 12:00:00 AM,1556,2,2,0,4,CLEAR,DRY,False,ANGLE COLLISION - OTHER,ANGLE,STRAIGHT & LEVEL,DAYLIGHT,,,8/28/2019 8:22:01 AM,False,7224,Accepted,
25557693,0568000,LOUISVILLE METRO POLICE DEPT,Accepted,JEFFERSON,,,ROY WILKINS,AVE,,,CHESTNUT,,,,,38.249824442,-85.765839059,0.538,8/27/2019 12:00:00 AM,1644,2,2,0,0,CLOUDY,DRY,False,ANGLE COLLISION - OTHER,ANGLE,STRAIGHT & LEVEL,DAYLIGHT,,,8/28/2019 8:25:40 AM,False,2854,Accepted,
25557711,0568000,LOUISVILLE METRO POLICE DEPT,Accepted,JEFFERSON,KY1020,,3RD,ST,S,,TWAY,,,,,38.206787059,-85.763589114,9.620,8/27/2019 12:00:00 AM,1824,2,2,0,1,CLEAR,DRY,False,ANGLE COLLISION - OTHER,ANGLE,STRAIGHT & LEVEL,DUSK,,,8/28/2019 8:26:49 AM,False,7435,Accepted,
25557712,0568000,LOUISVILLE METRO POLICE DEPT,Accepted,JEFFERSON,US0031E,,MARKET,ST,E,,BROOK,,,,,38.254510343,-85.750164946,17.568,8/27/2019 12:00:00 AM,2140,2,2,0,1,CLOUDY,DRY,False,ANGLE COLLISION - OTHER,ANGLE,STRAIGHT & LEVEL,DARK-HWY LIGHTED/ON,,,8/28/2019 8:26:54 AM,False,5056,Accepted,
25584922,0568000,LOUISVILLE METRO POLICE DEPT,Accepted,JEFFERSON,,,HIKES,LN,,,DOWNING,,,,,38.202607314,-85.654234608,1.264,8/27/2019 12:00:00 AM,1516,2,2,0,0,CLOUDY,DRY,False,ANGLE COLLISION - OTHER,ANGLE,STRAIGHT & LEVEL,DAYLIGHT,,,9/3/2019 9:44:47 AM,False,2429,Accepted,
25555153,0568000,LOUISVILLE METRO POLICE DEPT,Accepted,JEFFERSON,US0042,,BROWNSBORO,RD,,,CRESCENT,,,,,38.260034540,-85.688126584,2.611,8/27/2019 12:00:00 AM,0703,2,2,0,0,CLEAR,DRY,False,REAR END - ONE VEHICLE TURNING LEFT,REAR END,STRAIGHT & LEVEL,DAYLIGHT,,,8/27/2019 3:49:54 PM,False,7128,Accepted,
25557705,0568000,LOUISVILLE METRO POLICE DEPT,Accepted,JEFFERSON,,,2ND,ST,S,,KENWOOD,,,,,38.179303003,-85.764845318,0.744,8/27/2019 12:00:00 AM,2100,1,1,0,0,CLEAR,DRY,False,COLLISION WITH FIXED OBJECT IN INTERSECTION - FIRST EVENT COLLISION 09 - 32,SINGLE VEHICLE,STRAIGHT & LEVEL,DARK (UNKNOWN ROADWAY LIGHTING),,,8/28/2019 8:26:31 AM,False,5038,Accepted,
25585395,0568000,LOUISVILLE METRO POLICE DEPT,Accepted,JEFFERSON,,,HILL,ST,E,,BROOK,,,,,38.225288783,-85.755278954,0.459,8/27/2019 12:00:00 AM,1059,2,2,0,0,CLOUDY,DRY,False,COLLISION WITH FIXED OBJECT IN INTERSECTION - FIRST EVENT COLLISION 09 - 32,ANGLE,STRAIGHT & LEVEL,DAYLIGHT,,,9/3/2019 10:48:01 AM,False,7619,Accepted,
25557643,0568000,LOUISVILLE METRO POLICE DEPT,Accepted,JEFFERSON,,,WOODMORE,AVE,,KY0907,SOUTHSIDE,,,,,38.149804318,-85.770137570,0.409,8/27/2019 12:00:00 AM,1607,2,2,0,0,CLEAR,DRY,False,COLLISION WITH FIXED OBJECT IN INTERSECTION - FIRST EVENT COLLISION 09 - 32,ANGLE,STRAIGHT & LEVEL,DAYLIGHT,,,8/28/2019 8:21:22 AM,False,7427,Accepted,
25557654,0568000,LOUISVILLE METRO POLICE DEPT,Accepted,JEFFERSON,,,PAYNE,ST,,,BELLAIRE,,,,,38.252453620,-85.710472341,1.242,8/27/2019 12:00:00 AM,1440,2,2,0,0,CLOUDY,WET,False,COLLISION WITH PARKED VEHICLE,BACKING,STRAIGHT & HILLCREST,DAYLIGHT,,,8/28/2019 8:22:22 AM,False,2413,Accepted,
25555154,0568000,LOUISVILLE METRO POLICE DEPT,Accepted,JEFFERSON,KY2052,,SHEPHERDSVILLE,RD,,,POPLAR PARK,,,,,38.154340594,-85.659693972,1.077,8/27/2019 12:00:00 AM,0803,2,2,0,0,CLOUDY,DRY,False,ANGLE COLLISION - ONE VEHICLE TURNING LEFT,ANGLE,STRAIGHT & LEVEL,DAYLIGHT,,,8/27/2019 3:50:00 PM,False,2959,Accepted,
25557653,0568000,LOUISVILLE METRO POLICE DEPT,Accepted,JEFFERSON,,,MUHAMMAD ALI,BLVD,W,,40TH,,,,,38.257707233,-85.816569564,3.514,8/27/2019 12:00:00 AM,1015,2,2,0,0,CLEAR,DRY,False,ANGLE COLLISION - ONE VEHICLE TURNING LEFT,ANGLE,STRAIGHT & LEVEL,DAYLIGHT,,,8/28/2019 8:22:17 AM,False,5113,Accepted,
25555182,0568000,LOUISVILLE METRO POLICE DEPT,Accepted,JEFFERSON,,,SMYRNA,PKWY,,I 0265,I265 E EXIT14 ON RAMP FROM  COOPER CHAPEL RD,,,,,38.117007376,-85.643621325,1.448,8/27/2019 12:00:00 AM,0716,2,2,0,2,CLOUDY,DRY,False,ANGLE COLLISION - ONE VEHICLE TURNING LEFT,ANGLE,STRAIGHT & LEVEL,DAYLIGHT,,,8/27/2019 3:52:25 PM,False,2017,Accepted,
25552525,0568000,LOUISVILLE METRO POLICE DEPT,Accepted,JEFFERSON,,,MEADOWOOD,CT,,KY0907,SOUTHSIDE,,,,,38.150386668,-85.767964049,0.018,8/26/2019 12:00:00 AM,1444,2,2,0,0,RAINING,WET,False,ANGLE COLLISION - ONE VEHICLE TURNING LEFT,ANGLE,STRAIGHT & LEVEL,DAYLIGHT,,,8/27/2019 8:27:44 AM,False,7427,Accepted,
25552477,0568000,LOUISVILLE METRO POLICE DEPT,Accepted,JEFFERSON,KY0155,,TAYLORSVILLE,RD,,,SWEENEY,,,,,38.187150299,-85.523163486,6.850,8/26/2019 12:00:00 AM,1528,1,1,0,0,RAINING,WET,False,COLLISION WITH FIXED OBJECT IN INTERSECTION - FIRST EVENT COLLISION 09 - 32,SINGLE VEHICLE,STRAIGHT & LEVEL,DAYLIGHT,,,8/27/2019 8:24:21 AM,False,6337,Accepted,
25552495,0568000,LOUISVILLE METRO POLICE DEPT,Accepted,JEFFERSON,US0031E,,MAIN,ST,E,,BROOK,,,,,38.255937411,-85.750119494,17.689,8/26/2019 12:00:00 AM,2144,1,1,0,0,RAINING,WET,False,COLLISION WITH FIXED OBJECT IN INTERSECTION - FIRST EVENT COLLISION 09 - 32,SINGLE VEHICLE,STRAIGHT & LEVEL,DARK-HWY LIGHTED/ON,,,8/27/2019 8:25:44 AM,False,7862,Accepted,
25552438,0568000,LOUISVILLE METRO POLICE DEPT,Accepted,JEFFERSON,,,FREEDOM,WAY,,KY1450,BLUE LICK,,,,,38.113381331,-85.689497874,0.001,8/26/2019 12:00:00 AM,1656,1,1,0,0,CLOUDY,WET,False,COLLISION WITH FIXED OBJECT IN INTERSECTION - FIRST EVENT COLLISION 09 - 32,SINGLE VEHICLE,CURVE & LEVEL,DAYLIGHT,,,8/27/2019 8:21:59 AM,False,7127,Accepted,
25552503,0568000,LOUISVILLE METRO POLICE DEPT,Accepted,JEFFERSON,,,8TH,ST,S,US0031W,MARKET,,,,,38.255894115,-85.763459766,0.092,8/26/2019 12:00:00 AM,1630,1,1,0,0,CLOUDY,WET,False,COLLISION WITH FIXED OBJECT IN INTERSECTION - FIRST EVENT COLLISION 09 - 32,SINGLE VEHICLE,STRAIGHT & LEVEL,DAYLIGHT,,,8/27/2019 8:26:05 AM,False,7229,Accepted,
25555152,0568000,LOUISVILLE METRO POLICE DEPT,Accepted,JEFFERSON,US0031E,,BUECHEL,BYP,,,BUECHEL BYPASS RAMP,,,,,38.191173402,-85.652323177,10.288,8/26/2019 12:00:00 AM,0813,1,1,0,0,RAINING,WET,False,COLLISION WITH FIXED OBJECT IN INTERSECTION - FIRST EVENT COLLISION 09 - 32,SINGLE VEHICLE,STRAIGHT & HILLCREST,DAYLIGHT,,,8/27/2019 3:49:51 PM,False,5119,Accepted,
25547302,0568000,LOUISVILLE METRO POLICE DEPT,Accepted,JEFFERSON,I 0064,,I64 E,,,I 0064,I64 E EXIT3 OFF RAMP TO US31W,,,,,38.271419597,-85.783485401,2.609,8/26/2019 12:00:00 AM,0334,1,1,0,0,RAINING,WET,False,COLLISION WITH FIXED OBJECT IN INTERSECTION - FIRST EVENT COLLISION 09 - 32,SINGLE VEHICLE,STRAIGHT & LEVEL,DARK-HWY LIGHTED/ON,,,8/26/2019 9:19:43 AM,False,7223,Accepted,
25809010,0568000,LOUISVILLE METRO POLICE DEPT,Accepted,JEFFERSON,KY1865,,TAYLOR,BLVD,,,ASHLAND,,,,,38.186654917,-85.783788048,5.531,8/26/2019 12:00:00 AM,2300,2,2,0,1,CLEAR,DRY,False,ANGLE COLLISION - OTHER,ANGLE,STRAIGHT & LEVEL,DARK-HWY LIGHTED/ON,,,10/22/2019 8:30:35 AM,False,7493,Accepted,
25552444,0568000,LOUISVILLE METRO POLICE DEPT,Accepted,JEFFERSON,,,VAUGHN MILL,RD,,,PEPPERMILL,,,,,38.142907385,-85.627359563,0.148,8/26/2019 12:00:00 AM,1609,2,2,0,0,RAINING,WET,False,REAR END - ONE VEHICLE TURNING LEFT,REAR END,STRAIGHT & LEVEL,DAYLIGHT,,,8/27/2019 8:22:20 AM,False,6937,Accepted,
25584906,0568000,LOUISVILLE METRO POLICE DEPT,Accepted,JEFFERSON,KY1932,,BRECKENRIDGE,LN,,KY0155,TAYLORSVILLE,,,,,38.220189015,-85.630543784,2.864,8/26/2019 12:00:00 AM,1623,3,3,0,0,CLOUDY,WET,False,ANGLE COLLISION - OTHER,ANGLE,STRAIGHT & LEVEL,DAYLIGHT,,,9/3/2019 9:44:18 AM,False,2429,Accepted,
25552539,0568000,LOUISVILLE METRO POLICE DEPT,Accepted,JEFFERSON,,,BROOK,ST,S,US0150,BROADWAY,,,,,38.245645944,-85.751722967,2.913,8/26/2019 12:00:00 AM,1100,2,2,0,0,RAINING,WET,True,REAR END - ONE VEHICLE TURNING LEFT,REAR END,STRAIGHT & LEVEL,DAYLIGHT,,,8/27/2019 8:28:24 AM,False,7239,Accepted,
25555172,0568000,LOUISVILLE METRO POLICE DEPT,Accepted,JEFFERSON,I 0065,,I65 N,,,I 0065,I65 N EXIT135 OFF RAMP TO  E SAINT CATHERINE ST,,,,,38.233640062,-85.750762112,134.399,8/26/2019 12:00:00 AM,1055,2,2,0,0,RAINING,WET,False,ANGLE COLLISION - OTHER,ANGLE,STRAIGHT & LEVEL,DAYLIGHT,,,8/27/2019 3:52:02 PM,False,7720,Accepted,
25547560,0568000,LOUISVILLE METRO POLICE DEPT,Accepted,JEFFERSON,US0031E,,BARDSTOWN,RD,,,HAWTHORNE,,,,,38.216951041,-85.676339871,12.509,8/26/2019 12:00:00 AM,0755,2,2,0,0,RAINING,WET,False,ANGLE COLLISION - OTHER,ANGLE,STRAIGHT & LEVEL,DAYLIGHT,,,8/26/2019 9:52:54 AM,False,7284,Accepted,
25549524,0568000,LOUISVILLE METRO POLICE DEPT,Accepted,JEFFERSON,,,MANSLICK,RD,,,POTOMAC,,,,,38.150592873,-85.790622704,0.161,8/26/2019 12:00:00 AM,1012,2,2,0,1,RAINING,WET,False,ANGLE COLLISION - OTHER,ANGLE,STRAIGHT & LEVEL,DAYLIGHT,,,8/26/2019 2:58:35 PM,False,7224,Accepted,
25549566,0568000,LOUISVILLE METRO POLICE DEPT,Accepted,JEFFERSON,,,ROY WILKINS,AVE,,,MUHAMMAD ALI,,,,,38.252112606,-85.765782831,0.381,8/26/2019 12:00:00 AM,1408,2,2,0,0,RAINING,WET,False,ANGLE COLLISION - OTHER,ANGLE,STRAIGHT & LEVEL,DAYLIGHT,,,8/26/2019 3:04:53 PM,False,7345,Accepted,
25555157,0568000,LOUISVILLE METRO POLICE DEPT,Accepted,JEFFERSON,,,SIX MILE,LN,,,KLONDIKE,,,,,38.199165510,-85.643354242,0.579,8/26/2019 12:00:00 AM,1403,2,2,0,0,RAINING,WET,False,ANGLE COLLISION - OTHER,ANGLE,CURVE & LEVEL,DAYLIGHT,,,8/27/2019 3:50:26 PM,False,5119,Accepted,
25552517,0568000,LOUISVILLE METRO POLICE DEPT,Accepted,JEFFERSON,KY2052,,SHEPHERDSVILLE,RD,,KY0864,POPLAR LEVEL,,,,,38.160073575,-85.659955161,1.479,8/26/2019 12:00:00 AM,1855,2,2,0,0,CLEAR,WET,False,ANGLE COLLISION - OTHER,ANGLE,STRAIGHT & LEVEL,DAYLIGHT,,,8/27/2019 8:27:00 AM,False,5191,Accepted,
25552499,0568000,LOUISVILLE METRO POLICE DEPT,Accepted,JEFFERSON,,,MUHAMMAD ALI,BLVD,W,,AMY,,,,,38.257401323,-85.813654636,3.354,8/26/2019 12:00:00 AM,2245,2,2,0,4,CLOUDY,WET,True,ANGLE COLLISION - OTHER,ANGLE,STRAIGHT & LEVEL,DARK-HWY LIGHTED/ON,,,8/27/2019 8:25:52 AM,False,7489,Accepted,
25552506,0568000,LOUISVILLE METRO POLICE DEPT,Accepted,JEFFERSON,KY1020,,3RD,ST,S,US0031W,MARKET,,,,,38.255040106,-85.755132362,12.723,8/26/2019 12:00:00 AM,2134,2,2,0,0,CLOUDY,WATER (STANDING OR MOVING),False,ANGLE COLLISION - OTHER,ANGLE,STRAIGHT & LEVEL,DARK-HWY LIGHTED/ON,,,8/27/2019 8:26:16 AM,False,5008,Accepted,
25552523,0568000,LOUISVILLE METRO POLICE DEPT,Accepted,JEFFERSON,KY0864,,POPLAR LEVEL,RD,,US0060A,EASTERN,,,,,38.223930975,-85.730135859,13.706,8/26/2019 12:00:00 AM,2140,2,2,0,0,CLOUDY,WET,False,ANGLE COLLISION - OTHER,ANGLE,STRAIGHT & LEVEL,DARK-HWY LIGHTED/ON,,,8/27/2019 8:27:35 AM,False,7276,Accepted,
25552500,0568000,LOUISVILLE METRO POLICE DEPT,Accepted,JEFFERSON,,,GARDINER,LN,,,BISHOP,,,,,38.197877237,-85.686323399,1.284,8/26/2019 12:00:00 AM,0944,2,2,0,1,RAINING,WET,False,ANGLE COLLISION - OTHER,ANGLE,STRAIGHT & LEVEL,DAYLIGHT,,,8/27/2019 8:25:55 AM,False,6100,Accepted,
25552467,0568000,LOUISVILLE METRO POLICE DEPT,Accepted,JEFFERSON,KY1934,,CANE RUN,RD,,,ROCKAWAY,,,,,38.181387491,-85.858223268,7.490,8/26/2019 12:00:00 AM,1802,2,2,0,0,CLOUDY,WET,False,ANGLE COLLISION - OTHER,ANGLE,STRAIGHT & LEVEL,DAYLIGHT,,,8/27/2019 8:23:43 AM,False,5208,Accepted,
25552447,0568000,LOUISVILLE METRO POLICE DEPT,Accepted,JEFFERSON,,,GRADE,LN,,KY0061,PRESTON,,,,,38.179870006,-85.718351493,0.030,8/26/2019 12:00:00 AM,1406,2,2,0,0,RAINING,WET,False,ANGLE COLLISION - OTHER,ANGLE,STRAIGHT & LEVEL,DAYLIGHT,,,8/27/2019 8:22:31 AM,False,7473,Accepted,
25557646,0568000,LOUISVILLE METRO POLICE DEPT,Accepted,JEFFERSON,,,FLOYD,ST,S,,KENTUCKY,,,,,38.237928138,-85.751087650,1.226,8/26/2019 12:00:00 AM,1745,2,2,0,0,RAINING,WET,False,ANGLE COLLISION - OTHER,ANGLE,STRAIGHT & LEVEL,DAYLIGHT,,,8/28/2019 8:21:49 AM,False,7116,Accepted,
25557641,0568000,LOUISVILLE METRO POLICE DEPT,Accepted,JEFFERSON,KY0864,,BEULAH CHURCH,RD,,KY2845,MANSLICK,,,,,38.128070885,-85.614280521,3.603,8/26/2019 12:00:00 AM,1702,2,2,0,0,RAINING,WET,False,ANGLE COLLISION - OTHER,ANGLE,STRAIGHT & LEVEL,DAYLIGHT,,,8/28/2019 8:21:18 AM,False,4693,Accepted,
25552488,0568000,LOUISVILLE METRO POLICE DEPT,Accepted,JEFFERSON,,,FACTORY,LN,,,SERVICE,,,,,38.288994594,-85.511455888,0.052,8/26/2019 12:00:00 AM,1716,2,2,0,1,RAINING,WATER (STANDING OR MOVING),False,ANGLE COLLISION - OTHER,ANGLE,STRAIGHT & LEVEL,DAYLIGHT,,,8/27/2019 8:25:21 AM,False,7751,Accepted,
25552518,0568000,LOUISVILLE METRO POLICE DEPT,Accepted,JEFFERSON,KY1934,,GREENBELT,HWY,,,RAGGARD,,,,,38.174519693,-85.871175943,6.620,8/26/2019 12:00:00 AM,1615,2,2,0,2,RAINING,WET,False,ANGLE COLLISION - OTHER,ANGLE,STRAIGHT & LEVEL,DAYLIGHT,,,8/27/2019 8:27:05 AM,True,7336,Accepted,
25586289,0568000,LOUISVILLE METRO POLICE DEPT,Accepted,JEFFERSON,,,DIXIE,HWY,,,GALLAGHER,,,,,38.239244973,-85.786027069,0.704,8/26/2019 12:00:00 AM,1422,2,2,0,0,RAINING,WET,True,ANGLE COLLISION - OTHER,ANGLE,STRAIGHT & LEVEL,DUSK,,,9/3/2019 12:09:23 PM,False,7467,Accepted,
25552470,0568000,LOUISVILLE METRO POLICE DEPT,Accepted,JEFFERSON,,,3RD,ST,S,,FAIRMONT,,,,,38.195381457,-85.764991056,0.362,8/26/2019 12:00:00 AM,1800,2,2,0,0,CLEAR,DRY,True,ANGLE COLLISION - OTHER,ANGLE,STRAIGHT & LEVEL,DAYLIGHT,,,8/27/2019 8:23:56 AM,False,7251,Accepted,
25549522,0568000,LOUISVILLE METRO POLICE DEPT,Accepted,JEFFERSON,KY0061,,PRESTON,HWY,,,TRIO,,,,,38.129986384,-85.682090989,3.317,8/26/2019 12:00:00 AM,1125,2,2,0,0,RAINING,WET,True,ANGLE COLLISION - OTHER,ANGLE,STRAIGHT & LEVEL,DAYLIGHT,,,8/26/2019 2:58:28 PM,False,7397,Accepted,
25549528,0568000,LOUISVILLE METRO POLICE DEPT,Accepted,JEFFERSON,US0031E,,MAIN,ST,E,KY0061,JACKSON,,,,,38.255258541,-85.743833269,17.341,8/26/2019 12:00:00 AM,1016,2,2,0,1,RAINING,WET,False,ANGLE COLLISION - OTHER,ANGLE,STRAIGHT & LEVEL,DAYLIGHT,,,8/26/2019 2:58:53 PM,False,2764,Accepted,
25552445,0568000,LOUISVILLE METRO POLICE DEPT,Accepted,JEFFERSON,,,BLOSSOM,LN,,,WEISSINGER,,,,,38.287241221,-85.580970213,0.115,8/26/2019 12:00:00 AM,0900,2,2,0,0,RAINING,WET,False,ANGLE COLLISION - OTHER,ANGLE,STRAIGHT & LEVEL,DAYLIGHT,,,8/27/2019 8:22:25 AM,False,2030,Accepted,
25549506,0568000,LOUISVILLE METRO POLICE DEPT,Accepted,JEFFERSON,KY1747,,FERN VALLEY,RD,,,HANSES,,,,,38.157347996,-85.679743517,2.890,8/26/2019 12:00:00 AM,0808,3,3,0,1,RAINING,WET,False,OPPOSING LEFT TURN,OPPOSING LEFT TURN,STRAIGHT & LEVEL,DAYLIGHT,,,8/26/2019 2:57:20 PM,False,7989,Accepted,
25549515,0568000,LOUISVILLE METRO POLICE DEPT,Accepted,JEFFERSON,US0060,,SHELBYVILLE,RD,,,CAMBRIDGE STATION,,,,,38.245850225,-85.569807636,8.248,8/26/2019 12:00:00 AM,0758,2,2,0,0,RAINING,WATER (STANDING OR MOVING),False,OPPOSING LEFT TURN,OPPOSING LEFT TURN,STRAIGHT & LEVEL,DAYLIGHT,,,8/26/2019 2:58:03 PM,False,7751,Accepted,
25549516,0568000,LOUISVILLE METRO POLICE DEPT,Accepted,JEFFERSON,KY1747,,HURSTBOURNE,PKWY,S,KY1747,KY1747 CROSSOVER,,,,,38.244722175,-85.576804436,13.384,8/26/2019 12:00:00 AM,0842,2,2,0,1,RAINING,WET,False,OPPOSING LEFT TURN,OPPOSING LEFT TURN,STRAIGHT & LEVEL,DAYLIGHT,,,8/26/2019 2:58:08 PM,False,7751,Accepted,
25555155,0568000,LOUISVILLE METRO POLICE DEPT,Accepted,JEFFERSON,US0031E,,BAXTER,AVE,,,HIGHLAND,,,,,38.240263010,-85.724265309,15.653,8/26/2019 12:00:00 AM,1512,2,2,0,0,RAINING,WET,False,OPPOSING LEFT TURN,OPPOSING LEFT TURN,STRAIGHT & LEVEL,DAYLIGHT,,,8/27/2019 3:50:10 PM,False,2228,Accepted,
25552483,0568000,LOUISVILLE METRO POLICE DEPT,Accepted,JEFFERSON,KY0155,,TAYLORSVILLE,RD,,US0031E,BARDSTOWN,,,,,38.223024026,-85.684683657,16.539,8/26/2019 12:00:00 AM,1432,2,2,0,0,RAINING,WET,False,OPPOSING LEFT TURN,OPPOSING LEFT TURN,STRAIGHT & LEVEL,DAYLIGHT,,,8/27/2019 8:24:45 AM,False,7740,Accepted,
25552458,0568000,LOUISVILLE METRO POLICE DEPT,Accepted,JEFFERSON,KY0155,,TAYLORSVILLE,RD,,,CHENOWETH RUN,,,,,38.188253454,-85.551977375,8.461,8/26/2019 12:00:00 AM,1707,2,2,0,0,RAINING,WET,False,OPPOSING LEFT TURN,OPPOSING LEFT TURN,STRAIGHT & LEVEL,DAYLIGHT,,,8/27/2019 8:23:11 AM,False,6337,Accepted,
25552484,0568000,LOUISVILLE METRO POLICE DEPT,Accepted,JEFFERSON,US0031E,,BARDSTOWN,RD,,,WOODBOURNE,,,,,38.224113340,-85.691015797,13.483,8/26/2019 12:00:00 AM,1559,2,2,0,0,RAINING,WET,False,OPPOSING LEFT TURN,OPPOSING LEFT TURN,STRAIGHT & LEVEL,DAYLIGHT,,,8/27/2019 8:24:51 AM,False,2100,Accepted,
25602010,0568000,LOUISVILLE METRO POLICE DEPT,Accepted,JEFFERSON,,3030,HUNSINGER,LN,,,PAMELA,,,,,38.217629756,-85.624385439,0.164,8/26/2019 12:00:00 AM,1735,2,2,0,0,CLEAR,DRY,False,OPPOSING LEFT TURN,OPPOSING LEFT TURN,CURVE & LEVEL,DAYLIGHT,,,9/6/2019 9:15:08 AM,False,7303,Accepted,
25555219,0568000,LOUISVILLE METRO POLICE DEPT,Accepted,JEFFERSON,,,DIXIE,HWY,,,BERNHEIM,,,,,38.221176151,-85.793374522,1.984,8/26/2019 12:00:00 AM,1624,2,2,0,0,RAINING,WET,False,OPPOSING LEFT TURN,OPPOSING LEFT TURN,STRAIGHT & LEVEL,DAYLIGHT,,,8/27/2019 3:56:01 PM,False,5002,Accepted,
25552528,0568000,LOUISVILLE METRO POLICE DEPT,Accepted,JEFFERSON,,,HESS,LN,,,EAGLE,,,,,38.210715873,-85.723611815,0.795,8/26/2019 12:00:00 AM,1038,2,2,0,1,RAINING,WET,False,OPPOSING LEFT TURN,OPPOSING LEFT TURN,STRAIGHT & LEVEL,DAYLIGHT,,,8/27/2019 8:27:57 AM,False,5233,Accepted,
25552521,0568000,LOUISVILLE METRO POLICE DEPT,Accepted,JEFFERSON,US0031E,,BARDSTOWN,RD,,,BRENTLINGER,,,,,38.134158785,-85.579617042,4.372,8/26/2019 12:00:00 AM,1555,2,2,0,0,RAINING,WET,False,OPPOSING LEFT TURN,OPPOSING LEFT TURN,STRAIGHT & LEVEL,DAYLIGHT,,,8/27/2019 8:27:18 AM,False,4693,Accepted,
25552463,0568000,LOUISVILLE METRO POLICE DEPT,Accepted,JEFFERSON,KY2054,,ALGONQUIN,PKWY,,,MCCLOSKEY,,,,,38.222926663,-85.788492479,1.827,8/26/2019 12:00:00 AM,0918,2,2,0,1,RAINING,WET,False,OPPOSING LEFT TURN,OPPOSING LEFT TURN,STRAIGHT & LEVEL,DAYLIGHT,,,8/27/2019 8:23:30 AM,False,5002,Accepted,
25552530,0568000,LOUISVILLE METRO POLICE DEPT,Accepted,JEFFERSON,,,NANCY,LN,,KY1931,GREENWOOD,,,,,38.143972729,-85.850810531,0.004,8/26/2019 12:00:00 AM,1851,2,2,0,0,RAINING,WET,False,OPPOSING LEFT TURN,OPPOSING LEFT TURN,STRAIGHT & LEVEL,DAYLIGHT,,,8/27/2019 8:28:06 AM,False,7365,Accepted,
25552529,0568000,LOUISVILLE METRO POLICE DEPT,Accepted,JEFFERSON,,,INDIAN,TRL,E,,LODEMA,,,,,38.171210032,-85.686093883,1.132,8/26/2019 12:00:00 AM,0838,2,2,0,0,RAINING,WET,False,OPPOSING LEFT TURN,OPPOSING LEFT TURN,STRAIGHT & LEVEL,DAYLIGHT,,,8/27/2019 8:28:02 AM,False,5233,Accepted,
25549662,0568000,LOUISVILLE METRO POLICE DEPT,Accepted,JEFFERSON,,,NELSON MILLER,PKWY,,KY3084,OLD HENRY,,,,,38.267999335,-85.506281515,1.138,8/26/2019 12:00:00 AM,0910,2,2,0,0,RAINING,WET,False,OPPOSING LEFT TURN,OPPOSING LEFT TURN,STRAIGHT & LEVEL,DAYLIGHT,,,8/26/2019 3:09:45 PM,False,2109,Accepted,