IncidentID,AgencyORI,AgencyName,IncidentStatusDesc,County,RdwyNumber,Street,RoadwayName,StreetSfx,StreetDir,IntersectionRdwy,IntersectionRdwyName,BetweenStRdwy1,BetweenStRdwyName1,BetweenStRdwy2,BetweenStRdwyName2,Latitude,Longitude,Milepoint,CollisionDate,CollisionTime,UnitsInvolved,MotorVehiclesInvolved,NumberKilled,NumberInjured,Weather,RdwyConditionCode,HitandRun,DirAnalysisCode,MannerofCollision,RdwyCharacter,LightCondition,RampFromRdwyId,RampToRdwyId,AcceptedDate,IsSecondaryCollision,OwnerBadge,IncidentStatus,
25552522,0568000,LOUISVILLE METRO POLICE DEPT,Accepted,JEFFERSON,KY1450,,BLUE LICK,RD,,,FREEDOM,,,,,38.113482351,-85.689518916,1.965,8/26/2019 12:00:00 AM,1623,2,2,0,0,RAINING,WET,False,OPPOSITE DIRECTION - BOTH VEHICLES GOING STRAIGHT AHEAD,SIDESWIPE-OPPOSITE DIRECTION,STRAIGHT & LEVEL,DAYLIGHT,,,8/27/2019 8:27:23 AM,False,7397,Accepted,
25552510,0568000,LOUISVILLE METRO POLICE DEPT,Accepted,JEFFERSON,,,SIX MILE,LN,,,KLONDIKE,,,,,38.199165086,-85.643350648,0.579,8/26/2019 12:00:00 AM,1910,2,2,0,1,CLEAR,DRY,False,OPPOSITE DIRECTION - BOTH VEHICLES GOING STRAIGHT AHEAD,SIDESWIPE-OPPOSITE DIRECTION,CURVE & LEVEL,DAYLIGHT,,,8/27/2019 8:26:32 AM,False,5222,Accepted,
25549661,0568000,LOUISVILLE METRO POLICE DEPT,Accepted,JEFFERSON,KY1931,,GREENWOOD,RD,,US0031W,DIXIE,,,,,38.143493771,-85.839846662,3.129,8/26/2019 12:00:00 AM,0908,2,2,0,0,RAINING,WET,False,OPPOSITE DIRECTION - BOTH VEHICLES GOING STRAIGHT AHEAD,SIDESWIPE-OPPOSITE DIRECTION,STRAIGHT & LEVEL,DAYLIGHT,,,8/26/2019 3:09:40 PM,False,7485,Accepted,
25547434,0568000,LOUISVILLE METRO POLICE DEPT,Accepted,JEFFERSON,,,HUBBARDS,LN,N,,ELMWOOD,,,,,38.268853136,-85.650048896,1.403,8/26/2019 12:00:00 AM,0645,2,2,0,0,RAINING,WET,False,VEHICLE BACKING IN INTERSECTION,BACKING,CURVE & LEVEL,DAWN,,,8/26/2019 9:37:09 AM,False,7632,Accepted,
25559660,0568000,LOUISVILLE METRO POLICE DEPT,Accepted,JEFFERSON,KY0061,,PRESTON,HWY,,KY1065,OUTER,,,,,38.138332517,-85.686585374,3.951,8/26/2019 12:00:00 AM,1614,2,2,0,0,RAINING,WET,False,OTHER INTERSECTION COLLISIONS,REAR END,CURVE & LEVEL,DAYLIGHT,,,8/28/2019 2:37:21 PM,False,2324,Accepted,
25584954,0568000,LOUISVILLE METRO POLICE DEPT,Accepted,JEFFERSON,,,BLUEGRASS,AVE,,,LONSDALE,,,,,38.179464101,-85.786336160,0.678,8/26/2019 12:00:00 AM,1646,2,2,0,0,RAINING,WET,False,OTHER INTERSECTION COLLISIONS,REAR END,STRAIGHT & LEVEL,DAYLIGHT,,,9/3/2019 9:51:04 AM,False,7094,Accepted,
25549509,0568000,LOUISVILLE METRO POLICE DEPT,Accepted,JEFFERSON,I 0265,,I265 W,,,I 0265,I265 W EXIT14 OFF RAMP TO  SMYRNA PKWY,,,,,38.119223760,-85.637425713,13.881,8/26/2019 12:00:00 AM,0859,2,2,0,0,RAINING,WET,False,OTHER INTERSECTION COLLISIONS,REAR END,STRAIGHT & GRADE,DAYLIGHT,,,8/26/2019 2:57:31 PM,False,2000,Accepted,
25549523,0568000,LOUISVILLE METRO POLICE DEPT,Accepted,JEFFERSON,US0031E,,BARDSTOWN,RD,,I 0265,I265 E EXIT17 OFF RAMP TO US31E,,,,,38.139608602,-85.582342103,4.771,8/26/2019 12:00:00 AM,1255,2,2,0,0,RAINING,WET,False,OTHER INTERSECTION COLLISIONS,REAR END,STRAIGHT & LEVEL,DAYLIGHT,,,8/26/2019 2:58:31 PM,False,6878,Accepted,
25549665,0568000,LOUISVILLE METRO POLICE DEPT,Accepted,JEFFERSON,KY1934,,CANE RUN,RD,,,ROCKAWAY,,,,,38.182748164,-85.856559477,7.629,8/26/2019 12:00:00 AM,1125,2,2,0,0,RAINING,WET,False,OTHER INTERSECTION COLLISIONS,REAR END,STRAIGHT & LEVEL,DAYLIGHT,,,8/26/2019 3:09:55 PM,False,7485,Accepted,
25552451,0568000,LOUISVILLE METRO POLICE DEPT,Accepted,JEFFERSON,KY1931,,GREENWOOD,RD,,,RUSSELL,,,,,38.143750160,-85.845617907,2.814,8/26/2019 12:00:00 AM,1448,2,2,0,0,RAINING,WET,False,OTHER INTERSECTION COLLISIONS,REAR END,STRAIGHT & LEVEL,DAYLIGHT,,,8/27/2019 8:22:44 AM,False,7177,Accepted,
25552448,0568000,LOUISVILLE METRO POLICE DEPT,Accepted,JEFFERSON,KY0907,,3RD ST,RD,,,WISERTOWN,,,,,38.130409287,-85.792566110,4.887,8/26/2019 12:00:00 AM,1607,3,3,0,0,RAINING,WET,True,OTHER INTERSECTION COLLISIONS,REAR END,STRAIGHT & LEVEL,DAYLIGHT,,,8/27/2019 8:22:34 AM,False,7232,Accepted,
25552449,0568000,LOUISVILLE METRO POLICE DEPT,Accepted,JEFFERSON,KY0061,,PRESTON,HWY,,,GRADE,,,,,38.180200679,-85.718574053,7.362,8/26/2019 12:00:00 AM,1634,2,2,0,0,RAINING,WET,False,OTHER INTERSECTION COLLISIONS,REAR END,STRAIGHT & LEVEL,DAYLIGHT,,,8/27/2019 8:22:37 AM,False,7473,Accepted,
25552456,0568000,LOUISVILLE METRO POLICE DEPT,Accepted,JEFFERSON,US0060A,,WINKLER,AVE,,KY1020,3RD,,,,,38.210232596,-85.762999192,3.152,8/26/2019 12:00:00 AM,1430,2,2,0,0,RAINING,WET,False,OTHER INTERSECTION COLLISIONS,REAR END,STRAIGHT & LEVEL,DAYLIGHT,,,8/27/2019 8:23:04 AM,False,7286,Accepted,
25552457,0568000,LOUISVILLE METRO POLICE DEPT,Accepted,JEFFERSON,,,BLANTON,LN,,KY1931,ST ANDREWS CHURCH,,,,,38.151820369,-85.819409454,0.994,8/26/2019 12:00:00 AM,1335,2,2,0,0,RAINING,WET,False,OTHER INTERSECTION COLLISIONS,REAR END,STRAIGHT & GRADE,DAYLIGHT,,,8/27/2019 8:23:08 AM,False,7177,Accepted,
25552439,0568000,LOUISVILLE METRO POLICE DEPT,Accepted,JEFFERSON,KY1020,,NATIONAL,TPKE,,,PATRICK HENRY,,,,,38.140885133,-85.754402628,4.658,8/26/2019 12:00:00 AM,1220,2,2,0,0,RAINING,WET,False,OTHER INTERSECTION COLLISIONS,REAR END,STRAIGHT & LEVEL,DAYLIGHT,,,8/27/2019 8:22:02 AM,False,7263,Accepted,
25552440,0568000,LOUISVILLE METRO POLICE DEPT,Accepted,JEFFERSON,KY1865,,NEW CUT,RD,,,BAKERS,,,,,38.140925536,-85.774205019,2.328,8/26/2019 12:00:00 AM,1546,2,2,0,0,RAINING,WET,False,OTHER INTERSECTION COLLISIONS,REAR END,STRAIGHT & LEVEL,DAYLIGHT,,,8/27/2019 8:22:05 AM,False,7263,Accepted,
25552481,0568000,LOUISVILLE METRO POLICE DEPT,Accepted,JEFFERSON,KY1934,,GREENBELT,HWY,,,LOWER HUNTERS,,,,,38.170216926,-85.876065733,6.202,8/26/2019 12:00:00 AM,1013,2,2,0,0,RAINING,WET,False,OTHER INTERSECTION COLLISIONS,REAR END,STRAIGHT & LEVEL,DAYLIGHT,,,8/27/2019 8:24:31 AM,False,7177,Accepted,
25552491,0568000,LOUISVILLE METRO POLICE DEPT,Accepted,JEFFERSON,,,GILMORE,LN,,,CRAFTY,,,,,38.175535639,-85.711400060,0.100,8/26/2019 12:00:00 AM,1356,3,3,0,0,RAINING,WET,False,OTHER INTERSECTION COLLISIONS,REAR END,STRAIGHT & LEVEL,DAYLIGHT,,,8/27/2019 8:25:31 AM,False,6100,Accepted,
25552507,0568000,LOUISVILLE METRO POLICE DEPT,Accepted,JEFFERSON,US0031E,,BARDSTOWN,RD,,,GOLDSMITH,,,,,38.208364759,-85.669080496,11.775,8/26/2019 12:00:00 AM,1538,2,2,0,1,CLOUDY,WET,False,OTHER INTERSECTION COLLISIONS,REAR END,STRAIGHT & LEVEL,DAYLIGHT,,,8/27/2019 8:26:19 AM,False,6100,Accepted,
25552534,0568000,LOUISVILLE METRO POLICE DEPT,Accepted,JEFFERSON,US0031E,,BUECHEL,BYP,,,BUECHEL BANK,,,,,38.190663915,-85.647701301,10.039,8/26/2019 12:00:00 AM,1716,2,2,0,0,CLOUDY,WET,False,OTHER INTERSECTION COLLISIONS,REAR END,STRAIGHT & LEVEL,DAYLIGHT,,,8/27/2019 8:28:19 AM,False,6100,Accepted,
25552524,0568000,LOUISVILLE METRO POLICE DEPT,Accepted,JEFFERSON,KY1020,,3RD,ST,S,,HILL,,,,,38.225806846,-85.760299658,10.697,8/26/2019 12:00:00 AM,1500,2,2,0,0,RAINING,WET,False,OTHER INTERSECTION COLLISIONS,REAR END,STRAIGHT & LEVEL,DAYLIGHT,,,8/27/2019 8:27:40 AM,False,7360,Accepted,
25552533,0568000,LOUISVILLE METRO POLICE DEPT,Accepted,JEFFERSON,KY1747,,HURSTBOURNE,PKWY,S,,BUNSEN,,,,,38.218947789,-85.584097384,11.469,8/26/2019 12:00:00 AM,1215,2,2,0,1,RAINING,WET,False,OTHER INTERSECTION COLLISIONS,REAR END,STRAIGHT & LEVEL,DAYLIGHT,,,8/27/2019 8:28:15 AM,False,6100,Accepted,
25557640,0568000,LOUISVILLE METRO POLICE DEPT,Accepted,JEFFERSON,KY0061,,JACKSON,ST,S,,LIBERTY,,,,,38.251246379,-85.744568692,12.698,8/26/2019 12:00:00 AM,1720,2,2,0,0,CLOUDY,WET,True,OTHER INTERSECTION COLLISIONS,REAR END,STRAIGHT & LEVEL,DAYLIGHT,,,8/28/2019 8:21:14 AM,False,5124,Accepted,
25602008,0568000,LOUISVILLE METRO POLICE DEPT,Accepted,JEFFERSON,US0031E,,BARDSTOWN,RD,,,BUECHEL,,,,,38.188366660,-85.639911590,9.548,8/26/2019 12:00:00 AM,1048,2,2,0,0,RAINING,WET,False,OTHER INTERSECTION COLLISIONS,REAR END,STRAIGHT & LEVEL,DAYLIGHT,,,9/6/2019 9:14:42 AM,False,7303,Accepted,
25552502,0568000,LOUISVILLE METRO POLICE DEPT,Accepted,JEFFERSON,KY0146,,NEW LA GRANGE,RD,,US0060,SHELBYVILLE,,,,,38.249715898,-85.615117452,0.010,8/26/2019 12:00:00 AM,2127,2,2,0,0,CLOUDY,WET,False,SIDESWIPE-SAME DIRECTION,SIDESWIPE-SAME DIRECTION,CURVE & LEVEL,DARK-HWY LIGHTED/ON,,,8/27/2019 8:26:01 AM,False,5204,Accepted,
25552443,0568000,LOUISVILLE METRO POLICE DEPT,Accepted,JEFFERSON,,,GARDINER,LN,,,ROBARDS,,,,,38.198720096,-85.691592739,0.989,8/26/2019 12:00:00 AM,1248,2,2,0,0,RAINING,WET,False,SIDESWIPE-SAME DIRECTION,SIDESWIPE-SAME DIRECTION,STRAIGHT & LEVEL,DAYLIGHT,,,8/27/2019 8:22:16 AM,False,5247,Accepted,
25644564,0568000,LOUISVILLE METRO POLICE DEPT,Accepted,JEFFERSON,I 0065,,I65 N,,,I 0065,I65 N EXIT135 OFF RAMP TO  E SAINT CATHERINE ST,,,,,38.233783910,-85.750781302,134.408,8/26/2019 12:00:00 AM,1050,2,2,0,0,RAINING,WET,False,SIDESWIPE-SAME DIRECTION,SIDESWIPE-SAME DIRECTION,STRAIGHT & LEVEL,DAYLIGHT,,,9/16/2019 10:23:02 AM,False,7720,Accepted,
25549664,0568000,LOUISVILLE METRO POLICE DEPT,Accepted,JEFFERSON,US0031W,,DIXIE,HWY,,,UPPER HUNTERS,,,,,38.168755739,-85.828461970,13.288,8/26/2019 12:00:00 AM,1019,2,2,0,0,RAINING,WET,False,OTHER INTERSECTION COLLISIONS,REAR END,STRAIGHT & LEVEL,DAYLIGHT,,,8/26/2019 3:09:50 PM,False,7485,Accepted,
25549485,0568000,LOUISVILLE METRO POLICE DEPT,Accepted,JEFFERSON,KY1865,,TAYLOR,BLVD,,,SOUTHERN,,,,,38.169845978,-85.781265997,4.346,8/26/2019 12:00:00 AM,0759,2,2,0,0,RAINING,WET,False,OTHER INTERSECTION COLLISIONS,REAR END,STRAIGHT & LEVEL,DAYLIGHT,,,8/26/2019 2:56:17 PM,False,7224,Accepted,
25552461,0568000,LOUISVILLE METRO POLICE DEPT,Accepted,JEFFERSON,KY1703,,NEWBURG,RD,,,TREVILIAN,,,,,38.213516256,-85.700895732,3.392,8/26/2019 12:00:00 AM,1553,2,2,0,0,CLOUDY,WET,False,OTHER INTERSECTION COLLISIONS,REAR END,STRAIGHT & HILLCREST,DAYLIGHT,,,8/27/2019 8:23:23 AM,False,7740,Accepted,
25547329,0568000,LOUISVILLE METRO POLICE DEPT,Accepted,JEFFERSON,KY1703,,NEWBURG,RD,,,BISHOP,,,,,38.200739004,-85.685946431,2.097,8/26/2019 12:00:00 AM,0618,2,2,0,0,RAINING,WET,False,OTHER INTERSECTION COLLISIONS,REAR END,CURVE & GRADE,DARK-HWY LIGHTED/ON,,,8/26/2019 9:20:55 AM,False,7045,Accepted,
25584899,0568000,LOUISVILLE METRO POLICE DEPT,Accepted,JEFFERSON,KY1932,,BRECKENRIDGE,LN,,,SIX MILE,,,,,38.197604963,-85.625079519,1.130,8/26/2019 12:00:00 AM,0834,2,2,0,0,RAINING,WET,False,OTHER INTERSECTION COLLISIONS,REAR END,STRAIGHT & GRADE,DAYLIGHT,,,9/3/2019 9:44:00 AM,False,2429,Accepted,
25552493,0568000,LOUISVILLE METRO POLICE DEPT,Accepted,JEFFERSON,KY1934,,GREENBELT,HWY,,,LOWER HUNTERS,,,,,38.170225528,-85.876118577,6.212,8/26/2019 12:00:00 AM,1025,2,2,0,2,RAINING,WET,False,OTHER INTERSECTION COLLISIONS,REAR END,CURVE & LEVEL,DAYLIGHT,,,8/27/2019 8:25:38 AM,True,7336,Accepted,
25552504,0568000,LOUISVILLE METRO POLICE DEPT,Accepted,JEFFERSON,KY1065,,OUTER,LOOP,,,JUDGE,,,,,38.137666029,-85.669450391,7.001,8/26/2019 12:00:00 AM,1808,4,4,0,1,RAINING,WET,False,OTHER INTERSECTION COLLISIONS,REAR END,STRAIGHT & LEVEL,DAYLIGHT,,,8/27/2019 8:26:07 AM,False,5115,Accepted,
25552520,0568000,LOUISVILLE METRO POLICE DEPT,Accepted,JEFFERSON,KY0155,,TAYLORSVILLE,RD,,KY0913,BLANKENBAKER,,,,,38.187414567,-85.548192534,8.246,8/26/2019 12:00:00 AM,1124,2,2,0,0,RAINING,WET,False,OTHER INTERSECTION COLLISIONS,REAR END,CURVE & GRADE,DAYLIGHT,,,8/27/2019 8:27:14 AM,False,4693,Accepted,
25552485,0568000,LOUISVILLE METRO POLICE DEPT,Accepted,JEFFERSON,KY0061,,PRESTON,HWY,,,JEFFERSON,,,,,38.205699939,-85.736878057,9.389,8/26/2019 12:00:00 AM,1604,2,2,0,2,CLOUDY,WET,False,OTHER INTERSECTION COLLISIONS,REAR END,STRAIGHT & LEVEL,DAYLIGHT,,,8/27/2019 8:24:58 AM,False,6100,Accepted,
25552473,0568000,LOUISVILLE METRO POLICE DEPT,Accepted,JEFFERSON,KY1931,7004,GREENWOOD,RD,,,,,,,,38.144964740,-85.880957048,0.879,8/26/2019 12:00:00 AM,1231,2,2,0,0,RAINING,WET,False,1 VEHICLE PARKED POSITION (NOT PARKING LOT/DRIVEWAY),SIDESWIPE-SAME DIRECTION,STRAIGHT & LEVEL,DAYLIGHT,,,8/27/2019 8:24:07 AM,False,7177,Accepted,
25552479,0568000,LOUISVILLE METRO POLICE DEPT,Accepted,JEFFERSON,I 0065,,I65 N,,,,,,,,,38.153907124,-85.715928348,128.000,8/26/2019 12:00:00 AM,1346,1,1,0,0,RAINING,WET,False,COLLISION WITH FIXED OBJECT NON - INTERSECTION - FIRST EVENT COLLISION 09 - 32 EXCLUDING 16,SINGLE VEHICLE,STRAIGHT & LEVEL,DAYLIGHT,,,8/27/2019 8:24:28 AM,False,2217,Accepted,
25549529,0568000,LOUISVILLE METRO POLICE DEPT,Accepted,JEFFERSON,KY0907,9407,3RD ST,RD,,,,,,,,38.114854956,-85.828716438,2.448,8/26/2019 12:00:00 AM,1335,1,1,0,0,RAINING,WET,False,COLLISION WITH FIXED OBJECT NON - INTERSECTION - FIRST EVENT COLLISION 09 - 32 EXCLUDING 16,SINGLE VEHICLE,CURVE & LEVEL,DAYLIGHT,,,8/26/2019 2:58:57 PM,False,7424,Accepted,
25555217,0568000,LOUISVILLE METRO POLICE DEPT,Accepted,JEFFERSON,,,BURNETT,AVE,W,,,,1ST,KY1020,2ND,38.226920487,-85.758111226,0.032,8/26/2019 12:00:00 AM,1110,2,2,0,0,RAINING,WET,False,1 VEHICLE PARKED POSITION (NOT PARKING LOT/DRIVEWAY),SIDESWIPE-SAME DIRECTION,STRAIGHT & LEVEL,DAYLIGHT,,,8/27/2019 3:55:53 PM,False,7619,Accepted,
25552508,0568000,LOUISVILLE METRO POLICE DEPT,Accepted,JEFFERSON,I 0071,,I71 S,,,,,,,,,38.290126761,-85.646127250,5.106,8/26/2019 12:00:00 AM,1423,1,1,0,1,RAINING,WATER (STANDING OR MOVING),False,COLLISION WITH FIXED OBJECT NON - INTERSECTION - FIRST EVENT COLLISION 09 - 32 EXCLUDING 16,SINGLE VEHICLE,CURVE & HILLCREST,DAYLIGHT,,,8/27/2019 8:26:23 AM,False,7751,Accepted,
25549568,0568000,LOUISVILLE METRO POLICE DEPT,Accepted,JEFFERSON,I 0065,,,,,,,,,,,38.191162149,-85.722460157,0.217,8/26/2019 12:00:00 AM,1244,1,1,0,1,RAINING,WET,False,COLLISION WITH FIXED OBJECT NON - INTERSECTION - FIRST EVENT COLLISION 09 - 32 EXCLUDING 16,SINGLE VEHICLE,STRAIGHT & LEVEL,DAYLIGHT,,,8/26/2019 3:04:58 PM,False,7251,Accepted,
25549508,0568000,LOUISVILLE METRO POLICE DEPT,Accepted,JEFFERSON,I 0264,,I264 W,,,,,,,,,38.189438456,-85.776246834,9.628,8/26/2019 12:00:00 AM,1241,1,1,0,0,RAINING,WET,False,OTHER COLLISIONS ON SHOULDER,SINGLE VEHICLE,CURVE & GRADE,DAYLIGHT,,,8/26/2019 2:57:28 PM,False,4903,Accepted,
25557676,0568000,LOUISVILLE METRO POLICE DEPT,Accepted,JEFFERSON,KY0907,,3RD ST,RD,,,,,,,,38.123194527,-85.799660928,4.249,8/26/2019 12:00:00 AM,1704,1,1,0,0,RAINING,WET,False,OTHER COLLISIONS ON SHOULDER,SINGLE VEHICLE,STRAIGHT & LEVEL,DAYLIGHT,,,8/28/2019 8:24:31 AM,False,7174,Accepted,
25555169,0568000,LOUISVILLE METRO POLICE DEPT,Accepted,JEFFERSON,I 0264,,I264 W,,,,,I 0264,I264 W EXIT18 ON RAMP FROM KY1932,I 0264,I264 W EXIT17B OFF RAMP TO KY155 N,38.226263538,-85.640790632,17.614,8/26/2019 12:00:00 AM,0752,3,3,0,3,RAINING,WET,False,REAR END IN TRAFFIC LANES BOTH VEHICLES MOVING,REAR END,STRAIGHT & LEVEL,DAYLIGHT,,,8/27/2019 3:51:46 PM,False,7840,Accepted,
25552536,0568000,LOUISVILLE METRO POLICE DEPT,Accepted,JEFFERSON,I 0265,,I265 E,,,,,,,,,38.116608094,-85.652779657,13.030,8/26/2019 12:00:00 AM,1930,2,2,0,0,CLOUDY,DRY,False,REAR END IN TRAFFIC LANES BOTH VEHICLES MOVING,REAR END,STRAIGHT & LEVEL,DAYLIGHT,,,8/27/2019 8:28:22 AM,False,7474,Accepted,
25552512,0568000,LOUISVILLE METRO POLICE DEPT,Accepted,JEFFERSON,I 0065,,I65 N,,,,,I 0065,I65 N EXIT134 ON RAMP FROM US61,I 0065,I65 N EXIT133 ON RAMP FROM  WARNOCK ST,38.221337457,-85.751275817,133.545,8/26/2019 12:00:00 AM,1342,2,2,0,0,RAINING,WET,False,REAR END IN TRAFFIC LANES BOTH VEHICLES MOVING,REAR END,STRAIGHT & LEVEL,DAYLIGHT,,,8/27/2019 8:26:41 AM,False,7390,Accepted,
25553738,0560000,JEFFERSON COUNTY SHERIFF DEPT.,Accepted,JEFFERSON,KY1934,,GREENBELT,HWY,,,,,,,,38.177080586,-85.865548348,6.969,8/26/2019 12:00:00 AM,1610,2,2,0,0,RAINING,WET,False,REAR END IN TRAFFIC LANES BOTH VEHICLES MOVING,REAR END,STRAIGHT & LEVEL,OTHER,,,8/27/2019 12:14:56 PM,False,4025,Accepted,
25563409,0568000,LOUISVILLE METRO POLICE DEPT,Accepted,JEFFERSON,I 0264,,I264 E,,,,,,,,,38.278803882,-85.634967173,22.000,8/26/2019 12:00:00 AM,1539,2,2,0,0,RAINING,WET,False,REAR END IN TRAFFIC LANES BOTH VEHICLES MOVING,REAR END,STRAIGHT & LEVEL,DAYLIGHT,,,8/29/2019 8:34:46 AM,False,2142,Accepted,
25552455,0568000,LOUISVILLE METRO POLICE DEPT,Accepted,JEFFERSON,KY0913C,,BLANKENBAKER ACCESS,DR,,KY0913,BLANKENBAKER,,,,,38.196182555,-85.548165976,0.490,8/26/2019 12:00:00 AM,1243,2,2,0,0,RAINING,WET,False,HEAD-ON COLLISION,HEAD ON,STRAIGHT & LEVEL,DAYLIGHT,,,8/27/2019 8:22:59 AM,False,6337,Accepted,
25552426,0568000,LOUISVILLE METRO POLICE DEPT,Accepted,JEFFERSON,,,OSCAR,RD,,,CHAMBERLAIN,,,,,38.300773837,-85.542818404,0.045,8/26/2019 12:00:00 AM,0100,2,2,0,0,RAINING,WET,False,HEAD-ON COLLISION,HEAD ON,CURVE & LEVEL,DAYLIGHT,,,8/27/2019 8:21:14 AM,False,7765,Accepted,
25552452,0568000,LOUISVILLE METRO POLICE DEPT,Accepted,JEFFERSON,KY0864,,FEGENBUSH,LN,,,,,SHERLOCK,,SUNNY HILL,38.157255948,-85.636664964,6.237,8/26/2019 12:00:00 AM,1635,2,2,0,0,RAINING,WET,False,HEAD-ON COLLISION,HEAD ON,CURVE & GRADE,DAYLIGHT,,,8/27/2019 8:22:50 AM,False,2959,Accepted,
25596911,0568000,LOUISVILLE METRO POLICE DEPT,Accepted,JEFFERSON,KY1931,,MANSLICK,RD,,,,,,,,38.194933305,-85.799876710,8.350,8/26/2019 12:00:00 AM,1200,2,2,0,0,CLEAR,DRY,True,REAR END IN TRAFFIC LANES BOTH VEHICLES MOVING,REAR END,STRAIGHT & LEVEL,DAYLIGHT,,,9/5/2019 9:13:54 AM,False,7168,Accepted,
25585683,0568000,LOUISVILLE METRO POLICE DEPT,Accepted,JEFFERSON,I 0065,,I65 S,,,,,I 0065,I65 S EXIT133 ON RAMP FROM  EASTERN PKWY,I 0065,I65 S EXIT133 ON RAMP FROM  E WARNOCK ST,38.211811006,-85.752972814,132.877,8/26/2019 12:00:00 AM,1515,2,2,0,0,CLEAR,DRY,True,REAR END IN TRAFFIC LANES BOTH VEHICLES MOVING,REAR END,STRAIGHT & LEVEL,DAYLIGHT,,,9/3/2019 11:07:41 AM,False,7116,Accepted,
25549486,0568000,LOUISVILLE METRO POLICE DEPT,Accepted,JEFFERSON,KY1819,,BILLTOWN,RD,,,,,,,,38.164384353,-85.567415774,6.974,8/26/2019 12:00:00 AM,0910,2,2,0,0,RAINING,WET,False,REAR END IN TRAFFIC LANES BOTH VEHICLES MOVING,REAR END,STRAIGHT & LEVEL,DAYLIGHT,,,8/26/2019 2:56:26 PM,False,7573,Accepted,
25549488,0568000,LOUISVILLE METRO POLICE DEPT,Accepted,JEFFERSON,I 0265,,I265 E,,,,,,,,,38.127423114,-85.606941488,15.652,8/26/2019 12:00:00 AM,0718,2,2,0,0,CLOUDY,WET,False,REAR END IN TRAFFIC LANES BOTH VEHICLES MOVING,REAR END,CURVE & GRADE,DAYLIGHT,,,8/26/2019 2:56:33 PM,False,2000,Accepted,
25552462,0568000,LOUISVILLE METRO POLICE DEPT,Accepted,JEFFERSON,I 0264,,I264 W,,,,,,,,,38.191400609,-85.716226417,12.822,8/26/2019 12:00:00 AM,1548,2,2,0,0,CLOUDY,WET,False,REAR END IN TRAFFIC LANES BOTH VEHICLES MOVING,REAR END,STRAIGHT & LEVEL,DAYLIGHT,,,8/27/2019 8:23:27 AM,False,5230,Accepted,
25552468,0568000,LOUISVILLE METRO POLICE DEPT,Accepted,JEFFERSON,I 0264,,I264 W,,,,,,,,,38.186939765,-85.791431071,8.762,8/26/2019 12:00:00 AM,1349,4,4,0,1,CLOUDY,WET,False,REAR END IN TRAFFIC LANES BOTH VEHICLES MOVING,REAR END,STRAIGHT & LEVEL,DAYLIGHT,,,8/27/2019 8:23:47 AM,False,5237,Accepted,
25552460,0568000,LOUISVILLE METRO POLICE DEPT,Accepted,JEFFERSON,I 0065,,I65 N,,,,,,,,,38.153907124,-85.715928348,128.000,8/26/2019 12:00:00 AM,1346,2,2,0,0,RAINING,WET,False,REAR END IN TRAFFIC LANES BOTH VEHICLES MOVING,REAR END,STRAIGHT & LEVEL,DAYLIGHT,,,8/27/2019 8:23:20 AM,True,2217,Accepted,
25552436,0568000,LOUISVILLE METRO POLICE DEPT,Accepted,JEFFERSON,KY0864,,POPLAR LEVEL,RD,,,,,,,,38.210231821,-85.717136454,12.476,8/26/2019 12:00:00 AM,1101,3,3,0,0,RAINING,WET,False,REAR END IN TRAFFIC LANES BOTH VEHICLES MOVING,REAR END,STRAIGHT & LEVEL,DAYLIGHT,,,8/27/2019 8:21:52 AM,False,7473,Accepted,
25552427,0568000,LOUISVILLE METRO POLICE DEPT,Accepted,JEFFERSON,I 0264,,I264 W,,,,,,,,,38.189613922,-85.773289552,9.788,8/26/2019 12:00:00 AM,1410,2,2,0,0,RAINING,WET,False,REAR END IN TRAFFIC LANES BOTH VEHICLES MOVING,REAR END,STRAIGHT & LEVEL,DAYLIGHT,,,8/27/2019 8:21:18 AM,False,7977,Accepted,
25552428,0568000,LOUISVILLE METRO POLICE DEPT,Accepted,JEFFERSON,KY1865,,NEW CUT,RD,,,,,,,,38.117636410,-85.775380643,0.609,8/26/2019 12:00:00 AM,1438,3,3,0,0,RAINING,WET,False,REAR END IN TRAFFIC LANES BOTH VEHICLES MOVING,REAR END,STRAIGHT & LEVEL,DAYLIGHT,,,8/27/2019 8:21:22 AM,False,7252,Accepted,