IncidentID,AgencyORI,AgencyName,IncidentStatusDesc,County,RdwyNumber,Street,RoadwayName,StreetSfx,StreetDir,IntersectionRdwy,IntersectionRdwyName,BetweenStRdwy1,BetweenStRdwyName1,BetweenStRdwy2,BetweenStRdwyName2,Latitude,Longitude,Milepoint,CollisionDate,CollisionTime,UnitsInvolved,MotorVehiclesInvolved,NumberKilled,NumberInjured,Weather,RdwyConditionCode,HitandRun,DirAnalysisCode,MannerofCollision,RdwyCharacter,LightCondition,RampFromRdwyId,RampToRdwyId,AcceptedDate,IsSecondaryCollision,OwnerBadge,IncidentStatus,
25552429,0568000,LOUISVILLE METRO POLICE DEPT,Accepted,JEFFERSON,I 0264,,I264 W,,,,,,,,,38.201679835,-85.691445989,14.373,8/26/2019 12:00:00 AM,1516,2,2,0,0,RAINING,WET,False,REAR END IN TRAFFIC LANES BOTH VEHICLES MOVING,REAR END,STRAIGHT & LEVEL,DAYLIGHT,,,8/27/2019 8:21:28 AM,False,7284,Accepted,
25557681,0568000,LOUISVILLE METRO POLICE DEPT,Accepted,JEFFERSON,US0031E,,BARDSTOWN,RD,,,,,WIMSATT,,SETTLERS TRACE,38.162105932,-85.594724341,6.500,8/26/2019 12:00:00 AM,0750,2,2,0,0,RAINING,WET,False,SIDESWIPE COLLISION - SAME DIRECTION,SIDESWIPE-SAME DIRECTION,STRAIGHT & LEVEL,DAYLIGHT,,,8/28/2019 8:24:50 AM,False,6337,Accepted,
25552422,0568000,LOUISVILLE METRO POLICE DEPT,Accepted,JEFFERSON,I 0265,,I265 S,,,,,,,,,38.306829353,-85.567709202,33.735,8/26/2019 12:00:00 AM,0752,2,2,0,0,RAINING,WET,False,SIDESWIPE COLLISION - SAME DIRECTION,SIDESWIPE-SAME DIRECTION,STRAIGHT & LEVEL,DAYLIGHT,,,8/27/2019 8:20:55 AM,False,7765,Accepted,
25555188,0568000,LOUISVILLE METRO POLICE DEPT,Accepted,JEFFERSON,I 0065,,I65 N,,,,,I 0065,I65 N EXIT128 ON RAMP FROM KY1631,I 0065,I65 N EXIT130 OFF RAMP TO KY61,38.165439317,-85.720591616,128.849,8/26/2019 12:00:00 AM,1153,2,2,0,0,RAINING,WET,False,SIDESWIPE COLLISION - SAME DIRECTION,SIDESWIPE-SAME DIRECTION,CURVE & LEVEL,DAYLIGHT,,,8/27/2019 3:52:48 PM,False,7840,Accepted,
25552489,0568000,LOUISVILLE METRO POLICE DEPT,Accepted,JEFFERSON,KY0061,,SHELBY,ST,S,,,,FETTER,US0060A,EASTERN,38.215220914,-85.742874274,10.135,8/26/2019 12:00:00 AM,1254,2,2,0,0,RAINING,WET,False,SIDESWIPE COLLISION - SAME DIRECTION,SIDESWIPE-SAME DIRECTION,STRAIGHT & LEVEL,DAYLIGHT,,,8/27/2019 8:25:27 AM,False,7390,Accepted,
25552446,0568000,LOUISVILLE METRO POLICE DEPT,Accepted,JEFFERSON,I 0071,,I71 S,,,,,,,,,38.309490146,-85.592895049,8.372,8/26/2019 12:00:00 AM,1500,2,2,0,0,RAINING,WET,False,SIDESWIPE COLLISION - SAME DIRECTION,SIDESWIPE-SAME DIRECTION,STRAIGHT & GRADE,DAYLIGHT,,,8/27/2019 8:22:28 AM,False,2346,Accepted,
25552435,0568000,LOUISVILLE METRO POLICE DEPT,Accepted,JEFFERSON,I 0264,,I264 E,,,,,,,,,38.224788967,-85.643427278,17.456,8/26/2019 12:00:00 AM,1049,2,2,0,0,RAINING,WET,False,SIDESWIPE COLLISION - SAME DIRECTION,SIDESWIPE-SAME DIRECTION,STRAIGHT & LEVEL,DAYLIGHT,,,8/27/2019 8:21:47 AM,False,7864,Accepted,
25557665,0568000,LOUISVILLE METRO POLICE DEPT,Accepted,JEFFERSON,,,SMYRNA,PKWY,,,,,,,,38.125086501,-85.642989464,0.890,8/26/2019 12:00:00 AM,1728,2,2,0,0,RAINING,WET,False,REAR END IN TRAFFIC LANES BOTH VEHICLES MOVING,REAR END,STRAIGHT & LEVEL,DAYLIGHT,,,8/28/2019 8:23:35 AM,False,4693,Accepted,
25549489,0568000,LOUISVILLE METRO POLICE DEPT,Accepted,JEFFERSON,I 0064,,I64 W,,,,,,,,,38.226473134,-85.588116639,14.328,8/26/2019 12:00:00 AM,0827,2,2,0,0,RAINING,WET,False,REAR END IN TRAFFIC LANES BOTH VEHICLES MOVING,REAR END,STRAIGHT & LEVEL,DAYLIGHT,,,8/26/2019 2:56:39 PM,False,4903,Accepted,
25549514,0568000,LOUISVILLE METRO POLICE DEPT,Accepted,JEFFERSON,I 0264,,I264 W,,,,,,,,,38.230758885,-85.632060698,18.180,8/26/2019 12:00:00 AM,1029,2,2,0,0,RAINING,WET,False,REAR END IN TRAFFIC LANES BOTH VEHICLES MOVING,REAR END,STRAIGHT & LEVEL,DAYLIGHT,,,8/26/2019 2:57:58 PM,False,4903,Accepted,
25550968,0561000,JEFFERSONTOWN POLICE DEPT,Accepted,JEFFERSON,,,WATTERSON,TRL,,,,,SAN MARCOS,,MANSFIELD ESTATES,38.183452009,-85.592295459,1.850,8/26/2019 12:00:00 AM,1549,2,2,0,0,RAINING,WET,False,REAR END IN TRAFFIC LANES BOTH VEHICLES MOVING,REAR END,STRAIGHT & LEVEL,DAYLIGHT,,,8/26/2019 9:38:51 PM,False,8313,Accepted,
25559643,0568000,LOUISVILLE METRO POLICE DEPT,Accepted,JEFFERSON,US0042,,STORY,AVE,,,,,ADAMS,I 0064,I64 E EXIT7 OFF RAMP TO  STORY AVE,38.257835989,-85.723735303,0.531,8/26/2019 12:00:00 AM,1008,2,2,0,0,RAINING,WET,False,REAR END IN TRAFFIC LANES BOTH VEHICLES MOVING,REAR END,STRAIGHT & HILLCREST,DAYLIGHT,,,8/28/2019 2:35:43 PM,False,7058,Accepted,
25552475,0568000,LOUISVILLE METRO POLICE DEPT,Accepted,JEFFERSON,I 0265,,I265 E,,,,,,,,,38.203838258,-85.507335351,24.172,8/26/2019 12:00:00 AM,1715,2,2,0,0,RAINING,WET,False,REAR END IN TRAFFIC LANES BOTH VEHICLES MOVING,REAR END,STRAIGHT & GRADE,DAYLIGHT,,,8/27/2019 8:24:13 AM,False,7944,Accepted,
25552423,0568000,LOUISVILLE METRO POLICE DEPT,Accepted,JEFFERSON,KY1932,,BRECKENRIDGE,LN,,,,,,,,38.185476579,-85.626229347,0.234,8/26/2019 12:00:00 AM,1434,2,2,0,0,RAINING,WET,False,REAR END IN TRAFFIC LANES BOTH VEHICLES MOVING,REAR END,STRAIGHT & LEVEL,DAYLIGHT,,,8/27/2019 8:21:01 AM,False,7307,Accepted,
25552424,0568000,LOUISVILLE METRO POLICE DEPT,Accepted,JEFFERSON,I 0265,EXIT 10,I265 W,,,,,,,,,38.112237054,-85.689854331,10.912,8/26/2019 12:00:00 AM,0723,3,3,0,1,RAINING,WET,False,REAR END IN TRAFFIC LANES BOTH VEHICLES MOVING,REAR END,STRAIGHT & LEVEL,DAYLIGHT,,,8/27/2019 8:21:04 AM,False,7799,Accepted,
25552442,0568000,LOUISVILLE METRO POLICE DEPT,Accepted,JEFFERSON,KY2054,1754,ALGONQUIN,PKWY,,,,,,,,38.223030293,-85.790356920,1.756,8/26/2019 12:00:00 AM,1050,2,2,0,0,RAINING,WET,False,REAR END IN TRAFFIC LANES BOTH VEHICLES MOVING,REAR END,STRAIGHT & LEVEL,DAYLIGHT,,,8/27/2019 8:22:12 AM,False,7184,Accepted,
25552450,0568000,LOUISVILLE METRO POLICE DEPT,Accepted,JEFFERSON,KY1931,,ST ANDREWS CHURCH,RD,,,,,,,,38.151113650,-85.820886302,4.325,8/26/2019 12:00:00 AM,1458,2,2,0,0,RAINING,WET,False,REAR END IN TRAFFIC LANES BOTH VEHICLES MOVING,REAR END,CURVE & LEVEL,DAYLIGHT,,,8/27/2019 8:22:40 AM,False,7234,Accepted,
25707447,0568000,LOUISVILLE METRO POLICE DEPT,Accepted,JEFFERSON,,614,BLUEGRASS,AVE,,,,,,,,38.179117270,-85.773098857,1.367,8/26/2019 12:00:00 AM,0400,2,2,0,0,CLEAR,DRY,True,1 VEHICLE PARKED POSITION (NOT PARKING LOT/DRIVEWAY),SIDESWIPE-SAME DIRECTION,CURVE & LEVEL,DARK-HWY LIGHTED/ON,,,9/30/2019 9:25:46 AM,False,7298,Accepted,
25557649,0568000,LOUISVILLE METRO POLICE DEPT,Accepted,JEFFERSON,,,COOPER CHAPEL,RD,,,,,,,,38.109217876,-85.617183201,3.503,8/26/2019 12:00:00 AM,1527,2,2,0,0,RAINING,WET,False,SIDESWIPE COLLISION - OPPOSITE DIRECTION,SIDESWIPE-OPPOSITE DIRECTION,STRAIGHT & GRADE,DAYLIGHT,,,8/28/2019 8:21:55 AM,False,4693,Accepted,
25552464,0568000,LOUISVILLE METRO POLICE DEPT,Accepted,JEFFERSON,KY1819,,SEATONVILLE,RD,,,,,,,,38.132266856,-85.524452723,3.447,8/26/2019 12:00:00 AM,1710,2,2,0,0,RAINING,WET,False,SIDESWIPE COLLISION - OPPOSITE DIRECTION,SIDESWIPE-OPPOSITE DIRECTION,CURVE & LEVEL,DAYLIGHT,,,8/27/2019 8:23:34 AM,False,7755,Accepted,
25555183,0568000,LOUISVILLE METRO POLICE DEPT,Accepted,JEFFERSON,US0150,908,BROADWAY,,W,,,,,,,38.246600618,-85.767075489,1.966,8/26/2019 12:00:00 AM,1158,2,2,0,0,RAINING,WET,False,1 VEHICLE ENTERING/LEAVING ENTRANCE,ANGLE,STRAIGHT & LEVEL,DAYLIGHT,,,8/27/2019 3:52:29 PM,False,7229,Accepted,
25549564,0568000,LOUISVILLE METRO POLICE DEPT,Accepted,JEFFERSON,KY1020,,SOUTHSIDE,DR,,,,,CAROLYN,,STRAWBERRY,38.158487757,-85.764737393,6.115,8/26/2019 12:00:00 AM,1348,2,2,0,1,RAINING,WET,False,1 VEHICLE ENTERING/LEAVING ENTRANCE,ANGLE,STRAIGHT & LEVEL,DAYLIGHT,,,8/26/2019 3:04:47 PM,False,7232,Accepted,
25552432,0568000,LOUISVILLE METRO POLICE DEPT,Accepted,JEFFERSON,KY0864,4500,POPLAR LEVEL,RD,,,,,,,,38.182913352,-85.698614319,10.305,8/26/2019 12:00:00 AM,1322,2,2,0,1,RAINING,WET,False,1 VEHICLE ENTERING/LEAVING ENTRANCE,ANGLE,STRAIGHT & LEVEL,DAYLIGHT,,,8/27/2019 8:21:37 AM,False,7898,Accepted,
25552472,0568000,LOUISVILLE METRO POLICE DEPT,Accepted,JEFFERSON,KY1931,3610,MANSLICK,RD,,,,,,,,38.194731471,-85.800376322,8.323,8/26/2019 12:00:00 AM,1632,2,2,0,2,CLOUDY,WET,False,1 VEHICLE ENTERING/LEAVING ENTRANCE,ANGLE,CURVE & LEVEL,DAYLIGHT,,,8/27/2019 8:24:03 AM,False,5237,Accepted,
25552515,0568000,LOUISVILLE METRO POLICE DEPT,Accepted,JEFFERSON,,,BLUEGRASS,AVE,,,,,,,,38.179291742,-85.794985552,0.211,8/26/2019 12:00:00 AM,1200,2,2,0,0,RAINING,WET,True,1 VEHICLE ENTERING/LEAVING ENTRANCE,ANGLE,STRAIGHT & LEVEL,DAYLIGHT,,,8/27/2019 8:26:53 AM,False,7667,Accepted,
25547381,0568000,LOUISVILLE METRO POLICE DEPT,Accepted,JEFFERSON,I 0064,,I64 W,,,,,,,,,38.222883300,-85.506762291,18.804,8/26/2019 12:00:00 AM,0714,2,2,0,0,RAINING,WET,False,1 VEHICLE ENTERING/LEAVING ENTRANCE,ANGLE,STRAIGHT & LEVEL,DAYLIGHT,,,8/26/2019 9:27:40 AM,False,4903,Accepted,
25547573,0568000,LOUISVILLE METRO POLICE DEPT,Accepted,JEFFERSON,KY1865,,TAYLOR,BLVD,,,,,,,,38.190030765,-85.783381821,5.764,8/26/2019 12:00:00 AM,0840,2,2,0,0,RAINING,WET,True,1 VEHICLE ENTERING/LEAVING ENTRANCE,ANGLE,STRAIGHT & LEVEL,DAYLIGHT,,,8/26/2019 9:53:40 AM,False,7977,Accepted,
25552453,0568000,LOUISVILLE METRO POLICE DEPT,Accepted,JEFFERSON,US0060,,SHELBYVILLE,RD,,,,,WHIPPS MILL,,CHRISTIAN,38.248711491,-85.605239643,6.306,8/26/2019 12:00:00 AM,1205,2,2,0,0,RAINING,WET,False,1 VEHICLE ENTERING/LEAVING ENTRANCE,ANGLE,STRAIGHT & LEVEL,DAYLIGHT,,,8/27/2019 8:22:54 AM,False,5109,Accepted,
25552527,0568000,LOUISVILLE METRO POLICE DEPT,Accepted,JEFFERSON,KY1450,10802,BLUE LICK,RD,,,,,,,,38.090545470,-85.698999874,0.310,8/26/2019 12:00:00 AM,1817,2,2,0,0,CLOUDY,WET,False,1 VEHICLE ENTERING/LEAVING ENTRANCE,ANGLE,STRAIGHT & LEVEL,DAYLIGHT,,,8/27/2019 8:27:52 AM,False,5005,Accepted,
25555179,0568000,LOUISVILLE METRO POLICE DEPT,Accepted,JEFFERSON,KY0061,8501,PRESTON,HWY,,,,,,,,38.129754926,-85.681991044,3.315,8/26/2019 12:00:00 AM,1640,2,2,0,0,RAINING,WET,False,1 VEHICLE ENTERING/LEAVING ENTRANCE,ANGLE,STRAIGHT & LEVEL,DAYLIGHT,,,8/27/2019 3:52:15 PM,False,7914,Accepted,
25555185,0568000,LOUISVILLE METRO POLICE DEPT,Accepted,JEFFERSON,I 0064,,I64 W,,,,,,,,,38.232591094,-85.607353174,13.200,8/26/2019 12:00:00 AM,1418,2,2,0,0,RAINING,WET,True,1 VEHICLE ENTERING/LEAVING ENTRANCE,ANGLE,STRAIGHT & LEVEL,DAYLIGHT,,,8/27/2019 3:52:35 PM,False,8278,Accepted,
25555171,0568000,LOUISVILLE METRO POLICE DEPT,Accepted,JEFFERSON,KY0841,,GENE SNYDER,FWY,,,,,,,,38.118759286,-85.784481421,5.633,8/26/2019 12:00:00 AM,1503,1,1,0,0,RAINING,WET,False,OTHER ROADWAY OR MID-BLOCK COLLISION,SINGLE VEHICLE,CURVE & GRADE,DAYLIGHT,,,8/27/2019 3:51:58 PM,False,8278,Accepted,
25552513,0568000,LOUISVILLE METRO POLICE DEPT,Accepted,JEFFERSON,,,MUHAMMAD ALI,BLVD,W,,,,8TH,,ROY WILKINS,38.251915133,-85.764598298,0.660,8/26/2019 12:00:00 AM,1601,2,2,0,1,RAINING,WET,False,OTHER ROADWAY OR MID-BLOCK COLLISION,REAR END,STRAIGHT & LEVEL,DAYLIGHT,,,8/27/2019 8:26:45 AM,False,2854,Accepted,
25552497,0568000,LOUISVILLE METRO POLICE DEPT,Accepted,JEFFERSON,KY1447,,WESTPORT,RD,,,,I 0265,I265 N EXIT33 OFF RAMP TO KY1447,I 0265,I265 S EXIT33 OFF RAMP TO KY1447,38.297815981,-85.547099400,6.744,8/26/2019 12:00:00 AM,1254,2,2,0,0,RAINING,WET,False,OTHER ROADWAY OR MID-BLOCK COLLISION,REAR END,STRAIGHT & LEVEL,DAYLIGHT,,,8/27/2019 8:25:46 AM,False,7751,Accepted,
25555180,0568000,LOUISVILLE METRO POLICE DEPT,Accepted,JEFFERSON,I 0065,,I65 E EXIT12 TRANSIT,,,,,,,,,38.189518353,-85.738212107,0.605,8/26/2019 12:00:00 AM,1605,2,2,0,0,RAINING,WET,False,OTHER ROADWAY OR MID-BLOCK COLLISION,REAR END,STRAIGHT & LEVEL,DAYLIGHT,,,8/27/2019 3:52:20 PM,False,7652,Accepted,
25555158,0568000,LOUISVILLE METRO POLICE DEPT,Accepted,JEFFERSON,I 0264,,I264 W,,,,,,,,,38.190980999,-85.720249336,12.600,8/26/2019 12:00:00 AM,1350,1,1,0,0,RAINING,WET,False,OTHER ROADWAY OR MID-BLOCK COLLISION,SINGLE VEHICLE,CURVE & GRADE,DAYLIGHT,,,8/27/2019 3:50:35 PM,False,8278,Accepted,
25552531,0568000,LOUISVILLE METRO POLICE DEPT,Accepted,JEFFERSON,,,HAZELWOOD,AVE,,,,,,,,38.170667799,-85.796634951,0.086,8/26/2019 12:00:00 AM,0928,2,2,0,0,RAINING,WET,False,OTHER ROADWAY OR MID-BLOCK COLLISION,REAR END,STRAIGHT & LEVEL,DAYLIGHT,,,8/27/2019 8:28:10 AM,False,7667,Accepted,
25552431,0568000,LOUISVILLE METRO POLICE DEPT,Accepted,JEFFERSON,US0060,,SHELBYVILLE,RD,,,,,CHRISTIAN,,ARTERBURN,38.249112412,-85.609728759,6.059,8/26/2019 12:00:00 AM,1546,2,2,0,1,RAINING,WET,False,OTHER ROADWAY OR MID-BLOCK COLLISION,REAR END,STRAIGHT & LEVEL,DAYLIGHT,,,8/27/2019 8:21:33 AM,False,6862,Accepted,
25552501,0568000,LOUISVILLE METRO POLICE DEPT,Accepted,JEFFERSON,I 0265,,I265 W,,,,,,,,,38.132869366,-85.600475799,16.153,8/26/2019 12:00:00 AM,1220,1,1,0,1,RAINING,WET,False,OTHER ROADWAY OR MID-BLOCK COLLISION,SINGLE VEHICLE,STRAIGHT & LEVEL,DAYLIGHT,,,8/27/2019 8:25:58 AM,False,4693,Accepted,
25552459,0568000,LOUISVILLE METRO POLICE DEPT,Accepted,JEFFERSON,I 0064,,I64 W,,,,,,,,,38.232837611,-85.607947653,13.163,8/26/2019 12:00:00 AM,1359,2,2,0,0,RAINING,WET,False,OTHER ROADWAY OR MID-BLOCK COLLISION,REAR TO REAR,STRAIGHT & LEVEL,DAYLIGHT,,,8/27/2019 8:23:16 AM,False,5109,Accepted,
25549521,0568000,LOUISVILLE METRO POLICE DEPT,Accepted,JEFFERSON,KY0061,,PRESTON,HWY,,,,,HIGH SCHOOL,,ST RITA,38.126639418,-85.680252086,3.080,8/26/2019 12:00:00 AM,0723,2,2,0,0,RAINING,WET,False,OTHER ROADWAY OR MID-BLOCK COLLISION,REAR END,STRAIGHT & LEVEL,DAWN,,,8/26/2019 2:58:21 PM,False,2324,Accepted,
25549526,0568000,LOUISVILLE METRO POLICE DEPT,Accepted,JEFFERSON,,5502,MORNING GLORY,LN,,,,,,,,38.135587168,-85.859005155,0.785,8/26/2019 12:00:00 AM,1151,2,2,0,0,RAINING,WET,False,VEHICLE BACKING NON INTERSECTION,BACKING,CURVE & LEVEL,DAYLIGHT,,,8/26/2019 2:58:40 PM,False,7841,Accepted,
25563417,0568000,LOUISVILLE METRO POLICE DEPT,Accepted,JEFFERSON,I 0064,,,,,,,,,,,38.257755680,-85.742151341,1.073,8/26/2019 12:00:00 AM,0654,2,2,0,0,CLOUDY,WET,False,OTHER RAMP RELATED COLLISIONS NOT LISTED ABOVE,SIDESWIPE-SAME DIRECTION,CURVE & GRADE,DAWN,I 0064,I 0065,8/29/2019 8:37:06 AM,False,7325,Accepted,
25555151,0568000,LOUISVILLE METRO POLICE DEPT,Accepted,JEFFERSON,I 0265,,,,,,,,,,,38.287988535,-85.512794462,0.027,8/26/2019 12:00:00 AM,1811,2,2,0,0,RAINING,WET,False,OTHER RAMP RELATED COLLISIONS NOT LISTED ABOVE,REAR END,CURVE & GRADE,DAYLIGHT,KY0146,I 0265,8/27/2019 3:49:48 PM,False,6532,Accepted,
25555193,0568000,LOUISVILLE METRO POLICE DEPT,Accepted,JEFFERSON,I 0064,,,,,,,,,,,38.235978821,-85.621882570,0.384,8/26/2019 12:00:00 AM,1047,2,2,0,0,RAINING,WET,False,OTHER RAMP RELATED COLLISIONS NOT LISTED ABOVE,SIDESWIPE-SAME DIRECTION,STRAIGHT & LEVEL,DAYLIGHT,I 0064,I 0064,8/27/2019 3:53:00 PM,False,4656,Accepted,
25552465,0568000,LOUISVILLE METRO POLICE DEPT,Accepted,JEFFERSON,I 0065,,,,,,,,,,,38.245005350,-85.751816575,0.188,8/26/2019 12:00:00 AM,1400,2,2,0,0,RAINING,WET,False,OTHER RAMP RELATED COLLISIONS NOT LISTED ABOVE,ANGLE,STRAIGHT & GRADE,DAYLIGHT,I 0065,S BROOK ST,8/27/2019 8:23:36 AM,False,7116,Accepted,
25552514,0568000,LOUISVILLE METRO POLICE DEPT,Accepted,JEFFERSON,I 0264,,,,,,,,,,,38.196318978,-85.707738213,0.250,8/26/2019 12:00:00 AM,1034,2,2,0,0,CLOUDY,WET,False,OTHER RAMP RELATED COLLISIONS NOT LISTED ABOVE,REAR END,CURVE & LEVEL,DAYLIGHT,I 0264,KY0864,8/27/2019 8:26:49 AM,False,6100,Accepted,
25555213,0568000,LOUISVILLE METRO POLICE DEPT,Accepted,JEFFERSON,,,1ST,ST,S,,,I 0065,I65 S EXIT136 ON RAMP FROM  E JACOB ST,,COLLEGE,38.243834299,-85.753722854,0.852,8/26/2019 12:00:00 AM,1013,3,3,0,0,RAINING,WET,False,COLLISION IN PARKING LOT,ANGLE,STRAIGHT & LEVEL,DAYLIGHT,,,8/27/2019 3:55:43 PM,False,7619,Accepted,
25552469,0568000,LOUISVILLE METRO POLICE DEPT,Accepted,JEFFERSON,US0031W,10439,DIXIE,HWY,,,,,VESPER,,,38.104355808,-85.868791022,8.381,8/26/2019 12:00:00 AM,1328,2,1,0,1,RAINING,WET,False,COLLISION IN PARKING LOT,SINGLE VEHICLE,STRAIGHT & LEVEL,DAYLIGHT,,,8/27/2019 8:23:53 AM,False,6877,Accepted,
25547579,0568000,LOUISVILLE METRO POLICE DEPT,Accepted,JEFFERSON,I 0064,,I64 E,,,,,,,,,38.259946538,-85.737830501,5.673,8/26/2019 12:00:00 AM,0616,1,1,0,0,RAINING,WET,False,OTHER ROADWAY OR MID-BLOCK COLLISION,SINGLE VEHICLE,STRAIGHT & LEVEL,DARK-HWY LIGHTED/ON,,,8/26/2019 9:53:56 AM,False,4656,Accepted,
25547300,0568000,LOUISVILLE METRO POLICE DEPT,Accepted,JEFFERSON,I 0064,,I64 W,,,,,,,,,38.252013881,-85.717276510,6.829,8/26/2019 12:00:00 AM,0303,1,1,0,0,CLOUDY,WET,False,OTHER ROADWAY OR MID-BLOCK COLLISION,SINGLE VEHICLE,CURVE & LEVEL,DARK-HWY NOT LIGHTED,,,8/26/2019 9:19:35 AM,False,7325,Accepted,
25549511,0568000,LOUISVILLE METRO POLICE DEPT,Accepted,JEFFERSON,I 0065,,,,,,,,,,,38.116794045,-85.703014692,0.143,8/26/2019 12:00:00 AM,1119,1,1,0,0,RAINING,WET,False,COLLISION WITH FIXED OBJECT NOT IN GORE ,SINGLE VEHICLE,CURVE & GRADE,DAYLIGHT,I 0065,I 0065,8/26/2019 2:57:42 PM,False,8278,Accepted,
25549518,0568000,LOUISVILLE METRO POLICE DEPT,Accepted,JEFFERSON,I 0265,,,,,,,,,,,38.296188687,-85.547591171,0.395,8/26/2019 12:00:00 AM,1130,1,1,0,0,RAINING,WET,False,COLLISION WITH FIXED OBJECT NOT IN GORE ,SINGLE VEHICLE,CURVE & GRADE,DAWN,I 0265,KY1447,8/26/2019 2:58:13 PM,False,2346,Accepted,
25547285,0568000,LOUISVILLE METRO POLICE DEPT,Accepted,JEFFERSON,,933,DRESDEN,AVE,,,,,,,,38.197607679,-85.776914662,0.324,8/25/2019 12:00:00 AM,0849,1,1,0,1,CLEAR,DRY,False,OTHER ROADWAY OR MID-BLOCK COLLISION,SINGLE VEHICLE,STRAIGHT & LEVEL,DAYLIGHT,,,8/26/2019 9:18:55 AM,False,7402,Accepted,
25547220,0568000,LOUISVILLE METRO POLICE DEPT,Accepted,JEFFERSON,KY1065,,OUTER,LOOP,,,,,AFTERGLOW,KY0907,3RD ST,38.126968098,-85.790463968,0.237,8/25/2019 12:00:00 AM,1635,3,3,0,2,CLEAR,DRY,False,OTHER ROADWAY OR MID-BLOCK COLLISION,REAR END,STRAIGHT & LEVEL,DAYLIGHT,,,8/26/2019 9:14:47 AM,False,7202,Accepted,
25547216,0568000,LOUISVILLE METRO POLICE DEPT,Accepted,JEFFERSON,US0031E,,BARDSTOWN,RD,,,,I 0265,I265 W EXIT17 ON RAMP FROM US31E,I 0265,I265 W EXIT17 OFF RAMP TO US31E,38.143533549,-85.584079762,5.066,8/25/2019 12:00:00 AM,1703,2,2,0,0,CLEAR,DRY,False,OTHER ROADWAY OR MID-BLOCK COLLISION,REAR END,STRAIGHT & LEVEL,DAYLIGHT,,,8/26/2019 9:14:19 AM,False,7278,Accepted,
25861560,0568000,LOUISVILLE METRO POLICE DEPT,Accepted,JEFFERSON,,,BLANTON,LN,,,,,,,,38.157384124,-85.833407069,0.030,8/25/2019 12:00:00 AM,2023,2,2,0,0,CLEAR,DRY,False,OTHER ROADWAY OR MID-BLOCK COLLISION,OPPOSING LEFT TURN,STRAIGHT & LEVEL,DARK-HWY LIGHTED/OFF,,,10/31/2019 9:05:47 AM,False,7264,Accepted,
25547105,0568000,LOUISVILLE METRO POLICE DEPT,Accepted,JEFFERSON,,4811,NORTON HEALTHCARE,BLVD,,,,,,,,38.312691716,-85.572683017,0.211,8/25/2019 12:00:00 AM,0837,1,1,0,1,CLEAR,DRY,False,COLLISION IN PARKING LOT,SINGLE VEHICLE,STRAIGHT & LEVEL,DAYLIGHT,,,8/26/2019 9:04:13 AM,False,2489,Accepted,
25547086,0568000,LOUISVILLE METRO POLICE DEPT,Accepted,JEFFERSON,I 0064,,,,,,,,,,,38.222717080,-85.578754233,0.390,8/25/2019 12:00:00 AM,0455,1,1,0,0,CLEAR,DRY,False,OTHER RAMP RELATED COLLISIONS NOT LISTED ABOVE,SINGLE VEHICLE,CURVE & GRADE,DARK-HWY LIGHTED/ON,I 0064,KY1747,8/26/2019 9:01:28 AM,False,7055,Accepted,
25623667,0568000,LOUISVILLE METRO POLICE DEPT,Accepted,JEFFERSON,I 0064,,,,,,,,,,,38.260706466,-85.737501377,0.687,8/25/2019 12:00:00 AM,1914,1,1,0,0,CLOUDY,DRY,False,OTHER RAMP RELATED COLLISIONS NOT LISTED ABOVE,SINGLE VEHICLE,STRAIGHT & LEVEL,DAYLIGHT,I 0064,I 0065,9/11/2019 10:43:35 AM,False,5173,Accepted,
25547123,0568000,LOUISVILLE METRO POLICE DEPT,Accepted,JEFFERSON,I 0064,,,,,,,,,,,38.236045175,-85.616557853,0.208,8/25/2019 12:00:00 AM,1320,3,3,0,0,CLEAR,DRY,False,OTHER RAMP RELATED COLLISIONS NOT LISTED ABOVE,REAR END,STRAIGHT & GRADE,DAYLIGHT,I 0064,I 0264,8/26/2019 9:08:34 AM,False,6406,Accepted,
25563419,0568000,LOUISVILLE METRO POLICE DEPT,Accepted,JEFFERSON,KY1819,5503,BILLTOWN,RD,,,,,,,,38.165966090,-85.569085041,7.117,8/25/2019 12:00:00 AM,2205,2,2,0,1,RAINING,WET,False,VEHICLE BACKING NON INTERSECTION,BACKING,STRAIGHT & LEVEL,DARK-HWY NOT LIGHTED,,,8/29/2019 8:37:21 AM,False,6907,Accepted,
25547281,0568000,LOUISVILLE METRO POLICE DEPT,Accepted,JEFFERSON,,,BROADWAY,,W,,,,24TH,,26TH,38.249366238,-85.793267013,0.275,8/25/2019 12:00:00 AM,1243,2,2,0,0,CLEAR,DRY,False,1 VEHICLE ENTERING/LEAVING ENTRANCE,ANGLE,STRAIGHT & LEVEL,DAYLIGHT,,,8/26/2019 9:18:38 AM,False,7805,Accepted,