IncidentID,AgencyORI,AgencyName,IncidentStatusDesc,County,RdwyNumber,Street,RoadwayName,StreetSfx,StreetDir,IntersectionRdwy,IntersectionRdwyName,BetweenStRdwy1,BetweenStRdwyName1,BetweenStRdwy2,BetweenStRdwyName2,Latitude,Longitude,Milepoint,CollisionDate,CollisionTime,UnitsInvolved,MotorVehiclesInvolved,NumberKilled,NumberInjured,Weather,RdwyConditionCode,HitandRun,DirAnalysisCode,MannerofCollision,RdwyCharacter,LightCondition,RampFromRdwyId,RampToRdwyId,AcceptedDate,IsSecondaryCollision,OwnerBadge,IncidentStatus,
25547308,0568000,LOUISVILLE METRO POLICE DEPT,Accepted,JEFFERSON,KY1747,,HURSTBOURNE,PKWY,,,,US0031E,BARDSTOWN,,HAMES,38.167262174,-85.606147486,7.360,8/25/2019 12:00:00 AM,2048,2,2,0,1,CLOUDY,WET,True,1 VEHICLE ENTERING/LEAVING ENTRANCE,ANGLE,STRAIGHT & LEVEL,DARK-HWY LIGHTED/ON,,,8/26/2019 9:19:56 AM,False,5116,Accepted,
25551891,0560400,SHIVELY POLICE DEPARTMENT,Accepted,JEFFERSON,KY1931,,7TH ST,RD,,,,,,,,38.216996555,-85.780863125,10.208,8/25/2019 12:00:00 AM,0517,3,3,0,1,CLEAR,DRY,False,1 VEHICLE ENTERING/LEAVING ENTRANCE,ANGLE,STRAIGHT & LEVEL,DARK-HWY LIGHTED/ON,,,8/27/2019 5:48:43 AM,False,7123,Accepted,
25547089,0568000,LOUISVILLE METRO POLICE DEPT,Accepted,JEFFERSON,US0031E,,BAXTER,AVE,,,,,HIGHLAND,,MORTON,38.240941576,-85.724806932,15.702,8/25/2019 12:00:00 AM,0354,2,2,0,0,CLEAR,DRY,False,SIDESWIPE COLLISION - OPPOSITE DIRECTION,SIDESWIPE-OPPOSITE DIRECTION,STRAIGHT & LEVEL,DARK-HWY LIGHTED/ON,,,8/26/2019 9:01:49 AM,False,7049,Accepted,
25613548,0568000,LOUISVILLE METRO POLICE DEPT,Accepted,JEFFERSON,,,BECKLEY CREEK,PKWY,,,,,,,,38.228990305,-85.467069344,0.712,8/25/2019 12:00:00 AM,1330,2,1,0,0,CLEAR,DRY,True,1 VEHICLE PARKED POSITION (NOT PARKING LOT/DRIVEWAY),SIDESWIPE-SAME DIRECTION,CURVE & GRADE,DAYLIGHT,,,9/9/2019 11:14:15 AM,False,7858,Accepted,
25547227,0568000,LOUISVILLE METRO POLICE DEPT,Accepted,JEFFERSON,KY1727,7016,TERRY,RD,,,,,,,,38.149374416,-85.870187778,1.931,8/25/2019 12:00:00 AM,1311,2,2,0,0,CLEAR,DRY,True,REAR END IN TRAFFIC LANES BOTH VEHICLES MOVING,REAR END,STRAIGHT & LEVEL,DAYLIGHT,,,8/26/2019 9:16:21 AM,False,7205,Accepted,
25547124,0568000,LOUISVILLE METRO POLICE DEPT,Accepted,JEFFERSON,KY0864,,POPLAR LEVEL,RD,,,,,INDIAN,,RANGELAND,38.171215227,-85.684779245,9.189,8/25/2019 12:00:00 AM,1143,2,2,0,0,CLEAR,DRY,False,SIDESWIPE COLLISION - SAME DIRECTION,SIDESWIPE-SAME DIRECTION,STRAIGHT & LEVEL,DAYLIGHT,,,8/26/2019 9:08:54 AM,False,2532,Accepted,
25547218,0568000,LOUISVILLE METRO POLICE DEPT,Accepted,JEFFERSON,,400,PARK,AVE,,,,,,,,38.231605696,-85.762526372,0.177,8/25/2019 12:00:00 AM,1703,2,2,0,0,CLEAR,DRY,False,SIDESWIPE COLLISION - SAME DIRECTION,SIDESWIPE-SAME DIRECTION,STRAIGHT & LEVEL,DAYLIGHT,,,8/26/2019 9:14:39 AM,False,7132,Accepted,
25569477,0568000,LOUISVILLE METRO POLICE DEPT,Accepted,JEFFERSON,I 0065,,I65 N,,,,,,,,,38.215824068,-85.752208208,133.160,8/25/2019 12:00:00 AM,2132,2,2,0,0,CLEAR,DRY,True,SIDESWIPE COLLISION - SAME DIRECTION,SIDESWIPE-SAME DIRECTION,STRAIGHT & LEVEL,DARK-HWY LIGHTED/ON,,,8/30/2019 8:41:33 AM,False,5196,Accepted,
25547137,0568000,LOUISVILLE METRO POLICE DEPT,Accepted,JEFFERSON,US0031E,6700,BARDSTOWN,RD,,,,,,,,38.149791919,-85.587204152,5.550,8/25/2019 12:00:00 AM,1355,2,2,0,0,CLOUDY,DRY,False,REAR END IN TRAFFIC LANES BOTH VEHICLES MOVING,REAR END,STRAIGHT & LEVEL,DAYLIGHT,,,8/26/2019 9:11:44 AM,False,7255,Accepted,
25547502,0568000,LOUISVILLE METRO POLICE DEPT,Accepted,JEFFERSON,,,BECKLEY CREEK,PKWY,,,,,,,,38.229259284,-85.467113984,0.689,8/25/2019 12:00:00 AM,1327,2,2,0,0,CLEAR,DRY,True,HEAD-ON COLLISION,HEAD ON,CURVE & GRADE,DAYLIGHT,,,8/26/2019 9:44:02 AM,False,7858,Accepted,
25547319,0568000,LOUISVILLE METRO POLICE DEPT,Accepted,JEFFERSON,,3530,GREENWOOD,AVE,,,,,,,,38.243376032,-85.812341488,1.478,8/25/2019 12:00:00 AM,2253,3,3,0,1,CLEAR,DRY,False,1 VEHICLE PARKED POSITION (NOT PARKING LOT/DRIVEWAY),SIDESWIPE-SAME DIRECTION,STRAIGHT & LEVEL,DUSK,,,8/26/2019 9:20:16 AM,False,7309,Accepted,
25547277,0568000,LOUISVILLE METRO POLICE DEPT,Accepted,JEFFERSON,,3770,STANTON,BLVD,,,,,ALLISON,,DEIBEL,38.217103494,-85.634026467,1.012,8/25/2019 12:00:00 AM,1355,2,2,0,0,CLEAR,DRY,True,1 VEHICLE PARKED POSITION (NOT PARKING LOT/DRIVEWAY),SIDESWIPE-SAME DIRECTION,STRAIGHT & LEVEL,DARK (UNKNOWN ROADWAY LIGHTING),,,8/26/2019 9:18:21 AM,False,7482,Accepted,
25547117,0568000,LOUISVILLE METRO POLICE DEPT,Accepted,JEFFERSON,,,SPRING,ST,S,,,,LOCUST,,PAYNE,38.252498579,-85.719662094,,8/25/2019 12:00:00 AM,1132,2,2,0,0,CLEAR,DRY,False,1 VEHICLE PARKED POSITION (NOT PARKING LOT/DRIVEWAY),HEAD ON,STRAIGHT & LEVEL,DAYLIGHT,,,8/26/2019 9:07:04 AM,False,7129,Accepted,
25628151,0568000,LOUISVILLE METRO POLICE DEPT,Accepted,JEFFERSON,,3311,MARKET,ST,W,,,,,,,38.260784992,-85.806015028,1.074,8/25/2019 12:00:00 AM,0432,2,2,0,0,CLEAR,DRY,False,1 VEHICLE PARKED POSITION (NOT PARKING LOT/DRIVEWAY),ANGLE,STRAIGHT & LEVEL,DARK-HWY LIGHTED/ON,,,9/12/2019 8:41:35 AM,False,5164,Accepted,
25547112,0568000,LOUISVILLE METRO POLICE DEPT,Accepted,JEFFERSON,,106,HARLAN,AVE,,,,,,,,38.201460602,-85.760528364,0.218,8/25/2019 12:00:00 AM,1058,2,2,0,0,CLEAR,DRY,True,1 VEHICLE PARKED POSITION (NOT PARKING LOT/DRIVEWAY),BACKING,STRAIGHT & LEVEL,UNKNOWN,,,8/26/2019 9:05:49 AM,False,7872,Accepted,
25547305,0568000,LOUISVILLE METRO POLICE DEPT,Accepted,JEFFERSON,,3512,YOUNG,AVE,,,,,,,,38.230482526,-85.813993926,0.429,8/25/2019 12:00:00 AM,2000,2,2,0,0,CLEAR,DRY,True,1 VEHICLE PARKED POSITION (NOT PARKING LOT/DRIVEWAY),SIDESWIPE-SAME DIRECTION,STRAIGHT & LEVEL,DAYLIGHT,,,8/26/2019 9:19:49 AM,False,5256,Accepted,
25547273,0568000,LOUISVILLE METRO POLICE DEPT,Accepted,JEFFERSON,,2229,VALLEY VISTA,RD,,,,,,,,38.220432646,-85.700125703,0.068,8/25/2019 12:00:00 AM,0844,2,2,0,0,CLEAR,DRY,True,1 VEHICLE PARKED POSITION (NOT PARKING LOT/DRIVEWAY),SIDESWIPE-SAME DIRECTION,STRAIGHT & HILLCREST,DAYLIGHT,,,8/26/2019 9:18:12 AM,False,7960,Accepted,
25547324,0568000,LOUISVILLE METRO POLICE DEPT,Accepted,JEFFERSON,,200B,SOUTHLAND,BLVD,W,,,,,,,38.171163333,-85.764923387,0.071,8/25/2019 12:00:00 AM,2027,2,2,0,0,CLOUDY,DRY,True,1 VEHICLE PARKED POSITION (NOT PARKING LOT/DRIVEWAY),ANGLE,STRAIGHT & LEVEL,DARK-HWY LIGHTED/ON,,,8/26/2019 9:20:34 AM,False,7010,Accepted,
25547476,0568000,LOUISVILLE METRO POLICE DEPT,Accepted,JEFFERSON,,,BECKLEY CREEK,PKWY,,,,,,,,38.229324191,-85.467111613,0.683,8/25/2019 12:00:00 AM,1327,1,1,0,1,CLEAR,DRY,False,OCCUPANT FELL FROM MOVING VEHICLE,SINGLE VEHICLE,CURVE & GRADE,DAYLIGHT,,,8/26/2019 9:42:26 AM,False,7858,Accepted,
25547139,0568000,LOUISVILLE METRO POLICE DEPT,Accepted,JEFFERSON,US0031W,,DIXIE,HWY,,,KERRICK,,,,,38.153203866,-85.835710247,12.261,8/25/2019 12:00:00 AM,1426,2,2,0,0,CLEAR,DRY,False,OTHER INTERSECTION COLLISIONS,REAR END,STRAIGHT & LEVEL,DAYLIGHT,,,8/26/2019 9:12:10 AM,False,7267,Accepted,
25547223,0568000,LOUISVILLE METRO POLICE DEPT,Accepted,JEFFERSON,KY0907,,SOUTHSIDE,DR,,,LILLIAN,,,,,38.147590997,-85.773496173,6.471,8/25/2019 12:00:00 AM,1625,3,3,0,0,CLEAR,DRY,False,OTHER INTERSECTION COLLISIONS,REAR TO REAR,STRAIGHT & LEVEL,DAYLIGHT,,,8/26/2019 9:15:14 AM,False,7080,Accepted,
25547097,0568000,LOUISVILLE METRO POLICE DEPT,Accepted,JEFFERSON,,,CENTRAL,AVE,,KY1631,CRITTENDEN,,,,,38.202939947,-85.750748954,0.002,8/25/2019 12:00:00 AM,0423,2,2,0,0,CLEAR,DRY,False,OTHER INTERSECTION COLLISIONS,REAR END,STRAIGHT & LEVEL,DARK-HWY LIGHTED/ON,,,8/26/2019 9:03:08 AM,False,7010,Accepted,
25547297,0568000,LOUISVILLE METRO POLICE DEPT,Accepted,JEFFERSON,US0031W,,DIXIE,HWY,,,PAGES,,,,,38.130449720,-85.847722084,10.483,8/25/2019 12:00:00 AM,1911,2,2,0,0,CLOUDY,DRY,False,OTHER INTERSECTION COLLISIONS,REAR END,STRAIGHT & LEVEL,DAYLIGHT,,,8/26/2019 9:19:27 AM,False,5103,Accepted,
25628162,0568000,LOUISVILLE METRO POLICE DEPT,Accepted,JEFFERSON,KY3064,,NORTHWESTERN,PKWY,,,35TH,,,,,38.274692450,-85.804563690,1.305,8/25/2019 12:00:00 AM,1426,2,2,0,1,CLEAR,DRY,False,SIDESWIPE-SAME DIRECTION,SIDESWIPE-SAME DIRECTION,STRAIGHT & LEVEL,DAYLIGHT,,,9/12/2019 8:44:53 AM,False,7405,Accepted,
25547330,0568000,LOUISVILLE METRO POLICE DEPT,Accepted,JEFFERSON,I 0264,,I264 W,,,I 0065,I65 N,,,,,38.190102061,-85.734551480,11.819,8/25/2019 12:00:00 AM,0049,2,2,0,0,CLEAR,DRY,True,SIDESWIPE-SAME DIRECTION,SIDESWIPE-SAME DIRECTION,STRAIGHT & LEVEL,DARK-HWY LIGHTED/ON,,,8/26/2019 9:21:04 AM,False,7040,Accepted,
25547119,0568000,LOUISVILLE METRO POLICE DEPT,Accepted,JEFFERSON,,,3RD,ST,S,KY2801,SOUTHERN HEIGHTS,,,,,38.189167823,-85.764867920,0.788,8/25/2019 12:00:00 AM,1235,2,2,0,0,CLEAR,DRY,False,OTHER INTERSECTION COLLISIONS,REAR END,STRAIGHT & LEVEL,DAYLIGHT,,,8/26/2019 9:07:20 AM,False,7488,Accepted,
25547135,0568000,LOUISVILLE METRO POLICE DEPT,Accepted,JEFFERSON,,,HUNSINGER,LN,,,PAMELA,,,,,38.216829507,-85.623673784,0.231,8/25/2019 12:00:00 AM,1416,2,2,0,1,CLEAR,DRY,False,OTHER INTERSECTION COLLISIONS,REAR END,STRAIGHT & LEVEL,DAYLIGHT,,,8/26/2019 9:11:14 AM,False,7448,Accepted,
25547126,0568000,LOUISVILLE METRO POLICE DEPT,Accepted,JEFFERSON,KY0061,,PRESTON,HWY,,,OKOLONA,,,,,38.136998780,-85.685794562,3.847,8/25/2019 12:00:00 AM,1427,2,2,0,0,CLEAR,DRY,False,OTHER INTERSECTION COLLISIONS,REAR END,STRAIGHT & LEVEL,DAYLIGHT,,,8/26/2019 9:09:32 AM,False,7269,Accepted,
25547211,0568000,LOUISVILLE METRO POLICE DEPT,Accepted,JEFFERSON,US0031W,,DIXIE,HWY,,,LOWER HUNTERS,,,,,38.156175880,-85.834650040,12.436,8/25/2019 12:00:00 AM,1028,2,2,0,0,CLEAR,DRY,True,OTHER INTERSECTION COLLISIONS,REAR END,STRAIGHT & LEVEL,DAYLIGHT,,,8/26/2019 9:13:24 AM,False,7073,Accepted,
25585973,0568000,LOUISVILLE METRO POLICE DEPT,Accepted,JEFFERSON,KY1931,,MANSLICK,RD,,,STEPHAN,,,,,38.168210432,-85.797205546,6.439,8/25/2019 12:00:00 AM,1326,3,3,0,0,CLOUDY,DRY,False,OTHER INTERSECTION COLLISIONS,REAR END,STRAIGHT & LEVEL,DAYLIGHT,,,9/3/2019 11:32:20 AM,False,7073,Accepted,
25649400,0568000,LOUISVILLE METRO POLICE DEPT,Accepted,JEFFERSON,,,GREENWOOD,AVE,,,28TH,,,,,38.242177151,-85.798148153,0.702,8/25/2019 12:00:00 AM,0208,2,2,0,0,CLEAR,DRY,False,SIDESWIPE-SAME DIRECTION,SIDESWIPE-SAME DIRECTION,STRAIGHT & LEVEL,DARK-HWY LIGHTED/ON,,,9/17/2019 8:48:40 AM,False,5190,Accepted,
25547270,0568000,LOUISVILLE METRO POLICE DEPT,Accepted,JEFFERSON,KY1020,,2ND,ST,S,,LIBERTY,,,,,38.252629865,-85.753852169,12.576,8/25/2019 12:00:00 AM,1734,2,2,0,0,CLOUDY,DRY,False,SIDESWIPE-SAME DIRECTION,SIDESWIPE-SAME DIRECTION,STRAIGHT & LEVEL,DAYLIGHT,,,8/26/2019 9:18:00 AM,False,5187,Accepted,
25547293,0568000,LOUISVILLE METRO POLICE DEPT,Accepted,JEFFERSON,,,SAILOR,RD,,,DOCK,,,,,38.131294308,-85.592480756,0.177,8/25/2019 12:00:00 AM,1935,2,2,0,0,CLOUDY,DRY,False,VEHICLE BACKING IN INTERSECTION,BACKING,STRAIGHT & LEVEL,DUSK,,,8/26/2019 9:19:19 AM,False,6977,Accepted,
25547313,0568000,LOUISVILLE METRO POLICE DEPT,Accepted,JEFFERSON,,,FAIRGROUND,RD,,,FERN BROOK,,,,,38.165736804,-85.595210888,0.197,8/25/2019 12:00:00 AM,2221,2,2,0,0,CLOUDY,WET,False,OPPOSITE DIRECTION - BOTH VEHICLES GOING STRAIGHT AHEAD,SIDESWIPE-OPPOSITE DIRECTION,CURVE & LEVEL,DARK-HWY LIGHTED/ON,,,8/26/2019 9:20:06 AM,False,5116,Accepted,
25547263,0568000,LOUISVILLE METRO POLICE DEPT,Accepted,JEFFERSON,,,3RD,ST,S,,WOODLAWN,,,,,38.181572471,-85.766225341,1.318,8/25/2019 12:00:00 AM,1829,2,2,0,0,CLEAR,DRY,False,ANGLE COLLISION - OTHER,ANGLE,STRAIGHT & LEVEL,DAYLIGHT,,,8/26/2019 9:17:49 AM,False,7488,Accepted,
25654900,0568000,LOUISVILLE METRO POLICE DEPT,Accepted,JEFFERSON,US0060A,,EASTERN,PKWY,,,BURNETT,,,,,38.218853224,-85.735265337,5.067,8/25/2019 12:00:00 AM,2105,2,2,0,0,CLEAR,DRY,False,ANGLE COLLISION - OTHER,ANGLE,STRAIGHT & LEVEL,DARK (UNKNOWN ROADWAY LIGHTING),,,9/18/2019 8:59:54 AM,False,5050,Accepted,
25547252,0568000,LOUISVILLE METRO POLICE DEPT,Accepted,JEFFERSON,KY2051,,LEES,LN,,,IDLE HOUR,,,,,38.186036382,-85.859565312,2.258,8/25/2019 12:00:00 AM,1142,1,1,0,0,CLEAR,DRY,False,COLLISION WITH ANIMAL IN INTERSECTION,SINGLE VEHICLE,STRAIGHT & LEVEL,DAYLIGHT,,,8/26/2019 9:17:17 AM,False,5032,Accepted,
25547073,0568000,LOUISVILLE METRO POLICE DEPT,Accepted,JEFFERSON,US0060,,FRANKFORT,AVE,,,BLACKBURN,,,,,38.254344047,-85.675584506,2.444,8/25/2019 12:00:00 AM,0015,1,1,0,1,CLEAR,DRY,False,NON-COLLISION OBJECT COLLISION,SINGLE VEHICLE,STRAIGHT & LEVEL,DARK-HWY LIGHTED/ON,,,8/26/2019 8:59:56 AM,False,5240,Accepted,
25547091,0568000,LOUISVILLE METRO POLICE DEPT,Accepted,JEFFERSON,,,BARRET,AVE,,,KENTUCKY,,,,,38.236508804,-85.728263444,0.947,8/25/2019 12:00:00 AM,0319,2,2,0,0,CLEAR,DRY,False,ANGLE COLLISION - ONE VEHICLE TURNING LEFT,ANGLE,STRAIGHT & LEVEL,DARK-HWY LIGHTED/ON,,,8/26/2019 9:02:10 AM,False,7043,Accepted,
25547116,0568000,LOUISVILLE METRO POLICE DEPT,Accepted,JEFFERSON,US0031E,,BARDSTOWN,RD,,,BONNYCASTLE,,,,,38.230602219,-85.704426927,14.351,8/25/2019 12:00:00 AM,1129,2,2,0,0,CLEAR,DRY,False,ANGLE COLLISION - ONE VEHICLE TURNING LEFT,ANGLE,CURVE & LEVEL,DAYLIGHT,,,8/26/2019 9:06:36 AM,False,2230,Accepted,
25547125,0568000,LOUISVILLE METRO POLICE DEPT,Accepted,JEFFERSON,KY0864,,POPLAR LEVEL,RD,,,PRODUCE,,,,,38.179165660,-85.691944779,9.917,8/25/2019 12:00:00 AM,1312,2,2,0,0,CLEAR,DRY,False,ANGLE COLLISION - ONE VEHICLE TURNING LEFT,ANGLE,STRAIGHT & LEVEL,DAYLIGHT,,,8/26/2019 9:09:14 AM,False,2532,Accepted,
25547078,0568000,LOUISVILLE METRO POLICE DEPT,Accepted,JEFFERSON,US0060A,,EASTERN,PKWY,,KY1703,BAXTER,,,,,38.228836193,-85.715182907,6.449,8/25/2019 12:00:00 AM,0120,2,2,0,0,CLEAR,DRY,True,ANGLE COLLISION - ONE VEHICLE TURNING LEFT,ANGLE,STRAIGHT & LEVEL,DARK-HWY LIGHTED/ON,,,8/26/2019 9:00:25 AM,False,7048,Accepted,
25614134,0568000,LOUISVILLE METRO POLICE DEPT,Accepted,JEFFERSON,,,BROADWAY,,W,,35TH,,,,,38.250057909,-85.810091600,1.186,8/25/2019 12:00:00 AM,2058,2,1,0,0,CLEAR,DRY,False,ANGLE COLLISION - ONE VEHICLE TURNING LEFT,ANGLE,STRAIGHT & LEVEL,DARK-HWY LIGHTED/ON,,,9/9/2019 12:50:52 PM,False,5164,Accepted,
25547328,0568000,LOUISVILLE METRO POLICE DEPT,Accepted,JEFFERSON,,,COLLEGE,ST,E,,FLOYD,,,,,38.242741160,-85.750148149,0.116,8/24/2019 12:00:00 AM,0027,2,2,0,1,CLEAR,DRY,True,NON-COLLISION OBJECT COLLISION,ANGLE,STRAIGHT & LEVEL,DARK-HWY LIGHTED/ON,,,8/26/2019 9:20:43 AM,False,5196,Accepted,
25547040,0568000,LOUISVILLE METRO POLICE DEPT,Accepted,JEFFERSON,,,WENZEL,ST,S,US0031E,MARKET,,,,,38.252662399,-85.734012516,0.103,8/24/2019 12:00:00 AM,1733,3,3,0,0,CLEAR,DRY,False,COLLISION WITH PARKED VEHICLE,REAR END,STRAIGHT & LEVEL,DAYLIGHT,,,8/26/2019 8:56:21 AM,False,5187,Accepted,
25547225,0568000,LOUISVILLE METRO POLICE DEPT,Accepted,JEFFERSON,,,INDIAN,TRL,E,,EXETER,,,,,38.181767694,-85.670452053,2.276,8/24/2019 12:00:00 AM,1238,2,1,0,1,CLEAR,DRY,False,COLLISION WITH PEDESTRIAN IN INTERSECTION,SINGLE VEHICLE,STRAIGHT & LEVEL,DAYLIGHT,,,8/26/2019 9:15:54 AM,False,5027,Accepted,
25547001,0568000,LOUISVILLE METRO POLICE DEPT,Accepted,JEFFERSON,US0060A,,EASTERN,PKWY,,KY0864,GOSS,,,,,38.224118856,-85.730213478,5.521,8/24/2019 12:00:00 AM,0223,2,2,0,0,CLEAR,DRY,False,ANGLE COLLISION - OTHER,ANGLE,STRAIGHT & LEVEL,DARK-HWY LIGHTED/ON,,,8/26/2019 8:50:38 AM,False,5196,Accepted,
25547033,0568000,LOUISVILLE METRO POLICE DEPT,Accepted,JEFFERSON,KY1020,,2ND,ST,S,,LIBERTY,,,,,38.252740602,-85.754138475,12.653,8/24/2019 12:00:00 AM,1512,2,2,0,0,CLEAR,DRY,False,ANGLE COLLISION - OTHER,ANGLE,STRAIGHT & LEVEL,DAYLIGHT,,,8/26/2019 8:55:14 AM,False,5168,Accepted,
25547031,0568000,LOUISVILLE METRO POLICE DEPT,Accepted,JEFFERSON,,,GARLAND,AVE,,,41ST,,,,,38.246795481,-85.819633242,2.830,8/24/2019 12:00:00 AM,1450,2,2,0,0,CLEAR,DRY,True,ANGLE COLLISION - OTHER,ANGLE,STRAIGHT & LEVEL,DAYLIGHT,,,8/26/2019 8:54:54 AM,False,7458,Accepted,
25547038,0568000,LOUISVILLE METRO POLICE DEPT,Accepted,JEFFERSON,,,CYPRESS,ST,,,GAULBERT,,,,,38.229127355,-85.798783298,0.602,8/24/2019 12:00:00 AM,1715,2,2,0,1,CLEAR,DRY,False,ANGLE COLLISION - OTHER,ANGLE,STRAIGHT & LEVEL,DAYLIGHT,,,8/26/2019 8:55:54 AM,False,2569,Accepted,
25547039,0568000,LOUISVILLE METRO POLICE DEPT,Accepted,JEFFERSON,KY1230,,CANE RUN,RD,,KY1931,GREENWOOD,,,,,38.147538306,-85.896218578,4.827,8/24/2019 12:00:00 AM,1646,2,2,0,0,CLEAR,DRY,False,ANGLE COLLISION - OTHER,ANGLE,STRAIGHT & LEVEL,DAYLIGHT,,,8/26/2019 8:56:10 AM,False,7144,Accepted,
25547085,0568000,LOUISVILLE METRO POLICE DEPT,Accepted,JEFFERSON,,,WINCHESTER,RD,,,IOLA,,,,,38.240056633,-85.655336812,0.358,8/24/2019 12:00:00 AM,2213,2,2,0,3,CLEAR,DRY,False,ANGLE COLLISION - OTHER,ANGLE,STRAIGHT & LEVEL,DARK-HWY LIGHTED/ON,,,8/26/2019 9:01:15 AM,False,5171,Accepted,
25547059,0568000,LOUISVILLE METRO POLICE DEPT,Accepted,JEFFERSON,,,HUNTSMAN,TRL,,,STONE BROOK,,,,,38.139857009,-85.609132449,0.244,8/24/2019 12:00:00 AM,1923,2,2,0,0,CLEAR,DRY,False,ANGLE COLLISION - OTHER,ANGLE,STRAIGHT & LEVEL,DAWN,,,8/26/2019 8:59:17 AM,False,5116,Accepted,
25547069,0568000,LOUISVILLE METRO POLICE DEPT,Accepted,JEFFERSON,,,28TH,ST,S,,BROADWAY,,,,,38.249566429,-85.798275475,0.798,8/24/2019 12:00:00 AM,0133,3,3,0,0,CLOUDY,DRY,False,ANGLE COLLISION - OTHER,ANGLE,STRAIGHT & LEVEL,DARK-HWY LIGHTED/ON,,,8/26/2019 8:59:43 AM,False,7253,Accepted,
25547043,0568000,LOUISVILLE METRO POLICE DEPT,Accepted,JEFFERSON,,,ETHAN ALLEN,WAY,,,BESSELS,,,,,38.064166986,-85.898518271,0.432,8/24/2019 12:00:00 AM,1530,2,2,0,0,CLEAR,DRY,True,ANGLE COLLISION - OTHER,ANGLE,STRAIGHT & LEVEL,DAYLIGHT,,,8/26/2019 8:57:06 AM,False,7339,Accepted,
25596829,0568000,LOUISVILLE METRO POLICE DEPT,Accepted,JEFFERSON,KY0061,,PRESTON,HWY,,,TRIO,,,,,38.129899969,-85.682049896,3.323,8/24/2019 12:00:00 AM,2123,3,3,0,1,CLEAR,DRY,False,ANGLE COLLISION - OTHER,ANGLE,STRAIGHT & LEVEL,DARK-HWY NOT LIGHTED,,,9/5/2019 8:56:54 AM,False,7423,Accepted,
25547044,0568000,LOUISVILLE METRO POLICE DEPT,Accepted,JEFFERSON,,,KFEC GATE4 DR,,,KY1631,CRITTENDEN,,,,,38.203049984,-85.750490369,0.018,8/24/2019 12:00:00 AM,1343,2,2,0,0,CLEAR,DRY,False,VEHICLE BACKING IN INTERSECTION,BACKING,STRAIGHT & LEVEL,DAYLIGHT,,,8/26/2019 8:57:15 AM,False,7398,Accepted,
25547023,0568000,LOUISVILLE METRO POLICE DEPT,Accepted,JEFFERSON,,,BRENTLINGER,LN,,US0031E,BARDSTOWN,,,,,38.134143805,-85.579602696,,8/24/2019 12:00:00 AM,1212,2,2,0,0,CLEAR,DRY,False,REAR END - ONE VEHICLE TURNING RIGHT,REAR END,STRAIGHT & LEVEL,DAYLIGHT,,,8/26/2019 8:54:06 AM,False,7278,Accepted,
25547504,0568000,LOUISVILLE METRO POLICE DEPT,Accepted,JEFFERSON,KY1447,,WESTPORT,RD,,,GOOSE CREEK,,,,,38.286043017,-85.577423926,4.947,8/24/2019 12:00:00 AM,1232,2,2,0,0,CLEAR,DRY,False,SIDESWIPE-SAME DIRECTION,SIDESWIPE-SAME DIRECTION,CURVE & GRADE,DAYLIGHT,,,8/26/2019 9:44:18 AM,False,7858,Accepted,
25547076,0568000,LOUISVILLE METRO POLICE DEPT,Accepted,JEFFERSON,,,CHEROKEE,RD,,US0031E,BAXTER,,,,,38.243698343,-85.726960443,0.002,8/24/2019 12:00:00 AM,2320,2,2,0,0,CLEAR,DRY,True,OTHER INTERSECTION COLLISIONS,REAR END,STRAIGHT & LEVEL,DARK-HWY LIGHTED/ON,,,8/26/2019 9:00:04 AM,False,7049,Accepted,
25547041,0568000,LOUISVILLE METRO POLICE DEPT,Accepted,JEFFERSON,,,INDIAN,TRL,E,KY0864,POPLAR LEVEL,,,,,38.171608069,-85.684871877,1.207,8/24/2019 12:00:00 AM,1153,2,2,0,0,RAINING,WET,False,OTHER INTERSECTION COLLISIONS,REAR END,STRAIGHT & LEVEL,DAYLIGHT,,,8/26/2019 8:56:55 AM,False,5027,Accepted,
25547084,0568000,LOUISVILLE METRO POLICE DEPT,Accepted,JEFFERSON,US0031W,,DIXIE,HWY,,,MARYMAN,,,,,38.132717097,-85.846284710,10.726,8/24/2019 12:00:00 AM,2339,2,2,0,0,CLEAR,DRY,False,OTHER INTERSECTION COLLISIONS,REAR END,STRAIGHT & LEVEL,DARK-HWY LIGHTED/ON,,,8/26/2019 9:01:03 AM,False,5211,Accepted,
25547081,0568000,LOUISVILLE METRO POLICE DEPT,Accepted,JEFFERSON,KY0155,,TAYLORSVILLE,RD,,,CARSON,,,,,38.222469457,-85.662216301,15.313,8/24/2019 12:00:00 AM,2155,2,2,0,0,CLOUDY,DRY,False,SIDESWIPE-SAME DIRECTION,SIDESWIPE-SAME DIRECTION,STRAIGHT & LEVEL,DARK-HWY LIGHTED/ON,,,8/26/2019 9:00:36 AM,False,7916,Accepted,
25718977,0568000,LOUISVILLE METRO POLICE DEPT,Accepted,JEFFERSON,US0042,,STORY,AVE,,,JOHNSON,,,,,38.254608982,-85.731148867,0.087,8/24/2019 12:00:00 AM,1539,2,2,0,1,CLEAR,DRY,False,SIDESWIPE-SAME DIRECTION,SIDESWIPE-SAME DIRECTION,STRAIGHT & LEVEL,DAYLIGHT,,,10/2/2019 8:46:01 AM,False,2142,Accepted,