IncidentID,AgencyORI,AgencyName,IncidentStatusDesc,County,RdwyNumber,Street,RoadwayName,StreetSfx,StreetDir,IntersectionRdwy,IntersectionRdwyName,BetweenStRdwy1,BetweenStRdwyName1,BetweenStRdwy2,BetweenStRdwyName2,Latitude,Longitude,Milepoint,CollisionDate,CollisionTime,UnitsInvolved,MotorVehiclesInvolved,NumberKilled,NumberInjured,Weather,RdwyConditionCode,HitandRun,DirAnalysisCode,MannerofCollision,RdwyCharacter,LightCondition,RampFromRdwyId,RampToRdwyId,AcceptedDate,IsSecondaryCollision,OwnerBadge,IncidentStatus,
25569475,0568000,LOUISVILLE METRO POLICE DEPT,Accepted,JEFFERSON,,123,NORTHWESTERN,PKWY,,,JEWELL,,,,,38.268399789,-85.823884311,2.671,8/24/2019 12:00:00 AM,2308,2,2,0,0,CLEAR,DRY,False,SIDESWIPE-SAME DIRECTION,SIDESWIPE-SAME DIRECTION,STRAIGHT & LEVEL,DARK (UNKNOWN ROADWAY LIGHTING),,,8/30/2019 8:41:17 AM,False,5160,Accepted,
25547005,0568000,LOUISVILLE METRO POLICE DEPT,Accepted,JEFFERSON,,,BOXLEY,AVE,,KY1631,CRITTENDEN,,,,,38.205363352,-85.750812929,,8/24/2019 12:00:00 AM,0624,2,2,0,0,CLEAR,DRY,False,SIDESWIPE-SAME DIRECTION,SIDESWIPE-SAME DIRECTION,STRAIGHT & LEVEL,DAWN,,,8/26/2019 8:50:58 AM,False,7872,Accepted,
25547037,0568000,LOUISVILLE METRO POLICE DEPT,Accepted,JEFFERSON,,,BRECKINRIDGE,ST,W,KY1020,2ND,,,,,38.241554037,-85.755794729,0.089,8/24/2019 12:00:00 AM,1554,2,2,0,0,CLEAR,DRY,False,SIDESWIPE-SAME DIRECTION,SIDESWIPE-SAME DIRECTION,STRAIGHT & LEVEL,DAYLIGHT,,,8/26/2019 8:55:44 AM,False,7391,Accepted,
25547107,0568000,LOUISVILLE METRO POLICE DEPT,Accepted,JEFFERSON,KY2056,,BELLS,LN,,,39TH,,,,,38.222493951,-85.821638727,1.077,8/24/2019 12:00:00 AM,1905,2,2,0,0,CLEAR,DRY,False,SIDESWIPE-SAME DIRECTION,SIDESWIPE-SAME DIRECTION,STRAIGHT & LEVEL,DAYLIGHT,,,8/26/2019 9:04:34 AM,False,7656,Accepted,
25549513,0568000,LOUISVILLE METRO POLICE DEPT,Accepted,JEFFERSON,,,GOLDSMITH,LN,,,PEABODY,,,,,38.204099988,-85.677064444,0.524,8/24/2019 12:00:00 AM,1600,3,3,0,0,CLEAR,DRY,True,OTHER INTERSECTION COLLISIONS,REAR END,STRAIGHT & LEVEL,DAYLIGHT,,,8/26/2019 2:57:53 PM,False,7938,Accepted,
25547257,0568000,LOUISVILLE METRO POLICE DEPT,Accepted,JEFFERSON,KY1747,,HURSTBOURNE,PKWY,S,US0031E,BARDSTOWN,,,,,38.168650441,-85.605293344,7.502,8/24/2019 12:00:00 AM,1050,2,2,0,0,CLEAR,DRY,False,OTHER INTERSECTION COLLISIONS,REAR END,STRAIGHT & LEVEL,DAYLIGHT,,,8/26/2019 9:17:37 AM,False,6494,Accepted,
25547140,0568000,LOUISVILLE METRO POLICE DEPT,Accepted,JEFFERSON,US0031W,,DIXIE,HWY,,,ST PAULS CHURCH,,,,,38.150396064,-85.836946371,12.097,8/24/2019 12:00:00 AM,1359,3,3,0,0,CLEAR,DRY,True,OTHER INTERSECTION COLLISIONS,REAR END,STRAIGHT & LEVEL,DAYLIGHT,,,8/26/2019 9:12:38 AM,False,7267,Accepted,
25547088,0568000,LOUISVILLE METRO POLICE DEPT,Accepted,JEFFERSON,KY0061,,PRESTON,HWY,,,GRADE,,,,,38.180199113,-85.718567511,7.362,8/24/2019 12:00:00 AM,1805,2,2,0,0,CLEAR,DRY,False,OTHER INTERSECTION COLLISIONS,REAR END,STRAIGHT & LEVEL,DAYLIGHT,,,8/26/2019 9:01:42 AM,False,5053,Accepted,
25546997,0568000,LOUISVILLE METRO POLICE DEPT,Accepted,JEFFERSON,,,13TH,ST,S,,DUMESNIL,,,,,38.235232283,-85.775490014,1.177,8/24/2019 12:00:00 AM,0415,1,1,0,0,CLEAR,DRY,True,OTHER INTERSECTION COLLISIONS,SINGLE VEHICLE,STRAIGHT & LEVEL,DARK-HWY LIGHTED/ON,,,8/26/2019 8:50:15 AM,False,7476,Accepted,
25546995,0568000,LOUISVILLE METRO POLICE DEPT,Accepted,JEFFERSON,US0031E,,BARDSTOWN,RD,,KY2860,GRINSTEAD,,,,,38.238417582,-85.721075951,15.418,8/24/2019 12:00:00 AM,0413,2,2,0,0,CLEAR,DRY,True,OTHER INTERSECTION COLLISIONS,REAR END,STRAIGHT & LEVEL,DARK-HWY LIGHTED/ON,,,8/26/2019 8:49:52 AM,False,7049,Accepted,
25547237,0568000,LOUISVILLE METRO POLICE DEPT,Accepted,JEFFERSON,,4012,SUNFLOWER,AVE,,,,,,,,38.195882835,-85.833938483,0.116,8/24/2019 12:00:00 AM,1515,2,1,0,1,,,True,COLLISION WITH PEDESTRIAN NON - INTERSECTION,SINGLE VEHICLE,STRAIGHT & LEVEL,,,,8/26/2019 9:16:42 AM,False,7381,Accepted,
25547032,0568000,LOUISVILLE METRO POLICE DEPT,Accepted,JEFFERSON,,1731,EDENSIDE,AVE,,,,,,,,38.232239491,-85.711575144,0.059,8/24/2019 12:00:00 AM,1321,2,2,0,0,CLEAR,DRY,True,1 VEHICLE PARKED POSITION (NOT PARKING LOT/DRIVEWAY),SIDESWIPE-SAME DIRECTION,STRAIGHT & LEVEL,DAYLIGHT,,,8/26/2019 8:55:04 AM,False,7034,Accepted,
25552478,0568000,LOUISVILLE METRO POLICE DEPT,Accepted,JEFFERSON,,,ROANOKE,AVE,,,,,FERNWOOD,,ROSEDALE,38.225694114,-85.703804121,0.253,8/24/2019 12:00:00 AM,2130,2,2,0,0,CLEAR,DRY,True,1 VEHICLE PARKED POSITION (NOT PARKING LOT/DRIVEWAY),SIDESWIPE-SAME DIRECTION,STRAIGHT & LEVEL,DARK-HWY LIGHTED/ON,,,8/27/2019 8:24:24 AM,False,2100,Accepted,
25547094,0568000,LOUISVILLE METRO POLICE DEPT,Accepted,JEFFERSON,,2004,BARINGER,AVE,,,,,,,,38.232810233,-85.710713337,0.002,8/24/2019 12:00:00 AM,2300,2,2,0,0,CLEAR,DRY,True,1 VEHICLE PARKED POSITION (NOT PARKING LOT/DRIVEWAY),REAR END,STRAIGHT & LEVEL,DARK-HWY LIGHTED/ON,,,8/26/2019 9:02:47 AM,False,7043,Accepted,
25547102,0568000,LOUISVILLE METRO POLICE DEPT,Accepted,JEFFERSON,,,ROSEDALE,BLVD,,,,,RADIANCE,,KINGS,38.216033079,-85.648739012,0.157,8/24/2019 12:00:00 AM,1628,2,2,0,0,CLEAR,DRY,False,1 VEHICLE PARKED POSITION (NOT PARKING LOT/DRIVEWAY),BACKING,STRAIGHT & LEVEL,DAYLIGHT,,,8/26/2019 9:03:59 AM,False,7482,Accepted,
25850781,0568000,LOUISVILLE METRO POLICE DEPT,Accepted,JEFFERSON,KY1142,,PALATKA,RD,,,,,MANSLICK,,BRUCE,38.152221072,-85.786478815,0.881,8/24/2019 12:00:00 AM,0700,1,1,0,1,CLEAR,DRY,False,COLLISION WITH FIXED OBJECT NON - INTERSECTION - FIRST EVENT COLLISION 09 - 32 EXCLUDING 16,SINGLE VEHICLE,STRAIGHT & GRADE,DAYLIGHT,,,10/29/2019 8:15:35 AM,False,2721,Accepted,
26204858,0568000,LOUISVILLE METRO POLICE DEPT,Accepted,JEFFERSON,KY0155,4310,TAYLORSVILLE,RD,,,,,,,,38.219123935,-85.611483174,12.550,8/24/2019 12:00:00 AM,1511,1,1,1,0,CLEAR,DRY,False,COLLISION WITH FIXED OBJECT NON - INTERSECTION - FIRST EVENT COLLISION 09 - 32 EXCLUDING 16,SINGLE VEHICLE,STRAIGHT & LEVEL,DAYLIGHT,,,1/17/2020 8:22:53 AM,False,2142,Accepted,
25547087,0568000,LOUISVILLE METRO POLICE DEPT,Accepted,JEFFERSON,,4001,INDIAN,TRL,E,,,,LODEMA,KY0864,POPLAR LEVEL,38.171405034,-85.685417468,1.174,8/24/2019 12:00:00 AM,0126,2,2,0,1,CLEAR,DRY,False,HEAD-ON COLLISION,HEAD ON,STRAIGHT & LEVEL,DARK (UNKNOWN ROADWAY LIGHTING),,,8/26/2019 9:01:35 AM,False,5053,Accepted,
25563407,0568000,LOUISVILLE METRO POLICE DEPT,Accepted,JEFFERSON,I 0064,,I64 W,,,,,,,,,38.236197802,-85.617380003,12.599,8/24/2019 12:00:00 AM,1136,3,3,0,0,CLEAR,DRY,False,REAR END IN TRAFFIC LANES BOTH VEHICLES MOVING,REAR END,STRAIGHT & LEVEL,DAYLIGHT,,,8/29/2019 8:34:19 AM,False,2142,Accepted,
25547052,0568000,LOUISVILLE METRO POLICE DEPT,Accepted,JEFFERSON,I 0064,,I64 W,,,,,I 0064,I64 TURN AROUND7,I 0064,I64 W EXIT7 OFF RAMP TO  MELLWOOD AVE,38.252062064,-85.717351596,6.823,8/24/2019 12:00:00 AM,1916,1,1,0,0,CLEAR,DRY,False,OTHER COLLISIONS ON SHOULDER,SINGLE VEHICLE,CURVE & LEVEL,DAYLIGHT,,,8/26/2019 8:58:32 AM,False,7316,Accepted,
25557714,0568000,LOUISVILLE METRO POLICE DEPT,Accepted,JEFFERSON,KY0061,,PRESTON,HWY,,,,I 0065,I264 E EXIT12 ON RAMP FROM KY61,I 0065,I264 W EXIT12 OFF RAMP TO,38.191260144,-85.727406421,8.272,8/24/2019 12:00:00 AM,1719,2,2,0,0,CLEAR,DRY,False,SIDESWIPE COLLISION - SAME DIRECTION,SIDESWIPE-SAME DIRECTION,STRAIGHT & LEVEL,DAYLIGHT,,,8/28/2019 8:27:04 AM,False,7938,Accepted,
25549512,0568000,LOUISVILLE METRO POLICE DEPT,Accepted,JEFFERSON,KY0061,,PRESTON,HWY,,,,,,,,38.199381899,-85.732730762,8.902,8/24/2019 12:00:00 AM,1112,2,2,0,0,CLEAR,DRY,False,SIDESWIPE COLLISION - SAME DIRECTION,SIDESWIPE-SAME DIRECTION,STRAIGHT & LEVEL,DAYLIGHT,,,8/26/2019 2:57:50 PM,False,8278,Accepted,
25547026,0568000,LOUISVILLE METRO POLICE DEPT,Accepted,JEFFERSON,,,RIVER,RD,,,,,,,,38.261745029,-85.736267242,0.616,8/24/2019 12:00:00 AM,1310,2,2,0,0,CLEAR,DRY,False,1 VEHICLE ENTERING/LEAVING ENTRANCE,ANGLE,STRAIGHT & LEVEL,DAYLIGHT,,,8/26/2019 8:54:19 AM,False,2855,Accepted,
25547022,0568000,LOUISVILLE METRO POLICE DEPT,Accepted,JEFFERSON,,,BARRET,AVE,,,,,KENTUCKY,,WINTER,38.236057826,-85.727899803,0.984,8/24/2019 12:00:00 AM,1239,2,2,0,0,CLEAR,DRY,False,1 VEHICLE ENTERING/LEAVING ENTRANCE,ANGLE,STRAIGHT & LEVEL,DAYLIGHT,,,8/26/2019 8:53:57 AM,False,2230,Accepted,
25547054,0568000,LOUISVILLE METRO POLICE DEPT,Accepted,JEFFERSON,KY0022,,BROWNSBORO,RD,,,,,,,,38.308290569,-85.573912694,4.002,8/24/2019 12:00:00 AM,1836,2,2,0,0,CLEAR,DRY,False,OTHER ROADWAY OR MID-BLOCK COLLISION,REAR END,STRAIGHT & LEVEL,DAYLIGHT,,,8/26/2019 8:58:52 AM,False,6830,Accepted,
25547098,0568000,LOUISVILLE METRO POLICE DEPT,Accepted,JEFFERSON,I 0064,,I64 E,,,,,I 0064,I64 E EXIT3 OFF RAMP TO US31W,I 0064,I64 E EXIT3 ON RAMP FROM US31W,38.269168730,-85.781933441,2.803,8/24/2019 12:00:00 AM,1726,1,1,0,1,CLEAR,DRY,False,OTHER ROADWAY OR MID-BLOCK COLLISION,SINGLE VEHICLE,STRAIGHT & LEVEL,DAYLIGHT,,,8/26/2019 9:03:14 AM,False,7805,Accepted,
25569399,0568000,LOUISVILLE METRO POLICE DEPT,Accepted,JEFFERSON,US0031,,CLARK MEMORIAL,BRG,,,,,,,,38.259941527,-85.752497895,0.259,8/24/2019 12:00:00 AM,1744,2,2,0,0,CLEAR,DRY,False,OTHER ROADWAY OR MID-BLOCK COLLISION,REAR END,STRAIGHT & GRADE,DAYLIGHT,,,8/30/2019 8:32:13 AM,False,7386,Accepted,
25547035,0568000,LOUISVILLE METRO POLICE DEPT,Accepted,JEFFERSON,KY1065,,OUTER,LOOP,,,,KY1865,NEW CUT,,ALS,38.126387969,-85.776091130,1.030,8/24/2019 12:00:00 AM,1352,2,2,0,0,CLEAR,DRY,False,OTHER ROADWAY OR MID-BLOCK COLLISION,OPPOSING LEFT TURN,STRAIGHT & LEVEL,DAYLIGHT,,,8/26/2019 8:55:32 AM,False,7202,Accepted,
25547501,0568000,LOUISVILLE METRO POLICE DEPT,Accepted,JEFFERSON,KY1447,,WESTPORT,RD,,,,,,,,38.297767069,-85.547286640,6.734,8/24/2019 12:00:00 AM,1620,3,3,0,0,CLEAR,DRY,False,OTHER ROADWAY OR MID-BLOCK COLLISION,REAR END,STRAIGHT & LEVEL,DAYLIGHT,,,8/26/2019 9:43:53 AM,False,7858,Accepted,
25547101,0568000,LOUISVILLE METRO POLICE DEPT,Accepted,JEFFERSON,KY0155,,TAYLORSVILLE,RD,,,,,BROWNS,,MCMAHAN,38.219578310,-85.621923597,13.111,8/23/2019 12:00:00 AM,1528,2,2,0,0,CLEAR,WET,False,OTHER ROADWAY OR MID-BLOCK COLLISION,REAR END,STRAIGHT & LEVEL,DAYLIGHT,,,8/26/2019 9:03:49 AM,False,7482,Accepted,
25547017,0568000,LOUISVILLE METRO POLICE DEPT,Accepted,JEFFERSON,I 0064,,,,,,,,,,,38.257206624,-85.741417448,0.075,8/23/2019 12:00:00 AM,1453,1,1,0,0,CLOUDY,WET,False,OTHER ROADWAY OR MID-BLOCK COLLISION,SINGLE VEHICLE,CURVE & GRADE,DAYLIGHT,,,8/26/2019 8:53:00 AM,False,8278,Accepted,
25546892,0568000,LOUISVILLE METRO POLICE DEPT,Accepted,JEFFERSON,KY0155,,TAYLORSVILLE,RD,,,,,MCMAHAN,,HIKES,38.219555644,-85.621387210,13.083,8/23/2019 12:00:00 AM,1506,2,2,0,0,CLEAR,DRY,False,OTHER ROADWAY OR MID-BLOCK COLLISION,REAR END,STRAIGHT & LEVEL,DAYLIGHT,,,8/26/2019 8:43:55 AM,False,7448,Accepted,
25547007,0568000,LOUISVILLE METRO POLICE DEPT,Accepted,JEFFERSON,I 0065,,I65 N,,,,,,,,,38.187448126,-85.726683041,130.492,8/23/2019 12:00:00 AM,1312,1,1,0,0,RAINING,WATER (STANDING OR MOVING),False,OTHER ROADWAY OR MID-BLOCK COLLISION,SINGLE VEHICLE,STRAIGHT & GRADE,DAYLIGHT,,,8/26/2019 8:51:18 AM,False,7944,Accepted,
25546850,0568000,LOUISVILLE METRO POLICE DEPT,Accepted,JEFFERSON,I 0065,,I65 N,,,,,,,,,38.206281401,-85.744843574,132.190,8/23/2019 12:00:00 AM,0933,1,1,0,0,RAINING,WET,False,OTHER ROADWAY OR MID-BLOCK COLLISION,SINGLE VEHICLE,STRAIGHT & LEVEL,DAYLIGHT,,,8/26/2019 8:39:52 AM,False,4656,Accepted,
25547511,0568000,LOUISVILLE METRO POLICE DEPT,Accepted,JEFFERSON,KY1447,,WESTPORT,RD,,,,,,,,38.297602387,-85.547890057,6.699,8/23/2019 12:00:00 AM,1308,3,3,0,0,RAINING,WET,False,OTHER ROADWAY OR MID-BLOCK COLLISION,REAR END,STRAIGHT & LEVEL,DAYLIGHT,,,8/26/2019 9:45:11 AM,False,7858,Accepted,
25613325,0568000,LOUISVILLE METRO POLICE DEPT,Accepted,JEFFERSON,KY2054,,ALGONQUIN,PKWY,,,,,,,,38.222178027,-85.782821231,2.169,8/23/2019 12:00:00 AM,1630,2,2,0,2,CLOUDY,DRY,False,OTHER ROADWAY OR MID-BLOCK COLLISION,OPPOSING LEFT TURN,STRAIGHT & HILLCREST,DAYLIGHT,,,9/9/2019 10:36:33 AM,False,7326,Accepted,
25547505,0568000,LOUISVILLE METRO POLICE DEPT,Accepted,JEFFERSON,I 0265,,,,,,,,,,,38.300170796,-85.552401340,0.558,8/23/2019 12:00:00 AM,1130,2,2,0,0,CLOUDY,WET,False,OTHER RAMP RELATED COLLISIONS NOT LISTED ABOVE,ANGLE,CURVE & HILLCREST,DAYLIGHT,KY1447,I 0265,8/26/2019 9:44:24 AM,False,7858,Accepted,
25546886,0568000,LOUISVILLE METRO POLICE DEPT,Accepted,JEFFERSON,KY0841,,,,,,,,,,,38.101045756,-85.823756507,0.315,8/23/2019 12:00:00 AM,1500,2,2,0,0,CLOUDY,WET,False,OTHER RAMP RELATED COLLISIONS NOT LISTED ABOVE,REAR END,CURVE & HILLCREST,DAYLIGHT,KY0841,STONESTREET RD,8/26/2019 8:43:24 AM,False,7496,Accepted,
25546969,0568000,LOUISVILLE METRO POLICE DEPT,Accepted,JEFFERSON,I 0064,,,,,,,,,,,38.257945933,-85.723639361,0.147,8/23/2019 12:00:00 AM,2201,2,2,0,0,CLEAR,DRY,False,OTHER RAMP RELATED COLLISIONS NOT LISTED ABOVE,REAR END,CURVE & GRADE,DARK-HWY LIGHTED/ON,I 0064,STORY AVE,8/26/2019 8:49:03 AM,False,7316,Accepted,
25546900,0568000,LOUISVILLE METRO POLICE DEPT,Accepted,JEFFERSON,I 0264,,,,,,,,,,,38.254012227,-85.805372265,0.006,8/23/2019 12:00:00 AM,1401,2,2,0,0,CLOUDY,WET,False,OTHER RAMP RELATED COLLISIONS NOT LISTED ABOVE,REAR END,STRAIGHT & LEVEL,DAYLIGHT,I 0264,MUHAMMAD ALI BLVD,8/26/2019 8:44:51 AM,False,7805,Accepted,
25546895,0568000,LOUISVILLE METRO POLICE DEPT,Accepted,JEFFERSON,,,HIGHLAND,AVE,,,,US0031E,BAXTER,,RUBEL,38.240203100,-85.724730672,0.716,8/23/2019 12:00:00 AM,1540,4,4,0,0,CLOUDY,DRY,False,COLLISION IN PARKING LOT,SIDESWIPE-SAME DIRECTION,STRAIGHT & LEVEL,DAYLIGHT,,,8/26/2019 8:44:15 AM,False,2230,Accepted,
25552505,0568000,LOUISVILLE METRO POLICE DEPT,Accepted,JEFFERSON,KY1747,,FERN VALLEY,RD,,,,,,,,38.157811970,-85.718687336,0.741,8/23/2019 12:00:00 AM,0530,2,2,0,0,CLEAR,DRY,False,OTHER ROADWAY OR MID-BLOCK COLLISION,REAR END,STRAIGHT & GRADE,DARK-HWY LIGHTED/ON,,,8/27/2019 8:26:13 AM,False,5198,Accepted,
25546911,0568000,LOUISVILLE METRO POLICE DEPT,Accepted,JEFFERSON,US0060,,SHELBYVILLE,RD,,,,,,,,38.241576120,-85.498485190,12.292,8/23/2019 12:00:00 AM,1732,2,2,0,0,CLOUDY,DRY,False,OTHER ROADWAY OR MID-BLOCK COLLISION,OPPOSING LEFT TURN,STRAIGHT & GRADE,DAYLIGHT,,,8/26/2019 8:46:10 AM,False,2218,Accepted,
25546978,0568000,LOUISVILLE METRO POLICE DEPT,Accepted,JEFFERSON,US0031W,1400,DIXIE,HWY,,,,,,,,38.042157982,-85.904115132,3.586,8/23/2019 12:00:00 AM,2306,1,1,0,1,CLEAR,DRY,False,OTHER ROADWAY OR MID-BLOCK COLLISION,SINGLE VEHICLE,STRAIGHT & LEVEL,DARK-HWY NOT LIGHTED,,,8/26/2019 8:49:16 AM,False,5103,Accepted,
25546863,0568000,LOUISVILLE METRO POLICE DEPT,Accepted,JEFFERSON,KY1065,,OUTER,LOOP,,,,,LONE OAK,,MINOR,38.137691689,-85.690307938,5.854,8/23/2019 12:00:00 AM,0747,2,2,0,0,RAINING,WET,False,OTHER ROADWAY OR MID-BLOCK COLLISION,REAR END,STRAIGHT & LEVEL,DAYLIGHT,,,8/26/2019 8:40:57 AM,False,2017,Accepted,
25546864,0568000,LOUISVILLE METRO POLICE DEPT,Accepted,JEFFERSON,,,ST RITA,DR,,,,,NEWSTEAD,KY0061,PRESTON,38.128659445,-85.680398027,0.048,8/23/2019 12:00:00 AM,1035,2,2,0,0,RAINING,WET,False,OTHER ROADWAY OR MID-BLOCK COLLISION,REAR END,STRAIGHT & LEVEL,DAYLIGHT,,,8/26/2019 8:41:03 AM,False,2017,Accepted,
25547230,0568000,LOUISVILLE METRO POLICE DEPT,Accepted,JEFFERSON,KY1020,,SOUTHSIDE,DR,,,,,,,,38.165343021,-85.764822865,6.558,8/23/2019 12:00:00 AM,1903,2,2,0,1,CLEAR,DRY,False,1 VEHICLE ENTERING/LEAVING ENTRANCE,ANGLE,STRAIGHT & LEVEL,DAYLIGHT,,,8/26/2019 9:16:31 AM,False,7053,Accepted,
25547221,0568000,LOUISVILLE METRO POLICE DEPT,Accepted,JEFFERSON,KY1020,,NATIONAL,TPKE,,,,,,,,38.119248424,-85.748079795,3.161,8/23/2019 12:00:00 AM,1437,2,2,0,0,RAINING,WET,False,1 VEHICLE ENTERING/LEAVING ENTRANCE,ANGLE,STRAIGHT & LEVEL,DAYLIGHT,,,8/26/2019 9:14:58 AM,False,7221,Accepted,
25547500,0568000,LOUISVILLE METRO POLICE DEPT,Accepted,JEFFERSON,KY0022,,BROWNSBORO,RD,,,,,,,,38.283587358,-85.628546296,0.400,8/23/2019 12:00:00 AM,1404,2,2,0,0,RAINING,WET,False,1 VEHICLE ENTERING/LEAVING ENTRANCE,ANGLE,STRAIGHT & LEVEL,DAYLIGHT,,,8/26/2019 9:43:45 AM,False,7858,Accepted,
25546880,0568000,LOUISVILLE METRO POLICE DEPT,Accepted,JEFFERSON,,,GILMORE,LN,,,,KY0061,PRESTON,,CRAFTY,38.175193549,-85.711822570,0.066,8/23/2019 12:00:00 AM,1439,2,2,0,0,CLOUDY,WET,False,1 VEHICLE ENTERING/LEAVING ENTRANCE,ANGLE,STRAIGHT & LEVEL,DAYLIGHT,,,8/26/2019 8:42:49 AM,False,2532,Accepted,
25546838,0568000,LOUISVILLE METRO POLICE DEPT,Accepted,JEFFERSON,,600BLK,ST CATHERINE,ST,W,,,,,,,38.237545606,-85.763427370,0.450,8/23/2019 12:00:00 AM,0822,2,2,0,0,CLOUDY,DRY,False,1 VEHICLE ENTERING/LEAVING ENTRANCE,ANGLE,STRAIGHT & LEVEL,DAYLIGHT,,,8/26/2019 8:39:30 AM,False,7391,Accepted,
25546909,0568000,LOUISVILLE METRO POLICE DEPT,Accepted,JEFFERSON,KY1631,2700B,CRITTENDEN,DR,,,,,,,,38.205103968,-85.750773812,1.184,8/23/2019 12:00:00 AM,0822,2,2,0,0,CLOUDY,WET,False,1 VEHICLE ENTERING/LEAVING ENTRANCE,ANGLE,STRAIGHT & LEVEL,DAYLIGHT,,,8/26/2019 8:45:57 AM,False,7398,Accepted,
25547029,0568000,LOUISVILLE METRO POLICE DEPT,Accepted,JEFFERSON,US0031,,CLARK MEMORIAL,BRG,,,,,,,,38.261688397,-85.752086453,0.382,8/23/2019 12:00:00 AM,1754,2,2,0,0,CLOUDY,WET,True,SIDESWIPE COLLISION - OPPOSITE DIRECTION,SIDESWIPE-OPPOSITE DIRECTION,STRAIGHT & LEVEL,DAYLIGHT,,,8/26/2019 8:54:41 AM,False,5187,Accepted,
25585518,0568000,LOUISVILLE METRO POLICE DEPT,Accepted,JEFFERSON,KY1447,,WESTPORT,RD,,,,,,,,38.286056944,-85.577430322,4.947,8/23/2019 12:00:00 AM,1417,2,2,0,0,RAINING,WET,False,1 VEHICLE ENTERING/LEAVING ENTRANCE,ANGLE,STRAIGHT & LEVEL,DAYLIGHT,,,9/3/2019 10:56:09 AM,False,6830,Accepted,
25546980,0568000,LOUISVILLE METRO POLICE DEPT,Accepted,JEFFERSON,,,VIRGINIA,AVE,,,,,,,,38.240159046,-85.815609378,1.086,8/23/2019 12:00:00 AM,2114,2,2,0,0,CLEAR,DRY,False,SIDESWIPE COLLISION - SAME DIRECTION,SIDESWIPE-SAME DIRECTION,CURVE & LEVEL,DARK-HWY NOT LIGHTED,,,8/26/2019 8:49:19 AM,False,7439,Accepted,
25596870,0568000,LOUISVILLE METRO POLICE DEPT,Accepted,JEFFERSON,I 0065,,I65 N,,,,,I 0065,I65 N EXIT130 OFF RAMP TO KY61,I 0065,I65 N EXIT131A OFF RAMP,38.177389593,-85.719219907,129.681,8/23/2019 12:00:00 AM,2242,2,2,0,0,CLEAR,DRY,False,SIDESWIPE COLLISION - SAME DIRECTION,SIDESWIPE-SAME DIRECTION,STRAIGHT & LEVEL,DARK-HWY LIGHTED/OFF,,,9/5/2019 9:05:02 AM,False,5165,Accepted,
25546952,0568000,LOUISVILLE METRO POLICE DEPT,Accepted,JEFFERSON,US0042,,STORY,AVE,,CS1499B,BICKEL,,,,,38.255193216,-85.729790485,0.146,8/23/2019 12:00:00 AM,1715,2,2,0,2,CLOUDY,DRY,False,SIDESWIPE COLLISION - SAME DIRECTION,SIDESWIPE-SAME DIRECTION,STRAIGHT & LEVEL,DAYLIGHT,,,8/26/2019 8:48:15 AM,False,2855,Accepted,
25546925,0568000,LOUISVILLE METRO POLICE DEPT,Accepted,JEFFERSON,US0060A,,TAYLOR,BLVD,,,,,CENTRAL,,BURTON,38.206457199,-85.776013572,2.306,8/23/2019 12:00:00 AM,1722,2,2,0,0,CLOUDY,DRY,True,SIDESWIPE COLLISION - SAME DIRECTION,SIDESWIPE-SAME DIRECTION,STRAIGHT & LEVEL,DAYLIGHT,,,8/26/2019 8:46:30 AM,False,7872,Accepted,
25546943,0568000,LOUISVILLE METRO POLICE DEPT,Accepted,JEFFERSON,,,CHAMBERLAIN,LN,,,,,CHAMBERLAIN CROSSING,,OLD LA GRANGE,38.289562366,-85.512528802,0.043,8/23/2019 12:00:00 AM,1640,2,2,0,0,CLEAR,DRY,False,SIDESWIPE COLLISION - SAME DIRECTION,SIDESWIPE-SAME DIRECTION,STRAIGHT & LEVEL,DAYLIGHT,,,8/26/2019 8:47:32 AM,False,6953,Accepted,
25547016,0568000,LOUISVILLE METRO POLICE DEPT,Accepted,JEFFERSON,I 0064,,I64 W,,,,,,,,,38.260955936,-85.737986355,5.347,8/23/2019 12:00:00 AM,1231,2,2,0,0,RAINING,WET,False,SIDESWIPE COLLISION - SAME DIRECTION,SIDESWIPE-SAME DIRECTION,CURVE & GRADE,DAYLIGHT,,,8/26/2019 8:52:52 AM,False,8278,Accepted,
25547050,0568000,LOUISVILLE METRO POLICE DEPT,Accepted,JEFFERSON,I 0265,,I265 W,,,,,,,,,38.110514097,-85.682631480,11.368,8/23/2019 12:00:00 AM,1138,2,2,0,0,RAINING,WET,False,SIDESWIPE COLLISION - SAME DIRECTION,SIDESWIPE-SAME DIRECTION,STRAIGHT & LEVEL,DAYLIGHT,,,8/26/2019 8:58:21 AM,False,4656,Accepted,
25549490,0568000,LOUISVILLE METRO POLICE DEPT,Accepted,JEFFERSON,US0060A,,EASTERN,PKWY,,,,KY0061,PRESTON,KY0061,SHELBY,38.214700889,-85.742899605,4.565,8/23/2019 12:00:00 AM,1700,2,2,0,0,CLEAR,DRY,False,SIDESWIPE COLLISION - SAME DIRECTION,SIDESWIPE-SAME DIRECTION,STRAIGHT & LEVEL,DAYLIGHT,,,8/26/2019 2:56:48 PM,False,7938,Accepted,
25546930,0568000,LOUISVILLE METRO POLICE DEPT,Accepted,JEFFERSON,,3400,CHENOWETH RUN,RD,,,,,,,,38.193752216,-85.555273792,0.405,8/23/2019 12:00:00 AM,1508,1,1,0,0,RAINING,WET,False,OTHER COLLISIONS ON SHOULDER,SINGLE VEHICLE,CURVE & LEVEL,DAYLIGHT,,,8/26/2019 8:46:35 AM,False,7255,Accepted,