IncidentID,AgencyORI,AgencyName,IncidentStatusDesc,County,RdwyNumber,Street,RoadwayName,StreetSfx,StreetDir,IntersectionRdwy,IntersectionRdwyName,BetweenStRdwy1,BetweenStRdwyName1,BetweenStRdwy2,BetweenStRdwyName2,Latitude,Longitude,Milepoint,CollisionDate,CollisionTime,UnitsInvolved,MotorVehiclesInvolved,NumberKilled,NumberInjured,Weather,RdwyConditionCode,HitandRun,DirAnalysisCode,MannerofCollision,RdwyCharacter,LightCondition,RampFromRdwyId,RampToRdwyId,AcceptedDate,IsSecondaryCollision,OwnerBadge,IncidentStatus,
25547283,0568000,LOUISVILLE METRO POLICE DEPT,Accepted,JEFFERSON,I 0264,,I264 E,,,,,,,,,38.249682409,-85.807227476,1.934,8/23/2019 12:00:00 AM,0546,1,1,0,1,CLEAR,DRY,False,OTHER COLLISIONS ON SHOULDER,SINGLE VEHICLE,STRAIGHT & LEVEL,DARK-HWY NOT LIGHTED,,,8/26/2019 9:18:47 AM,False,7772,Accepted,
25556389,0563800,NORTHFIELD POLICE DEPARTMENT,Accepted,JEFFERSON,I 0071,,I71 N,,,,,,,,,38.327905203,-85.545945929,11.275,8/23/2019 12:00:00 AM,1630,3,3,0,0,CLEAR,DRY,False,REAR END IN TRAFFIC LANES BOTH VEHICLES MOVING,REAR END,STRAIGHT & LEVEL,DAYLIGHT,,,8/27/2019 10:07:06 PM,False,1375,Accepted,
25569424,0568000,LOUISVILLE METRO POLICE DEPT,Accepted,JEFFERSON,I 0265,,I265 S,,,,,,,,,38.238698799,-85.504184999,26.550,8/23/2019 12:00:00 AM,0725,3,3,0,0,CLOUDY,DRY,False,REAR END IN TRAFFIC LANES BOTH VEHICLES MOVING,REAR END,STRAIGHT & LEVEL,DAYLIGHT,,,8/30/2019 8:33:13 AM,False,7858,Accepted,
25546856,0568000,LOUISVILLE METRO POLICE DEPT,Accepted,JEFFERSON,US0031E,,BARDSTOWN,RD,,,GRINSTEAD,,,,,38.238411357,-85.720980253,15.423,8/23/2019 12:00:00 AM,0948,2,2,0,0,RAINING,WET,False,HEAD-ON COLLISION,HEAD ON,STRAIGHT & LEVEL,DAYLIGHT,,,8/26/2019 8:40:21 AM,False,7129,Accepted,
25547487,0568000,LOUISVILLE METRO POLICE DEPT,Accepted,JEFFERSON,,,ENGLISH STATION,RD,N,,,,,,,38.270053730,-85.519148364,1.785,8/23/2019 12:00:00 AM,1450,2,2,0,0,CLOUDY,WET,False,HEAD-ON COLLISION,HEAD ON,CURVE & LEVEL,DAYLIGHT,,,8/26/2019 9:43:24 AM,False,7858,Accepted,
25547115,0568000,LOUISVILLE METRO POLICE DEPT,Accepted,JEFFERSON,,,TREVILIAN,WAY,,,,KY1703,NEWBURG,,TYCOON,38.212678735,-85.702826193,1.868,8/23/2019 12:00:00 AM,1535,2,2,0,0,CLEAR,WET,False,HEAD-ON COLLISION,HEAD ON,CURVE & LEVEL,DAYLIGHT,,,8/26/2019 9:06:13 AM,False,7938,Accepted,
25547096,0568000,LOUISVILLE METRO POLICE DEPT,Accepted,JEFFERSON,,100B,KINGSTON,AVE,E,,,,,,,38.173375006,-85.762894638,0.072,8/23/2019 12:00:00 AM,2128,2,2,0,0,CLEAR,DRY,False,HEAD-ON COLLISION,HEAD ON,STRAIGHT & LEVEL,DARK-HWY LIGHTED/ON,,,8/26/2019 9:03:01 AM,False,7010,Accepted,
25546972,0568000,LOUISVILLE METRO POLICE DEPT,Accepted,JEFFERSON,I 0065,,I65 S,,,,,,,,,38.241025330,-85.753162219,134.929,8/23/2019 12:00:00 AM,1422,3,3,0,0,RAINING,WET,False,REAR END IN TRAFFIC LANES BOTH VEHICLES MOVING,REAR END,STRAIGHT & LEVEL,DAYLIGHT,,,8/26/2019 8:49:08 AM,False,7243,Accepted,
25546955,0568000,LOUISVILLE METRO POLICE DEPT,Accepted,JEFFERSON,KY1931,,MANSLICK,RD,,,,,CRUMS,,MARCH,38.190284105,-85.801034207,8.011,8/23/2019 12:00:00 AM,1600,2,2,0,0,CLOUDY,DRY,False,REAR END IN TRAFFIC LANES BOTH VEHICLES MOVING,REAR END,STRAIGHT & LEVEL,DAYLIGHT,,,8/26/2019 8:48:26 AM,False,7422,Accepted,
25547003,0568000,LOUISVILLE METRO POLICE DEPT,Accepted,JEFFERSON,I 0064,,I64 W,,,,,,,,,38.232383265,-85.606700560,13.238,8/23/2019 12:00:00 AM,1546,2,2,0,0,CLOUDY,DRY,False,REAR END IN TRAFFIC LANES BOTH VEHICLES MOVING,REAR END,STRAIGHT & LEVEL,DAYLIGHT,,,8/26/2019 8:50:46 AM,False,7358,Accepted,
25546940,0568000,LOUISVILLE METRO POLICE DEPT,Accepted,JEFFERSON,KY1865,,NEW CUT,RD,,,,,KENWOOD,,INVERNESS,38.164093328,-85.779839259,3.910,8/23/2019 12:00:00 AM,1340,3,3,0,0,RAINING,WET,False,REAR END IN TRAFFIC LANES BOTH VEHICLES MOVING,REAR END,STRAIGHT & LEVEL,DUSK,,,8/26/2019 8:47:09 AM,False,7139,Accepted,
25546938,0568000,LOUISVILLE METRO POLICE DEPT,Accepted,JEFFERSON,,,HUDSON,LN,,,,,,,,38.165044210,-85.598927763,0.010,8/23/2019 12:00:00 AM,1606,2,2,0,0,CLOUDY,DRY,False,REAR END IN TRAFFIC LANES BOTH VEHICLES MOVING,REAR END,STRAIGHT & LEVEL,DAYLIGHT,,,8/26/2019 8:46:41 AM,False,7255,Accepted,
25546945,0568000,LOUISVILLE METRO POLICE DEPT,Accepted,JEFFERSON,US0031,,CLARK MEMORIAL,BRG,,,,,,,,38.259454425,-85.752649256,0.225,8/23/2019 12:00:00 AM,1826,2,2,0,0,CLOUDY,DRY,False,REAR END IN TRAFFIC LANES BOTH VEHICLES MOVING,REAR END,STRAIGHT & GRADE,DAYLIGHT,,,8/26/2019 8:47:44 AM,False,5168,Accepted,
25547213,0568000,LOUISVILLE METRO POLICE DEPT,Accepted,JEFFERSON,KY1065,,BEULAH CHURCH,RD,,,,,JOHNSON SCHOOL,,ARTIS,38.142371138,-85.597650929,11.002,8/23/2019 12:00:00 AM,1900,2,2,0,2,CLEAR,DRY,False,REAR END IN TRAFFIC LANES BOTH VEHICLES MOVING,REAR END,CURVE & LEVEL,DAYLIGHT,,,8/26/2019 9:13:40 AM,False,7289,Accepted,
25547099,0568000,LOUISVILLE METRO POLICE DEPT,Accepted,JEFFERSON,I 0065,,I65 N,,,,,,,,,38.185322924,-85.724518308,130.303,8/23/2019 12:00:00 AM,1400,2,2,0,0,FOG WITH RAIN,WET,False,REAR END IN TRAFFIC LANES BOTH VEHICLES MOVING,REAR END,STRAIGHT & LEVEL,DAYLIGHT,,,8/26/2019 9:03:26 AM,False,7628,Accepted,
25546859,0568000,LOUISVILLE METRO POLICE DEPT,Accepted,JEFFERSON,KY1020,,3RD,ST,S,,,,CENTRAL,,HEYWOOD,38.204931611,-85.763911456,9.484,8/23/2019 12:00:00 AM,1131,2,2,0,0,CLOUDY,WET,False,REAR END IN TRAFFIC LANES BOTH VEHICLES MOVING,REAR END,STRAIGHT & LEVEL,DAYLIGHT,,,8/26/2019 8:40:30 AM,False,7872,Accepted,
25546882,0568000,LOUISVILLE METRO POLICE DEPT,Accepted,JEFFERSON,KY1020,,SOUTHERN,PKWY,,,,,FAIRMONT,,EVELYN,38.196849387,-85.766838693,8.854,8/23/2019 12:00:00 AM,1441,2,2,0,0,CLOUDY,WET,False,REAR END IN TRAFFIC LANES BOTH VEHICLES MOVING,REAR END,STRAIGHT & LEVEL,DAYLIGHT,,,8/26/2019 8:42:57 AM,False,7872,Accepted,
25546868,0568000,LOUISVILLE METRO POLICE DEPT,Accepted,JEFFERSON,US0031E,,BARDSTOWN,RD,,,,KY2860,GRINSTEAD,,HIGHLAND,38.238662585,-85.721413582,15.454,8/23/2019 12:00:00 AM,1221,2,2,0,0,RAINING,WET,False,REAR END IN TRAFFIC LANES BOTH VEHICLES MOVING,REAR END,STRAIGHT & LEVEL,DAYLIGHT,,,8/26/2019 8:41:38 AM,False,2230,Accepted,
25757190,0568000,LOUISVILLE METRO POLICE DEPT,Accepted,JEFFERSON,KY1932,,BRECKENRIDGE,LN,,,,,,,,38.184370998,-85.626303093,0.221,8/23/2019 12:00:00 AM,1345,2,2,0,0,RAINING,WET,False,REAR END IN TRAFFIC LANES BOTH VEHICLES MOVING,REAR END,STRAIGHT & LEVEL,DAYLIGHT,,,10/10/2019 11:58:21 AM,False,5236,Accepted,
25547008,0568000,LOUISVILLE METRO POLICE DEPT,Accepted,JEFFERSON,I 0265,,I265 E,,,,,,,,,38.149980178,-85.539252531,19.791,8/23/2019 12:00:00 AM,0815,2,2,0,0,RAINING,WET,False,REAR END IN TRAFFIC LANES BOTH VEHICLES MOVING,REAR END,STRAIGHT & LEVEL,DAYLIGHT,,,8/26/2019 8:51:23 AM,False,7955,Accepted,
25546951,0568000,LOUISVILLE METRO POLICE DEPT,Accepted,JEFFERSON,US0042,,BROWNSBORO,RD,,,,,DRESCHER BRIDGE,,HALDEMAN,38.259489685,-85.710975750,1.341,8/23/2019 12:00:00 AM,1832,2,2,0,0,CLOUDY,DRY,False,REAR END IN TRAFFIC LANES BOTH VEHICLES MOVING,REAR END,STRAIGHT & LEVEL,DAYLIGHT,,,8/26/2019 8:48:07 AM,False,7129,Accepted,
25613338,0568000,LOUISVILLE METRO POLICE DEPT,Accepted,JEFFERSON,KY0864,,CHESTNUT,ST,E,,,,LIBERTY,,JEFFERSON,38.250029551,-85.733126477,15.857,8/23/2019 12:00:00 AM,1012,1,1,0,0,CLOUDY,WET,False,COLLISION WITH FIXED OBJECT NON - INTERSECTION - FIRST EVENT COLLISION 09 - 32 EXCLUDING 16,SINGLE VEHICLE,STRAIGHT & LEVEL,DAYLIGHT,,,9/9/2019 10:37:45 AM,False,7940,Accepted,
25546901,0568000,LOUISVILLE METRO POLICE DEPT,Accepted,JEFFERSON,KY1931,5801,GREENWOOD,RD,,,,,,,,38.144349392,-85.859443624,2.063,8/23/2019 12:00:00 AM,0949,1,1,0,0,CLEAR,DRY,False,COLLISION WITH FIXED OBJECT NON - INTERSECTION - FIRST EVENT COLLISION 09 - 32 EXCLUDING 16,SINGLE VEHICLE,STRAIGHT & LEVEL,DAYLIGHT,,,8/26/2019 8:45:04 AM,False,7177,Accepted,
25804710,0568000,LOUISVILLE METRO POLICE DEPT,Accepted,JEFFERSON,,,MILLERS,LN,,,,,,,,38.103282147,-85.850603692,0.184,8/23/2019 12:00:00 AM,1643,1,1,0,0,CLOUDY,WET,False,COLLISION WITH FIXED OBJECT NON - INTERSECTION - FIRST EVENT COLLISION 09 - 32 EXCLUDING 16,SINGLE VEHICLE,STRAIGHT & LEVEL,DAYLIGHT,,,10/21/2019 11:53:42 AM,False,7221,Accepted,
25546879,0568000,LOUISVILLE METRO POLICE DEPT,Accepted,JEFFERSON,,,MITCHELL HILL,RD,,,,,HOLSCLAW HILL,,TOM WALLACE,38.093219887,-85.765182826,0.983,8/23/2019 12:00:00 AM,1239,1,1,0,2,RAINING,WET,False,COLLISION WITH FIXED OBJECT NON - INTERSECTION - FIRST EVENT COLLISION 09 - 32 EXCLUDING 16,SINGLE VEHICLE,CURVE & LEVEL,DAYLIGHT,,,8/26/2019 8:42:44 AM,False,7202,Accepted,
25546922,0568000,LOUISVILLE METRO POLICE DEPT,Accepted,JEFFERSON,,,PRODUCE,RD,,,,,PINEWOOD,,JENNINGS,38.182787402,-85.685810943,0.414,8/23/2019 12:00:00 AM,1452,1,1,0,0,CLOUDY,WET,False,COLLISION WITH FIXED OBJECT NON - INTERSECTION - FIRST EVENT COLLISION 09 - 32 EXCLUDING 16,SINGLE VEHICLE,STRAIGHT & LEVEL,DAYLIGHT,,,8/26/2019 8:46:24 AM,False,7121,Accepted,
25547121,0568000,LOUISVILLE METRO POLICE DEPT,Accepted,JEFFERSON,KY1747,,HURSTBOURNE,PKWY,S,,,,PATRIOTS CROSSING,KY1747,KY1747 CROSSOVER,38.163363647,-85.635662719,5.452,8/23/2019 12:00:00 AM,1630,1,1,0,0,CLEAR,DRY,False,COLLISION WITH FIXED OBJECT NON - INTERSECTION - FIRST EVENT COLLISION 09 - 32 EXCLUDING 16,SINGLE VEHICLE,CURVE & LEVEL,DAYLIGHT,,,8/26/2019 9:07:54 AM,False,7486,Accepted,
25546894,0568000,LOUISVILLE METRO POLICE DEPT,Accepted,JEFFERSON,,4012,BISHOP,LN,,,,,,,,38.189897787,-85.691099055,0.593,8/23/2019 12:00:00 AM,1019,2,2,0,0,RAINING,WET,True,1 VEHICLE PARKED POSITION (NOT PARKING LOT/DRIVEWAY),ANGLE,STRAIGHT & LEVEL,DAYLIGHT,,,8/26/2019 8:44:09 AM,False,5027,Accepted,
25546949,0568000,LOUISVILLE METRO POLICE DEPT,Accepted,JEFFERSON,US0031E,1704,BARDSTOWN,RD,,,,,,,,38.230042998,-85.703538361,14.291,8/23/2019 12:00:00 AM,1628,2,2,0,0,CLOUDY,WET,True,1 VEHICLE PARKED POSITION (NOT PARKING LOT/DRIVEWAY),,STRAIGHT & LEVEL,DAYLIGHT,,,8/26/2019 8:48:01 AM,False,7129,Accepted,
25546993,0568000,LOUISVILLE METRO POLICE DEPT,Accepted,JEFFERSON,KY0061,,PRESTON,ST,S,,,,BRANDEIS,,BARBEE,38.219442980,-85.747647710,10.625,8/23/2019 12:00:00 AM,,2,2,0,0,CLEAR,DRY,True,1 VEHICLE PARKED POSITION (NOT PARKING LOT/DRIVEWAY),SIDESWIPE-SAME DIRECTION,STRAIGHT & LEVEL,,,,8/26/2019 8:49:40 AM,False,2499,Accepted,
25546854,0568000,LOUISVILLE METRO POLICE DEPT,Accepted,JEFFERSON,,200,MCCREADY,AVE,,,,,,,,38.251989190,-85.672991421,0.190,8/23/2019 12:00:00 AM,0751,2,2,0,0,CLEAR,DRY,False,1 VEHICLE PARKED POSITION (NOT PARKING LOT/DRIVEWAY),SIDESWIPE-SAME DIRECTION,STRAIGHT & LEVEL,DAWN,,,8/26/2019 8:40:09 AM,False,5112,Accepted,
25535688,0568000,LOUISVILLE METRO POLICE DEPT,Accepted,JEFFERSON,KY1020,1479,2ND,ST,S,,,,HILL,,BURNETT,38.225788488,-85.758647517,10.686,8/23/2019 12:00:00 AM,0226,2,1,0,0,CLEAR,DRY,False,COLLISION WITH BICYCLIST NON INTERSECTION,SINGLE VEHICLE,STRAIGHT & LEVEL,DARK-HWY LIGHTED/ON,,,8/23/2019 8:25:16 AM,False,5131,Accepted,
25546953,0568000,LOUISVILLE METRO POLICE DEPT,Accepted,JEFFERSON,,,HITT,RD,,KY0022,BALLARDSVILLE,,,,,38.317531783,-85.547744345,,8/23/2019 12:00:00 AM,1501,2,2,0,0,RAINING,WET,False,OTHER INTERSECTION COLLISIONS,REAR END,STRAIGHT & GRADE,DAYLIGHT,,,8/26/2019 8:48:22 AM,False,7142,Accepted,
25547006,0568000,LOUISVILLE METRO POLICE DEPT,Accepted,JEFFERSON,KY0146,,NEW LA GRANGE,RD,,,ARTERBURN,,,,,38.255354231,-85.609829819,0.591,8/23/2019 12:00:00 AM,1718,3,3,0,0,CLOUDY,DRY,False,OTHER INTERSECTION COLLISIONS,REAR END,STRAIGHT & LEVEL,DAYLIGHT,,,8/26/2019 8:51:10 AM,False,7358,Accepted,
25546988,0568000,LOUISVILLE METRO POLICE DEPT,Accepted,JEFFERSON,,,GRADE,LN,,,CRITTENDEN,,,,,38.153293531,-85.733914606,2.425,8/23/2019 12:00:00 AM,1921,2,2,0,0,CLEAR,DRY,True,OTHER INTERSECTION COLLISIONS,REAR END,STRAIGHT & LEVEL,DAYLIGHT,,,8/26/2019 8:49:35 AM,False,5184,Accepted,
25546888,0568000,LOUISVILLE METRO POLICE DEPT,Accepted,JEFFERSON,,,SIX MILE,LN,,,HURSTBOURNE RIDGE,,,,,38.199163437,-85.607300356,2.628,8/23/2019 12:00:00 AM,1510,3,3,0,0,CLOUDY,WET,True,OTHER INTERSECTION COLLISIONS,REAR END,STRAIGHT & LEVEL,DAYLIGHT,,,8/26/2019 8:43:33 AM,False,7338,Accepted,
25546878,0568000,LOUISVILLE METRO POLICE DEPT,Accepted,JEFFERSON,I 0065,,I65 S COLLECTOR DISTRIBUTOR,,,I 0064,I64 W RAMP FROM I65 N,,,,,38.258965096,-85.742428422,1.038,8/23/2019 12:00:00 AM,1012,1,1,0,1,RAINING,WET,False,OTHER INTERSECTION COLLISIONS,SINGLE VEHICLE,CURVE & GRADE,DAYLIGHT,,,8/26/2019 8:42:39 AM,False,2000,Accepted,
25546873,0568000,LOUISVILLE METRO POLICE DEPT,Accepted,JEFFERSON,KY1727,,TERRY,RD,,,JOHNSONTOWN,,,,,38.121725937,-85.874677005,0.003,8/23/2019 12:00:00 AM,1256,2,2,0,1,RAINING,WET,False,OTHER INTERSECTION COLLISIONS,REAR END,STRAIGHT & LEVEL,DAYLIGHT,,,8/26/2019 8:42:10 AM,False,7144,Accepted,
25546836,0568000,LOUISVILLE METRO POLICE DEPT,Accepted,JEFFERSON,US0031E,,BARDSTOWN,RD,,,CAPTAIN,,,,,38.128115472,-85.575838909,3.909,8/23/2019 12:00:00 AM,0840,2,2,0,0,CLOUDY,WET,False,OTHER INTERSECTION COLLISIONS,REAR END,STRAIGHT & LEVEL,DAYLIGHT,,,8/26/2019 8:39:25 AM,False,7246,Accepted,
25547120,0568000,LOUISVILLE METRO POLICE DEPT,Accepted,JEFFERSON,KY0864,,FEGENBUSH,LN,,,HIGHVIEW,,,,,38.142933444,-85.623753511,4.919,8/23/2019 12:00:00 AM,1500,2,2,0,0,CLEAR,DRY,False,OTHER INTERSECTION COLLISIONS,REAR END,STRAIGHT & LEVEL,DAYLIGHT,,,8/26/2019 9:07:35 AM,False,7486,Accepted,
25547379,0568000,LOUISVILLE METRO POLICE DEPT,Accepted,JEFFERSON,US0031W,,DIXIE,HWY,,,KERRICK,,,,,38.153491676,-85.835863497,12.268,8/23/2019 12:00:00 AM,1529,2,2,0,0,CLEAR,DRY,False,OTHER INTERSECTION COLLISIONS,REAR END,STRAIGHT & LEVEL,DAYLIGHT,,,8/26/2019 9:27:32 AM,False,7073,Accepted,
25547122,0568000,LOUISVILLE METRO POLICE DEPT,Accepted,JEFFERSON,KY1747,,HURSTBOURNE,PKWY,S,,VASSEL,,,,,38.158949572,-85.627030396,6.031,8/23/2019 12:00:00 AM,1730,2,2,0,0,CLEAR,DRY,False,SIDESWIPE-SAME DIRECTION,SIDESWIPE-SAME DIRECTION,STRAIGHT & LEVEL,DAYLIGHT,,,8/26/2019 9:08:14 AM,False,7486,Accepted,
25551893,0560400,SHIVELY POLICE DEPARTMENT,Accepted,JEFFERSON,I 0264,,I264 E,,,I 0264,I264 E EXIT8B OFF RAMP TO US31W S,,,,,38.185642984,-85.821779605,6.984,8/23/2019 12:00:00 AM,1450,2,2,0,0,CLEAR,DRY,False,SIDESWIPE-SAME DIRECTION,SIDESWIPE-SAME DIRECTION,STRAIGHT & LEVEL,DAYLIGHT,,,8/27/2019 5:48:58 AM,False,7103,Accepted,
25586536,0568000,LOUISVILLE METRO POLICE DEPT,Accepted,JEFFERSON,US0031E,,BARDSTOWN,RD,,,GOLDSMITH,,,,,38.208053767,-85.668831608,11.745,8/23/2019 12:00:00 AM,1126,2,2,0,0,RAINING,WET,True,SIDESWIPE-SAME DIRECTION,SIDESWIPE-SAME DIRECTION,STRAIGHT & LEVEL,DAYLIGHT,,,9/3/2019 12:54:11 PM,False,7764,Accepted,
25546849,0568000,LOUISVILLE METRO POLICE DEPT,Accepted,JEFFERSON,,,MUHAMMAD ALI,BLVD,W,US0031W,DR W J HODGE,,,,,38.254279560,-85.785659059,1.815,8/23/2019 12:00:00 AM,0649,2,2,0,4,CLEAR,DRY,False,SIDESWIPE-SAME DIRECTION,SIDESWIPE-SAME DIRECTION,STRAIGHT & LEVEL,DAYLIGHT,,,8/26/2019 8:39:40 AM,False,7361,Accepted,
25546902,0568000,LOUISVILLE METRO POLICE DEPT,Accepted,JEFFERSON,,,NELSON MILLER,PKWY,,,EASTPOINT,,,,,38.271619930,-85.507128697,0.869,8/23/2019 12:00:00 AM,1544,2,2,0,0,CLOUDY,DRY,True,SIDESWIPE-SAME DIRECTION,SIDESWIPE-SAME DIRECTION,,DAYLIGHT,,,8/26/2019 8:45:12 AM,False,7956,Accepted,
25546941,0568000,LOUISVILLE METRO POLICE DEPT,Accepted,JEFFERSON,KY1065,,OUTER,LOOP,,KY1020,NATIONAL,,,,,38.126954918,-85.748959893,2.514,8/23/2019 12:00:00 AM,1654,2,2,0,0,CLOUDY,DRY,False,SIDESWIPE-SAME DIRECTION,SIDESWIPE-SAME DIRECTION,STRAIGHT & LEVEL,DAYLIGHT,,,8/26/2019 8:47:21 AM,False,7202,Accepted,
25547247,0568000,LOUISVILLE METRO POLICE DEPT,Accepted,JEFFERSON,,,LIBERTY,ST,W,KY1020,2ND,,,,,38.252714440,-85.754041323,0.798,8/23/2019 12:00:00 AM,0910,2,2,0,0,CLOUDY,DRY,False,SIDESWIPE-SAME DIRECTION,SIDESWIPE-SAME DIRECTION,STRAIGHT & LEVEL,DAYLIGHT,,,8/26/2019 9:16:52 AM,False,5173,Accepted,
25546996,0568000,LOUISVILLE METRO POLICE DEPT,Accepted,JEFFERSON,,,4TH,ST,S,,ST CATHERINE,,,,,38.236999173,-85.759951455,1.319,8/23/2019 12:00:00 AM,1920,2,2,0,0,CLEAR,DRY,True,SIDESWIPE-SAME DIRECTION,SIDESWIPE-SAME DIRECTION,STRAIGHT & LEVEL,DAYLIGHT,,,8/26/2019 8:50:05 AM,False,7344,Accepted,
25546897,0568000,LOUISVILLE METRO POLICE DEPT,Accepted,JEFFERSON,KY0864,,LOGAN,ST,,,MARY,,,,,38.234213173,-85.739799654,14.690,8/23/2019 12:00:00 AM,1223,2,2,0,0,RAINING,WET,False,SIDESWIPE-SAME DIRECTION,SIDESWIPE-SAME DIRECTION,STRAIGHT & LEVEL,DAYLIGHT,,,8/26/2019 8:44:29 AM,False,7418,Accepted,
25547111,0568000,LOUISVILLE METRO POLICE DEPT,Accepted,JEFFERSON,KY1065,,OUTER,LOOP,,KY0061,PRESTON,,,,,38.138295188,-85.687055457,6.073,8/23/2019 12:00:00 AM,1528,3,3,0,1,RAINING,WET,True,OTHER INTERSECTION COLLISIONS,REAR END,STRAIGHT & LEVEL,DAYLIGHT,,,8/26/2019 9:05:25 AM,False,7269,Accepted,
25546944,0568000,LOUISVILLE METRO POLICE DEPT,Accepted,JEFFERSON,,,FLOYD,ST,S,,WARNOCK,,,,,38.214633649,-85.755116254,2.835,8/23/2019 12:00:00 AM,1400,2,2,0,0,RAINING,WET,False,OTHER INTERSECTION COLLISIONS,REAR END,STRAIGHT & LEVEL,DAYLIGHT,,,8/26/2019 8:47:38 AM,False,7342,Accepted,
25546957,0568000,LOUISVILLE METRO POLICE DEPT,Accepted,JEFFERSON,,,7TH,ST,S,,HILL,,,,,38.227127415,-85.768765140,0.646,8/23/2019 12:00:00 AM,1451,2,2,0,0,CLEAR,WET,False,OTHER INTERSECTION COLLISIONS,REAR END,STRAIGHT & LEVEL,DAYLIGHT,,,8/26/2019 8:48:36 AM,False,7472,Accepted,
25546877,0568000,LOUISVILLE METRO POLICE DEPT,Accepted,JEFFERSON,US0031E,,BARDSTOWN,RD,,,BUECHEL,,,,,38.188276039,-85.640045603,9.551,8/23/2019 12:00:00 AM,1355,2,2,0,0,RAINING,WET,False,OTHER INTERSECTION COLLISIONS,REAR END,STRAIGHT & LEVEL,DAYLIGHT,,,8/26/2019 8:42:34 AM,False,7739,Accepted,
25546875,0568000,LOUISVILLE METRO POLICE DEPT,Accepted,JEFFERSON,KY1631,,CRITTENDEN,DR,,I 0264,I264 E EXIT11 ON RAMP FROM  CRITTENDEN DR,,,,,38.188089788,-85.750711628,0.013,8/23/2019 12:00:00 AM,1312,2,2,0,0,RAINING,WET,False,OTHER INTERSECTION COLLISIONS,REAR END,STRAIGHT & LEVEL,DAYLIGHT,,,8/26/2019 8:42:24 AM,False,2532,Accepted,
25546865,0568000,LOUISVILLE METRO POLICE DEPT,Accepted,JEFFERSON,US0031E,,BARDSTOWN,RD,,,CEDAR CREEK,,,,,38.134200932,-85.579655667,4.368,8/23/2019 12:00:00 AM,1148,2,2,0,0,RAINING,WET,False,OTHER INTERSECTION COLLISIONS,REAR END,STRAIGHT & LEVEL,DAYLIGHT,,,8/26/2019 8:41:07 AM,False,2017,Accepted,
25546866,0568000,LOUISVILLE METRO POLICE DEPT,Accepted,JEFFERSON,KY1865,,TAYLOR,BLVD,,,BICKNELL,,,,,38.183096048,-85.783763410,5.286,8/23/2019 12:00:00 AM,1227,2,2,0,0,RAINING,WET,False,OTHER INTERSECTION COLLISIONS,REAR END,STRAIGHT & LEVEL,DAYLIGHT,,,8/26/2019 8:41:11 AM,False,7488,Accepted,
25546883,0568000,LOUISVILLE METRO POLICE DEPT,Accepted,JEFFERSON,US0060,,SHELBYVILLE,RD,,,LYNDON,,,,,38.248175693,-85.598854113,6.660,8/23/2019 12:00:00 AM,1447,2,2,0,0,CLOUDY,WET,False,OTHER INTERSECTION COLLISIONS,REAR END,STRAIGHT & LEVEL,DAYLIGHT,,,8/26/2019 8:43:05 AM,False,7358,Accepted,
25627916,0568000,LOUISVILLE METRO POLICE DEPT,Accepted,JEFFERSON,US0031W,,MAIN,ST,W,,15TH,,,,,38.258630606,-85.774736384,20.934,8/23/2019 12:00:00 AM,1504,2,2,0,0,CLOUDY,DRY,False,SIDESWIPE-SAME DIRECTION,SIDESWIPE-SAME DIRECTION,STRAIGHT & LEVEL,DAYLIGHT,,,9/12/2019 8:22:15 AM,False,7405,Accepted,
25546867,0568000,LOUISVILLE METRO POLICE DEPT,Accepted,JEFFERSON,,,HANCOCK,ST,S,,NANNY GOAT STRUT,,,,,38.252946067,-85.742172917,0.144,8/23/2019 12:00:00 AM,1236,2,2,0,0,RAINING,WET,False,REAR END - ONE VEHICLE TURNING RIGHT,REAR END,STRAIGHT & LEVEL,DAYLIGHT,,,8/26/2019 8:41:18 AM,False,7216,Accepted,
25546855,0568000,LOUISVILLE METRO POLICE DEPT,Accepted,JEFFERSON,US0060,,SHELBYVILLE,RD,,,LOCUST CREEK,,,,,38.235403860,-85.425483333,16.471,8/23/2019 12:00:00 AM,0955,2,2,0,0,CLOUDY,DRY,False,REAR END - ONE VEHICLE TURNING RIGHT,REAR END,STRAIGHT & LEVEL,DAYLIGHT,,,8/26/2019 8:40:15 AM,False,6334,Accepted,
25546986,0568000,LOUISVILLE METRO POLICE DEPT,Accepted,JEFFERSON,KY0061,,PRESTON,HWY,,KY2845,MANSLICK,,,,,38.118059268,-85.677248809,2.450,8/23/2019 12:00:00 AM,2039,2,2,0,1,CLEAR,DRY,False,OPPOSING LEFT TURN,OPPOSING LEFT TURN,STRAIGHT & LEVEL,DARK-HWY LIGHTED/ON,,,8/26/2019 8:49:30 AM,False,5116,Accepted,