IncidentID,AgencyORI,AgencyName,IncidentStatusDesc,County,RdwyNumber,Street,RoadwayName,StreetSfx,StreetDir,IntersectionRdwy,IntersectionRdwyName,BetweenStRdwy1,BetweenStRdwyName1,BetweenStRdwy2,BetweenStRdwyName2,Latitude,Longitude,Milepoint,CollisionDate,CollisionTime,UnitsInvolved,MotorVehiclesInvolved,NumberKilled,NumberInjured,Weather,RdwyConditionCode,HitandRun,DirAnalysisCode,MannerofCollision,RdwyCharacter,LightCondition,RampFromRdwyId,RampToRdwyId,AcceptedDate,IsSecondaryCollision,OwnerBadge,IncidentStatus,
25546948,0568000,LOUISVILLE METRO POLICE DEPT,Accepted,JEFFERSON,US0060A,,EASTERN,PKWY,,,NORRIS,,,,,38.230753684,-85.711578753,6.678,8/23/2019 12:00:00 AM,1549,2,2,0,0,CLOUDY,DRY,False,OPPOSING LEFT TURN,OPPOSING LEFT TURN,STRAIGHT & HILLCREST,DAYLIGHT,,,8/26/2019 8:47:54 AM,False,7960,Accepted,
25546847,0568000,LOUISVILLE METRO POLICE DEPT,Accepted,JEFFERSON,US0031W,,DIXIE,HWY,,,BONNYVILLE,,,,,38.166937492,-85.829242467,13.188,8/23/2019 12:00:00 AM,0723,2,2,0,1,CLOUDY,DRY,False,OPPOSING LEFT TURN,OPPOSING LEFT TURN,STRAIGHT & LEVEL,DAYLIGHT,,,8/26/2019 8:39:34 AM,False,7205,Accepted,
25546884,0568000,LOUISVILLE METRO POLICE DEPT,Accepted,JEFFERSON,,,SHEPHERDSVILLE,RD,,,FAMOUS,,,,,38.129635266,-85.661630598,0.694,8/23/2019 12:00:00 AM,1505,2,2,0,0,RAINING,WET,False,VEHICLE BACKING IN INTERSECTION,BACKING,STRAIGHT & LEVEL,DAYLIGHT,,,8/26/2019 8:43:09 AM,False,6933,Accepted,
25546887,0568000,LOUISVILLE METRO POLICE DEPT,Accepted,JEFFERSON,,,ESTATE,DR,,,GAGEL,,,,,38.172709376,-85.805254413,,8/23/2019 12:00:00 AM,1518,2,2,0,0,RAINING,WET,False,OPPOSITE DIRECTION - BOTH VEHICLES GOING STRAIGHT AHEAD,SIDESWIPE-OPPOSITE DIRECTION,STRAIGHT & LEVEL,DAYLIGHT,,,8/26/2019 8:43:30 AM,False,7433,Accepted,
25546956,0568000,LOUISVILLE METRO POLICE DEPT,Accepted,JEFFERSON,,,INDUSTRY,RD,,,7TH,,,,,38.221148612,-85.775748841,0.001,8/23/2019 12:00:00 AM,0942,2,2,0,0,RAINING,WET,True,VEHICLE BACKING IN INTERSECTION,BACKING,STRAIGHT & LEVEL,DAYLIGHT,,,8/26/2019 8:48:31 AM,False,7472,Accepted,
25546893,0568000,LOUISVILLE METRO POLICE DEPT,Accepted,JEFFERSON,,,ZORN,AVE,,,COUNTRY CLUB,,,,,38.270812314,-85.693876137,1.210,8/23/2019 12:00:00 AM,1551,2,2,0,0,CLOUDY,DRY,True,ANGLE COLLISION - OTHER,ANGLE,STRAIGHT & LEVEL,DAYLIGHT,,,8/26/2019 8:44:03 AM,False,7028,Accepted,
25546908,0568000,LOUISVILLE METRO POLICE DEPT,Accepted,JEFFERSON,,,RODMAN,ST,,,IOWA,,,,,38.208366121,-85.770174303,0.170,8/23/2019 12:00:00 AM,0859,2,2,0,0,CLOUDY,WET,False,ANGLE COLLISION - OTHER,ANGLE,STRAIGHT & LEVEL,DAYLIGHT,,,8/26/2019 8:45:48 AM,False,7398,Accepted,
25547503,0568000,LOUISVILLE METRO POLICE DEPT,Accepted,JEFFERSON,US0060,,SHELBYVILLE,RD,,,CLARK STATION,,,,,38.235430599,-85.425444340,16.473,8/23/2019 12:00:00 AM,0820,2,2,0,0,CLOUDY,DRY,False,ANGLE COLLISION - OTHER,ANGLE,STRAIGHT & LEVEL,DAYLIGHT,,,8/26/2019 9:44:09 AM,False,7858,Accepted,
25547217,0568000,LOUISVILLE METRO POLICE DEPT,Accepted,JEFFERSON,,,1ST,ST,S,,HILL,,,,,38.225472799,-85.756948853,2.131,8/23/2019 12:00:00 AM,1448,2,2,0,0,CLEAR,WET,False,ANGLE COLLISION - OTHER,ANGLE,STRAIGHT & LEVEL,DAYLIGHT,,,8/26/2019 9:14:30 AM,False,7132,Accepted,
25546881,0568000,LOUISVILLE METRO POLICE DEPT,Accepted,JEFFERSON,US0150,,BROADWAY,,E,KY0061,PRESTON,,,,,38.245293316,-85.747577616,2.964,8/23/2019 12:00:00 AM,1400,2,2,0,1,RAINING,WET,False,ANGLE COLLISION - OTHER,ANGLE,STRAIGHT & LEVEL,DAYLIGHT,,,8/26/2019 8:42:53 AM,False,2855,Accepted,
25546939,0568000,LOUISVILLE METRO POLICE DEPT,Accepted,JEFFERSON,KY1020,,SOUTHSIDE,DR,,,KENWOOD,,,,,38.156143823,-85.764682275,5.947,8/23/2019 12:00:00 AM,1621,2,2,0,0,CLEAR,DRY,False,ANGLE COLLISION - OTHER,ANGLE,STRAIGHT & LEVEL,DAYLIGHT,,,8/26/2019 8:47:03 AM,False,7139,Accepted,
25546946,0568000,LOUISVILLE METRO POLICE DEPT,Accepted,JEFFERSON,,,NORRIS,PL,,,DEER PARK,,,,,38.225911892,-85.707523544,0.478,8/23/2019 12:00:00 AM,1522,2,2,0,0,CLOUDY,WET,False,ANGLE COLLISION - OTHER,ANGLE,STRAIGHT & GRADE,DAYLIGHT,,,8/26/2019 8:47:49 AM,False,7960,Accepted,
25535699,0568000,LOUISVILLE METRO POLICE DEPT,Accepted,JEFFERSON,,,POPE LICK,RD,S,KY0155,TAYLORSVILLE,,,,,38.190873193,-85.486952635,0.146,8/23/2019 12:00:00 AM,0643,3,3,0,0,CLEAR,DRY,False,ANGLE COLLISION - OTHER,ANGLE,STRAIGHT & LEVEL,DAWN,,,8/23/2019 8:25:57 AM,False,5014,Accepted,
25546903,0568000,LOUISVILLE METRO POLICE DEPT,Accepted,JEFFERSON,,,26TH,ST,N,,ROWAN,,,,,38.262079815,-85.793511753,0.089,8/23/2019 12:00:00 AM,1755,2,2,0,2,CLEAR,DRY,False,ANGLE COLLISION - OTHER,ANGLE,STRAIGHT & LEVEL,DAYLIGHT,,,8/26/2019 8:45:24 AM,False,7988,Accepted,
25546862,0568000,LOUISVILLE METRO POLICE DEPT,Accepted,JEFFERSON,KY1747,,FERN VALLEY,RD,,KY1747,KY1747 CROSSOVER,,,,,38.156353399,-85.661453249,3.875,8/23/2019 12:00:00 AM,0719,2,2,0,0,CLOUDY,DRY,False,ANGLE COLLISION - OTHER,ANGLE,STRAIGHT & LEVEL,DAYLIGHT,,,8/26/2019 8:40:50 AM,False,2017,Accepted,
25547030,0568000,LOUISVILLE METRO POLICE DEPT,Accepted,JEFFERSON,,,BROOK,ST,S,,JEFFERSON,,,,,38.253133212,-85.750486553,3.395,8/23/2019 12:00:00 AM,1515,2,2,0,0,CLOUDY,WET,False,ANGLE COLLISION - OTHER,ANGLE,STRAIGHT & LEVEL,DAYLIGHT,,,8/26/2019 8:54:48 AM,False,2403,Accepted,
25546999,0568000,LOUISVILLE METRO POLICE DEPT,Accepted,JEFFERSON,,,RIVER PARK,DR,,,35TH,,,,,38.254668669,-85.809241908,0.970,8/23/2019 12:00:00 AM,1931,2,2,0,2,CLEAR,DRY,False,ANGLE COLLISION - OTHER,ANGLE,STRAIGHT & LEVEL,DAYLIGHT,,,8/26/2019 8:50:29 AM,False,5164,Accepted,
25546899,0568000,LOUISVILLE METRO POLICE DEPT,Accepted,JEFFERSON,,,BRECKINRIDGE,ST,W,,4TH,,,,,38.241878160,-85.759171292,0.270,8/23/2019 12:00:00 AM,1659,2,2,0,0,CLEAR,DRY,False,ANGLE COLLISION - OTHER,ANGLE,STRAIGHT & LEVEL,DAYLIGHT,,,8/26/2019 8:44:42 AM,False,7391,Accepted,
25546907,0568000,LOUISVILLE METRO POLICE DEPT,Accepted,JEFFERSON,KY0864,,POPLAR LEVEL,RD,,,INDIAN,,,,,38.171421968,-85.684680434,9.232,8/23/2019 12:00:00 AM,1354,2,2,0,0,RAINING,WET,False,ANGLE COLLISION - OTHER,ANGLE,STRAIGHT & LEVEL,DAYLIGHT,,,8/26/2019 8:45:41 AM,False,7451,Accepted,
25547028,0568000,LOUISVILLE METRO POLICE DEPT,Accepted,JEFFERSON,,,LIBERTY,ST,W,,LIBERTY,,,,,38.252581222,-85.752251093,0.875,8/23/2019 12:00:00 AM,1158,3,3,0,0,RAINING,WET,False,ANGLE COLLISION - OTHER,ANGLE,STRAIGHT & LEVEL,DAYLIGHT,,,8/26/2019 8:54:32 AM,True,2403,Accepted,
25602035,0568000,LOUISVILLE METRO POLICE DEPT,Accepted,JEFFERSON,,,DURRETT,LN,,KY0061,PRESTON,,,,,38.186333627,-85.724204433,0.001,8/23/2019 12:00:00 AM,1201,2,1,0,0,RAINING,WET,False,COLLISION WITH PEDESTRIAN IN INTERSECTION,SINGLE VEHICLE,STRAIGHT & LEVEL,DAYLIGHT,,,9/6/2019 9:18:31 AM,False,2535,Accepted,
25546917,0568000,LOUISVILLE METRO POLICE DEPT,Accepted,JEFFERSON,US0031E,,BARDSTOWN,RD,,,BASHFORD MANOR,,,,,38.202959359,-85.664388860,11.343,8/23/2019 12:00:00 AM,0712,2,1,0,1,CLOUDY,DRY,False,COLLISION WITH PEDESTRIAN IN INTERSECTION,SINGLE VEHICLE,STRAIGHT & LEVEL,DAYLIGHT,,,8/26/2019 8:46:18 AM,False,7121,Accepted,
25546983,0568000,LOUISVILLE METRO POLICE DEPT,Accepted,JEFFERSON,US0031W,,DIXIE,HWY,,,ST ANDREWS CHURCH,,,,,38.144557154,-85.838982990,11.756,8/23/2019 12:00:00 AM,2340,1,1,0,0,CLEAR,DRY,False,COLLISION WITH FIXED OBJECT IN INTERSECTION - FIRST EVENT COLLISION 09 - 32,SINGLE VEHICLE,STRAIGHT & LEVEL,DARK-HWY LIGHTED/ON,,,8/26/2019 8:49:26 AM,False,5136,Accepted,
25547100,0568000,LOUISVILLE METRO POLICE DEPT,Accepted,JEFFERSON,,,SIX MILE,LN,,,KLONDIKE,,,,,38.199189296,-85.643341864,0.581,8/23/2019 12:00:00 AM,1408,1,1,0,0,RAINING,WET,False,COLLISION WITH FIXED OBJECT IN INTERSECTION - FIRST EVENT COLLISION 09 - 32,SINGLE VEHICLE,CURVE & LEVEL,DAYLIGHT,,,8/26/2019 9:03:33 AM,False,7482,Accepted,
25546889,0568000,LOUISVILLE METRO POLICE DEPT,Accepted,JEFFERSON,,,HAZELWOOD,AVE,,,BICKNELL,,,,,38.183604364,-85.787830430,1.101,8/23/2019 12:00:00 AM,1530,2,2,0,0,CLEAR,WET,True,COLLISION WITH PARKED VEHICLE,BACKING,STRAIGHT & LEVEL,DAYLIGHT,,,8/26/2019 8:43:39 AM,False,7488,Accepted,
25625014,0568000,LOUISVILLE METRO POLICE DEPT,Accepted,JEFFERSON,,,MUHAMMAD ALI,BLVD,W,KY1020,2ND,,,,,38.250796297,-85.754279257,0.090,8/23/2019 12:00:00 AM,1507,2,2,0,0,CLEAR,DRY,True,ANGLE COLLISION - OTHER,ANGLE,STRAIGHT & LEVEL,DAYLIGHT,,,9/11/2019 3:33:32 PM,False,5168,Accepted,
25552476,0568000,LOUISVILLE METRO POLICE DEPT,Accepted,JEFFERSON,,,4TH,ST,S,,CENTRAL,,,,,38.205152269,-85.765562027,3.587,8/22/2019 12:00:00 AM,1618,2,2,0,0,CLEAR,DRY,False,COLLISION WITH PARKED VEHICLE,SIDESWIPE-SAME DIRECTION,STRAIGHT & LEVEL,DAYLIGHT,,,8/27/2019 8:24:17 AM,False,5230,Accepted,
25535709,0568000,LOUISVILLE METRO POLICE DEPT,Accepted,JEFFERSON,,,BROOK,ST,S,,CHESTNUT,,,,,38.248312416,-85.751763283,3.037,8/22/2019 12:00:00 AM,1200,2,1,0,1,CLEAR,DRY,False,COLLISION WITH BICYCLE IN INTERSECTION,SINGLE VEHICLE,STRAIGHT & LEVEL,DAYLIGHT,,,8/23/2019 8:26:24 AM,False,7239,Accepted,
25535711,0568000,LOUISVILLE METRO POLICE DEPT,Accepted,JEFFERSON,I 0265,,I265 W,,,I 0265,I265 W EXIT15 OFF RAMP TO KY864,,,,,38.126480246,-85.609415314,15.467,8/22/2019 12:00:00 AM,0350,1,1,0,0,RAINING,FLOODED,False,COLLISION WITH FIXED OBJECT IN INTERSECTION - FIRST EVENT COLLISION 09 - 32,SINGLE VEHICLE,CURVE & LEVEL,DARK-HWY NOT LIGHTED,,,8/23/2019 8:26:27 AM,False,7578,Accepted,
25535645,0568000,LOUISVILLE METRO POLICE DEPT,Accepted,JEFFERSON,I 0071,,I71 S,,,I 0071,I71 S EXIT5 RAMP TO I264 W,,,,,38.290522298,-85.643276540,5.225,8/22/2019 12:00:00 AM,1639,1,1,0,0,CLEAR,DRY,False,COLLISION WITH FIXED OBJECT IN INTERSECTION - FIRST EVENT COLLISION 09 - 32,SINGLE VEHICLE,CURVE & LEVEL,DAYLIGHT,,,8/23/2019 8:23:24 AM,False,7313,Accepted,
25535689,0568000,LOUISVILLE METRO POLICE DEPT,Accepted,JEFFERSON,US0031E,,BARDSTOWN,RD,,,EMRICH,,,,,38.167955337,-85.603616975,7.138,8/22/2019 12:00:00 AM,2142,2,2,0,0,CLEAR,DRY,False,ANGLE COLLISION - ONE VEHICLE TURNING LEFT,ANGLE,STRAIGHT & LEVEL,DARK (UNKNOWN ROADWAY LIGHTING),,,8/23/2019 8:25:19 AM,False,5191,Accepted,
25535622,0568000,LOUISVILLE METRO POLICE DEPT,Accepted,JEFFERSON,KY0155,,TAYLORSVILLE,RD,,KY2048,DUTCHMANS,,,,,38.222186079,-85.658438297,15.108,8/22/2019 12:00:00 AM,1319,5,5,0,1,CLEAR,DRY,False,ANGLE COLLISION - ONE VEHICLE TURNING LEFT,ANGLE,STRAIGHT & LEVEL,DAYLIGHT,,,8/23/2019 8:21:56 AM,False,7284,Accepted,
25549560,0568000,LOUISVILLE METRO POLICE DEPT,Accepted,JEFFERSON,US0060A,,EASTERN,PKWY,,,DELOR,,,,,38.217017542,-85.738521106,4.851,8/22/2019 12:00:00 AM,1340,2,2,0,2,CLEAR,DRY,False,ANGLE COLLISION - OTHER,ANGLE,STRAIGHT & LEVEL,DAYLIGHT,,,8/26/2019 3:04:39 PM,False,7116,Accepted,
25535717,0568000,LOUISVILLE METRO POLICE DEPT,Accepted,JEFFERSON,,,ALANMEDE,RD,,,CARSON,,,,,38.219840409,-85.660554111,0.467,8/22/2019 12:00:00 AM,1750,2,2,0,1,CLEAR,DRY,False,ANGLE COLLISION - OTHER,ANGLE,STRAIGHT & LEVEL,DAYLIGHT,,,8/23/2019 8:26:46 AM,False,6813,Accepted,
25535609,0568000,LOUISVILLE METRO POLICE DEPT,Accepted,JEFFERSON,,,SANDSTONE,BLVD,,,ROCKY MOUNTAIN,,,,,38.149807392,-85.650679481,0.202,8/22/2019 12:00:00 AM,1301,2,2,0,0,CLOUDY,DRY,True,ANGLE COLLISION - OTHER,ANGLE,STRAIGHT & GRADE,DAYLIGHT,,,8/23/2019 8:20:18 AM,False,2017,Accepted,
25535619,0568000,LOUISVILLE METRO POLICE DEPT,Accepted,JEFFERSON,KY1747,,FERN VALLEY,RD,,,JEFFERSON,,,,,38.156935417,-85.671490989,3.349,8/22/2019 12:00:00 AM,1535,4,4,0,2,CLOUDY,DRY,False,ANGLE COLLISION - OTHER,ANGLE,STRAIGHT & LEVEL,DAYLIGHT,,,8/23/2019 8:21:42 AM,False,4693,Accepted,
25535695,0568000,LOUISVILLE METRO POLICE DEPT,Accepted,JEFFERSON,,,ST CATHERINE,ST,E,,FLOYD,,,,,38.236476059,-85.751281155,1.083,8/22/2019 12:00:00 AM,1750,2,2,0,0,CLEAR,DRY,True,ANGLE COLLISION - OTHER,ANGLE,,DAYLIGHT,,,8/23/2019 8:25:39 AM,False,7360,Accepted,
25535696,0568000,LOUISVILLE METRO POLICE DEPT,Accepted,JEFFERSON,,,JEFFERSON,ST,E,,FLOYD,,,,,38.252896309,-85.748374310,0.848,8/22/2019 12:00:00 AM,1632,2,2,0,0,CLEAR,DRY,False,ANGLE COLLISION - OTHER,ANGLE,STRAIGHT & LEVEL,DAYLIGHT,,,8/23/2019 8:25:45 AM,False,5124,Accepted,
25535643,0568000,LOUISVILLE METRO POLICE DEPT,Accepted,JEFFERSON,US0031W,,MARKET,ST,W,,6TH,,,,,38.255587249,-85.760079842,21.655,8/22/2019 12:00:00 AM,0912,2,2,0,0,CLOUDY,WET,False,ANGLE COLLISION - OTHER,ANGLE,STRAIGHT & LEVEL,DAYLIGHT,,,8/23/2019 8:23:15 AM,False,2854,Accepted,
25535660,0568000,LOUISVILLE METRO POLICE DEPT,Accepted,JEFFERSON,KY1020,,SOUTHERN,PKWY,,,WINN,,,,,38.199018325,-85.766808303,9.011,8/22/2019 12:00:00 AM,1440,2,2,0,0,CLEAR,DRY,False,ANGLE COLLISION - OTHER,ANGLE,CURVE & LEVEL,DAYLIGHT,,,8/23/2019 8:24:10 AM,False,7286,Accepted,
25535604,0568000,LOUISVILLE METRO POLICE DEPT,Accepted,JEFFERSON,,,NANSEMOND,DR,,,MURPHY,,,,,38.304252503,-85.534142679,0.001,8/22/2019 12:00:00 AM,1257,2,2,0,0,CLOUDY,DRY,False,ANGLE COLLISION - OTHER,ANGLE,STRAIGHT & GRADE,DAYLIGHT,,,8/23/2019 8:19:36 AM,False,7765,Accepted,
25535611,0568000,LOUISVILLE METRO POLICE DEPT,Accepted,JEFFERSON,,,MCNEELY LAKE,DR,,,LEISURE,,,,,38.101829703,-85.641776139,0.149,8/22/2019 12:00:00 AM,0813,2,2,0,0,CLEAR,WET,False,ANGLE COLLISION - OTHER,ANGLE,STRAIGHT & LEVEL,DAYLIGHT,,,8/23/2019 8:20:27 AM,False,2017,Accepted,
25535722,0568000,LOUISVILLE METRO POLICE DEPT,Accepted,JEFFERSON,,,OAK,ST,W,,15TH,,,,,38.236681040,-85.778368645,1.258,8/22/2019 12:00:00 AM,1810,3,3,0,2,CLEAR,DRY,True,ANGLE COLLISION - OTHER,ANGLE,STRAIGHT & LEVEL,DAYLIGHT,,,8/23/2019 8:27:06 AM,False,5151,Accepted,
25585564,0568000,LOUISVILLE METRO POLICE DEPT,Accepted,JEFFERSON,KY1631,,CRITTENDEN,DR,,,BOXLEY,,,,,38.205374508,-85.750808405,1.201,8/22/2019 12:00:00 AM,0645,2,2,0,0,CLEAR,DRY,False,ANGLE COLLISION - OTHER,ANGLE,STRAIGHT & LEVEL,DAWN,,,9/3/2019 10:58:40 AM,False,5139,Accepted,
25535644,0568000,LOUISVILLE METRO POLICE DEPT,Accepted,JEFFERSON,,,ST ANTHONY CHURCH,RD,,,WISERTOWN,,,,,38.131730422,-85.795967995,2.214,8/22/2019 12:00:00 AM,1645,2,2,0,0,CLEAR,DRY,True,OPPOSITE DIRECTION - BOTH VEHICLES GOING STRAIGHT AHEAD,SIDESWIPE-OPPOSITE DIRECTION,CURVE & LEVEL,DAYLIGHT,,,8/23/2019 8:23:20 AM,False,7485,Accepted,
25535713,0568000,LOUISVILLE METRO POLICE DEPT,Accepted,JEFFERSON,,,26TH,ST,S,,GREEN,,,,,38.257297836,-85.794054788,0.239,8/22/2019 12:00:00 AM,2037,2,2,0,0,CLEAR,DRY,False,VEHICLE BACKING IN INTERSECTION,BACKING,STRAIGHT & LEVEL,DAYLIGHT,,,8/23/2019 8:26:35 AM,False,7173,Accepted,
25654797,0568000,LOUISVILLE METRO POLICE DEPT,Accepted,JEFFERSON,KY3064,,PORTLAND,AVE,,,26TH,,,,,38.271069249,-85.789972976,0.445,8/22/2019 12:00:00 AM,1350,2,2,0,0,RAINING,WET,False,OPPOSITE DIRECTION - BOTH VEHICLES GOING STRAIGHT AHEAD,SIDESWIPE-OPPOSITE DIRECTION,STRAIGHT & LEVEL,DAYLIGHT,,,9/18/2019 8:44:41 AM,False,7305,Accepted,
25535685,0568000,LOUISVILLE METRO POLICE DEPT,Accepted,JEFFERSON,,,BATES,AVE,,,NOLTEMEYER WYNDE,,,,,38.140568161,-85.680305486,0.386,8/22/2019 12:00:00 AM,1825,2,2,0,0,CLEAR,DRY,False,VEHICLE BACKING IN INTERSECTION,BACKING,STRAIGHT & LEVEL,DAYLIGHT,,,8/23/2019 8:25:06 AM,False,5107,Accepted,
25535706,0568000,LOUISVILLE METRO POLICE DEPT,Accepted,JEFFERSON,KY1931,,MANSLICK,RD,,KY1142,PALATKA,,,,,38.155337904,-85.802021001,5.491,8/22/2019 12:00:00 AM,2140,2,2,0,0,CLEAR,DRY,False,OPPOSING LEFT TURN,OPPOSING LEFT TURN,STRAIGHT & LEVEL,DARK (UNKNOWN ROADWAY LIGHTING),,,8/23/2019 8:26:09 AM,False,7941,Accepted,
25535691,0568000,LOUISVILLE METRO POLICE DEPT,Accepted,JEFFERSON,US0060A,,EASTERN,PKWY,,,NORRIS,,,,,38.230711240,-85.711583235,6.675,8/22/2019 12:00:00 AM,1552,3,3,0,1,CLOUDY,DRY,False,OPPOSING LEFT TURN,OPPOSING LEFT TURN,STRAIGHT & GRADE,DAYLIGHT,,,8/23/2019 8:25:25 AM,False,2228,Accepted,
25535627,0568000,LOUISVILLE METRO POLICE DEPT,Accepted,JEFFERSON,KY1703,,NEWBURG,RD,,,BASHFORD MANOR,,,,,38.195791572,-85.679662164,1.589,8/22/2019 12:00:00 AM,1651,3,3,0,0,CLEAR,DRY,False,OTHER INTERSECTION COLLISIONS,REAR END,STRAIGHT & GRADE,DAYLIGHT,,,8/23/2019 8:22:16 AM,False,7879,Accepted,
25535636,0568000,LOUISVILLE METRO POLICE DEPT,Accepted,JEFFERSON,,,CRUMS,LN,,KY2049,CRUMS,,,,,38.191622238,-85.807435563,0.044,8/22/2019 12:00:00 AM,0915,2,2,0,0,CLEAR,DRY,True,OTHER INTERSECTION COLLISIONS,REAR END,STRAIGHT & LEVEL,DAYLIGHT,,,8/23/2019 8:22:49 AM,False,5002,Accepted,
25535679,0568000,LOUISVILLE METRO POLICE DEPT,Accepted,JEFFERSON,US0060,,SHELBYVILLE,RD,,,LA FONTENAY,,,,,38.245061809,-85.559284438,8.829,8/22/2019 12:00:00 AM,2044,3,3,0,0,CLEAR,DRY,False,OTHER INTERSECTION COLLISIONS,REAR END,STRAIGHT & LEVEL,DARK-HWY LIGHTED/ON,,,8/23/2019 8:24:52 AM,False,5007,Accepted,
25535663,0568000,LOUISVILLE METRO POLICE DEPT,Accepted,JEFFERSON,US0031W,,DIXIE,HWY,,KY1849,MOORMAN,,,,,38.089538280,-85.877376095,7.249,8/22/2019 12:00:00 AM,1649,2,2,0,0,CLEAR,DRY,False,OTHER INTERSECTION COLLISIONS,REAR END,STRAIGHT & LEVEL,DAYLIGHT,,,8/23/2019 8:24:15 AM,False,2936,Accepted,
25535673,0568000,LOUISVILLE METRO POLICE DEPT,Accepted,JEFFERSON,KY1932,,BRECKENRIDGE,LN,,,LANDSIDE,,,,,38.200330062,-85.623595293,1.333,8/22/2019 12:00:00 AM,1647,2,2,0,0,CLOUDY,DRY,False,SIDESWIPE-SAME DIRECTION,SIDESWIPE-SAME DIRECTION,STRAIGHT & LEVEL,DAYLIGHT,,,8/23/2019 8:24:33 AM,False,6100,Accepted,
25535628,0568000,LOUISVILLE METRO POLICE DEPT,Accepted,JEFFERSON,,,CRITTENDEN,DR,,,PARK,,,,,38.192176536,-85.755106517,0.597,8/22/2019 12:00:00 AM,1648,2,2,0,0,CLOUDY,DRY,False,SIDESWIPE-SAME DIRECTION,SIDESWIPE-SAME DIRECTION,STRAIGHT & LEVEL,DAYLIGHT,,,8/23/2019 8:22:19 AM,False,7207,Accepted,
25535634,0568000,LOUISVILLE METRO POLICE DEPT,Accepted,JEFFERSON,KY1020,,2ND,ST,S,US0150,BROADWAY,,,,,38.245871573,-85.755040938,12.099,8/22/2019 12:00:00 AM,1321,2,2,0,0,RAINING,WET,False,OTHER INTERSECTION COLLISIONS,REAR END,STRAIGHT & LEVEL,DAYLIGHT,,,8/23/2019 8:22:42 AM,False,7463,Accepted,
25535648,0568000,LOUISVILLE METRO POLICE DEPT,Accepted,JEFFERSON,US0031E,,MAIN,ST,W,US0031W,2ND,,,,,38.256269719,-85.753308071,17.887,8/22/2019 12:00:00 AM,0817,2,2,0,0,CLOUDY,WET,False,OTHER INTERSECTION COLLISIONS,REAR END,STRAIGHT & LEVEL,DAYLIGHT,,,8/23/2019 8:23:35 AM,False,2854,Accepted,
25535683,0568000,LOUISVILLE METRO POLICE DEPT,Accepted,JEFFERSON,US0031W,,DIXIE,HWY,,,UPPER HUNTERS,,,,,38.168428436,-85.828466170,13.264,8/22/2019 12:00:00 AM,1320,2,2,0,0,RAINING,WET,False,OTHER INTERSECTION COLLISIONS,REAR END,STRAIGHT & LEVEL,DAYLIGHT,,,8/23/2019 8:25:04 AM,False,7177,Accepted,
25547046,0568000,LOUISVILLE METRO POLICE DEPT,Accepted,JEFFERSON,US0150,,BROADWAY,,E,,FLOYD,,,,,38.245473162,-85.749707713,2.843,8/22/2019 12:00:00 AM,1750,2,2,0,1,CLEAR,DRY,False,OTHER INTERSECTION COLLISIONS,REAR END,STRAIGHT & LEVEL,DAYLIGHT,,,8/26/2019 8:57:48 AM,False,2103,Accepted,
25530383,0568000,LOUISVILLE METRO POLICE DEPT,Accepted,JEFFERSON,KY1747,,FERN VALLEY,RD,,I 0065,I65 S EXIT128 ON RAMP FROM KY1631 W,,,,,38.157834654,-85.718722025,0.739,8/22/2019 12:00:00 AM,0503,2,2,0,0,RAINING,WET,False,OTHER INTERSECTION COLLISIONS,REAR END,STRAIGHT & LEVEL,DARK-HWY LIGHTED/ON,,,8/22/2019 8:48:06 AM,False,5207,Accepted,
25535623,0568000,LOUISVILLE METRO POLICE DEPT,Accepted,JEFFERSON,US0060A,,LEXINGTON,RD,,,BAUER,,,,,38.251692273,-85.660894023,10.340,8/22/2019 12:00:00 AM,1500,2,2,0,0,CLEAR,DRY,False,OTHER INTERSECTION COLLISIONS,REAR END,STRAIGHT & LEVEL,DAYLIGHT,,,8/23/2019 8:22:01 AM,False,7632,Accepted,
25535592,0568000,LOUISVILLE METRO POLICE DEPT,Accepted,JEFFERSON,,,PRODUCE,RD,,KY0864,POPLAR LEVEL,,,,,38.179331998,-85.691884429,0.008,8/22/2019 12:00:00 AM,0751,2,2,0,0,CLOUDY,DRY,False,OTHER INTERSECTION COLLISIONS,REAR END,STRAIGHT & LEVEL,DAYLIGHT,,,8/23/2019 8:18:51 AM,False,2796,Accepted,
25546835,0568000,LOUISVILLE METRO POLICE DEPT,Accepted,JEFFERSON,US0031W,,DIXIE,HWY,,,,,,,,38.058740582,-85.888563131,5.020,8/22/2019 12:00:00 AM,0257,2,1,1,0,CLOUDY,WET,False,COLLISION WITH PEDESTRIAN NON - INTERSECTION,SINGLE VEHICLE,STRAIGHT & LEVEL,DARK-HWY NOT LIGHTED,,,8/26/2019 8:39:16 AM,False,7628,Accepted,
25535681,0568000,LOUISVILLE METRO POLICE DEPT,Accepted,JEFFERSON,,,DIXIE,HWY,,,,,,,,38.229118788,-85.790170142,1.438,8/22/2019 12:00:00 AM,1500,2,1,0,1,CLEAR,DRY,True,COLLISION WITH PEDESTRIAN NON - INTERSECTION,SINGLE VEHICLE,STRAIGHT & LEVEL,DAYLIGHT,,,8/23/2019 8:24:58 AM,False,5247,Accepted,
25535632,0568000,LOUISVILLE METRO POLICE DEPT,Accepted,JEFFERSON,KY1020,,3RD,ST,S,,,,MUHAMMAD ALI,,POST OFFICE,38.250963061,-85.755836316,12.448,8/22/2019 12:00:00 AM,1446,2,2,0,0,CLOUDY,WET,False,1 VEHICLE PARKED POSITION (NOT PARKING LOT/DRIVEWAY),BACKING,STRAIGHT & LEVEL,DAYLIGHT,,,8/23/2019 8:22:33 AM,False,2854,Accepted,