IncidentID,AgencyORI,AgencyName,IncidentStatusDesc,County,RdwyNumber,Street,RoadwayName,StreetSfx,StreetDir,IntersectionRdwy,IntersectionRdwyName,BetweenStRdwy1,BetweenStRdwyName1,BetweenStRdwy2,BetweenStRdwyName2,Latitude,Longitude,Milepoint,CollisionDate,CollisionTime,UnitsInvolved,MotorVehiclesInvolved,NumberKilled,NumberInjured,Weather,RdwyConditionCode,HitandRun,DirAnalysisCode,MannerofCollision,RdwyCharacter,LightCondition,RampFromRdwyId,RampToRdwyId,AcceptedDate,IsSecondaryCollision,OwnerBadge,IncidentStatus,
25535591,0568000,LOUISVILLE METRO POLICE DEPT,Accepted,JEFFERSON,,,RIVER PARK,DR,,,,,,,,38.254018186,-85.803842430,1.269,8/22/2019 12:00:00 AM,1010,2,2,0,0,CLEAR,DRY,False,1 VEHICLE PARKED POSITION (NOT PARKING LOT/DRIVEWAY),SIDESWIPE-SAME DIRECTION,STRAIGHT & LEVEL,DAYLIGHT,,,8/23/2019 8:18:47 AM,False,7220,Accepted,
25535649,0568000,LOUISVILLE METRO POLICE DEPT,Accepted,JEFFERSON,,,2ND,ST,S,,,,EVELYN,,FAIRMONT,38.196232770,-85.763272726,1.827,8/22/2019 12:00:00 AM,1707,2,2,0,0,CLOUDY,DRY,False,1 VEHICLE PARKED POSITION (NOT PARKING LOT/DRIVEWAY),SIDESWIPE-SAME DIRECTION,STRAIGHT & HILLCREST,DAYLIGHT,,,8/23/2019 8:23:39 AM,False,2927,Accepted,
25535641,0568000,LOUISVILLE METRO POLICE DEPT,Accepted,JEFFERSON,KY0864,775,LOGAN,ST,,,,,,,,38.241497837,-85.738720091,15.189,8/22/2019 12:00:00 AM,1632,2,2,0,0,CLEAR,DRY,True,1 VEHICLE PARKED POSITION (NOT PARKING LOT/DRIVEWAY),SIDESWIPE-SAME DIRECTION,STRAIGHT & LEVEL,DAYLIGHT,,,8/23/2019 8:23:09 AM,False,7403,Accepted,
25535653,0568000,LOUISVILLE METRO POLICE DEPT,Accepted,JEFFERSON,,,BROADWAY,,W,,,,40TH,,41ST,38.250226364,-85.819115741,1.682,8/22/2019 12:00:00 AM,1107,2,2,0,0,CLOUDY,DRY,False,1 VEHICLE PARKED POSITION (NOT PARKING LOT/DRIVEWAY),SIDESWIPE-SAME DIRECTION,STRAIGHT & LEVEL,DAYLIGHT,,,8/23/2019 8:23:57 AM,False,7328,Accepted,
25535603,0568000,LOUISVILLE METRO POLICE DEPT,Accepted,JEFFERSON,,,OAK,ST,E,,,,,,,38.234332711,-85.748722494,0.366,8/22/2019 12:00:00 AM,1340,2,2,0,0,CLOUDY,DRY,True,1 VEHICLE PARKED POSITION (NOT PARKING LOT/DRIVEWAY),SIDESWIPE-SAME DIRECTION,STRAIGHT & LEVEL,DAYLIGHT,,,8/23/2019 8:19:32 AM,False,7296,Accepted,
25535702,0568000,LOUISVILLE METRO POLICE DEPT,Accepted,JEFFERSON,,1514,SYLVAN,WAY,,,,,SYLVAN,,SYLVAN WYNDE,38.208924148,-85.699243242,0.420,8/22/2019 12:00:00 AM,1901,2,2,0,0,CLOUDY,DRY,False,1 VEHICLE PARKED POSITION (NOT PARKING LOT/DRIVEWAY),SIDESWIPE-SAME DIRECTION,STRAIGHT & LEVEL,DAYLIGHT,,,8/23/2019 8:26:05 AM,False,6947,Accepted,
25535712,0568000,LOUISVILLE METRO POLICE DEPT,Accepted,JEFFERSON,,,BURWELL,AVE,,,,,,,,38.226025978,-85.793467491,0.110,8/22/2019 12:00:00 AM,0850,2,2,0,0,CLEAR,DRY,False,1 VEHICLE PARKED POSITION (NOT PARKING LOT/DRIVEWAY),SIDESWIPE-SAME DIRECTION,STRAIGHT & LEVEL,DAYLIGHT,,,8/23/2019 8:26:31 AM,False,5247,Accepted,
25535651,0568000,LOUISVILLE METRO POLICE DEPT,Accepted,JEFFERSON,,,MEADOWCREEK,DR,,,,,LEITH,,PEMAQUID,38.200059981,-85.681689896,0.125,8/22/2019 12:00:00 AM,1322,1,1,0,1,CLEAR,DRY,False,COLLISION WITH FIXED OBJECT NON - INTERSECTION - FIRST EVENT COLLISION 09 - 32 EXCLUDING 16,SINGLE VEHICLE,STRAIGHT & LEVEL,DAYLIGHT,,,8/23/2019 8:23:49 AM,False,7250,Accepted,
25585743,0568000,LOUISVILLE METRO POLICE DEPT,Accepted,JEFFERSON,KY3064,3213,PORTLAND,AVE,,,,,,,,38.274778871,-85.800341718,1.065,8/22/2019 12:00:00 AM,0347,1,1,0,0,RAINING,WET,False,COLLISION WITH FIXED OBJECT NON - INTERSECTION - FIRST EVENT COLLISION 09 - 32 EXCLUDING 16,SINGLE VEHICLE,CURVE & LEVEL,DARK (UNKNOWN ROADWAY LIGHTING),,,9/3/2019 11:14:08 AM,False,7425,Accepted,
25535633,0568000,LOUISVILLE METRO POLICE DEPT,Accepted,JEFFERSON,I 0265,,I265 W,,,,,,,,,38.134488625,-85.598412086,16.312,8/22/2019 12:00:00 AM,1624,2,2,0,0,CLEAR,DRY,False,COLLISION WITH NON-FIXED OBJECT ,SIDESWIPE-OPPOSITE DIRECTION,STRAIGHT & GRADE,DAYLIGHT,,,8/23/2019 8:22:38 AM,False,2321,Accepted,
25535680,0568000,LOUISVILLE METRO POLICE DEPT,Accepted,JEFFERSON,I 0265,,I265 S,,,,,I 0265,I265 S EXIT27 ON RAMP FROM US60,I 0265,I265 S EXIT27 OFF RAMP TO US60,38.241842681,-85.503904955,26.768,8/22/2019 12:00:00 AM,1603,2,2,0,0,CLEAR,DRY,False,REAR END IN TRAFFIC LANES BOTH VEHICLES MOVING,REAR END,STRAIGHT & LEVEL,DAYLIGHT,,,8/23/2019 8:24:56 AM,False,2109,Accepted,
25535588,0568000,LOUISVILLE METRO POLICE DEPT,Accepted,JEFFERSON,I 0071,,I71 S,,,,,I 0071,I71 S EXIT5 RAMP TO I264 W,I 0071,I71 TURN AROUND6,38.295415419,-85.628674923,6.164,8/22/2019 12:00:00 AM,0652,2,2,0,0,CLOUDY,DRY,False,REAR END IN TRAFFIC LANES BOTH VEHICLES MOVING,REAR END,STRAIGHT & GRADE,DAWN,,,8/23/2019 8:18:35 AM,False,2000,Accepted,
25535652,0568000,LOUISVILLE METRO POLICE DEPT,Accepted,JEFFERSON,I 0264,,I264 E,,,,,,,,,38.224445064,-85.644200734,17.407,8/22/2019 12:00:00 AM,1654,2,2,0,0,CLEAR,DRY,False,REAR END IN TRAFFIC LANES BOTH VEHICLES MOVING,REAR END,STRAIGHT & LEVEL,DAYLIGHT,,,8/23/2019 8:23:53 AM,False,7243,Accepted,
25535677,0568000,LOUISVILLE METRO POLICE DEPT,Accepted,JEFFERSON,I 0264,,I264 E,,,,,,,,,38.186690082,-85.793012992,8.577,8/22/2019 12:00:00 AM,1718,2,2,0,0,CLEAR,DRY,False,REAR END IN TRAFFIC LANES BOTH VEHICLES MOVING,REAR END,STRAIGHT & LEVEL,DAYLIGHT,,,8/23/2019 8:24:49 AM,False,5237,Accepted,
25552482,0568000,LOUISVILLE METRO POLICE DEPT,Accepted,JEFFERSON,I 0264,,I264 E,,,,,,,,,38.190126112,-85.754456399,10.753,8/22/2019 12:00:00 AM,1630,5,5,0,0,CLEAR,DRY,False,REAR END IN TRAFFIC LANES BOTH VEHICLES MOVING,REAR END,STRAIGHT & LEVEL,DAYLIGHT,,,8/27/2019 8:24:34 AM,False,7286,Accepted,
25557672,0568000,LOUISVILLE METRO POLICE DEPT,Accepted,JEFFERSON,KY0841,,GENE SNYDER,FWY,,,,,,,,38.088078018,-85.847613921,1.554,8/22/2019 12:00:00 AM,1511,2,2,0,0,CLOUDY,DRY,False,REAR END IN TRAFFIC LANES BOTH VEHICLES MOVING,REAR END,STRAIGHT & LEVEL,DAYLIGHT,,,8/28/2019 8:24:16 AM,False,7174,Accepted,
25547053,0568000,LOUISVILLE METRO POLICE DEPT,Accepted,JEFFERSON,I 0064,,I64 W,,,,,,,,,38.234181375,-85.612147957,12.796,8/22/2019 12:00:00 AM,1015,2,2,0,2,CLOUDY,DRY,False,REAR END IN TRAFFIC LANES BOTH VEHICLES MOVING,REAR END,STRAIGHT & LEVEL,DAYLIGHT,,,8/26/2019 8:58:42 AM,False,4656,Accepted,
25547015,0568000,LOUISVILLE METRO POLICE DEPT,Accepted,JEFFERSON,I 0264,,I264 W,,,,,,,,,38.231502000,-85.630753653,18.267,8/22/2019 12:00:00 AM,1338,2,2,0,0,CLEAR,DRY,False,REAR END IN TRAFFIC LANES BOTH VEHICLES MOVING,REAR END,STRAIGHT & LEVEL,DAYLIGHT,,,8/26/2019 8:52:43 AM,False,8278,Accepted,
25535672,0568000,LOUISVILLE METRO POLICE DEPT,Accepted,JEFFERSON,,,GRADE,LN,,,,,,,,38.158864357,-85.726010508,1.718,8/22/2019 12:00:00 AM,2211,2,2,0,0,CLEAR,DRY,False,REAR END IN TRAFFIC LANES BOTH VEHICLES MOVING,REAR END,STRAIGHT & LEVEL,DARK-HWY LIGHTED/ON,,,8/23/2019 8:24:30 AM,False,5144,Accepted,
25535600,0568000,LOUISVILLE METRO POLICE DEPT,Accepted,JEFFERSON,I 0071,,I71 S,,,,,I 0071,I71 S EXIT5 RAMP TO I264 W,I 0071,I71 TURN AROUND6,38.295415419,-85.628674923,6.164,8/22/2019 12:00:00 AM,0652,2,2,0,0,CLOUDY,DRY,False,REAR END IN TRAFFIC LANES BOTH VEHICLES MOVING,REAR END,STRAIGHT & GRADE,DAWN,,,8/23/2019 8:19:19 AM,True,2000,Accepted,
25535631,0568000,LOUISVILLE METRO POLICE DEPT,Accepted,JEFFERSON,I 0064,,I64 W,,,,,,,,,38.229916956,-85.598027610,13.739,8/22/2019 12:00:00 AM,1701,2,2,0,0,CLOUDY,DRY,False,REAR END IN TRAFFIC LANES BOTH VEHICLES MOVING,REAR END,STRAIGHT & LEVEL,DAYLIGHT,,,8/23/2019 8:22:29 AM,False,7751,Accepted,
25535613,0568000,LOUISVILLE METRO POLICE DEPT,Accepted,JEFFERSON,KY1703,,BAXTER,AVE,,,GRINSTEAD,,,,,38.237790972,-85.722350773,5.486,8/22/2019 12:00:00 AM,1412,2,2,0,0,CLOUDY,DRY,True,HEAD-ON COLLISION,HEAD ON,,DAYLIGHT,,,8/23/2019 8:20:49 AM,False,2228,Accepted,
25535621,0568000,LOUISVILLE METRO POLICE DEPT,Accepted,JEFFERSON,KY0864,,POPLAR LEVEL,RD,,,,,,,,38.211931869,-85.721008155,12.718,8/22/2019 12:00:00 AM,1600,2,2,0,0,CLEAR,DRY,False,SIDESWIPE COLLISION - SAME DIRECTION,SIDESWIPE-SAME DIRECTION,STRAIGHT & GRADE,DAYLIGHT,,,8/23/2019 8:21:51 AM,False,5130,Accepted,
25535635,0568000,LOUISVILLE METRO POLICE DEPT,Accepted,JEFFERSON,US0031E,,MAIN,ST,E,,,,BROOK,,1ST,38.256016385,-85.750814786,17.749,8/22/2019 12:00:00 AM,1727,2,2,0,0,CLEAR,DRY,False,SIDESWIPE COLLISION - SAME DIRECTION,SIDESWIPE-SAME DIRECTION,STRAIGHT & LEVEL,DAYLIGHT,,,8/23/2019 8:22:46 AM,False,2764,Accepted,
25535625,0568000,LOUISVILLE METRO POLICE DEPT,Accepted,JEFFERSON,KY1931,7511,ST ANDREWS CHURCH,RD,,,,,,,,38.153529969,-85.810107146,4.990,8/22/2019 12:00:00 AM,1751,2,2,0,0,CLEAR,DRY,True,SIDESWIPE COLLISION - OPPOSITE DIRECTION,SIDESWIPE-OPPOSITE DIRECTION,CURVE & LEVEL,DAYLIGHT,,,8/23/2019 8:22:10 AM,False,7485,Accepted,
25535686,0568000,LOUISVILLE METRO POLICE DEPT,Accepted,JEFFERSON,KY1932,,BRECKENRIDGE,LN,,,,,,,,38.220545612,-85.630928059,2.897,8/22/2019 12:00:00 AM,1740,2,2,0,2,CLEAR,DRY,False,1 VEHICLE ENTERING/LEAVING ENTRANCE,ANGLE,STRAIGHT & LEVEL,DAYLIGHT,,,8/23/2019 8:25:09 AM,False,5119,Accepted,
25530389,0568000,LOUISVILLE METRO POLICE DEPT,Accepted,JEFFERSON,KY0864,,FEGENBUSH,LN,,,,,SUNNY HILL,,CONCORD HILL,38.157490735,-85.636727079,6.253,8/22/2019 12:00:00 AM,0550,2,2,0,0,RAINING,WET,False,1 VEHICLE ENTERING/LEAVING ENTRANCE,ANGLE,CURVE & HILLCREST,DARK-HWY NOT LIGHTED,,,8/22/2019 8:48:29 AM,False,7120,Accepted,
25530391,0568000,LOUISVILLE METRO POLICE DEPT,Accepted,JEFFERSON,I 0264,,I264 W,,,,,,,,,38.191089666,-85.718491206,12.696,8/22/2019 12:00:00 AM,0335,3,3,0,2,RAINING,WET,False,1 VEHICLE ENTERING/LEAVING ENTRANCE,ANGLE,STRAIGHT & GRADE,DARK-HWY LIGHTED/OFF,,,8/22/2019 8:48:37 AM,True,7419,Accepted,
25535624,0568000,LOUISVILLE METRO POLICE DEPT,Accepted,JEFFERSON,KY1703,,NEWBURG,RD,,,,,,,,38.220093569,-85.709755247,4.084,8/22/2019 12:00:00 AM,1357,2,2,0,0,CLOUDY,DRY,False,1 VEHICLE ENTERING/LEAVING ENTRANCE,ANGLE,STRAIGHT & GRADE,DAYLIGHT,,,8/23/2019 8:22:05 AM,False,6813,Accepted,
25535639,0568000,LOUISVILLE METRO POLICE DEPT,Accepted,JEFFERSON,KY1747,,FERN VALLEY,RD,,,,,,,,38.157935030,-85.692569208,2.161,8/22/2019 12:00:00 AM,1528,2,2,0,1,CLOUDY,DRY,False,1 VEHICLE ENTERING/LEAVING ENTRANCE,ANGLE,STRAIGHT & LEVEL,DAYLIGHT,,,8/23/2019 8:23:01 AM,False,7914,Accepted,
25535665,0568000,LOUISVILLE METRO POLICE DEPT,Accepted,JEFFERSON,,,ZORN,AVE,,,,I 0071,I71 S EXIT2 OFF RAMP TO  ZORN AVE,,RIVER,38.276358367,-85.698307308,1.675,8/22/2019 12:00:00 AM,2015,2,2,0,0,CLEAR,DRY,False,1 VEHICLE ENTERING/LEAVING ENTRANCE,ANGLE,STRAIGHT & LEVEL,DARK-HWY LIGHTED/ON,,,8/23/2019 8:24:18 AM,False,2229,Accepted,
25547013,0568000,LOUISVILLE METRO POLICE DEPT,Accepted,JEFFERSON,KY0061,,PRESTON,HWY,,,,,,,,38.180001250,-85.718367468,7.345,8/22/2019 12:00:00 AM,1131,2,2,0,0,CLOUDY,DRY,True,1 VEHICLE ENTERING/LEAVING ENTRANCE,ANGLE,STRAIGHT & LEVEL,DAYLIGHT,,,8/26/2019 8:52:27 AM,False,8278,Accepted,
25535647,0568000,LOUISVILLE METRO POLICE DEPT,Accepted,JEFFERSON,KY0155,,TAYLORSVILLE,RD,,,,,,,,38.221867149,-85.655077142,14.923,8/22/2019 12:00:00 AM,1610,2,2,0,0,CLEAR,DRY,False,OTHER ROADWAY OR MID-BLOCK COLLISION,REAR END,STRAIGHT & LEVEL,DAYLIGHT,,,8/23/2019 8:23:30 AM,False,7284,Accepted,
25549557,0568000,LOUISVILLE METRO POLICE DEPT,Accepted,JEFFERSON,,,4TH,ST,S,,,,INDUSTRY,,BRANDEIS,38.216754076,-85.763661267,2.777,8/22/2019 12:00:00 AM,1550,2,2,0,0,CLEAR,DRY,False,OTHER ROADWAY OR MID-BLOCK COLLISION,REAR END,STRAIGHT & LEVEL,DAYLIGHT,,,8/26/2019 3:04:28 PM,False,7116,Accepted,
25535708,0568000,LOUISVILLE METRO POLICE DEPT,Accepted,JEFFERSON,,8449,CHASE,RD,,,,,,,,38.130009749,-85.855073021,0.029,8/22/2019 12:00:00 AM,1255,2,2,0,0,CLOUDY,DRY,True,VEHICLE BACKING NON INTERSECTION,BACKING,STRAIGHT & LEVEL,DAYLIGHT,,,8/23/2019 8:26:20 AM,False,7336,Accepted,
25535687,0568000,LOUISVILLE METRO POLICE DEPT,Accepted,JEFFERSON,I 0064,,,,,,,,,,,38.257884250,-85.723676435,0.152,8/22/2019 12:00:00 AM,0835,2,2,0,0,CLEAR,DRY,False,OTHER RAMP RELATED COLLISIONS NOT LISTED ABOVE,REAR END,STRAIGHT & GRADE,DAYLIGHT,I 0064,STORY AVE,8/23/2019 8:25:13 AM,False,5124,Accepted,
25535682,0568000,LOUISVILLE METRO POLICE DEPT,Accepted,JEFFERSON,I 0065,,,,,,,,,,,38.252931831,-85.750021781,0.211,8/22/2019 12:00:00 AM,1600,2,2,0,0,CLEAR,DRY,False,OTHER RAMP RELATED COLLISIONS NOT LISTED ABOVE,SIDESWIPE-SAME DIRECTION,CURVE & GRADE,DAYLIGHT,I 0065,E JEFFERSON ST,8/23/2019 8:25:01 AM,False,7852,Accepted,
25535715,0568000,LOUISVILLE METRO POLICE DEPT,Accepted,JEFFERSON,I 0264,,,,,,,,,,,38.210571767,-85.670876246,0.326,8/22/2019 12:00:00 AM,1538,2,2,0,0,CLOUDY,DRY,False,OTHER RAMP RELATED COLLISIONS NOT LISTED ABOVE,REAR END,CURVE & LEVEL,DAYLIGHT,I 0264,US31E S,8/23/2019 8:26:40 AM,False,6813,Accepted,
25535692,0568000,LOUISVILLE METRO POLICE DEPT,Accepted,JEFFERSON,I 0065,,,,,,,,,,,38.116116143,-85.700659627,0.292,8/22/2019 12:00:00 AM,1137,1,1,0,0,CLEAR,DRY,False,OTHER RAMP RELATED COLLISIONS NOT LISTED ABOVE,SINGLE VEHICLE,CURVE & GRADE,DAYLIGHT,I 0065,KY0481,8/23/2019 8:25:30 AM,False,7772,Accepted,
25547014,0568000,LOUISVILLE METRO POLICE DEPT,Accepted,JEFFERSON,I 0265,,,,,,,,,,,38.309196085,-85.573135087,0.209,8/22/2019 12:00:00 AM,1213,2,2,0,0,CLOUDY,DRY,False,OTHER RAMP RELATED COLLISIONS NOT LISTED ABOVE,REAR END,STRAIGHT & GRADE,DAYLIGHT,I 0265,KY0022,8/26/2019 8:52:35 AM,False,8278,Accepted,
25552519,0568000,LOUISVILLE METRO POLICE DEPT,Accepted,JEFFERSON,I 0064,,,,,,,,,,,38.257916878,-85.723682318,0.150,8/22/2019 12:00:00 AM,2030,2,2,0,0,CLEAR,DRY,False,OTHER RAMP RELATED COLLISIONS NOT LISTED ABOVE,REAR END,CURVE & GRADE,DARK-HWY LIGHTED/ON,I 0064,STORY AVE,8/27/2019 8:27:10 AM,False,5025,Accepted,
25535630,0568000,LOUISVILLE METRO POLICE DEPT,Accepted,JEFFERSON,I 0264,,,,,,,,,,,38.209401936,-85.673852098,0.140,8/22/2019 12:00:00 AM,1707,2,2,0,0,CLEAR,DRY,False,OTHER RAMP RELATED COLLISIONS NOT LISTED ABOVE,REAR END,STRAIGHT & LEVEL,DAYLIGHT,I 0264,US31E,8/23/2019 8:22:25 AM,False,7284,Accepted,
25535626,0568000,LOUISVILLE METRO POLICE DEPT,Accepted,JEFFERSON,,,BUECHEL BANK,RD,,,,,,,,38.190173730,-85.647746941,0.152,8/22/2019 12:00:00 AM,1715,2,2,0,0,CLEAR,DRY,False,OTHER ROADWAY OR MID-BLOCK COLLISION,OPPOSING LEFT TURN,STRAIGHT & LEVEL,DAYLIGHT,,,8/23/2019 8:22:13 AM,False,7307,Accepted,
25535693,0568000,LOUISVILLE METRO POLICE DEPT,Accepted,JEFFERSON,KY1703,,NEWBURG,RD,,,,,,,,38.203192742,-85.690893116,2.396,8/22/2019 12:00:00 AM,1655,2,2,0,0,CLEAR,DRY,False,OTHER ROADWAY OR MID-BLOCK COLLISION,REAR END,STRAIGHT & GRADE,DAYLIGHT,,,8/23/2019 8:25:34 AM,False,6813,Accepted,
25535612,0568000,LOUISVILLE METRO POLICE DEPT,Accepted,JEFFERSON,US0060,13314,SHELBYVILLE,RD,,,,,,,,38.233424251,-85.455965152,14.759,8/22/2019 12:00:00 AM,1320,2,2,0,0,CLOUDY,DRY,True,OTHER ROADWAY OR MID-BLOCK COLLISION,REAR TO REAR,STRAIGHT & GRADE,DAYLIGHT,,,8/23/2019 8:20:40 AM,False,2346,Accepted,
27592403,0568000,LOUISVILLE METRO POLICE DEPT,Accepted,JEFFERSON,I 0065,,I65 N,,,,,,,,,38.154348181,-85.716212238,128.034,8/22/2019 12:00:00 AM,0735,2,2,0,0,CLOUDY,WET,False,OTHER ROADWAY OR MID-BLOCK COLLISION,REAR END,STRAIGHT & LEVEL,DAYLIGHT,,,12/22/2020 8:13:24 AM,False,4903,Accepted,
25535637,0568000,LOUISVILLE METRO POLICE DEPT,Accepted,JEFFERSON,KY0022,,BROWNSBORO,RD,,,,,BROWNHURST COVE,,PINEHURST,38.292649651,-85.605615895,1.845,8/22/2019 12:00:00 AM,0705,2,2,0,0,CLOUDY,WET,False,OTHER ROADWAY OR MID-BLOCK COLLISION,REAR END,CURVE & HILLCREST,DAYLIGHT,,,8/23/2019 8:22:54 AM,False,7751,Accepted,
25530330,0568000,LOUISVILLE METRO POLICE DEPT,Accepted,JEFFERSON,I 0071,,I71 N,,,,,,,,,38.292953905,-85.654637871,4.524,8/21/2019 12:00:00 AM,0615,4,4,0,0,CLOUDY,DRY,False,OTHER ROADWAY OR MID-BLOCK COLLISION,REAR END,CURVE & LEVEL,DAYLIGHT,,,8/22/2019 8:46:32 AM,False,7751,Accepted,
25530353,0568000,LOUISVILLE METRO POLICE DEPT,Accepted,JEFFERSON,KY2055,,MT HOLLY,RD,,,,,,,,38.104503061,-85.758195952,1.361,8/21/2019 12:00:00 AM,1628,2,2,0,0,CLEAR,DRY,False,OTHER ROADWAY OR MID-BLOCK COLLISION,OPPOSING LEFT TURN,STRAIGHT & LEVEL,DAYLIGHT,,,8/22/2019 8:46:48 AM,False,7252,Accepted,
25530262,0568000,LOUISVILLE METRO POLICE DEPT,Accepted,JEFFERSON,KY0864,,POPLAR LEVEL,RD,,,,,,,,38.196767060,-85.707975527,11.410,8/21/2019 12:00:00 AM,1523,2,2,0,0,CLEAR,DRY,False,OTHER ROADWAY OR MID-BLOCK COLLISION,REAR END,STRAIGHT & GRADE,DAYLIGHT,,,8/22/2019 8:43:23 AM,False,6030,Accepted,
25530253,0568000,LOUISVILLE METRO POLICE DEPT,Accepted,JEFFERSON,,,SCOTTSDALE,BLVD,,,,,,,,38.139232467,-85.773303183,0.030,8/21/2019 12:00:00 AM,0818,2,2,0,0,CLEAR,DRY,False,OTHER ROADWAY OR MID-BLOCK COLLISION,REAR END,STRAIGHT & LEVEL,DAYLIGHT,,,8/22/2019 8:42:30 AM,False,7252,Accepted,
25530268,0568000,LOUISVILLE METRO POLICE DEPT,Accepted,JEFFERSON,I 0264,,BELLS,LN,,,,,,,,38.221901821,-85.822193545,0.177,8/21/2019 12:00:00 AM,1426,2,2,0,0,CLEAR,DRY,False,OTHER RAMP RELATED COLLISIONS NOT LISTED ABOVE,SIDESWIPE-SAME DIRECTION,STRAIGHT & LEVEL,DAYLIGHT,I 0264,KY2056,8/22/2019 8:43:47 AM,False,7481,Accepted,
25756398,0568000,LOUISVILLE METRO POLICE DEPT,Accepted,JEFFERSON,,5410,INDIAN,TRL,E,,,,INDIAN OAKS,,LODEMA,38.170883666,-85.687119030,1.078,8/21/2019 12:00:00 AM,0227,2,2,0,0,CLEAR,DRY,False,COLLISION IN PARKING LOT,ANGLE,STRAIGHT & LEVEL,DARK-HWY LIGHTED/ON,,,10/10/2019 9:57:17 AM,False,2081,Accepted,
25530371,0568000,LOUISVILLE METRO POLICE DEPT,Accepted,JEFFERSON,I 0264,,,,,,,,,,,38.211869795,-85.670882506,0.282,8/21/2019 12:00:00 AM,1429,3,3,0,0,CLEAR,DRY,True,OTHER RAMP RELATED COLLISIONS NOT LISTED ABOVE,SIDESWIPE-SAME DIRECTION,STRAIGHT & GRADE,DAYLIGHT,I 0264,US31E N,8/22/2019 8:47:10 AM,False,6813,Accepted,
25530292,0568000,LOUISVILLE METRO POLICE DEPT,Accepted,JEFFERSON,,4701,3RD,ST,S,,WOODLAWN,,,,,38.181271029,-85.766015937,1.341,8/21/2019 12:00:00 AM,1630,2,2,0,0,CLEAR,DRY,False,COLLISION IN PARKING LOT,REAR END,STRAIGHT & LEVEL,DAYLIGHT,,,8/22/2019 8:45:21 AM,False,5221,Accepted,
25535589,0568000,LOUISVILLE METRO POLICE DEPT,Accepted,JEFFERSON,US0031E,4229,BARDSTOWN,RD,,,,,,,,38.187872206,-85.638876876,9.495,8/21/2019 12:00:00 AM,0800,1,1,0,0,CLEAR,DRY,True,COLLISION IN PARKING LOT,SINGLE VEHICLE,STRAIGHT & LEVEL,UNKNOWN,,,8/23/2019 8:18:40 AM,False,7303,Accepted,
25535383,0561500,UNIV. OF LOUISVILLE POLICE,Accepted,JEFFERSON,,2126,FLOYD,ST,S,,,,,,,38.216682617,-85.755198487,2.869,8/21/2019 12:00:00 AM,0951,2,2,0,0,CLEAR,DRY,True,COLLISION IN PARKING LOT,ANGLE,STRAIGHT & LEVEL,DAYLIGHT,,,8/23/2019 7:08:49 AM,False,5676,Accepted,
25529971,0566900,LOUISVILLE AIRPORT POLICE,Accepted,JEFFERSON,,,TOLL PLAZA,RD,,,,,,,,38.187883967,-85.740641460,0.074,8/21/2019 12:00:00 AM,1818,2,2,0,0,CLEAR,DRY,False,COLLISION IN PARKING LOT,BACKING,STRAIGHT & LEVEL,DAYLIGHT,,,8/22/2019 7:28:14 AM,False,5751,Accepted,
25530302,0568000,LOUISVILLE METRO POLICE DEPT,Accepted,JEFFERSON,,2505,BAGBY,WAY,,,,,,,,38.164719651,-85.858584626,0.057,8/21/2019 12:00:00 AM,1139,2,2,0,0,CLEAR,DRY,False,VEHICLE BACKING NON INTERSECTION,BACKING,STRAIGHT & LEVEL,DAYLIGHT,,,8/22/2019 8:46:11 AM,False,7485,Accepted,
25535667,0568000,LOUISVILLE METRO POLICE DEPT,Accepted,JEFFERSON,KY0061,,PRESTON,HWY,,,,,,,,38.100356270,-85.671529865,1.175,8/21/2019 12:00:00 AM,1830,2,2,0,0,CLEAR,DRY,False,OTHER ROADWAY OR MID-BLOCK COLLISION,REAR END,STRAIGHT & LEVEL,DAYLIGHT,,,8/23/2019 8:24:22 AM,False,7173,Accepted,
25530275,0568000,LOUISVILLE METRO POLICE DEPT,Accepted,JEFFERSON,I 0065,,I65 N,,,,,,,,,38.185457019,-85.724653219,130.315,8/21/2019 12:00:00 AM,0733,2,2,0,0,CLEAR,DRY,True,OTHER ROADWAY OR MID-BLOCK COLLISION,REAR END,STRAIGHT & LEVEL,DAYLIGHT,,,8/22/2019 8:44:10 AM,False,4903,Accepted,
25530261,0568000,LOUISVILLE METRO POLICE DEPT,Accepted,JEFFERSON,KY1865,,NEW CUT,RD,,,,,PINE CREST,KY1065,OUTER,38.127132440,-85.776011308,1.237,8/21/2019 12:00:00 AM,1436,2,2,0,3,CLEAR,DRY,False,OTHER ROADWAY OR MID-BLOCK COLLISION,OPPOSING LEFT TURN,STRAIGHT & LEVEL,DAYLIGHT,,,8/22/2019 8:43:17 AM,False,2600,Accepted,
25530369,0568000,LOUISVILLE METRO POLICE DEPT,Accepted,JEFFERSON,I 0264,,I264 E,,,,,,,,,38.227070048,-85.638440826,17.770,8/21/2019 12:00:00 AM,0853,2,2,0,2,CLEAR,DRY,False,OTHER ROADWAY OR MID-BLOCK COLLISION,REAR END,STRAIGHT & LEVEL,DAYLIGHT,,,8/22/2019 8:47:03 AM,False,6813,Accepted,