IncidentID,AgencyORI,AgencyName,IncidentStatusDesc,County,RdwyNumber,Street,RoadwayName,StreetSfx,StreetDir,IntersectionRdwy,IntersectionRdwyName,BetweenStRdwy1,BetweenStRdwyName1,BetweenStRdwy2,BetweenStRdwyName2,Latitude,Longitude,Milepoint,CollisionDate,CollisionTime,UnitsInvolved,MotorVehiclesInvolved,NumberKilled,NumberInjured,Weather,RdwyConditionCode,HitandRun,DirAnalysisCode,MannerofCollision,RdwyCharacter,LightCondition,RampFromRdwyId,RampToRdwyId,AcceptedDate,IsSecondaryCollision,OwnerBadge,IncidentStatus,
25530376,0568000,LOUISVILLE METRO POLICE DEPT,Accepted,JEFFERSON,KY0061,,PRESTON,HWY,,,,,,,,38.093116219,-85.669355147,0.669,8/21/2019 12:00:00 AM,2053,2,2,0,0,CLEAR,DRY,False,OTHER ROADWAY OR MID-BLOCK COLLISION,REAR END,STRAIGHT & LEVEL,DARK-HWY NOT LIGHTED,,,8/22/2019 8:47:33 AM,False,7474,Accepted,
25549498,0568000,LOUISVILLE METRO POLICE DEPT,Accepted,JEFFERSON,US0060,,SHELBYVILLE,RD,,,,,,,,38.235427231,-85.425451691,16.473,8/21/2019 12:00:00 AM,1900,2,2,0,0,CLEAR,DRY,False,1 VEHICLE ENTERING/LEAVING ENTRANCE,ANGLE,STRAIGHT & GRADE,DAYLIGHT,,,8/26/2019 2:57:02 PM,False,6532,Accepted,
25557666,0568000,LOUISVILLE METRO POLICE DEPT,Accepted,JEFFERSON,US0060A,,BERRY,BLVD,,,,,,,,38.196751659,-85.798206239,0.634,8/21/2019 12:00:00 AM,1300,2,2,0,0,CLEAR,DRY,False,1 VEHICLE ENTERING/LEAVING ENTRANCE,ANGLE,STRAIGHT & LEVEL,DAYLIGHT,,,8/28/2019 8:23:47 AM,False,7298,Accepted,
25530324,0568000,LOUISVILLE METRO POLICE DEPT,Accepted,JEFFERSON,,,CLARA,AVE,,,,,,,,38.199838678,-85.783823005,0.064,8/21/2019 12:00:00 AM,0815,2,2,0,0,CLEAR,DRY,False,1 VEHICLE ENTERING/LEAVING ENTRANCE,ANGLE,STRAIGHT & LEVEL,DAYLIGHT,,,8/22/2019 8:46:29 AM,False,7286,Accepted,
25530397,0568000,LOUISVILLE METRO POLICE DEPT,Accepted,JEFFERSON,KY0907,4909,VALLEY STATION,RD,,,,,,,,38.105875916,-85.851807065,0.856,8/21/2019 12:00:00 AM,1330,2,2,0,1,CLEAR,DRY,False,1 VEHICLE ENTERING/LEAVING ENTRANCE,ANGLE,STRAIGHT & LEVEL,DAYLIGHT,,,8/22/2019 8:50:52 AM,False,7336,Accepted,
25530373,0568000,LOUISVILLE METRO POLICE DEPT,Accepted,JEFFERSON,US0031E,,BARDSTOWN,RD,,,,,,,,38.238412347,-85.720971309,15.423,8/21/2019 12:00:00 AM,1929,2,2,0,0,CLEAR,DRY,False,1 VEHICLE ENTERING/LEAVING ENTRANCE,ANGLE,STRAIGHT & LEVEL,DAYLIGHT,,,8/22/2019 8:47:18 AM,False,5252,Accepted,
25530265,0568000,LOUISVILLE METRO POLICE DEPT,Accepted,JEFFERSON,,1220,GILMORE,LN,,,,,,,,38.175843531,-85.710926200,0.133,8/21/2019 12:00:00 AM,1508,2,2,0,0,CLEAR,DRY,False,1 VEHICLE ENTERING/LEAVING ENTRANCE,ANGLE,STRAIGHT & LEVEL,DAYLIGHT,,,8/22/2019 8:43:36 AM,False,2796,Accepted,
25530263,0568000,LOUISVILLE METRO POLICE DEPT,Accepted,JEFFERSON,,,CHESTNUT,ST,W,,,,,,,38.248724451,-85.755932473,2.471,8/21/2019 12:00:00 AM,1116,2,2,0,0,CLEAR,DRY,False,1 VEHICLE ENTERING/LEAVING ENTRANCE,ANGLE,STRAIGHT & LEVEL,DAYLIGHT,,,8/22/2019 8:43:27 AM,False,4693,Accepted,
25530278,0568000,LOUISVILLE METRO POLICE DEPT,Accepted,JEFFERSON,KY0864,,CEDAR CREEK,RD,,,,,,,,38.094913431,-85.620445692,0.915,8/21/2019 12:00:00 AM,0835,2,2,0,0,CLEAR,DRY,False,SIDESWIPE COLLISION - OPPOSITE DIRECTION,SIDESWIPE-OPPOSITE DIRECTION,STRAIGHT & LEVEL,DAYLIGHT,,,8/22/2019 8:44:18 AM,False,7989,Accepted,
25613727,0568000,LOUISVILLE METRO POLICE DEPT,Accepted,JEFFERSON,I 0264,,I264 W,,,,,,,,,38.224854734,-85.643834444,17.430,8/21/2019 12:00:00 AM,1634,5,1,0,2,CLOUDY,DRY,False,SIDESWIPE COLLISION - SAME DIRECTION,SIDESWIPE-SAME DIRECTION,STRAIGHT & LEVEL,DAYLIGHT,,,9/9/2019 11:30:40 AM,False,6813,Accepted,
25530348,0568000,LOUISVILLE METRO POLICE DEPT,Accepted,JEFFERSON,I 0065,,I65 N,,,,,,,,,38.167557853,-85.720658059,128.995,8/21/2019 12:00:00 AM,1140,2,2,0,0,CLEAR,DRY,False,SIDESWIPE COLLISION - SAME DIRECTION,SIDESWIPE-SAME DIRECTION,STRAIGHT & LEVEL,DAYLIGHT,,,8/22/2019 8:46:44 AM,False,7234,Accepted,
25535601,0568000,LOUISVILLE METRO POLICE DEPT,Accepted,JEFFERSON,,,TREVILIAN,WAY,,,,US0031E,BARDSTOWN,,LAKESIDE,38.222791993,-85.684894218,0.595,8/21/2019 12:00:00 AM,1449,2,2,0,0,CLEAR,DRY,False,SIDESWIPE COLLISION - SAME DIRECTION,SIDESWIPE-SAME DIRECTION,STRAIGHT & LEVEL,DAYLIGHT,,,8/23/2019 8:19:22 AM,False,2100,Accepted,
25535700,0568000,LOUISVILLE METRO POLICE DEPT,Accepted,JEFFERSON,I 0265,,I265 W,,,,,,,,,38.141802138,-85.571519731,17.942,8/21/2019 12:00:00 AM,2128,2,2,0,0,CLEAR,DRY,False,SIDESWIPE COLLISION - SAME DIRECTION,SIDESWIPE-SAME DIRECTION,STRAIGHT & LEVEL,DARK-HWY LIGHTED/OFF,,,8/23/2019 8:26:01 AM,False,5014,Accepted,
25530375,0568000,LOUISVILLE METRO POLICE DEPT,Accepted,JEFFERSON,I 0265,,I265 W,,,,,I 0265,I265 W EXIT19 OFF RAMP TO KY1819,I 0265,I265 W EXIT23 ON RAMP FROM KY155,38.171800229,-85.517752617,21.762,8/21/2019 12:00:00 AM,1945,2,2,0,0,CLEAR,DRY,False,SIDESWIPE COLLISION - SAME DIRECTION,SIDESWIPE-SAME DIRECTION,STRAIGHT & LEVEL,DAYLIGHT,,,8/22/2019 8:47:27 AM,False,2775,Accepted,
25530282,0568000,LOUISVILLE METRO POLICE DEPT,Accepted,JEFFERSON,KY0061,,PRESTON,ST,S,,,,KENTUCKY,,ROLAND,38.238228471,-85.748733886,11.708,8/21/2019 12:00:00 AM,1650,2,2,0,0,CLEAR,DRY,False,SIDESWIPE COLLISION - SAME DIRECTION,SIDESWIPE-SAME DIRECTION,STRAIGHT & LEVEL,DAYLIGHT,,,8/22/2019 8:44:40 AM,False,7390,Accepted,
25532635,0564500,PROSPECT POLICE DEPARTMENT,Accepted,JEFFERSON,KY3222,8000,ROSE ISLAND,RD,,,,,,,,38.363081508,-85.617360369,0.627,8/21/2019 12:00:00 AM,1306,2,2,0,1,CLEAR,DRY,False,HEAD-ON COLLISION,HEAD ON,CURVE & LEVEL,DAYLIGHT,,,8/22/2019 3:44:07 PM,False,1137,Accepted,
25547012,0568000,LOUISVILLE METRO POLICE DEPT,Accepted,JEFFERSON,KY0061,,PRESTON,HWY,,,,,,,,38.180155621,-85.718524582,7.358,8/21/2019 12:00:00 AM,1035,2,2,0,2,CLEAR,DRY,False,HEAD-ON COLLISION,HEAD ON,STRAIGHT & LEVEL,DAYLIGHT,,,8/26/2019 8:52:18 AM,False,8278,Accepted,
25535605,0568000,LOUISVILLE METRO POLICE DEPT,Accepted,JEFFERSON,KY2048,,DUTCHMANS,LN,,,,,DUTCHMANS,,ABIGAIL,38.225713998,-85.651275657,0.442,8/21/2019 12:00:00 AM,1341,2,2,0,0,CLEAR,DRY,False,REAR END IN TRAFFIC LANES BOTH VEHICLES MOVING,REAR END,STRAIGHT & LEVEL,DAYLIGHT,,,8/23/2019 8:19:40 AM,False,2100,Accepted,
25530284,0568000,LOUISVILLE METRO POLICE DEPT,Accepted,JEFFERSON,I 0265,,I265 N,,,,,,,,,38.288564005,-85.530306454,31.354,8/21/2019 12:00:00 AM,1750,2,2,0,0,CLOUDY,DRY,False,REAR END IN TRAFFIC LANES BOTH VEHICLES MOVING,REAR END,STRAIGHT & LEVEL,DAYLIGHT,,,8/22/2019 8:44:47 AM,False,2346,Accepted,
25530257,0568000,LOUISVILLE METRO POLICE DEPT,Accepted,JEFFERSON,I 0065,,I65 N,,,,,,,,,38.158799424,-85.719137107,128.379,8/21/2019 12:00:00 AM,0800,2,2,0,0,CLEAR,DRY,False,REAR END IN TRAFFIC LANES BOTH VEHICLES MOVING,REAR END,STRAIGHT & GRADE,DAYLIGHT,,,8/22/2019 8:42:55 AM,False,5130,Accepted,
25530297,0568000,LOUISVILLE METRO POLICE DEPT,Accepted,JEFFERSON,US0031W,,DIXIE,HWY,,,,,,,,38.149732391,-85.837091897,12.060,8/21/2019 12:00:00 AM,1523,2,2,0,0,CLEAR,DRY,False,REAR END IN TRAFFIC LANES BOTH VEHICLES MOVING,REAR END,STRAIGHT & LEVEL,DAYLIGHT,,,8/22/2019 8:45:55 AM,False,7424,Accepted,
25530270,0568000,LOUISVILLE METRO POLICE DEPT,Accepted,JEFFERSON,I 0265,,,,,,,,,,,38.286146404,-85.514164660,0.063,8/21/2019 12:00:00 AM,0800,2,2,0,0,CLEAR,DRY,False,REAR END IN TRAFFIC LANES BOTH VEHICLES MOVING,REAR END,CURVE & GRADE,DAYLIGHT,,,8/22/2019 8:43:56 AM,False,6532,Accepted,
25530381,0568000,LOUISVILLE METRO POLICE DEPT,Accepted,JEFFERSON,US0031E,,BUECHEL,BYP,,,,,HIKES,,BUECHEL BYPASS RAMP FROM CR 1020G,38.197007193,-85.659605624,10.854,8/21/2019 12:00:00 AM,0824,2,2,0,0,CLOUDY,DRY,True,REAR END IN TRAFFIC LANES BOTH VEHICLES MOVING,REAR END,STRAIGHT & LEVEL,DAYLIGHT,,,8/22/2019 8:47:54 AM,False,6100,Accepted,
25535721,0568000,LOUISVILLE METRO POLICE DEPT,Accepted,JEFFERSON,,,LIBERTY,ST,W,,,,,,,38.253353784,-85.764541149,0.203,8/21/2019 12:00:00 AM,1249,2,2,0,0,CLEAR,DRY,False,REAR END IN TRAFFIC LANES BOTH VEHICLES MOVING,REAR END,STRAIGHT & LEVEL,DAYLIGHT,,,8/23/2019 8:27:03 AM,False,7969,Accepted,
25535587,0568000,LOUISVILLE METRO POLICE DEPT,Accepted,JEFFERSON,US0031E,,BARDSTOWN,RD,,,,,,,,38.168881278,-85.604883083,7.235,8/21/2019 12:00:00 AM,0923,3,3,0,0,CLEAR,DRY,False,REAR END IN TRAFFIC LANES BOTH VEHICLES MOVING,REAR END,STRAIGHT & LEVEL,DAYLIGHT,,,8/23/2019 8:18:29 AM,False,7755,Accepted,
25530273,0568000,LOUISVILLE METRO POLICE DEPT,Accepted,JEFFERSON,,800,PHILLIPS,LN,,,,,,,,38.191399880,-85.743276816,0.507,8/21/2019 12:00:00 AM,1433,2,2,0,0,CLEAR,DRY,False,REAR END IN TRAFFIC LANES BOTH VEHICLES MOVING,REAR END,STRAIGHT & LEVEL,DAYLIGHT,,,8/22/2019 8:44:06 AM,False,7251,Accepted,
25530264,0568000,LOUISVILLE METRO POLICE DEPT,Accepted,JEFFERSON,KY0061,6408,PRESTON,HWY,,,,,,,,38.159178838,-85.698278919,5.534,8/21/2019 12:00:00 AM,0828,2,2,0,0,CLOUDY,DRY,False,REAR END IN TRAFFIC LANES BOTH VEHICLES MOVING,REAR END,STRAIGHT & LEVEL,DAYLIGHT,,,8/22/2019 8:43:31 AM,False,2796,Accepted,
25530267,0568000,LOUISVILLE METRO POLICE DEPT,Accepted,JEFFERSON,KY1065,,OUTER,LOOP,,,,,BRIARCLIFF,,LONE OAK,38.136136488,-85.697098378,5.470,8/21/2019 12:00:00 AM,0852,2,2,0,0,CLEAR,DRY,False,MEDIAN CROSS-OVER COLLISION ,OPPOSING LEFT TURN,STRAIGHT & LEVEL,DAYLIGHT,,,8/22/2019 8:43:43 AM,False,2324,Accepted,
25530394,0568000,LOUISVILLE METRO POLICE DEPT,Accepted,JEFFERSON,KY1230,,LOWER RIVER,RD,,,,,MOORMAN RIVER,,ORELL,38.087838856,-85.897906951,1.840,8/21/2019 12:00:00 AM,1515,1,1,0,1,CLEAR,DRY,False,RAN OFF ROADWAY (1 VEHICLE WITH/EARTH EMBANKMENT/DITCH),SINGLE VEHICLE,STRAIGHT & LEVEL,DAYLIGHT,,,8/22/2019 8:48:53 AM,False,7634,Accepted,
25535597,0568000,LOUISVILLE METRO POLICE DEPT,Accepted,JEFFERSON,I 0264,,I264 W,,,,,,,,,38.241051618,-85.815116763,2.681,8/21/2019 12:00:00 AM,1747,1,1,0,1,CLEAR,DRY,False,COLLISION WITH FIXED OBJECT NON - INTERSECTION - FIRST EVENT COLLISION 09 - 32 EXCLUDING 16,SINGLE VEHICLE,CURVE & GRADE,DAYLIGHT,,,8/23/2019 8:19:09 AM,False,7944,Accepted,
25596858,0568000,LOUISVILLE METRO POLICE DEPT,Accepted,JEFFERSON,KY1934,4603,CANE RUN,RD,,,,,,,,38.192598478,-85.846145666,8.511,8/21/2019 12:00:00 AM,0651,1,1,0,0,CLEAR,DRY,False,COLLISION WITH FIXED OBJECT NON - INTERSECTION - FIRST EVENT COLLISION 09 - 32 EXCLUDING 16,SINGLE VEHICLE,STRAIGHT & LEVEL,DAYLIGHT,,,9/5/2019 9:03:30 AM,False,7393,Accepted,
25535650,0568000,LOUISVILLE METRO POLICE DEPT,Accepted,JEFFERSON,,1903,INTEGRITY,WAY,,,,,,,,38.223667208,-85.591243976,,8/21/2019 12:00:00 AM,1809,2,2,0,0,CLEAR,DRY,True,1 VEHICLE PARKED POSITION (NOT PARKING LOT/DRIVEWAY),BACKING,STRAIGHT & LEVEL,DAYLIGHT,,,8/23/2019 8:23:46 AM,False,2429,Accepted,
25546964,0568000,LOUISVILLE METRO POLICE DEPT,Accepted,JEFFERSON,,,4TH,ST,N,,,KY3077,RIVER,US0031W,MAIN,38.257032295,-85.756468663,0.029,8/21/2019 12:00:00 AM,1231,2,2,0,0,CLEAR,DRY,False,1 VEHICLE PARKED POSITION (NOT PARKING LOT/DRIVEWAY),BACKING,STRAIGHT & GRADE,DAYLIGHT,,,8/26/2019 8:48:58 AM,False,7661,Accepted,
25530310,0568000,LOUISVILLE METRO POLICE DEPT,Accepted,JEFFERSON,KY1447,,WESTPORT,RD,,,CHAMBERLAIN,,,,,38.299220153,-85.541844165,7.046,8/21/2019 12:00:00 AM,1621,2,2,0,0,CLOUDY,DRY,False,OTHER INTERSECTION COLLISIONS,REAR END,STRAIGHT & LEVEL,DAYLIGHT,,,8/22/2019 8:46:17 AM,False,2346,Accepted,
25530359,0568000,LOUISVILLE METRO POLICE DEPT,Accepted,JEFFERSON,,,HILL,ST,W,,13TH,,,,,38.227764612,-85.777293088,1.074,8/21/2019 12:00:00 AM,1442,2,2,0,0,CLEAR,DRY,False,OTHER INTERSECTION COLLISIONS,REAR END,STRAIGHT & LEVEL,DAYLIGHT,,,8/22/2019 8:46:51 AM,False,7387,Accepted,
25530378,0568000,LOUISVILLE METRO POLICE DEPT,Accepted,JEFFERSON,KY1142,,PALATKA,RD,,KY1865,NEW CUT,,,,,38.150796799,-85.776356762,1.446,8/21/2019 12:00:00 AM,2043,2,2,0,0,CLEAR,DRY,True,OTHER INTERSECTION COLLISIONS,REAR END,STRAIGHT & LEVEL,DARK (UNKNOWN ROADWAY LIGHTING),,,8/22/2019 8:47:42 AM,False,7483,Accepted,
25530392,0568000,LOUISVILLE METRO POLICE DEPT,Accepted,JEFFERSON,US0031E,,BARDSTOWN,RD,,,TYLER,,,,,38.217790286,-85.677405494,12.592,8/21/2019 12:00:00 AM,1911,2,2,0,0,CLEAR,DRY,False,OTHER INTERSECTION COLLISIONS,REAR END,STRAIGHT & LEVEL,DAYLIGHT,,,8/22/2019 8:48:44 AM,False,5029,Accepted,
25530266,0568000,LOUISVILLE METRO POLICE DEPT,Accepted,JEFFERSON,KY1020,,SOUTHSIDE,DR,,,HATCHER,,,,,38.153726503,-85.765198357,5.779,8/21/2019 12:00:00 AM,1534,2,2,0,0,CLOUDY,DRY,False,OTHER INTERSECTION COLLISIONS,REAR END,STRAIGHT & LEVEL,DAYLIGHT,,,8/22/2019 8:43:40 AM,False,7768,Accepted,
25530291,0568000,LOUISVILLE METRO POLICE DEPT,Accepted,JEFFERSON,KY0061,,PRESTON,HWY,,,GILMORE,,,,,38.174658529,-85.712748001,6.879,8/21/2019 12:00:00 AM,0728,2,2,0,0,CLEAR,DRY,False,OTHER INTERSECTION COLLISIONS,REAR END,STRAIGHT & LEVEL,DAYLIGHT,,,8/22/2019 8:45:17 AM,False,7473,Accepted,
25530252,0568000,LOUISVILLE METRO POLICE DEPT,Accepted,JEFFERSON,KY1747,,HURSTBOURNE,PKWY,,US0031E,BARDSTOWN,,,,,38.168829378,-85.605091843,7.479,8/21/2019 12:00:00 AM,0800,2,2,0,0,CLEAR,DRY,False,OTHER INTERSECTION COLLISIONS,REAR END,CURVE & LEVEL,DAYLIGHT,,,8/22/2019 8:42:25 AM,False,6337,Accepted,
25530256,0568000,LOUISVILLE METRO POLICE DEPT,Accepted,JEFFERSON,,,JEFFERSON,BLVD,,KY1065,OUTER,,,,,38.138191265,-85.675181148,0.008,8/21/2019 12:00:00 AM,0901,2,2,0,0,CLEAR,DRY,False,OTHER INTERSECTION COLLISIONS,REAR END,STRAIGHT & LEVEL,DAYLIGHT,,,8/22/2019 8:42:49 AM,False,7914,Accepted,
25530279,0568000,LOUISVILLE METRO POLICE DEPT,Accepted,JEFFERSON,,,6TH,ST,S,US0150,BROADWAY,,,,,38.246324050,-85.761716119,0.742,8/21/2019 12:00:00 AM,1534,2,2,0,1,CLEAR,DRY,False,OTHER INTERSECTION COLLISIONS,REAR END,STRAIGHT & LEVEL,DAYLIGHT,,,8/22/2019 8:44:24 AM,False,2854,Accepted,
25596908,0568000,LOUISVILLE METRO POLICE DEPT,Accepted,JEFFERSON,,,7TH,ST,S,,HILL,,,,,38.226761918,-85.769005441,0.658,8/21/2019 12:00:00 AM,1830,2,2,0,0,CLEAR,DRY,True,OTHER INTERSECTION COLLISIONS,REAR END,STRAIGHT & LEVEL,DAYLIGHT,,,9/5/2019 9:13:40 AM,False,7168,Accepted,
25530398,0568000,LOUISVILLE METRO POLICE DEPT,Accepted,JEFFERSON,US0031W,,DIXIE,HWY,,,WELLS,,,,,38.147705063,-85.837922359,11.937,8/21/2019 12:00:00 AM,1500,4,4,0,1,CLEAR,DRY,False,SIDESWIPE-SAME DIRECTION,SIDESWIPE-SAME DIRECTION,STRAIGHT & LEVEL,DAYLIGHT,,,8/22/2019 8:51:04 AM,False,7336,Accepted,
25530281,0568000,LOUISVILLE METRO POLICE DEPT,Accepted,JEFFERSON,US0060,,FRANKFORT,AVE,,,BLACKBURN,,,,,38.254342630,-85.675566323,2.454,8/21/2019 12:00:00 AM,1540,2,2,0,0,CLEAR,DRY,False,SIDESWIPE-SAME DIRECTION,SIDESWIPE-SAME DIRECTION,STRAIGHT & LEVEL,DAYLIGHT,,,8/22/2019 8:44:35 AM,False,2413,Accepted,
25547289,0568000,LOUISVILLE METRO POLICE DEPT,Accepted,JEFFERSON,,,1ST,ST,S,,JEFFERSON,,,,,38.253296171,-85.752085450,0.192,8/21/2019 12:00:00 AM,1759,2,2,0,0,CLEAR,DRY,False,SIDESWIPE-SAME DIRECTION,SIDESWIPE-SAME DIRECTION,STRAIGHT & LEVEL,DAYLIGHT,,,8/26/2019 9:19:10 AM,False,7239,Accepted,
25557659,0568000,LOUISVILLE METRO POLICE DEPT,Accepted,JEFFERSON,,,LENTZ,AVE,,US0060A,BERRY,,,,,38.196391897,-85.785670092,0.002,8/21/2019 12:00:00 AM,1500,2,2,0,0,CLEAR,DRY,True,SIDESWIPE-SAME DIRECTION,SIDESWIPE-SAME DIRECTION,STRAIGHT & LEVEL,DAYLIGHT,,,8/28/2019 8:23:02 AM,False,7298,Accepted,
25530298,0568000,LOUISVILLE METRO POLICE DEPT,Accepted,JEFFERSON,KY1934,,GREENBELT,HWY,,,RAGGARD,,,,,38.174560997,-85.871176366,6.617,8/21/2019 12:00:00 AM,0941,2,2,0,0,CLEAR,DRY,False,OTHER INTERSECTION COLLISIONS,REAR END,STRAIGHT & LEVEL,DAYLIGHT,,,8/22/2019 8:46:00 AM,False,7177,Accepted,
25530307,0568000,LOUISVILLE METRO POLICE DEPT,Accepted,JEFFERSON,,,LOGISTICS,DR,,KY1934,GREENBELT,,,,,38.165416552,-85.878601408,0.010,8/21/2019 12:00:00 AM,1407,2,2,0,0,CLEAR,DRY,False,OTHER INTERSECTION COLLISIONS,REAR END,STRAIGHT & LEVEL,DAYLIGHT,,,8/22/2019 8:46:15 AM,False,7485,Accepted,
25530388,0568000,LOUISVILLE METRO POLICE DEPT,Accepted,JEFFERSON,US0060A,,EASTERN,PKWY,,,BURNETT,,,,,38.218907358,-85.735295215,5.069,8/21/2019 12:00:00 AM,2013,2,2,0,0,CLEAR,DRY,False,OTHER INTERSECTION COLLISIONS,REAR END,CURVE & LEVEL,DUSK,,,8/22/2019 8:48:25 AM,False,5123,Accepted,
25530340,0568000,LOUISVILLE METRO POLICE DEPT,Accepted,JEFFERSON,US0060A,,EASTERN,PKWY,,,CRITTENDEN,,,,,38.211565629,-85.751337217,4.070,8/21/2019 12:00:00 AM,1512,2,2,0,0,CLEAR,DRY,True,VEHICLE BACKING IN INTERSECTION,BACKING,STRAIGHT & LEVEL,DAYLIGHT,,,8/22/2019 8:46:39 AM,False,7390,Accepted,
25530374,0568000,LOUISVILLE METRO POLICE DEPT,Accepted,JEFFERSON,,,HILL,ST,W,,WILSON,,,,,38.230724697,-85.803303756,2.561,8/21/2019 12:00:00 AM,2322,2,2,0,0,CLEAR,DRY,False,REAR END - ONE VEHICLE TURNING LEFT,REAR END,STRAIGHT & LEVEL,DARK-HWY LIGHTED/ON,,,8/22/2019 8:47:24 AM,False,7437,Accepted,
25530290,0568000,LOUISVILLE METRO POLICE DEPT,Accepted,JEFFERSON,KY1631,,CRITTENDEN,DR,,,PHILLIPS,,,,,38.192258038,-85.750896745,0.301,8/21/2019 12:00:00 AM,1010,2,2,0,1,CLEAR,DRY,False,ANGLE COLLISION - OTHER,ANGLE,STRAIGHT & LEVEL,DAYLIGHT,,,8/22/2019 8:45:10 AM,False,7207,Accepted,
25530390,0568000,LOUISVILLE METRO POLICE DEPT,Accepted,JEFFERSON,,,CRUMS,LN,,US0031W,DIXIE,,,,,38.191733813,-85.807505791,0.036,8/21/2019 12:00:00 AM,1856,2,2,0,0,CLEAR,DRY,False,ANGLE COLLISION - OTHER,ANGLE,STRAIGHT & LEVEL,DARK-HWY LIGHTED/ON,,,8/22/2019 8:48:34 AM,False,7435,Accepted,
25530283,0568000,LOUISVILLE METRO POLICE DEPT,Accepted,JEFFERSON,,,GARLAND,AVE,,,45TH,,,,,38.247478132,-85.827339663,3.267,8/21/2019 12:00:00 AM,1800,2,2,0,0,CLEAR,DRY,True,ANGLE COLLISION - OTHER,ANGLE,STRAIGHT & LEVEL,DAYLIGHT,,,8/22/2019 8:44:43 AM,False,7538,Accepted,
25530296,0568000,LOUISVILLE METRO POLICE DEPT,Accepted,JEFFERSON,KY0061,,PRESTON,HWY,,,PIGEON PASS,,,,,38.175917757,-85.714077639,6.989,8/21/2019 12:00:00 AM,1425,2,2,0,0,CLEAR,DRY,False,ANGLE COLLISION - OTHER,ANGLE,STRAIGHT & LEVEL,DAYLIGHT,,,8/22/2019 8:45:48 AM,False,7473,Accepted,
25535614,0568000,LOUISVILLE METRO POLICE DEPT,Accepted,JEFFERSON,,,7TH,ST,S,,BRECKINRIDGE,,,,,38.242627665,-85.764098080,1.754,8/21/2019 12:00:00 AM,1100,4,4,0,1,CLEAR,DRY,True,ANGLE COLLISION - OTHER,ANGLE,STRAIGHT & LEVEL,DAYLIGHT,,,8/23/2019 8:20:57 AM,False,7116,Accepted,
25530344,0568000,LOUISVILLE METRO POLICE DEPT,Accepted,JEFFERSON,,,LILLY,AVE,,,CRITTENDEN,,,,,38.213506556,-85.751070699,,8/21/2019 12:00:00 AM,0720,2,2,0,0,CLEAR,DRY,False,ANGLE COLLISION - OTHER,ANGLE,STRAIGHT & LEVEL,DAYLIGHT,,,8/22/2019 8:46:42 AM,False,7334,Accepted,
25530367,0568000,LOUISVILLE METRO POLICE DEPT,Accepted,JEFFERSON,US0031W,,MARKET,ST,W,,20TH,,,,,38.258167102,-85.783251535,20.379,8/21/2019 12:00:00 AM,1711,2,2,0,1,CLOUDY,DRY,False,ANGLE COLLISION - OTHER,ANGLE,STRAIGHT & LEVEL,DAYLIGHT,,,8/22/2019 8:46:58 AM,False,7947,Accepted,
25530289,0568000,LOUISVILLE METRO POLICE DEPT,Accepted,JEFFERSON,,,ORMSBY,AVE,E,KY0061,PRESTON,,,,,38.231103519,-85.749967851,0.315,8/21/2019 12:00:00 AM,1639,2,2,0,0,CLEAR,DRY,False,ANGLE COLLISION - ONE VEHICLE TURNING LEFT,ANGLE,STRAIGHT & LEVEL,DAYLIGHT,,,8/22/2019 8:45:02 AM,False,7429,Accepted,
25530276,0568000,LOUISVILLE METRO POLICE DEPT,Accepted,JEFFERSON,,,MUHAMMAD ALI,BLVD,W,,40TH,,,,,38.257697194,-85.816529949,3.515,8/21/2019 12:00:00 AM,1342,3,3,0,1,CLEAR,DRY,False,COLLISION WITH PARKED VEHICLE,REAR END,STRAIGHT & LEVEL,DAYLIGHT,,,8/22/2019 8:44:13 AM,True,5129,Accepted,
25524807,0568000,LOUISVILLE METRO POLICE DEPT,Accepted,JEFFERSON,,2119,COLUMBIA,ST,,US0150,22ND,,,,,38.261924767,-85.785963404,0.455,8/20/2019 12:00:00 AM,0242,2,2,0,0,CLEAR,DRY,True,COLLISION WITH PARKED VEHICLE,ANGLE,STRAIGHT & LEVEL,DARK-HWY LIGHTED/ON,,,8/21/2019 8:27:16 AM,False,7190,Accepted,
25524787,0568000,LOUISVILLE METRO POLICE DEPT,Accepted,JEFFERSON,,,PEABODY,LN,,,PEABODY,,,,,38.203528160,-85.675616957,0.438,8/20/2019 12:00:00 AM,2016,2,2,0,0,CLEAR,DRY,True,ANGLE COLLISION - ONE VEHICLE TURNING LEFT,ANGLE,STRAIGHT & LEVEL,DAYLIGHT,,,8/21/2019 8:25:45 AM,False,5189,Accepted,
25524766,0568000,LOUISVILLE METRO POLICE DEPT,Accepted,JEFFERSON,US0031E,,BARDSTOWN,RD,,I 0264,I264 W EXIT16 ON RAMP FROM US31E S,,,,,38.211267378,-85.671412389,12.053,8/20/2019 12:00:00 AM,1722,2,2,0,0,RAINING,WET,False,ANGLE COLLISION - ONE VEHICLE TURNING LEFT,ANGLE,STRAIGHT & LEVEL,DAYLIGHT,,,8/21/2019 8:24:35 AM,False,5236,Accepted,