IncidentID,AgencyORI,AgencyName,IncidentStatusDesc,County,RdwyNumber,Street,RoadwayName,StreetSfx,StreetDir,IntersectionRdwy,IntersectionRdwyName,BetweenStRdwy1,BetweenStRdwyName1,BetweenStRdwy2,BetweenStRdwyName2,Latitude,Longitude,Milepoint,CollisionDate,CollisionTime,UnitsInvolved,MotorVehiclesInvolved,NumberKilled,NumberInjured,Weather,RdwyConditionCode,HitandRun,DirAnalysisCode,MannerofCollision,RdwyCharacter,LightCondition,RampFromRdwyId,RampToRdwyId,AcceptedDate,IsSecondaryCollision,OwnerBadge,IncidentStatus,
25633805,0568000,LOUISVILLE METRO POLICE DEPT,Accepted,JEFFERSON,,,SPRINGHURST,BLVD,,,FISCHER PARK,,,,,38.296623156,-85.560086458,0.211,8/20/2019 12:00:00 AM,1452,2,2,0,0,CLOUDY,DRY,False,ANGLE COLLISION - ONE VEHICLE TURNING RIGHT,ANGLE,STRAIGHT & GRADE,DAYLIGHT,,,9/13/2019 8:52:07 AM,False,7858,Accepted,
25547132,0568000,LOUISVILLE METRO POLICE DEPT,Accepted,JEFFERSON,US0060,,FRANKFORT,AVE,,,POPE,,,,,38.256893528,-85.716733259,0.117,8/20/2019 12:00:00 AM,1639,2,1,0,0,CLOUDY,DRY,False,COLLISION WITH BICYCLE IN INTERSECTION,SINGLE VEHICLE,STRAIGHT & GRADE,DAYLIGHT,,,8/26/2019 9:10:52 AM,False,7833,Accepted,
25524776,0568000,LOUISVILLE METRO POLICE DEPT,Accepted,JEFFERSON,KY1931,,GREENWOOD,RD,,KY1934,GREENBELT,,,,,38.146964481,-85.886490183,0.530,8/20/2019 12:00:00 AM,1244,2,2,0,1,CLEAR,DRY,False,ANGLE COLLISION - OTHER,ANGLE,STRAIGHT & LEVEL,DAYLIGHT,,,8/21/2019 8:25:04 AM,False,6326,Accepted,
25524777,0568000,LOUISVILLE METRO POLICE DEPT,Accepted,JEFFERSON,KY1065,,OUTER,LOOP,,,SHEPHERDSVILLE,,,,,38.138993416,-85.657624722,7.657,8/20/2019 12:00:00 AM,1700,2,2,0,0,CLOUDY,DRY,False,ANGLE COLLISION - OTHER,ANGLE,STRAIGHT & LEVEL,DAYLIGHT,,,8/21/2019 8:25:09 AM,False,4693,Accepted,
25524794,0568000,LOUISVILLE METRO POLICE DEPT,Accepted,JEFFERSON,,,MARKET,ST,W,,34TH,,,,,38.260982131,-85.806860496,1.117,8/20/2019 12:00:00 AM,1946,2,2,0,2,CLEAR,DRY,False,ANGLE COLLISION - OTHER,ANGLE,STRAIGHT & LEVEL,DUSK,,,8/21/2019 8:26:17 AM,False,5164,Accepted,
25524795,0568000,LOUISVILLE METRO POLICE DEPT,Accepted,JEFFERSON,,,MAGAZINE,ST,,,16TH,,,,,38.249809851,-85.777967593,0.592,8/20/2019 12:00:00 AM,2243,2,2,0,2,CLEAR,DRY,False,ANGLE COLLISION - OTHER,ANGLE,STRAIGHT & LEVEL,DARK-HWY LIGHTED/ON,,,8/21/2019 8:26:23 AM,False,5021,Accepted,
25524783,0568000,LOUISVILLE METRO POLICE DEPT,Accepted,JEFFERSON,,,WITHERSPOON,ST,E,,BROOK,,,,,38.257650147,-85.749620708,0.088,8/20/2019 12:00:00 AM,1727,2,2,0,0,RAINING,WET,False,ANGLE COLLISION - OTHER,ANGLE,STRAIGHT & LEVEL,DAYLIGHT,,,8/21/2019 8:25:28 AM,False,7216,Accepted,
25524791,0568000,LOUISVILLE METRO POLICE DEPT,Accepted,JEFFERSON,US0031E,,BUECHEL,BYP,,KY2052,HIKES,,,,,38.198305547,-85.661112594,10.974,8/20/2019 12:00:00 AM,2323,2,2,0,0,CLEAR,DRY,True,ANGLE COLLISION - OTHER,ANGLE,STRAIGHT & LEVEL,DARK-HWY LIGHTED/ON,,,8/21/2019 8:26:01 AM,False,5117,Accepted,
25519240,0568000,LOUISVILLE METRO POLICE DEPT,Accepted,JEFFERSON,US0031E,,BARDSTOWN,RD,,KY2053,THIXTON,,,,,38.100675837,-85.565715901,1.922,8/20/2019 12:00:00 AM,0730,2,2,0,0,CLEAR,DRY,False,ANGLE COLLISION - OTHER,ANGLE,STRAIGHT & LEVEL,DAYLIGHT,,,8/20/2019 8:54:50 AM,False,7255,Accepted,
25524780,0568000,LOUISVILLE METRO POLICE DEPT,Accepted,JEFFERSON,,,GOOSE CREEK,RD,,,BLOSSOM,,,,,38.288134476,-85.579169478,1.183,8/20/2019 12:00:00 AM,1623,2,2,0,0,CLOUDY,DRY,False,ANGLE COLLISION - OTHER,ANGLE,STRAIGHT & LEVEL,DAYLIGHT,,,8/21/2019 8:25:19 AM,False,2969,Accepted,
25524808,0568000,LOUISVILLE METRO POLICE DEPT,Accepted,JEFFERSON,,,5TH,ST,S,,CHESTNUT,,,,,38.249169126,-85.759532276,3.271,8/20/2019 12:00:00 AM,1010,2,2,0,0,CLEAR,DRY,False,ANGLE COLLISION - OTHER,ANGLE,STRAIGHT & LEVEL,DAYLIGHT,,,8/21/2019 8:27:20 AM,False,5168,Accepted,
25547214,0568000,LOUISVILLE METRO POLICE DEPT,Accepted,JEFFERSON,KY2055,,MT HOLLY,RD,,,CAPLE,,,,,38.102944460,-85.756446776,1.163,8/20/2019 12:00:00 AM,1802,2,2,0,0,RAINING,WET,False,OPPOSITE DIRECTION - BOTH VEHICLES GOING STRAIGHT AHEAD,SIDESWIPE-OPPOSITE DIRECTION,CURVE & LEVEL,DAYLIGHT,,,8/26/2019 9:13:55 AM,False,7221,Accepted,
25524782,0568000,LOUISVILLE METRO POLICE DEPT,Accepted,JEFFERSON,,,BROOK,ST,S,,MAGNOLIA,,,,,38.228474412,-85.754729944,1.659,8/20/2019 12:00:00 AM,1657,2,2,0,0,RAINING,WET,False,OPPOSING LEFT TURN,OPPOSING LEFT TURN,STRAIGHT & LEVEL,DAYLIGHT,,,8/21/2019 8:25:25 AM,False,7132,Accepted,
25547109,0568000,LOUISVILLE METRO POLICE DEPT,Accepted,JEFFERSON,KY0864,,POPLAR LEVEL,RD,,I 0264,I264 W EXIT14 OFF RAMP TO KY864 N,,,,,38.196323026,-85.707738209,11.391,8/20/2019 12:00:00 AM,1630,2,2,0,0,CLEAR,DRY,False,REAR END - ONE VEHICLE TURNING RIGHT,REAR END,CURVE & LEVEL,DAYLIGHT,,,8/26/2019 9:04:58 AM,False,7938,Accepted,
25524742,0568000,LOUISVILLE METRO POLICE DEPT,Accepted,JEFFERSON,,,OAK,ST,W,,1ST,,,,,38.234560123,-85.755323286,0.001,8/20/2019 12:00:00 AM,1313,2,2,0,0,CLEAR,DRY,False,SIDESWIPE-SAME DIRECTION,SIDESWIPE-SAME DIRECTION,STRAIGHT & LEVEL,DAYLIGHT,,,8/21/2019 8:23:32 AM,False,7391,Accepted,
25524804,0568000,LOUISVILLE METRO POLICE DEPT,Accepted,JEFFERSON,,,JEFFERSON,ST,E,,1ST,,,,,38.253291824,-85.752029572,1.049,8/20/2019 12:00:00 AM,0836,2,2,0,0,CLEAR,DRY,False,SIDESWIPE-SAME DIRECTION,SIDESWIPE-SAME DIRECTION,STRAIGHT & LEVEL,DAYLIGHT,,,8/21/2019 8:26:58 AM,False,5173,Accepted,
25524810,0568000,LOUISVILLE METRO POLICE DEPT,Accepted,JEFFERSON,,,PORTER,PL,,KY1747,HURSTBOURNE,,,,,38.256241103,-85.580738936,0.059,8/20/2019 12:00:00 AM,2121,2,2,0,0,CLEAR,DRY,False,SIDESWIPE-SAME DIRECTION,SIDESWIPE-SAME DIRECTION,STRAIGHT & LEVEL,DARK-HWY LIGHTED/ON,,,8/21/2019 8:27:28 AM,False,7440,Accepted,
25524733,0568000,LOUISVILLE METRO POLICE DEPT,Accepted,JEFFERSON,,,7TH,ST,S,,HILL,,,,,38.226760895,-85.768998965,0.658,8/20/2019 12:00:00 AM,1551,2,2,0,0,CLEAR,DRY,True,SIDESWIPE-SAME DIRECTION,SIDESWIPE-SAME DIRECTION,STRAIGHT & LEVEL,DAYLIGHT,,,8/21/2019 8:23:03 AM,False,7433,Accepted,
25524740,0568000,LOUISVILLE METRO POLICE DEPT,Accepted,JEFFERSON,,,MAGNOLIA,AVE,W,KY1020,3RD,,,,,38.228969980,-85.759734516,0.180,8/20/2019 12:00:00 AM,1419,2,2,0,0,CLEAR,DRY,False,SIDESWIPE-SAME DIRECTION,SIDESWIPE-SAME DIRECTION,STRAIGHT & LEVEL,DAYLIGHT,,,8/21/2019 8:23:25 AM,False,7391,Accepted,
25524763,0568000,LOUISVILLE METRO POLICE DEPT,Accepted,JEFFERSON,US0150,,BROADWAY,,W,,4TH,,,,,38.246087130,-85.758403408,2.381,8/20/2019 12:00:00 AM,1435,2,2,0,0,CLEAR,DRY,False,SIDESWIPE-SAME DIRECTION,SIDESWIPE-SAME DIRECTION,STRAIGHT & LEVEL,DAYLIGHT,,,8/21/2019 8:24:24 AM,False,5187,Accepted,
25524724,0568000,LOUISVILLE METRO POLICE DEPT,Accepted,JEFFERSON,KY1865,,TAYLOR,BLVD,,,BROOKLINE,,,,,38.175131302,-85.782638936,4.711,8/20/2019 12:00:00 AM,0900,2,2,0,0,CLOUDY,DRY,False,OTHER INTERSECTION COLLISIONS,REAR END,STRAIGHT & LEVEL,DAYLIGHT,,,8/21/2019 8:22:30 AM,False,7204,Accepted,
25524806,0568000,LOUISVILLE METRO POLICE DEPT,Accepted,JEFFERSON,,,WATTERSON,TRL,,KY1747,KY1747 TURN LANE,,,,,38.183387239,-85.607428914,1.038,8/20/2019 12:00:00 AM,1821,2,2,0,0,CLOUDY,WET,False,OTHER INTERSECTION COLLISIONS,REAR END,CURVE & GRADE,DAYLIGHT,,,8/21/2019 8:27:11 AM,False,7294,Accepted,
25524757,0568000,LOUISVILLE METRO POLICE DEPT,Accepted,JEFFERSON,,,GRADE,LN,,I 0065,I65 S EXIT130 ON RAMP FROM  GRADE LN,,,,,38.178453107,-85.720015922,0.151,8/20/2019 12:00:00 AM,1535,2,2,0,0,CLEAR,DRY,False,OTHER INTERSECTION COLLISIONS,REAR END,STRAIGHT & LEVEL,DAYLIGHT,,,8/21/2019 8:24:11 AM,False,7451,Accepted,
25524767,0568000,LOUISVILLE METRO POLICE DEPT,Accepted,JEFFERSON,,,MUHAMMAD ALI,BLVD,E,KY0061,JACKSON,,,,,38.249807759,-85.745211212,0.636,8/20/2019 12:00:00 AM,1648,2,2,0,0,CLEAR,DRY,False,OTHER INTERSECTION COLLISIONS,REAR END,STRAIGHT & LEVEL,DAYLIGHT,,,8/21/2019 8:24:38 AM,False,7377,Accepted,
25524753,0568000,LOUISVILLE METRO POLICE DEPT,Accepted,JEFFERSON,,,GRADE,LN,,I 0065,I65 S EXIT130 ON RAMP FROM  GRADE LN,,,,,38.178453107,-85.720015922,0.151,8/20/2019 12:00:00 AM,1745,3,3,0,0,CLOUDY,WET,False,OTHER INTERSECTION COLLISIONS,REAR END,STRAIGHT & LEVEL,DAYLIGHT,,,8/21/2019 8:24:07 AM,False,7451,Accepted,
25509100,0568000,LOUISVILLE METRO POLICE DEPT,Accepted,JEFFERSON,KY1703,,NEWBURG,RD,,,INDIAN,,,,,38.184605090,-85.665418371,0.505,8/20/2019 12:00:00 AM,0434,2,2,0,0,CLEAR,DRY,False,OTHER INTERSECTION COLLISIONS,REAR END,STRAIGHT & LEVEL,DARK-HWY LIGHTED/ON,,,8/20/2019 8:21:51 AM,False,5001,Accepted,
25547565,0568000,LOUISVILLE METRO POLICE DEPT,Accepted,JEFFERSON,I 0064,,I64 E,,,I 0064,I64 E EXIT19A RAMP TO I265 S,,,,,38.222801456,-85.510792309,18.692,8/20/2019 12:00:00 AM,0750,2,2,0,1,CLEAR,DRY,False,OTHER INTERSECTION COLLISIONS,REAR END,STRAIGHT & LEVEL,DAWN,,,8/26/2019 9:53:09 AM,False,7858,Accepted,
25524760,0568000,LOUISVILLE METRO POLICE DEPT,Accepted,JEFFERSON,,,GARLAND,AVE,,,,,,,,38.245632263,-85.806613932,2.133,8/20/2019 12:00:00 AM,1106,2,2,0,0,CLEAR,DRY,False,1 VEHICLE PARKED POSITION (NOT PARKING LOT/DRIVEWAY),SIDESWIPE-SAME DIRECTION,STRAIGHT & LEVEL,DAYLIGHT,,,8/21/2019 8:24:15 AM,False,5179,Accepted,
25524728,0568000,LOUISVILLE METRO POLICE DEPT,Accepted,JEFFERSON,,,16TH,ST,S,,,,MADISON,,CHESTNUT,38.251724489,-85.777592069,0.494,8/20/2019 12:00:00 AM,1454,3,3,0,0,CLEAR,DRY,True,1 VEHICLE PARKED POSITION (NOT PARKING LOT/DRIVEWAY),ANGLE,STRAIGHT & LEVEL,DAYLIGHT,,,8/21/2019 8:22:41 AM,False,7805,Accepted,
25524719,0568000,LOUISVILLE METRO POLICE DEPT,Accepted,JEFFERSON,,,HIGHLAND,AVE,,,,,CHEROKEE,KY1703,BAXTER,38.240637284,-85.723603642,0.786,8/20/2019 12:00:00 AM,0905,2,2,0,0,CLEAR,DRY,True,1 VEHICLE PARKED POSITION (NOT PARKING LOT/DRIVEWAY),SIDESWIPE-SAME DIRECTION,STRAIGHT & LEVEL,DAYLIGHT,,,8/21/2019 8:22:13 AM,False,7129,Accepted,
25569429,0568000,LOUISVILLE METRO POLICE DEPT,Accepted,JEFFERSON,,,ANGIES,WAY,,,,,,,,38.314558606,-85.570344323,0.118,8/20/2019 12:00:00 AM,1330,2,2,0,0,CLEAR,DRY,True,1 VEHICLE PARKED POSITION (NOT PARKING LOT/DRIVEWAY),BACKING,STRAIGHT & LEVEL,DAYLIGHT,,,8/30/2019 8:33:36 AM,False,7858,Accepted,
25586537,0568000,LOUISVILLE METRO POLICE DEPT,Accepted,JEFFERSON,I 0071,,I71 S,,,,,,,,,38.318053432,-85.573224870,9.611,8/20/2019 12:00:00 AM,1740,2,2,0,0,RAINING,WET,False,COLLISION WITH FIXED OBJECT NON - INTERSECTION - FIRST EVENT COLLISION 09 - 32 EXCLUDING 16,REAR END,STRAIGHT & LEVEL,DAYLIGHT,,,9/3/2019 12:54:32 PM,False,7764,Accepted,
25547045,0568000,LOUISVILLE METRO POLICE DEPT,Accepted,JEFFERSON,,4300,WILMOTH,AVE,,,,,,,,38.193053228,-85.871122784,0.153,8/20/2019 12:00:00 AM,1129,1,1,0,0,CLEAR,DRY,False,COLLISION WITH FIXED OBJECT NON - INTERSECTION - FIRST EVENT COLLISION 09 - 32 EXCLUDING 16,SINGLE VEHICLE,STRAIGHT & LEVEL,DAYLIGHT,,,8/26/2019 8:57:34 AM,False,5032,Accepted,
25524764,0568000,LOUISVILLE METRO POLICE DEPT,Accepted,JEFFERSON,,,GELLHAUS,LN,,,,,,,,38.158371544,-85.541565112,0.735,8/20/2019 12:00:00 AM,1715,1,1,0,0,CLOUDY,DRY,False,COLLISION WITH FIXED OBJECT NON - INTERSECTION - FIRST EVENT COLLISION 09 - 32 EXCLUDING 16,SINGLE VEHICLE,CURVE & GRADE,DAYLIGHT,,,8/21/2019 8:24:28 AM,False,7255,Accepted,
25524750,0568000,LOUISVILLE METRO POLICE DEPT,Accepted,JEFFERSON,KY2860,,GRINSTEAD,DR,,,,,RAY,,GLENMARY,38.243444259,-85.709269693,0.750,8/20/2019 12:00:00 AM,1828,1,1,0,0,RAINING,WET,False,COLLISION WITH FIXED OBJECT NON - INTERSECTION - FIRST EVENT COLLISION 09 - 32 EXCLUDING 16,SINGLE VEHICLE,CURVE & GRADE,DAYLIGHT,,,8/21/2019 8:24:01 AM,False,2230,Accepted,
25547567,0568000,LOUISVILLE METRO POLICE DEPT,Accepted,JEFFERSON,,,GOOSE CREEK,RD,,,,,,,,38.291380151,-85.581713040,0.914,8/20/2019 12:00:00 AM,1647,1,1,0,0,SEVERE CROSSWINDS,DRY,False,COLLISION WITH FIXED OBJECT NON - INTERSECTION - FIRST EVENT COLLISION 09 - 32 EXCLUDING 16,SINGLE VEHICLE,STRAIGHT & LEVEL,DAYLIGHT,,,8/26/2019 9:53:21 AM,False,7858,Accepted,
25524797,0568000,LOUISVILLE METRO POLICE DEPT,Accepted,JEFFERSON,,,JEFFERSON,ST,E,,,KY0061,JACKSON,KY0061,PRESTON,38.252543822,-85.745077422,0.667,8/20/2019 12:00:00 AM,1933,2,1,0,1,CLEAR,DRY,False,COLLISION WITH PEDESTRIAN NON - INTERSECTION,SINGLE VEHICLE,STRAIGHT & LEVEL,DAYLIGHT,,,8/21/2019 8:26:32 AM,False,7377,Accepted,
25546960,0568000,LOUISVILLE METRO POLICE DEPT,Accepted,JEFFERSON,KY0841,,GENE SNYDER,FWY,,,,,,,,38.117724683,-85.741684024,8.001,8/20/2019 12:00:00 AM,0741,2,2,0,1,CLEAR,DRY,False,REAR END IN TRAFFIC LANES BOTH VEHICLES MOVING,REAR END,STRAIGHT & LEVEL,DAYLIGHT,,,8/26/2019 8:48:47 AM,False,4656,Accepted,
25535720,0568000,LOUISVILLE METRO POLICE DEPT,Accepted,JEFFERSON,KY0841,,GENE SNYDER,FWY,,,,,,,,38.117411370,-85.759952350,7.001,8/20/2019 12:00:00 AM,0805,2,2,0,0,CLEAR,DRY,False,REAR END IN TRAFFIC LANES BOTH VEHICLES MOVING,REAR END,STRAIGHT & LEVEL,DAYLIGHT,,,8/23/2019 8:26:59 AM,True,4656,Accepted,
25524805,0568000,LOUISVILLE METRO POLICE DEPT,Accepted,JEFFERSON,I 0065,,I65 S,,,,,,,,,38.224570808,-85.751232250,133.766,8/20/2019 12:00:00 AM,1800,2,2,0,0,RAINING,WET,False,REAR END IN TRAFFIC LANES BOTH VEHICLES MOVING,REAR END,CURVE & LEVEL,DAYLIGHT,,,8/21/2019 8:27:08 AM,False,2499,Accepted,
25524741,0568000,LOUISVILLE METRO POLICE DEPT,Accepted,JEFFERSON,US0031E,,BARDSTOWN,RD,,,,,,,,38.206114266,-85.666960427,11.620,8/20/2019 12:00:00 AM,1636,2,2,0,0,CLOUDY,DRY,False,REAR END IN TRAFFIC LANES BOTH VEHICLES MOVING,REAR END,STRAIGHT & LEVEL,DAYLIGHT,,,8/21/2019 8:23:28 AM,False,7497,Accepted,
25524765,0568000,LOUISVILLE METRO POLICE DEPT,Accepted,JEFFERSON,I 0265,,I265 W,,,,,,,,,38.123122586,-85.621349932,14.798,8/20/2019 12:00:00 AM,1611,2,2,0,0,CLEAR,DRY,False,REAR END IN TRAFFIC LANES BOTH VEHICLES MOVING,REAR END,STRAIGHT & GRADE,DAYLIGHT,,,8/21/2019 8:24:31 AM,False,7348,Accepted,
25524746,0568000,LOUISVILLE METRO POLICE DEPT,Accepted,JEFFERSON,KY1747,,FERN VALLEY,RD,,,,,,,,38.157134753,-85.712807139,1.064,8/20/2019 12:00:00 AM,1621,3,3,0,0,CLOUDY,DRY,False,REAR END IN TRAFFIC LANES BOTH VEHICLES MOVING,REAR END,STRAIGHT & LEVEL,DAYLIGHT,,,8/21/2019 8:23:44 AM,False,4693,Accepted,
25524774,0568000,LOUISVILLE METRO POLICE DEPT,Accepted,JEFFERSON,,200,OAK,ST,W,,,,,,,38.234743853,-85.757567508,0.122,8/20/2019 12:00:00 AM,1514,2,2,0,0,CLEAR,DRY,False,REAR END IN TRAFFIC LANES BOTH VEHICLES MOVING,REAR END,STRAIGHT & LEVEL,DAYLIGHT,,,8/21/2019 8:25:01 AM,False,7132,Accepted,
25569430,0568000,LOUISVILLE METRO POLICE DEPT,Accepted,JEFFERSON,I 0265,,I265 N,,,,,,,,,38.300294179,-85.552594268,32.828,8/20/2019 12:00:00 AM,0830,2,2,0,0,CLOUDY,DRY,True,REAR END IN TRAFFIC LANES BOTH VEHICLES MOVING,REAR END,STRAIGHT & LEVEL,DAYLIGHT,,,8/30/2019 8:33:42 AM,False,7858,Accepted,
25524778,0568000,LOUISVILLE METRO POLICE DEPT,Accepted,JEFFERSON,I 0065,,I65 S,,,,,,,,,38.252952528,-85.744927954,135.983,8/20/2019 12:00:00 AM,1751,2,2,0,0,RAINING,WET,False,REAR END IN TRAFFIC LANES BOTH VEHICLES MOVING,REAR END,STRAIGHT & LEVEL,DARK (UNKNOWN ROADWAY LIGHTING),,,8/21/2019 8:25:12 AM,False,7377,Accepted,
25524769,0568000,LOUISVILLE METRO POLICE DEPT,Accepted,JEFFERSON,KY1065,,OUTER,LOOP,,,,,,,,38.138514019,-85.685591912,6.115,8/20/2019 12:00:00 AM,1355,2,2,0,0,CLOUDY,DRY,False,REAR END IN TRAFFIC LANES BOTH VEHICLES MOVING,REAR END,STRAIGHT & LEVEL,DAYLIGHT,,,8/21/2019 8:24:45 AM,False,4693,Accepted,
25524785,0568000,LOUISVILLE METRO POLICE DEPT,Accepted,JEFFERSON,KY1020,,3RD,ST,S,,,,BRANDEIS,KY1020,KY1020 TURN LANE,38.219230073,-85.761442844,10.231,8/20/2019 12:00:00 AM,1746,2,2,0,0,RAINING,WET,False,REAR END IN TRAFFIC LANES BOTH VEHICLES MOVING,REAR END,STRAIGHT & LEVEL,DAYLIGHT,,,8/21/2019 8:25:36 AM,False,7418,Accepted,
25524717,0568000,LOUISVILLE METRO POLICE DEPT,Accepted,JEFFERSON,US0031E,,BARDSTOWN,RD,,,,,OLDHAM,,HUDSON,38.164586766,-85.598508558,6.772,8/20/2019 12:00:00 AM,0725,2,2,0,0,CLEAR,DRY,False,REAR END IN TRAFFIC LANES BOTH VEHICLES MOVING,REAR END,STRAIGHT & LEVEL,DAYLIGHT,,,8/21/2019 8:22:03 AM,False,2017,Accepted,
25524729,0568000,LOUISVILLE METRO POLICE DEPT,Accepted,JEFFERSON,I 0265,,I265 W,,,,,,,,,38.124716061,-85.615321142,15.144,8/20/2019 12:00:00 AM,0747,2,2,0,0,CLEAR,DRY,False,REAR END IN TRAFFIC LANES BOTH VEHICLES MOVING,REAR END,STRAIGHT & LEVEL,DAYLIGHT,,,8/21/2019 8:22:46 AM,False,7772,Accepted,
25524726,0568000,LOUISVILLE METRO POLICE DEPT,Accepted,JEFFERSON,I 0064,,I64 W,,,,,I 0064,I64 W EXIT12 RAMP TO I264 E,I 0064,I64 W EXIT15 ON RAMP TO KY1747,38.233927066,-85.611276502,12.967,8/20/2019 12:00:00 AM,0810,2,2,0,0,CLEAR,DRY,False,REAR END IN TRAFFIC LANES BOTH VEHICLES MOVING,REAR END,STRAIGHT & LEVEL,DAYLIGHT,,,8/21/2019 8:22:34 AM,False,6406,Accepted,
25586538,0568000,LOUISVILLE METRO POLICE DEPT,Accepted,JEFFERSON,I 0264,,I264 W,,,,,,,,,38.192241928,-85.713632767,12.974,8/20/2019 12:00:00 AM,1211,3,3,0,0,CLEAR,DRY,False,REAR END IN TRAFFIC LANES BOTH VEHICLES MOVING,REAR END,STRAIGHT & LEVEL,DAYLIGHT,,,9/3/2019 12:54:40 PM,False,7764,Accepted,
25524771,0568000,LOUISVILLE METRO POLICE DEPT,Accepted,JEFFERSON,US0031E,,BARDSTOWN,RD,,,,,RANDOM,,DREAMS END,38.173888947,-85.612748559,7.783,8/20/2019 12:00:00 AM,0706,2,2,0,0,CLEAR,DRY,False,SIDESWIPE COLLISION - SAME DIRECTION,SIDESWIPE-SAME DIRECTION,STRAIGHT & LEVEL,DAWN,,,8/21/2019 8:24:53 AM,False,5027,Accepted,
25524784,0568000,LOUISVILLE METRO POLICE DEPT,Accepted,JEFFERSON,KY2052,,SHEPHERDSVILLE,RD,,,,,,,,38.145510995,-85.660081535,0.473,8/20/2019 12:00:00 AM,0731,2,2,0,0,CLEAR,DRY,False,SIDESWIPE COLLISION - SAME DIRECTION,SIDESWIPE-SAME DIRECTION,STRAIGHT & GRADE,DAWN,,,8/21/2019 8:25:32 AM,False,7348,Accepted,
25547047,0568000,LOUISVILLE METRO POLICE DEPT,Accepted,JEFFERSON,I 0264,,I264 E,,,,,I 0264,I264 E EXIT14 ON RAMP FROM KY864,I 0264,I264 E EXIT15 OFF RAMP TO KY1703,38.198367714,-85.703151667,13.686,8/20/2019 12:00:00 AM,1012,2,2,0,0,CLEAR,DRY,False,SIDESWIPE COLLISION - SAME DIRECTION,SIDESWIPE-SAME DIRECTION,STRAIGHT & LEVEL,DAYLIGHT,,,8/26/2019 8:58:07 AM,False,7938,Accepted,
25547021,0568000,LOUISVILLE METRO POLICE DEPT,Accepted,JEFFERSON,I 0264,,I264 W,,,,,I 0065,I264 W EXIT12 OFF RAMP TO,I 0264,I264 W EXIT14 ON RAMP FROM KY864,38.191119415,-85.718186029,12.713,8/20/2019 12:00:00 AM,1442,2,2,0,0,CLEAR,DRY,False,SIDESWIPE COLLISION - SAME DIRECTION,SIDESWIPE-SAME DIRECTION,STRAIGHT & LEVEL,DAYLIGHT,,,8/26/2019 8:53:47 AM,False,7938,Accepted,
25509092,0568000,LOUISVILLE METRO POLICE DEPT,Accepted,JEFFERSON,KY0841,,GENE SNYDER,FWY,,,,,,,,38.119369050,-85.770238146,6.425,8/20/2019 12:00:00 AM,0635,2,2,0,0,CLEAR,DRY,True,SIDESWIPE COLLISION - SAME DIRECTION,SIDESWIPE-SAME DIRECTION,,DAYLIGHT,,,8/20/2019 8:20:57 AM,False,5220,Accepted,
25524781,0568000,LOUISVILLE METRO POLICE DEPT,Accepted,JEFFERSON,KY1065,,OUTER,LOOP,,,,,,,,38.138282400,-85.682271875,6.303,8/20/2019 12:00:00 AM,1451,2,2,0,0,CLOUDY,DRY,False,SIDESWIPE COLLISION - SAME DIRECTION,SIDESWIPE-SAME DIRECTION,STRAIGHT & LEVEL,DAYLIGHT,,,8/21/2019 8:25:22 AM,False,4693,Accepted,
25524738,0568000,LOUISVILLE METRO POLICE DEPT,Accepted,JEFFERSON,I 0264,,I264 W,,,,,,,,,38.232672912,-85.628747235,18.403,8/20/2019 12:00:00 AM,1301,2,2,0,0,CLEAR,DRY,False,SIDESWIPE COLLISION - SAME DIRECTION,SIDESWIPE-SAME DIRECTION,STRAIGHT & LEVEL,DAYLIGHT,,,8/21/2019 8:23:18 AM,False,4903,Accepted,
25547019,0568000,LOUISVILLE METRO POLICE DEPT,Accepted,JEFFERSON,KY1747,,HURSTBOURNE,PKWY,,,,,HAMES,US0031E,BARDSTOWN,38.168339445,-85.605395153,7.443,8/20/2019 12:00:00 AM,1649,2,2,0,0,CLOUDY,DRY,False,1 VEHICLE ENTERING/LEAVING ENTRANCE,ANGLE,STRAIGHT & LEVEL,DAYLIGHT,,,8/26/2019 8:53:33 AM,False,6494,Accepted,
25524747,0568000,LOUISVILLE METRO POLICE DEPT,Accepted,JEFFERSON,KY0907,9005,3RD ST,RD,,,,,,,,38.116561822,-85.817169308,3.098,8/20/2019 12:00:00 AM,0911,2,2,0,0,CLEAR,DRY,False,1 VEHICLE ENTERING/LEAVING ENTRANCE,ANGLE,STRAIGHT & LEVEL,DAYLIGHT,,,8/21/2019 8:23:49 AM,False,6326,Accepted,
25524748,0568000,LOUISVILLE METRO POLICE DEPT,Accepted,JEFFERSON,KY1865,,NEW CUT,RD,,,,,,,,38.117695417,-85.775422410,0.604,8/20/2019 12:00:00 AM,1459,2,2,0,0,CLEAR,DRY,False,1 VEHICLE ENTERING/LEAVING ENTRANCE,ANGLE,STRAIGHT & LEVEL,DAYLIGHT,,,8/21/2019 8:23:54 AM,False,7234,Accepted,
25524739,0568000,LOUISVILLE METRO POLICE DEPT,Accepted,JEFFERSON,KY0155,,TAYLORSVILLE,RD,,,,,FURMAN,,CAWEIN,38.220927135,-85.644972667,14.370,8/20/2019 12:00:00 AM,1434,2,2,0,1,CLEAR,DRY,False,1 VEHICLE ENTERING/LEAVING ENTRANCE,ANGLE,STRAIGHT & LEVEL,DAYLIGHT,,,8/21/2019 8:23:22 AM,False,7448,Accepted,