IncidentID,AgencyORI,AgencyName,IncidentStatusDesc,County,RdwyNumber,Street,RoadwayName,StreetSfx,StreetDir,IntersectionRdwy,IntersectionRdwyName,BetweenStRdwy1,BetweenStRdwyName1,BetweenStRdwy2,BetweenStRdwyName2,Latitude,Longitude,Milepoint,CollisionDate,CollisionTime,UnitsInvolved,MotorVehiclesInvolved,NumberKilled,NumberInjured,Weather,RdwyConditionCode,HitandRun,DirAnalysisCode,MannerofCollision,RdwyCharacter,LightCondition,RampFromRdwyId,RampToRdwyId,AcceptedDate,IsSecondaryCollision,OwnerBadge,IncidentStatus,
25524743,0568000,LOUISVILLE METRO POLICE DEPT,Accepted,JEFFERSON,US0150,,21ST,ST,N,,,,,,,38.261008396,-85.784429548,0.673,8/20/2019 12:00:00 AM,1409,2,2,0,2,CLEAR,DRY,False,1 VEHICLE ENTERING/LEAVING ENTRANCE,ANGLE,CURVE & LEVEL,DAYLIGHT,,,8/21/2019 8:23:35 AM,False,7988,Accepted,
25524792,0568000,LOUISVILLE METRO POLICE DEPT,Accepted,JEFFERSON,KY1020,3100,3RD,ST,S,,,,,,,38.203748183,-85.764107549,9.364,8/20/2019 12:00:00 AM,1910,2,2,0,0,CLEAR,DRY,False,1 VEHICLE ENTERING/LEAVING ENTRANCE,ANGLE,STRAIGHT & LEVEL,DAYLIGHT,,,8/21/2019 8:26:06 AM,False,7291,Accepted,
25530258,0568000,LOUISVILLE METRO POLICE DEPT,Accepted,JEFFERSON,US0042,2888,BROWNSBORO,RD,,,,,,,,38.260023878,-85.688676065,2.553,8/20/2019 12:00:00 AM,1641,2,2,0,0,CLOUDY,DRY,False,1 VEHICLE ENTERING/LEAVING ENTRANCE,ANGLE,STRAIGHT & LEVEL,DAYLIGHT,,,8/22/2019 8:43:02 AM,False,5112,Accepted,
25524770,0568000,LOUISVILLE METRO POLICE DEPT,Accepted,JEFFERSON,KY6162,,MINOR,LN,,,,,,,,38.135757842,-85.711751105,0.169,8/20/2019 12:00:00 AM,1126,2,2,0,1,CLEAR,DRY,False,1 VEHICLE ENTERING/LEAVING ENTRANCE,ANGLE,STRAIGHT & LEVEL,DAYLIGHT,,,8/21/2019 8:24:49 AM,False,4693,Accepted,
25524779,0568000,LOUISVILLE METRO POLICE DEPT,Accepted,JEFFERSON,US0060,,SHELBYVILLE,RD,,,,,,,,38.244599852,-85.553796554,9.116,8/20/2019 12:00:00 AM,1702,2,2,0,0,CLOUDY,DRY,False,1 VEHICLE ENTERING/LEAVING ENTRANCE,ANGLE,STRAIGHT & LEVEL,DAYLIGHT,,,8/21/2019 8:25:16 AM,False,2218,Accepted,
25569434,0568000,LOUISVILLE METRO POLICE DEPT,Accepted,JEFFERSON,I 0265,,I265 N,,,,,,,,,38.312091301,-85.576674578,34.378,8/20/2019 12:00:00 AM,0855,2,2,0,0,CLOUDY,DRY,False,OTHER ROADWAY OR MID-BLOCK COLLISION,REAR END,STRAIGHT & LEVEL,DAYLIGHT,,,8/30/2019 8:34:28 AM,False,7858,Accepted,
25524734,0568000,LOUISVILLE METRO POLICE DEPT,Accepted,JEFFERSON,KY0061,530,JACKSON,ST,S,,,,,,,38.250218610,-85.744814445,12.642,8/20/2019 12:00:00 AM,1219,2,2,0,0,CLEAR,DRY,False,COLLISION IN PARKING LOT,BACKING,STRAIGHT & LEVEL,DAYLIGHT,,,8/21/2019 8:23:06 AM,False,7377,Accepted,
25524788,0568000,LOUISVILLE METRO POLICE DEPT,Accepted,JEFFERSON,I 0064,,,,,,,,,,,38.256597237,-85.720850173,0.177,8/20/2019 12:00:00 AM,1830,2,2,0,0,CLOUDY,WET,False,OTHER RAMP RELATED COLLISIONS NOT LISTED ABOVE,REAR END,STRAIGHT & GRADE,DAYLIGHT,I 0064,MELLWOOD AVE,8/21/2019 8:25:49 AM,False,7960,Accepted,
25524790,0568000,LOUISVILLE METRO POLICE DEPT,Accepted,JEFFERSON,I 0065,,,,,,,,,,,38.158175118,-85.722212557,0.451,8/20/2019 12:00:00 AM,0534,2,2,0,0,CLEAR,DRY,False,OTHER RAMP RELATED COLLISIONS NOT LISTED ABOVE,REAR END,CURVE & LEVEL,DARK-HWY LIGHTED/ON,I 0065,KY1631,8/21/2019 8:25:57 AM,False,5053,Accepted,
25524802,0568000,LOUISVILLE METRO POLICE DEPT,Accepted,JEFFERSON,I 0064,,,,,,,,,,,38.259408221,-85.742129280,0.960,8/20/2019 12:00:00 AM,1925,1,1,0,0,CLOUDY,WET,False,OTHER RAMP RELATED COLLISIONS NOT LISTED ABOVE,SINGLE VEHICLE,CURVE & GRADE,DUSK,I 0064,I 0065,8/21/2019 8:26:52 AM,False,7325,Accepted,
25524803,0568000,LOUISVILLE METRO POLICE DEPT,Accepted,JEFFERSON,I 0065,,,,,,,,,,,38.159543025,-85.719085418,0.242,8/20/2019 12:00:00 AM,1802,2,2,0,0,CLEAR,DRY,False,OTHER RAMP RELATED COLLISIONS NOT LISTED ABOVE,SIDESWIPE-SAME DIRECTION,STRAIGHT & LEVEL,DAYLIGHT,KY1631,I 0065,8/21/2019 8:26:55 AM,False,5165,Accepted,
25524786,0568000,LOUISVILLE METRO POLICE DEPT,Accepted,JEFFERSON,I 0265,,,,,,,,,,,38.309030853,-85.573054278,0.219,8/20/2019 12:00:00 AM,1742,2,2,0,0,RAINING,WET,False,OTHER RAMP RELATED COLLISIONS NOT LISTED ABOVE,SIDESWIPE-SAME DIRECTION,STRAIGHT & LEVEL,DAYLIGHT,I 0265,KY0022,8/21/2019 8:25:39 AM,False,6830,Accepted,
25524762,0568000,LOUISVILLE METRO POLICE DEPT,Accepted,JEFFERSON,I 0264,,,,,,,,,,,38.196189135,-85.707394093,0.229,8/20/2019 12:00:00 AM,0907,2,2,0,0,CLEAR,DRY,False,OTHER RAMP RELATED COLLISIONS NOT LISTED ABOVE,REAR END,STRAIGHT & HILLCREST,DAYLIGHT,I 0264,KY0864,8/21/2019 8:24:21 AM,False,7451,Accepted,
25524720,0568000,LOUISVILLE METRO POLICE DEPT,Accepted,JEFFERSON,I 0064,,,,,,,,,,,38.259480097,-85.738844112,0.287,8/20/2019 12:00:00 AM,0840,2,2,0,0,CLEAR,DRY,False,OTHER RAMP RELATED COLLISIONS NOT LISTED ABOVE,SIDESWIPE-SAME DIRECTION,CURVE & LEVEL,DAYLIGHT,I 0064,I 0071,8/21/2019 8:22:16 AM,False,4903,Accepted,
25546861,0568000,LOUISVILLE METRO POLICE DEPT,Accepted,JEFFERSON,I 0065,,,,,,,,,,,38.188984040,-85.726207747,0.346,8/20/2019 12:00:00 AM,1522,2,2,0,0,CLEAR,DRY,False,OTHER RAMP RELATED COLLISIONS NOT LISTED ABOVE,REAR END,CURVE & GRADE,DAYLIGHT,I 0065,I 0264,8/26/2019 8:40:45 AM,False,7306,Accepted,
25524749,0568000,LOUISVILLE METRO POLICE DEPT,Accepted,JEFFERSON,I 0065,,I65 S,,,,,,,,,38.258176172,-85.741663717,136.401,8/20/2019 12:00:00 AM,1725,2,2,0,0,RAINING,WET,False,OTHER ROADWAY OR MID-BLOCK COLLISION,REAR END,STRAIGHT & LEVEL,DAYLIGHT,,,8/21/2019 8:23:57 AM,False,2217,Accepted,
25547011,0568000,LOUISVILLE METRO POLICE DEPT,Accepted,JEFFERSON,I 0065,,,,,,,,,,,38.191120366,-85.724343643,0.158,8/20/2019 12:00:00 AM,1150,4,4,0,4,CLEAR,DRY,False,OTHER ROADWAY OR MID-BLOCK COLLISION,REAR END,STRAIGHT & LEVEL,DAYLIGHT,,,8/26/2019 8:51:46 AM,False,8278,Accepted,
25612890,0568000,LOUISVILLE METRO POLICE DEPT,Accepted,JEFFERSON,I 0264,,I264 E,,,,,,,,,38.200240836,-85.698117045,13.989,8/20/2019 12:00:00 AM,1830,2,2,0,0,CLOUDY,WET,True,OTHER ROADWAY OR MID-BLOCK COLLISION,REAR END,STRAIGHT & LEVEL,DAYLIGHT,,,9/9/2019 10:01:51 AM,False,7431,Accepted,
25524789,0568000,LOUISVILLE METRO POLICE DEPT,Accepted,JEFFERSON,I 0265,,,,,,,,,,,38.109163188,-85.673641252,0.210,8/20/2019 12:00:00 AM,2332,1,1,0,0,CLEAR,DRY,False,COLLISION WITH FIXED OBJECT NOT IN GORE ,SINGLE VEHICLE,STRAIGHT & LEVEL,DARK-HWY NOT LIGHTED,KY0061,I 0265,8/21/2019 8:25:54 AM,False,5011,Accepted,
25524751,0568000,LOUISVILLE METRO POLICE DEPT,Accepted,JEFFERSON,I 0264,,,,,,,,,,,38.211777267,-85.671405075,0.311,8/20/2019 12:00:00 AM,1045,2,2,0,0,CLEAR,DRY,False,COLLISION WITH FIXED OBJECT NOT IN GORE ,REAR END,CURVE & LEVEL,DAYLIGHT,I 0264,US31E N,8/21/2019 8:24:04 AM,False,5236,Accepted,
25509089,0568000,LOUISVILLE METRO POLICE DEPT,Accepted,JEFFERSON,I 0064,,,,,,,,,,,38.259230977,-85.742222586,0.972,8/20/2019 12:00:00 AM,0251,1,1,0,1,CLEAR,DRY,False,OVERTURNED ON RAMP,SINGLE VEHICLE,CURVE & GRADE,DARK-HWY LIGHTED/ON,I 0064,I 0065,8/20/2019 8:20:42 AM,False,7325,Accepted,
25524761,0568000,LOUISVILLE METRO POLICE DEPT,Accepted,JEFFERSON,,801,HAZEL,ST,,,,,,,,38.247471192,-85.804611745,0.158,8/20/2019 12:00:00 AM,0837,3,3,0,0,CLEAR,DRY,True,COLLISION WITH TRAIN,SIDESWIPE-SAME DIRECTION,STRAIGHT & LEVEL,DAYLIGHT,,,8/21/2019 8:24:18 AM,False,5179,Accepted,
25502759,0568000,LOUISVILLE METRO POLICE DEPT,Accepted,JEFFERSON,I 0065,,,,,,,,,,,38.236895825,-85.754186383,0.135,8/19/2019 12:00:00 AM,0114,1,1,0,0,CLEAR,DRY,False,COLLISION WITH FIXED OBJECT NOT IN GORE ,SINGLE VEHICLE,CURVE & GRADE,DARK-HWY LIGHTED/OFF,I 0065,E SAINT CATHERINE ST,8/19/2019 8:58:27 AM,False,5166,Accepted,
25562694,0561500,UNIV. OF LOUISVILLE POLICE,Accepted,JEFFERSON,,400,MUHAMMAD ALI,BLVD,E,,,,,,,38.249910778,-85.746075459,0.684,8/19/2019 12:00:00 AM,1545,2,2,0,0,CLEAR,DRY,False,OTHER ROADWAY OR MID-BLOCK COLLISION,REAR END,STRAIGHT & LEVEL,DAYLIGHT,,,8/29/2019 7:08:01 AM,False,5627,Accepted,
25506273,0568000,LOUISVILLE METRO POLICE DEPT,Accepted,JEFFERSON,I 0065,,I65 N,,,,,,,,,38.225013609,-85.751149892,133.800,8/19/2019 12:00:00 AM,0901,3,3,0,0,CLEAR,DRY,False,OTHER ROADWAY OR MID-BLOCK COLLISION,REAR END,STRAIGHT & LEVEL,DAYLIGHT,,,8/19/2019 4:59:12 PM,False,7772,Accepted,
25509074,0568000,LOUISVILLE METRO POLICE DEPT,Accepted,JEFFERSON,I 0065,,,,,,,,,,,38.244182689,-85.753644342,0.001,8/19/2019 12:00:00 AM,1732,2,2,0,0,CLEAR,DRY,False,OTHER RAMP RELATED COLLISIONS NOT LISTED ABOVE,REAR END,CURVE & GRADE,DAYLIGHT,E JACOB ST,I 0065,8/20/2019 8:19:37 AM,False,7391,Accepted,
25524799,0568000,LOUISVILLE METRO POLICE DEPT,Accepted,JEFFERSON,I 0064,,,,,,,,,,,38.259800860,-85.766723751,0.288,8/19/2019 12:00:00 AM,1242,2,2,0,0,CLEAR,DRY,False,OTHER RAMP RELATED COLLISIONS NOT LISTED ABOVE,SIDESWIPE-SAME DIRECTION,STRAIGHT & GRADE,DAYLIGHT,US31W,I 0064,8/21/2019 8:26:39 AM,False,5173,Accepted,
25509101,0568000,LOUISVILLE METRO POLICE DEPT,Accepted,JEFFERSON,US0150,,BROADWAY,,W,,10TH,,,,,38.247094008,-85.768324654,1.833,8/19/2019 12:00:00 AM,1111,2,2,0,0,CLEAR,DRY,False,COLLISION IN PARKING LOT,ANGLE,STRAIGHT & LEVEL,DAYLIGHT,,,8/20/2019 8:21:55 AM,False,5187,Accepted,
25524768,0568000,LOUISVILLE METRO POLICE DEPT,Accepted,JEFFERSON,,4401,PRODUCE,RD,,,,,,,,38.188356321,-85.675677359,1.088,8/19/2019 12:00:00 AM,1633,3,3,0,0,CLEAR,DRY,False,COLLISION IN PARKING LOT,OPPOSING LEFT TURN,STRAIGHT & LEVEL,DAYLIGHT,,,8/21/2019 8:24:42 AM,False,5027,Accepted,
25509003,0566900,LOUISVILLE AIRPORT POLICE,Accepted,JEFFERSON,,600,LOWER TERMINAL,DR,,,,,,,,38.185846678,-85.744656809,0.067,8/19/2019 12:00:00 AM,1136,1,1,0,0,CLEAR,DRY,False,COLLISION IN PARKING LOT,SINGLE VEHICLE,STRAIGHT & LEVEL,DAYLIGHT,,,8/20/2019 8:09:23 AM,False,5826,Accepted,
25524798,0568000,LOUISVILLE METRO POLICE DEPT,Accepted,JEFFERSON,,,KNIGHTS,WAY,,,VIA CASSIA,,,,,38.220423365,-85.706793498,0.137,8/19/2019 12:00:00 AM,2118,2,2,0,0,CLOUDY,DRY,True,COLLISION IN PARKING LOT,BACKING,STRAIGHT & LEVEL,DARK-HWY LIGHTED/ON,,,8/21/2019 8:26:37 AM,False,7916,Accepted,
25506278,0568000,LOUISVILLE METRO POLICE DEPT,Accepted,JEFFERSON,US0060A,,3RD,ST,S,,,US0060A,WINKLER,US0060A,EASTERN,38.210280988,-85.762948349,3.167,8/19/2019 12:00:00 AM,1329,1,1,0,0,CLEAR,DRY,False,OTHER ROADWAY OR MID-BLOCK COLLISION,SINGLE VEHICLE,STRAIGHT & LEVEL,DAYLIGHT,,,8/19/2019 4:59:24 PM,False,7418,Accepted,
25506300,0568000,LOUISVILLE METRO POLICE DEPT,Accepted,JEFFERSON,I 0065,,I65 N,,,,,I 0065,I65 N EXIT135 ON RAMP FROM  E SAINT CATHERINE ST,I 0065,I65 N EXIT136A OFF RAMP TO  S BROOK ST,38.239897928,-85.753088686,134.855,8/19/2019 12:00:00 AM,1028,2,2,0,0,CLEAR,DRY,False,OTHER ROADWAY OR MID-BLOCK COLLISION,REAR END,CURVE & LEVEL,DAYLIGHT,,,8/19/2019 5:01:11 PM,False,2000,Accepted,
25547458,0568000,LOUISVILLE METRO POLICE DEPT,Accepted,JEFFERSON,I 0064,,I64 W,,,,,,,,,38.233964358,-85.611463847,12.957,8/19/2019 12:00:00 AM,1547,2,2,0,2,CLEAR,DRY,False,OTHER ROADWAY OR MID-BLOCK COLLISION,REAR END,STRAIGHT & LEVEL,DAYLIGHT,,,8/26/2019 9:38:18 AM,False,7858,Accepted,
25547506,0568000,LOUISVILLE METRO POLICE DEPT,Accepted,JEFFERSON,KY1447,,WESTPORT,RD,,,,,,,,38.278556875,-85.596884757,3.737,8/19/2019 12:00:00 AM,1315,2,2,0,0,CLEAR,DRY,False,OTHER ROADWAY OR MID-BLOCK COLLISION,OPPOSING LEFT TURN,STRAIGHT & LEVEL,DAYLIGHT,,,8/26/2019 9:44:34 AM,False,7858,Accepted,
25586540,0568000,LOUISVILLE METRO POLICE DEPT,Accepted,JEFFERSON,I 0265,,I265 E,,,,,,,,,38.110295145,-85.683302811,11.288,8/19/2019 12:00:00 AM,1742,2,2,0,0,CLEAR,DRY,False,OTHER ROADWAY OR MID-BLOCK COLLISION,REAR END,CURVE & LEVEL,DAYLIGHT,,,9/3/2019 12:54:53 PM,False,7764,Accepted,
25506287,0568000,LOUISVILLE METRO POLICE DEPT,Accepted,JEFFERSON,KY0061,,PRESTON,HWY,,,,KY1450,BLUE LICK,,SERENITY HOPE,38.132826172,-85.683658391,3.546,8/19/2019 12:00:00 AM,0851,2,2,0,0,CLEAR,DRY,False,1 VEHICLE ENTERING/LEAVING ENTRANCE,ANGLE,STRAIGHT & LEVEL,DAYLIGHT,,,8/19/2019 4:59:55 PM,False,2017,Accepted,
25546831,0560000,JEFFERSON COUNTY SHERIFF DEPT.,Accepted,JEFFERSON,,,ST CATHERINE,ST,W,,,,,,,38.239488764,-85.779210753,0.842,8/19/2019 12:00:00 AM,1913,2,2,0,0,CLEAR,DRY,False,1 VEHICLE ENTERING/LEAVING ENTRANCE,ANGLE,STRAIGHT & LEVEL,DAYLIGHT,,,8/26/2019 8:38:00 AM,False,3730,Accepted,
25547483,0568000,LOUISVILLE METRO POLICE DEPT,Accepted,JEFFERSON,US0060,,SHELBYVILLE,RD,,,,,,,,38.248820670,-85.606576983,6.232,8/19/2019 12:00:00 AM,1215,2,2,0,0,CLEAR,DRY,False,1 VEHICLE ENTERING/LEAVING ENTRANCE,ANGLE,STRAIGHT & LEVEL,DAYLIGHT,,,8/26/2019 9:43:06 AM,False,7858,Accepted,
25509095,0568000,LOUISVILLE METRO POLICE DEPT,Accepted,JEFFERSON,,,WARNOCK,ST,,,,,FLOYD,KY2803,ARTHUR,38.214639641,-85.755002692,0.357,8/19/2019 12:00:00 AM,1818,2,2,0,0,CLEAR,DRY,False,1 VEHICLE ENTERING/LEAVING ENTRANCE,ANGLE,STRAIGHT & LEVEL,DAYLIGHT,,,8/20/2019 8:21:27 AM,False,7418,Accepted,
25509063,0568000,LOUISVILLE METRO POLICE DEPT,Accepted,JEFFERSON,KY1931,,MANSLICK,RD,,,,,,,,38.171545822,-85.797793651,6.565,8/19/2019 12:00:00 AM,1702,2,2,0,0,CLEAR,DRY,False,1 VEHICLE ENTERING/LEAVING ENTRANCE,ANGLE,STRAIGHT & HILLCREST,DAYLIGHT,,,8/20/2019 8:18:59 AM,False,7234,Accepted,
25506291,0568000,LOUISVILLE METRO POLICE DEPT,Accepted,JEFFERSON,KY0907,,3RD ST,RD,,,,,,,,38.116384904,-85.813604097,3.267,8/19/2019 12:00:00 AM,1132,2,2,0,1,CLEAR,DRY,False,1 VEHICLE ENTERING/LEAVING ENTRANCE,ANGLE,STRAIGHT & HILLCREST,DAYLIGHT,,,8/19/2019 5:00:12 PM,False,7234,Accepted,
25547472,0568000,LOUISVILLE METRO POLICE DEPT,Accepted,JEFFERSON,,,BECKLEY STATION,RD,N,,,,,,,38.250682343,-85.476198925,1.103,8/19/2019 12:00:00 AM,0740,2,2,0,0,CLEAR,DRY,True,SIDESWIPE COLLISION - OPPOSITE DIRECTION,SIDESWIPE-OPPOSITE DIRECTION,CURVE & GRADE,DAWN,,,8/26/2019 9:41:24 AM,False,7858,Accepted,
25509099,0568000,LOUISVILLE METRO POLICE DEPT,Accepted,JEFFERSON,,,STRADER,AVE,,,,,LENTZ,,KAHLERT,38.191289303,-85.786557247,0.178,8/19/2019 12:00:00 AM,1149,2,2,0,0,CLEAR,DRY,False,SIDESWIPE COLLISION - SAME DIRECTION,SIDESWIPE-SAME DIRECTION,STRAIGHT & LEVEL,DAYLIGHT,,,8/20/2019 8:21:48 AM,False,7422,Accepted,
25509075,0568000,LOUISVILLE METRO POLICE DEPT,Accepted,JEFFERSON,KY1447,,WESTPORT,RD,,,,I 0265,I265 N EXIT33 OFF RAMP TO KY1447,I 0265,I265 S EXIT33 OFF RAMP TO KY1447,38.297813821,-85.547592058,6.718,8/19/2019 12:00:00 AM,1713,2,2,0,0,CLEAR,DRY,False,SIDESWIPE COLLISION - SAME DIRECTION,SIDESWIPE-SAME DIRECTION,STRAIGHT & LEVEL,DAYLIGHT,,,8/20/2019 8:19:42 AM,False,7142,Accepted,
25509000,0566900,LOUISVILLE AIRPORT POLICE,Accepted,JEFFERSON,,,TERMINAL,DR,,,,,,,,38.188453655,-85.744778624,0.759,8/19/2019 12:00:00 AM,1630,2,2,0,0,CLEAR,DRY,False,SIDESWIPE COLLISION - SAME DIRECTION,SIDESWIPE-SAME DIRECTION,STRAIGHT & LEVEL,DAYLIGHT,,,8/20/2019 8:09:15 AM,False,5855,Accepted,
25506272,0568000,LOUISVILLE METRO POLICE DEPT,Accepted,JEFFERSON,,,BRECKINRIDGE,ST,W,,,,,,,38.241631967,-85.756764328,0.144,8/19/2019 12:00:00 AM,0929,2,2,0,0,CLEAR,DRY,False,SIDESWIPE COLLISION - SAME DIRECTION,SIDESWIPE-SAME DIRECTION,STRAIGHT & LEVEL,DAYLIGHT,,,8/19/2019 4:59:09 PM,False,7391,Accepted,
25506281,0568000,LOUISVILLE METRO POLICE DEPT,Accepted,JEFFERSON,,414,BAUER,AVE,,,,,,,,38.250771199,-85.660150191,0.217,8/19/2019 12:00:00 AM,1211,2,2,0,0,CLEAR,DRY,False,SIDESWIPE COLLISION - SAME DIRECTION,SIDESWIPE-SAME DIRECTION,STRAIGHT & LEVEL,DAYLIGHT,,,8/19/2019 4:59:31 PM,False,5112,Accepted,
25506265,0568000,LOUISVILLE METRO POLICE DEPT,Accepted,JEFFERSON,KY2048,,CANNONS,LN,,,,,,,,38.238060468,-85.659429048,1.458,8/19/2019 12:00:00 AM,0928,2,2,0,0,CLEAR,DRY,False,SIDESWIPE COLLISION - SAME DIRECTION,SIDESWIPE-SAME DIRECTION,CURVE & LEVEL,DAYLIGHT,,,8/19/2019 4:58:52 PM,False,5112,Accepted,
25509065,0568000,LOUISVILLE METRO POLICE DEPT,Accepted,JEFFERSON,US0031W,,DIXIE,HWY,,,,,,,,38.086089778,-85.879594688,6.988,8/19/2019 12:00:00 AM,1602,2,2,0,0,CLEAR,DRY,False,SIDESWIPE COLLISION - SAME DIRECTION,SIDESWIPE-SAME DIRECTION,STRAIGHT & LEVEL,DAYLIGHT,,,8/20/2019 8:19:06 AM,False,7234,Accepted,
25509088,0568000,LOUISVILLE METRO POLICE DEPT,Accepted,JEFFERSON,,,OAK,ST,E,,,KY0061,JACKSON,KY0061,PRESTON,38.234265509,-85.749026901,0.350,8/19/2019 12:00:00 AM,1633,2,2,0,0,CLEAR,DRY,False,SIDESWIPE COLLISION - SAME DIRECTION,SIDESWIPE-SAME DIRECTION,CURVE & LEVEL,DAYLIGHT,,,8/20/2019 8:20:39 AM,False,7418,Accepted,
25524735,0568000,LOUISVILLE METRO POLICE DEPT,Accepted,JEFFERSON,,,BRECKINRIDGE,ST,E,,,KY0061,JACKSON,KY0061,PRESTON,38.240646730,-85.747354653,1.228,8/19/2019 12:00:00 AM,1321,2,2,0,2,CLEAR,DRY,False,REAR END IN TRAFFIC LANES BOTH VEHICLES MOVING,REAR END,STRAIGHT & LEVEL,DAYLIGHT,,,8/21/2019 8:23:10 AM,False,7132,Accepted,
25509078,0568000,LOUISVILLE METRO POLICE DEPT,Accepted,JEFFERSON,US0031E,,BARDSTOWN,RD,,,,,,,,38.157122676,-85.590739531,6.074,8/19/2019 12:00:00 AM,1610,2,2,0,0,CLOUDY,DRY,False,REAR END IN TRAFFIC LANES BOTH VEHICLES MOVING,REAR END,STRAIGHT & LEVEL,DAYLIGHT,,,8/20/2019 8:19:56 AM,False,4693,Accepted,
25531193,KSP0400,KY STATE POLICE POST 04,Accepted,JEFFERSON,KY1631,,CRITTENDEN,DR,,,,,,,,38.205320197,-85.750806180,1.199,8/19/2019 12:00:00 AM,1730,2,2,0,0,CLEAR,DRY,False,REAR END IN TRAFFIC LANES BOTH VEHICLES MOVING,REAR END,STRAIGHT & LEVEL,DAYLIGHT,,,8/22/2019 10:56:37 AM,False,456,Accepted,
25506309,0568000,LOUISVILLE METRO POLICE DEPT,Accepted,JEFFERSON,US0060A,,EASTERN,PKWY,,,,,,,,38.226675265,-85.720296347,6.119,8/19/2019 12:00:00 AM,1103,2,2,0,0,CLEAR,DRY,False,REAR END IN TRAFFIC LANES BOTH VEHICLES MOVING,REAR END,CURVE & LEVEL,DAYLIGHT,,,8/19/2019 5:02:02 PM,False,7034,Accepted,
25506425,0568000,LOUISVILLE METRO POLICE DEPT,Accepted,JEFFERSON,KY1747,,HURSTBOURNE,PKWY,S,,,,,,,38.200725849,-85.602922424,9.729,8/19/2019 12:00:00 AM,1607,2,2,0,0,CLEAR,DRY,False,REAR END IN TRAFFIC LANES BOTH VEHICLES MOVING,REAR END,STRAIGHT & LEVEL,DAYLIGHT,,,8/19/2019 5:30:16 PM,False,7497,Accepted,
25546853,0568000,LOUISVILLE METRO POLICE DEPT,Accepted,JEFFERSON,KY0864,4026,POPLAR LEVEL,RD,,,,,MERCER,,TAYLOR,38.200482784,-85.708960512,11.669,8/19/2019 12:00:00 AM,1433,3,3,0,0,CLEAR,DRY,False,REAR END IN TRAFFIC LANES BOTH VEHICLES MOVING,REAR END,STRAIGHT & LEVEL,DAYLIGHT,,,8/26/2019 8:40:04 AM,False,7938,Accepted,
25547469,0568000,LOUISVILLE METRO POLICE DEPT,Accepted,JEFFERSON,KY0146,,LA GRANGE,RD,,,,,,,,38.289490551,-85.512190305,7.561,8/19/2019 12:00:00 AM,0940,2,2,0,0,CLEAR,DRY,True,REAR END IN TRAFFIC LANES BOTH VEHICLES MOVING,REAR END,STRAIGHT & LEVEL,DAYLIGHT,,,8/26/2019 9:40:55 AM,False,7858,Accepted,
25509090,0568000,LOUISVILLE METRO POLICE DEPT,Accepted,JEFFERSON,KY0907,7149,SOUTHSIDE,DR,,,,,,,,38.150984137,-85.766892463,6.906,8/19/2019 12:00:00 AM,2050,2,2,0,0,CLEAR,DRY,False,REAR END IN TRAFFIC LANES BOTH VEHICLES MOVING,REAR END,CURVE & LEVEL,DARK-HWY LIGHTED/OFF,,,8/20/2019 8:20:46 AM,False,7436,Accepted,
25506271,0568000,LOUISVILLE METRO POLICE DEPT,Accepted,JEFFERSON,US0031E,,BAXTER,AVE,,,,,HIGHLAND,,MORTON,38.240471014,-85.724453434,15.669,8/19/2019 12:00:00 AM,0828,2,2,0,0,CLEAR,DRY,False,REAR END IN TRAFFIC LANES BOTH VEHICLES MOVING,REAR END,CURVE & LEVEL,DAYLIGHT,,,8/19/2019 4:59:04 PM,False,2230,Accepted,
25506305,0568000,LOUISVILLE METRO POLICE DEPT,Accepted,JEFFERSON,,,LEXINGTON,RD,,,,,PAYNE,,COOPER,38.250801315,-85.725724827,0.453,8/19/2019 12:00:00 AM,1500,2,2,0,0,CLEAR,DRY,False,REAR END IN TRAFFIC LANES BOTH VEHICLES MOVING,REAR END,CURVE & LEVEL,DAYLIGHT,,,8/19/2019 5:01:42 PM,False,2230,Accepted,
25509062,0568000,LOUISVILLE METRO POLICE DEPT,Accepted,JEFFERSON,US0031W,,DIXIE,HWY,,,,,,,,38.162469895,-85.831634472,12.903,8/19/2019 12:00:00 AM,1446,2,2,0,0,CLEAR,DRY,False,REAR END IN TRAFFIC LANES BOTH VEHICLES MOVING,REAR END,STRAIGHT & LEVEL,DAYLIGHT,,,8/20/2019 8:18:55 AM,False,7234,Accepted,
25509070,0568000,LOUISVILLE METRO POLICE DEPT,Accepted,JEFFERSON,I 0264,,I264 E,,,,,,,,,38.232358900,-85.628581776,18.419,8/19/2019 12:00:00 AM,1718,2,2,0,0,CLOUDY,DRY,False,REAR END IN TRAFFIC LANES BOTH VEHICLES MOVING,REAR END,STRAIGHT & LEVEL,DAYLIGHT,,,8/20/2019 8:19:26 AM,False,7944,Accepted,
25509072,0568000,LOUISVILLE METRO POLICE DEPT,Accepted,JEFFERSON,US0031E,,BARDSTOWN,RD,,,,,,,,38.147506422,-85.586075496,5.369,8/19/2019 12:00:00 AM,1316,2,2,0,0,CLOUDY,DRY,False,REAR END IN TRAFFIC LANES BOTH VEHICLES MOVING,REAR END,STRAIGHT & LEVEL,DAYLIGHT,,,8/20/2019 8:19:30 AM,False,4693,Accepted,