IncidentID,AgencyORI,AgencyName,IncidentStatusDesc,County,RdwyNumber,Street,RoadwayName,StreetSfx,StreetDir,IntersectionRdwy,IntersectionRdwyName,BetweenStRdwy1,BetweenStRdwyName1,BetweenStRdwy2,BetweenStRdwyName2,Latitude,Longitude,Milepoint,CollisionDate,CollisionTime,UnitsInvolved,MotorVehiclesInvolved,NumberKilled,NumberInjured,Weather,RdwyConditionCode,HitandRun,DirAnalysisCode,MannerofCollision,RdwyCharacter,LightCondition,RampFromRdwyId,RampToRdwyId,AcceptedDate,IsSecondaryCollision,OwnerBadge,IncidentStatus,
25509082,0568000,LOUISVILLE METRO POLICE DEPT,Accepted,JEFFERSON,KY1934,,CANE RUN,RD,,,,,MELODY ACRES,,POPLAR VIEW,38.186000747,-85.852935242,7.922,8/19/2019 12:00:00 AM,1759,2,2,0,0,CLEAR,DRY,False,REAR END IN TRAFFIC LANES BOTH VEHICLES MOVING,REAR END,STRAIGHT & LEVEL,DAYLIGHT,,,8/20/2019 8:20:14 AM,False,5032,Accepted,
25524722,0568000,LOUISVILLE METRO POLICE DEPT,Accepted,JEFFERSON,I 0065,,I65 S,,,,,,,,,38.185535017,-85.725070213,130.324,8/19/2019 12:00:00 AM,1601,2,2,0,0,CLEAR,DRY,False,REAR END IN TRAFFIC LANES BOTH VEHICLES MOVING,REAR END,CURVE & GRADE,DAYLIGHT,,,8/21/2019 8:22:23 AM,False,8278,Accepted,
25509106,0568000,LOUISVILLE METRO POLICE DEPT,Accepted,JEFFERSON,I 0065,,I65 S,,,,,,,,,38.122608271,-85.702141265,125.684,8/19/2019 12:00:00 AM,1809,3,3,0,2,CLEAR,DRY,False,REAR END IN TRAFFIC LANES BOTH VEHICLES MOVING,REAR END,STRAIGHT & LEVEL,DAYLIGHT,,,8/20/2019 8:22:14 AM,False,5011,Accepted,
25524800,0568000,LOUISVILLE METRO POLICE DEPT,Accepted,JEFFERSON,,,4TH,ST,S,,,,,,,38.217187653,-85.763442358,2.746,8/19/2019 12:00:00 AM,2114,2,2,0,0,CLEAR,DRY,False,REAR END IN TRAFFIC LANES BOTH VEHICLES MOVING,REAR END,STRAIGHT & LEVEL,DARK-HWY LIGHTED/ON,,,8/21/2019 8:26:42 AM,False,5196,Accepted,
25547572,0568000,LOUISVILLE METRO POLICE DEPT,Accepted,JEFFERSON,I 0265,,I265 N,,,,,,,,,38.229799952,-85.504827714,25.970,8/19/2019 12:00:00 AM,1130,2,2,0,0,CLEAR,DRY,False,OCCUPANT FELL FROM MOVING VEHICLE,ANGLE,STRAIGHT & LEVEL,DAYLIGHT,,,8/26/2019 9:53:32 AM,False,7858,Accepted,
25502781,0568000,LOUISVILLE METRO POLICE DEPT,Accepted,JEFFERSON,US0042,,BROWNSBORO,RD,,,,,CORAL,,KENILWORTH,38.259627407,-85.708908787,1.450,8/19/2019 12:00:00 AM,0305,1,1,0,1,RAINING,WET,False,COLLISION WITH FIXED OBJECT NON - INTERSECTION - FIRST EVENT COLLISION 09 - 32 EXCLUDING 16,SINGLE VEHICLE,CURVE & LEVEL,DARK-HWY LIGHTED/ON,,,8/19/2019 9:00:19 AM,False,2229,Accepted,
25509108,0568000,LOUISVILLE METRO POLICE DEPT,Accepted,JEFFERSON,KY1931,5010,GREENWOOD,RD,,,,,,,,38.143905077,-85.849470509,2.544,8/19/2019 12:00:00 AM,2209,1,1,0,0,CLEAR,DRY,False,RAN OFF ROADWAY (1 VEHICLE WITH/EARTH EMBANKMENT/DITCH),SINGLE VEHICLE,STRAIGHT & LEVEL,DARK-HWY LIGHTED/ON,,,8/20/2019 8:22:20 AM,False,7992,Accepted,
25509104,0568000,LOUISVILLE METRO POLICE DEPT,Accepted,JEFFERSON,I 0265,,I265 E,,,,,,,,,38.112094725,-85.669949473,12.040,8/19/2019 12:00:00 AM,2039,1,1,0,3,CLEAR,DRY,False,RAN OFF ROADWAY (1 VEHICLE WITH/EARTH EMBANKMENT/DITCH),SINGLE VEHICLE,CURVE & LEVEL,DAWN,,,8/20/2019 8:22:08 AM,False,5138,Accepted,
25509073,0568000,LOUISVILLE METRO POLICE DEPT,Accepted,JEFFERSON,,2400B,4TH,ST,S,,,,,,,38.213420178,-85.764263144,3.009,8/19/2019 12:00:00 AM,0743,1,1,0,0,CLEAR,DRY,True,1 VEHICLE PARKED POSITION (NOT PARKING LOT/DRIVEWAY),SINGLE VEHICLE,CURVE & LEVEL,DAYLIGHT,,,8/20/2019 8:19:34 AM,False,7398,Accepted,
25506290,0568000,LOUISVILLE METRO POLICE DEPT,Accepted,JEFFERSON,,3306,DUMESNIL,ST,,,,,,,,38.237405469,-85.807972718,0.669,8/19/2019 12:00:00 AM,1005,2,2,0,0,,,True,1 VEHICLE PARKED POSITION (NOT PARKING LOT/DRIVEWAY),SIDESWIPE-OPPOSITE DIRECTION,STRAIGHT & LEVEL,,,,8/19/2019 4:59:59 PM,False,5179,Accepted,
25530295,0568000,LOUISVILLE METRO POLICE DEPT,Accepted,JEFFERSON,,1517,SHINGO,AVE,,,,,,,,38.174938856,-85.788603481,0.342,8/19/2019 12:00:00 AM,0000,2,2,0,0,CLEAR,DRY,True,1 VEHICLE PARKED POSITION (NOT PARKING LOT/DRIVEWAY),REAR TO REAR,STRAIGHT & LEVEL,DARK (UNKNOWN ROADWAY LIGHTING),,,8/22/2019 8:45:40 AM,False,7177,Accepted,
25506276,0568000,LOUISVILLE METRO POLICE DEPT,Accepted,JEFFERSON,,,HANCOCK,ST,S,,,,LAMPTON,,BRECKINRIDGE,38.240419032,-85.744370112,1.004,8/19/2019 12:00:00 AM,1215,2,2,0,0,CLEAR,DRY,False,1 VEHICLE PARKED POSITION (NOT PARKING LOT/DRIVEWAY),SIDESWIPE-OPPOSITE DIRECTION,STRAIGHT & LEVEL,DAYLIGHT,,,8/19/2019 4:59:19 PM,False,7418,Accepted,
25509103,0568000,LOUISVILLE METRO POLICE DEPT,Accepted,JEFFERSON,,1710,LAFAYETTE,DR,,,,,,,,38.194093590,-85.794661345,0.016,8/19/2019 12:00:00 AM,2219,2,2,0,0,CLEAR,DRY,True,1 VEHICLE PARKED POSITION (NOT PARKING LOT/DRIVEWAY),SIDESWIPE-SAME DIRECTION,STRAIGHT & LEVEL,DARK-HWY LIGHTED/ON,,,8/20/2019 8:22:04 AM,False,7455,Accepted,
25535697,0568000,LOUISVILLE METRO POLICE DEPT,Accepted,JEFFERSON,,,SARDIS,WAY,,,,,,,,38.121981408,-85.606262883,0.002,8/19/2019 12:00:00 AM,0616,2,2,0,0,CLEAR,DRY,False,1 VEHICLE PARKED POSITION (NOT PARKING LOT/DRIVEWAY),SIDESWIPE-SAME DIRECTION,CURVE & LEVEL,DAWN,,,8/23/2019 8:25:52 AM,False,5169,Accepted,
25547482,0568000,LOUISVILLE METRO POLICE DEPT,Accepted,JEFFERSON,US0060,,SHELBYVILLE,RD,,,WILLOW STONE,,,,,38.244212965,-85.549270927,9.360,8/19/2019 12:00:00 AM,1702,2,2,0,0,CLEAR,DRY,False,OTHER INTERSECTION COLLISIONS,REAR TO REAR,STRAIGHT & GRADE,DAYLIGHT,,,8/26/2019 9:42:56 AM,False,7858,Accepted,
25509076,0568000,LOUISVILLE METRO POLICE DEPT,Accepted,JEFFERSON,,,3RD,ST,S,,OAKDALE,,,,,38.200600872,-85.765108112,,8/19/2019 12:00:00 AM,1707,2,2,0,0,CLEAR,DRY,False,OTHER INTERSECTION COLLISIONS,REAR END,CURVE & LEVEL,DAYLIGHT,,,8/20/2019 8:19:47 AM,False,7965,Accepted,
25509083,0568000,LOUISVILLE METRO POLICE DEPT,Accepted,JEFFERSON,,,CHESTNUT,ST,W,,4TH,,,,,38.248944996,-85.757837377,2.362,8/19/2019 12:00:00 AM,0805,3,3,0,0,CLEAR,DRY,False,OTHER INTERSECTION COLLISIONS,REAR END,STRAIGHT & LEVEL,DAYLIGHT,,,8/20/2019 8:20:17 AM,False,5187,Accepted,
25509091,0568000,LOUISVILLE METRO POLICE DEPT,Accepted,JEFFERSON,KY0864,,POPLAR LEVEL,RD,,,HESS,,,,,38.211895698,-85.721079882,12.728,8/19/2019 12:00:00 AM,1600,2,2,0,0,CLEAR,DRY,False,OTHER INTERSECTION COLLISIONS,REAR END,STRAIGHT & LEVEL,DAYLIGHT,,,8/20/2019 8:20:51 AM,False,6148,Accepted,
25506282,0568000,LOUISVILLE METRO POLICE DEPT,Accepted,JEFFERSON,KY1703,,NEWBURG,RD,,,SPEED,,,,,38.222970948,-85.710671418,4.287,8/19/2019 12:00:00 AM,1205,2,2,0,0,CLEAR,DRY,False,OTHER INTERSECTION COLLISIONS,REAR END,STRAIGHT & LEVEL,DAYLIGHT,,,8/19/2019 4:59:37 PM,False,7570,Accepted,
25506296,0568000,LOUISVILLE METRO POLICE DEPT,Accepted,JEFFERSON,KY0864,,POPLAR LEVEL,RD,,,FINCASTLE,,,,,38.207690233,-85.715104803,12.269,8/19/2019 12:00:00 AM,1120,3,3,0,0,CLEAR,DRY,False,OTHER INTERSECTION COLLISIONS,REAR END,STRAIGHT & GRADE,DAYLIGHT,,,8/19/2019 5:00:57 PM,False,2532,Accepted,
25509080,0568000,LOUISVILLE METRO POLICE DEPT,Accepted,JEFFERSON,KY1934,,CANE RUN,RD,,,KRAMERS,,,,,38.201369388,-85.834868612,9.383,8/19/2019 12:00:00 AM,1105,4,4,0,3,CLEAR,DRY,False,OTHER INTERSECTION COLLISIONS,REAR END,STRAIGHT & LEVEL,DAYLIGHT,,,8/20/2019 8:20:03 AM,False,5032,Accepted,
25506306,0568000,LOUISVILLE METRO POLICE DEPT,Accepted,JEFFERSON,,,JEFFERSON,BLVD,,KY1747,FERN VALLEY,,,,,38.156989992,-85.671514117,0.215,8/19/2019 12:00:00 AM,1444,2,2,0,0,CLEAR,DRY,False,OTHER INTERSECTION COLLISIONS,REAR END,STRAIGHT & LEVEL,DAYLIGHT,,,8/19/2019 5:01:47 PM,False,5248,Accepted,
25506295,0568000,LOUISVILLE METRO POLICE DEPT,Accepted,JEFFERSON,KY1934,,GREENBELT,HWY,,,LIONS ARMS,,,,,38.177730933,-85.864221519,7.045,8/19/2019 12:00:00 AM,0757,3,3,0,1,CLEAR,DRY,False,OTHER INTERSECTION COLLISIONS,REAR END,STRAIGHT & LEVEL,DAYLIGHT,,,8/19/2019 5:00:50 PM,False,6326,Accepted,
25506285,0568000,LOUISVILLE METRO POLICE DEPT,Accepted,JEFFERSON,KY1727,,TERRY,RD,,KY1934,CANE RUN,,,,,38.178056333,-85.861836567,4.053,8/19/2019 12:00:00 AM,0645,2,2,0,0,CLEAR,DRY,False,OTHER INTERSECTION COLLISIONS,REAR END,STRAIGHT & LEVEL,DAWN,,,8/19/2019 4:59:51 PM,False,6326,Accepted,
25506261,0568000,LOUISVILLE METRO POLICE DEPT,Accepted,JEFFERSON,US0031E,,BARDSTOWN,RD,,,LONG HOME,,,,,38.121578147,-85.572581731,3.424,8/19/2019 12:00:00 AM,0719,2,2,0,0,CLEAR,DRY,False,OTHER INTERSECTION COLLISIONS,REAR END,STRAIGHT & LEVEL,DAYLIGHT,,,8/19/2019 4:58:32 PM,False,2017,Accepted,
25506301,0568000,LOUISVILLE METRO POLICE DEPT,Accepted,JEFFERSON,US0031W,,DIXIE,HWY,,,BLANTON,,,,,38.157477527,-85.834096309,12.528,8/19/2019 12:00:00 AM,0949,3,3,0,1,CLEAR,DRY,False,OTHER INTERSECTION COLLISIONS,REAR END,STRAIGHT & LEVEL,DAYLIGHT,,,8/19/2019 5:01:28 PM,False,6326,Accepted,
25509059,0568000,LOUISVILLE METRO POLICE DEPT,Accepted,JEFFERSON,,,BROADWAY,,W,,39TH,,,,,38.250185709,-85.816751122,1.554,8/19/2019 12:00:00 AM,1527,2,2,0,0,CLEAR,DRY,False,OTHER INTERSECTION COLLISIONS,REAR END,STRAIGHT & LEVEL,DAYLIGHT,,,8/20/2019 8:18:51 AM,False,7458,Accepted,
25506303,0568000,LOUISVILLE METRO POLICE DEPT,Accepted,JEFFERSON,KY1727,,TERRY,RD,,KY1931,GREENWOOD,,,,,38.144710557,-85.871850264,1.591,8/19/2019 12:00:00 AM,1150,2,2,0,0,CLEAR,DRY,False,OTHER INTERSECTION COLLISIONS,REAR END,STRAIGHT & LEVEL,DAYLIGHT,,,8/19/2019 5:01:37 PM,False,6326,Accepted,
25509085,0568000,LOUISVILLE METRO POLICE DEPT,Accepted,JEFFERSON,,,GRADE,LN,,,DON HUTSON,,,,,38.143576944,-85.738455503,3.139,8/19/2019 12:00:00 AM,1432,2,2,0,0,CLOUDY,DRY,False,OTHER INTERSECTION COLLISIONS,REAR TO REAR,STRAIGHT & LEVEL,DAYLIGHT,,,8/20/2019 8:20:26 AM,False,4693,Accepted,
25509086,0568000,LOUISVILLE METRO POLICE DEPT,Accepted,JEFFERSON,,,MURPHY,LN,,KY1447,WESTPORT,,,,,38.302033668,-85.532564289,,8/19/2019 12:00:00 AM,1322,2,2,0,0,CLEAR,DRY,False,OTHER INTERSECTION COLLISIONS,REAR END,STRAIGHT & LEVEL,DAYLIGHT,,,8/20/2019 8:20:29 AM,False,7142,Accepted,
25524736,0568000,LOUISVILLE METRO POLICE DEPT,Accepted,JEFFERSON,KY0022,,BROWNSBORO,RD,,,SUMMIT PLAZA,,,,,38.306930879,-85.575405660,3.875,8/19/2019 12:00:00 AM,1757,2,2,0,0,CLEAR,DRY,False,OTHER INTERSECTION COLLISIONS,REAR END,STRAIGHT & LEVEL,DAYLIGHT,,,8/21/2019 8:23:13 AM,False,6830,Accepted,
25524727,0568000,LOUISVILLE METRO POLICE DEPT,Accepted,JEFFERSON,KY1934,,CANE RUN,RD,,,MILLERS,,,,,38.215478269,-85.817958094,10.720,8/19/2019 12:00:00 AM,1056,2,2,0,0,CLEAR,DRY,False,OTHER INTERSECTION COLLISIONS,REAR END,STRAIGHT & LEVEL,DAYLIGHT,,,8/21/2019 8:22:37 AM,False,2569,Accepted,
25509109,0568000,LOUISVILLE METRO POLICE DEPT,Accepted,JEFFERSON,KY1932,,BRECKENRIDGE,LN,,US0031E,BARDSTOWN,,,,,38.181214366,-85.626887160,0.002,8/19/2019 12:00:00 AM,2255,2,2,0,0,CLEAR,DRY,True,OTHER INTERSECTION COLLISIONS,REAR END,STRAIGHT & LEVEL,DARK (UNKNOWN ROADWAY LIGHTING),,,8/20/2019 8:22:24 AM,False,2234,Accepted,
25524731,0568000,LOUISVILLE METRO POLICE DEPT,Accepted,JEFFERSON,KY1020,,2ND,ST,S,US0150,BROADWAY,,,,,38.245185555,-85.755265094,12.021,8/19/2019 12:00:00 AM,1038,2,2,0,0,CLEAR,DRY,False,SIDESWIPE-SAME DIRECTION,SIDESWIPE-SAME DIRECTION,STRAIGHT & LEVEL,DAYLIGHT,,,8/21/2019 8:22:54 AM,False,5168,Accepted,
25502779,0568000,LOUISVILLE METRO POLICE DEPT,Accepted,JEFFERSON,,,SHIPP,AVE,W,,7TH,,,,,38.225981350,-85.768825429,0.030,8/19/2019 12:00:00 AM,2202,2,2,0,0,CLEAR,DRY,False,SIDESWIPE-SAME DIRECTION,SIDESWIPE-SAME DIRECTION,STRAIGHT & LEVEL,DARK-HWY LIGHTED/ON,,,8/19/2019 9:00:11 AM,False,7435,Accepted,
25524793,0568000,LOUISVILLE METRO POLICE DEPT,Accepted,JEFFERSON,,,JEFFERSON,ST,W,,5TH,,,,,38.254021412,-85.758672304,0.364,8/19/2019 12:00:00 AM,1618,2,2,0,0,CLEAR,DRY,False,SIDESWIPE-SAME DIRECTION,SIDESWIPE-SAME DIRECTION,STRAIGHT & LEVEL,DAYLIGHT,,,8/21/2019 8:26:12 AM,False,5173,Accepted,
25509102,0568000,LOUISVILLE METRO POLICE DEPT,Accepted,JEFFERSON,KY0864,,POPLAR LEVEL,RD,,,NAOMI,,,,,38.165462493,-85.680301530,8.726,8/19/2019 12:00:00 AM,1924,2,2,0,0,CLEAR,DRY,False,SIDESWIPE-SAME DIRECTION,SIDESWIPE-SAME DIRECTION,STRAIGHT & LEVEL,DAYLIGHT,,,8/20/2019 8:22:00 AM,False,5149,Accepted,
25509093,0568000,LOUISVILLE METRO POLICE DEPT,Accepted,JEFFERSON,,,STRADER,AVE,,KY1865,TAYLOR,,,,,38.190958569,-85.783319214,0.009,8/19/2019 12:00:00 AM,1350,2,2,0,0,CLEAR,DRY,False,SIDESWIPE-SAME DIRECTION,SIDESWIPE-SAME DIRECTION,STRAIGHT & LEVEL,DAYLIGHT,,,8/20/2019 8:21:14 AM,False,7402,Accepted,
25509068,0568000,LOUISVILLE METRO POLICE DEPT,Accepted,JEFFERSON,KY0061,,PRESTON,ST,S,,MUHAMMAD ALI,,,,,38.250042191,-85.746761189,12.580,8/19/2019 12:00:00 AM,1649,2,2,0,1,CLEAR,DRY,False,SIDESWIPE-SAME DIRECTION,SIDESWIPE-SAME DIRECTION,STRAIGHT & LEVEL,DAYLIGHT,,,8/20/2019 8:19:16 AM,False,7377,Accepted,
25506283,0568000,LOUISVILLE METRO POLICE DEPT,Accepted,JEFFERSON,,,RICHLAND,AVE,,US0031E,BARDSTOWN,,,,,38.189921053,-85.642849807,0.001,8/19/2019 12:00:00 AM,0932,2,2,0,0,CLEAR,DRY,True,SIDESWIPE-SAME DIRECTION,SIDESWIPE-SAME DIRECTION,STRAIGHT & LEVEL,DAYLIGHT,,,8/19/2019 4:59:40 PM,False,7739,Accepted,
25547093,0568000,LOUISVILLE METRO POLICE DEPT,Accepted,JEFFERSON,,,MUD,LN,,,BROOKLEY,,,,,38.087972250,-85.675422086,0.729,8/19/2019 12:00:00 AM,1800,2,1,0,0,CLEAR,DRY,False,SIDESWIPE-SAME DIRECTION,SIDESWIPE-SAME DIRECTION,STRAIGHT & LEVEL,DAYLIGHT,,,8/26/2019 9:02:44 AM,True,7955,Accepted,
25509081,0568000,LOUISVILLE METRO POLICE DEPT,Accepted,JEFFERSON,,,MUD,LN,,,BROOKLEY,,,,,38.087983541,-85.675339854,0.733,8/19/2019 12:00:00 AM,1745,2,2,0,0,CLOUDY,DRY,False,OPPOSING LEFT TURN,OPPOSING LEFT TURN,STRAIGHT & LEVEL,DAYLIGHT,,,8/20/2019 8:20:10 AM,False,4693,Accepted,
25509110,0568000,LOUISVILLE METRO POLICE DEPT,Accepted,JEFFERSON,,,JOHNSONTOWN,RD,,US0031W,DIXIE,,,,,38.121212589,-85.855867262,0.010,8/19/2019 12:00:00 AM,1858,2,2,0,0,CLEAR,DRY,False,OPPOSITE DIRECTION - BOTH VEHICLES GOING STRAIGHT AHEAD,SIDESWIPE-OPPOSITE DIRECTION,STRAIGHT & LEVEL,DAYLIGHT,,,8/20/2019 8:22:28 AM,False,5211,Accepted,
25509066,0568000,LOUISVILLE METRO POLICE DEPT,Accepted,JEFFERSON,,,DIXIE,HWY,,,LEE,,,,,38.226586302,-85.791214614,1.600,8/19/2019 12:00:00 AM,1643,2,2,0,0,CLEAR,DRY,True,ANGLE COLLISION - OTHER,ANGLE,STRAIGHT & LEVEL,DAYLIGHT,,,8/20/2019 8:19:09 AM,False,7458,Accepted,
25524718,0568000,LOUISVILLE METRO POLICE DEPT,Accepted,JEFFERSON,,,VIRGINIA,AVE,,,43RD,,,,,38.240331707,-85.825419701,1.436,8/19/2019 12:00:00 AM,1813,2,2,0,0,CLEAR,DRY,False,ANGLE COLLISION - OTHER,ANGLE,STRAIGHT & LEVEL,DAYLIGHT,,,8/21/2019 8:22:08 AM,False,7458,Accepted,
25506308,0568000,LOUISVILLE METRO POLICE DEPT,Accepted,JEFFERSON,US0150,,BROADWAY,,E,,HANCOCK,,,,,38.245025577,-85.743582908,3.186,8/19/2019 12:00:00 AM,0830,2,2,0,2,CLEAR,DRY,False,ANGLE COLLISION - OTHER,ANGLE,STRAIGHT & LEVEL,DAYLIGHT,,,8/19/2019 5:01:52 PM,True,2403,Accepted,
25509058,0568000,LOUISVILLE METRO POLICE DEPT,Accepted,JEFFERSON,,,BROOK,ST,S,,JEFFERSON,,,,,38.253128698,-85.750450751,3.393,8/19/2019 12:00:00 AM,1544,2,2,0,0,CLEAR,DRY,False,ANGLE COLLISION - OTHER,ANGLE,STRAIGHT & LEVEL,DAYLIGHT,,,8/20/2019 8:18:47 AM,False,2855,Accepted,
25506263,0568000,LOUISVILLE METRO POLICE DEPT,Accepted,JEFFERSON,US0031E,,BARDSTOWN,RD,,,FEGENBUSH,,,,,38.187645903,-85.638851154,9.486,8/19/2019 12:00:00 AM,1002,2,2,0,0,CLEAR,DRY,False,ANGLE COLLISION - OTHER,ANGLE,STRAIGHT & LEVEL,DAYLIGHT,,,8/19/2019 4:58:41 PM,False,7338,Accepted,
25509079,0568000,LOUISVILLE METRO POLICE DEPT,Accepted,JEFFERSON,,,GREENWOOD,RD,,KY1230,CANE RUN,,,,,38.147586330,-85.896249895,0.004,8/19/2019 12:00:00 AM,1737,2,2,0,0,CLEAR,DRY,False,ANGLE COLLISION - OTHER,ANGLE,STRAIGHT & LEVEL,DAYLIGHT,,,8/20/2019 8:19:59 AM,False,7339,Accepted,
25569329,0568000,LOUISVILLE METRO POLICE DEPT,Accepted,JEFFERSON,KY0061,,PRESTON,HWY,,,OAKLAWN,,,,,38.148799975,-85.692493354,4.730,8/19/2019 12:00:00 AM,1710,2,2,0,0,CLEAR,DRY,False,ANGLE COLLISION - OTHER,ANGLE,STRAIGHT & LEVEL,DAYLIGHT,,,8/30/2019 8:24:36 AM,False,7269,Accepted,
25506297,0568000,LOUISVILLE METRO POLICE DEPT,Accepted,JEFFERSON,,,WILSON,AVE,,,CYPRESS,,,,,38.233428193,-85.798180528,1.294,8/19/2019 12:00:00 AM,0902,1,1,0,0,CLEAR,DRY,False,COLLISION WITH FIXED OBJECT IN INTERSECTION - FIRST EVENT COLLISION 09 - 32,SINGLE VEHICLE,STRAIGHT & LEVEL,DUSK,,,8/19/2019 5:01:02 PM,False,5179,Accepted,
25509098,0568000,LOUISVILLE METRO POLICE DEPT,Accepted,JEFFERSON,KY1703,,BAXTER,AVE,,,STEVENS,,,,,38.227254938,-85.713957867,4.628,8/19/2019 12:00:00 AM,0742,2,2,0,0,CLEAR,DRY,False,ANGLE COLLISION - ONE VEHICLE TURNING LEFT,ANGLE,STRAIGHT & HILLCREST,DAYLIGHT,,,8/20/2019 8:21:44 AM,False,7960,Accepted,
25509069,0568000,LOUISVILLE METRO POLICE DEPT,Accepted,JEFFERSON,US0031W,,DR W J HODGE,ST,,,HOWARD,,,,,38.245495808,-85.787181712,19.391,8/19/2019 12:00:00 AM,1715,2,2,0,0,CLEAR,DRY,False,ANGLE COLLISION - ONE VEHICLE TURNING LEFT,ANGLE,STRAIGHT & LEVEL,DAYLIGHT,,,8/20/2019 8:19:22 AM,False,7231,Accepted,
25628058,0568000,LOUISVILLE METRO POLICE DEPT,Accepted,JEFFERSON,,,SMYRNA,PKWY,,I 0265,I265 W EXIT14 ON RAMP FROM  COOPER CHAPEL RD,,,,,38.119101284,-85.643405578,1.267,8/19/2019 12:00:00 AM,1747,2,2,0,0,CLEAR,DRY,False,ANGLE COLLISION - ONE VEHICLE TURNING LEFT,ANGLE,STRAIGHT & GRADE,DAYLIGHT,,,9/12/2019 8:29:17 AM,False,6494,Accepted,
25502678,0568000,LOUISVILLE METRO POLICE DEPT,Accepted,JEFFERSON,,,FOREST,DR,,,ROBINHOOD,,,,,38.161449857,-85.695318724,0.240,8/18/2019 12:00:00 AM,2154,2,2,0,1,CLEAR,DRY,False,ANGLE COLLISION - ONE VEHICLE TURNING LEFT,ANGLE,STRAIGHT & GRADE,DARK-HWY NOT LIGHTED,,,8/19/2019 8:53:41 AM,False,7419,Accepted,
25520012,0560600,WEST BUECHEL POLICE DEPT.,Accepted,JEFFERSON,US0031E,,BARDSTOWN,RD,,,BASHFORD MANOR,,,,,38.202864737,-85.664561183,11.342,8/18/2019 12:00:00 AM,2100,2,2,0,0,CLEAR,DRY,False,COLLISION WITH FIXED OBJECT IN INTERSECTION - FIRST EVENT COLLISION 09 - 32,ANGLE,STRAIGHT & LEVEL,DUSK,,,8/20/2019 10:28:00 AM,False,1292,Accepted,
25535602,0568000,LOUISVILLE METRO POLICE DEPT,Accepted,JEFFERSON,KY1020,,SOUTHSIDE,DR,,,EVANGELINE,,,,,38.160356400,-85.764795637,6.237,8/18/2019 12:00:00 AM,1701,1,1,0,1,CLEAR,DRY,False,NON-COLLISION OBJECT COLLISION,SINGLE VEHICLE,STRAIGHT & LEVEL,DAYLIGHT,,,8/23/2019 8:19:28 AM,False,7768,Accepted,
25549495,0568000,LOUISVILLE METRO POLICE DEPT,Accepted,JEFFERSON,KY1865,,TAYLOR,BLVD,,,HATHAWAY,,,,,38.195274110,-85.783031401,6.124,8/18/2019 12:00:00 AM,1653,2,1,0,1,CLEAR,DRY,False,COLLISION WITH BICYCLE IN INTERSECTION,SINGLE VEHICLE,STRAIGHT & LEVEL,DAYLIGHT,,,8/26/2019 2:56:56 PM,False,5237,Accepted,
25530377,0568000,LOUISVILLE METRO POLICE DEPT,Accepted,JEFFERSON,,,LIBERTY,ST,W,,4TH,,,,,38.253069119,-85.757151892,0.608,8/18/2019 12:00:00 AM,0200,2,1,0,1,CLEAR,DRY,False,COLLISION WITH PEDESTRIAN IN INTERSECTION,SINGLE VEHICLE,STRAIGHT & LEVEL,DARK-HWY LIGHTED/ON,,,8/22/2019 8:47:38 AM,False,7464,Accepted,
25502764,0568000,LOUISVILLE METRO POLICE DEPT,Accepted,JEFFERSON,,,CHESTNUT,ST,W,,13TH,,,,,38.250619331,-85.772833362,1.541,8/18/2019 12:00:00 AM,2237,2,2,0,3,CLEAR,DRY,False,ANGLE COLLISION - OTHER,ANGLE,STRAIGHT & LEVEL,DARK-HWY LIGHTED/ON,,,8/19/2019 8:58:58 AM,False,5047,Accepted,
25502679,0568000,LOUISVILLE METRO POLICE DEPT,Accepted,JEFFERSON,,,WEBER,AVE,,,ELEANOR,,,,,38.224089296,-85.685993405,0.057,8/18/2019 12:00:00 AM,1732,2,2,0,0,CLEAR,DRY,False,ANGLE COLLISION - OTHER,ANGLE,STRAIGHT & LEVEL,DAYLIGHT,,,8/19/2019 8:53:49 AM,False,7740,Accepted,
25502719,0568000,LOUISVILLE METRO POLICE DEPT,Accepted,JEFFERSON,,,3RD,ST,S,,FREEMAN,,,,,38.165591449,-85.769030278,2.299,8/18/2019 12:00:00 AM,0024,2,2,0,0,CLEAR,DRY,True,ANGLE COLLISION - OTHER,ANGLE,STRAIGHT & LEVEL,DARK-HWY LIGHTED/ON,,,8/19/2019 8:56:08 AM,False,7649,Accepted,
25502695,0568000,LOUISVILLE METRO POLICE DEPT,Accepted,JEFFERSON,,,HIKES,LN,,,FURMAN,,,,,38.211966951,-85.639380315,2.303,8/18/2019 12:00:00 AM,1413,2,2,0,0,CLOUDY,DRY,False,ANGLE COLLISION - OTHER,ANGLE,STRAIGHT & LEVEL,DAYLIGHT,,,8/19/2019 8:54:55 AM,False,6100,Accepted,
25502743,0568000,LOUISVILLE METRO POLICE DEPT,Accepted,JEFFERSON,,,FAMOUS,WAY,,,JUDGE,,,,,38.131219991,-85.667148091,0.329,8/18/2019 12:00:00 AM,0935,2,2,0,1,CLEAR,DRY,False,ANGLE COLLISION - OTHER,ANGLE,STRAIGHT & LEVEL,DAYLIGHT,,,8/19/2019 8:57:18 AM,False,7127,Accepted,