IncidentID,AgencyORI,AgencyName,IncidentStatusDesc,County,RdwyNumber,Street,RoadwayName,StreetSfx,StreetDir,IntersectionRdwy,IntersectionRdwyName,BetweenStRdwy1,BetweenStRdwyName1,BetweenStRdwy2,BetweenStRdwyName2,Latitude,Longitude,Milepoint,CollisionDate,CollisionTime,UnitsInvolved,MotorVehiclesInvolved,NumberKilled,NumberInjured,Weather,RdwyConditionCode,HitandRun,DirAnalysisCode,MannerofCollision,RdwyCharacter,LightCondition,RampFromRdwyId,RampToRdwyId,AcceptedDate,IsSecondaryCollision,OwnerBadge,IncidentStatus,
25502760,0568000,LOUISVILLE METRO POLICE DEPT,Accepted,JEFFERSON,KY2052,,SHEPHERDSVILLE,RD,,,REGENT,,,,,38.174257953,-85.659511349,2.453,8/18/2019 12:00:00 AM,2015,2,2,0,0,CLEAR,DRY,True,ANGLE COLLISION - OTHER,ANGLE,STRAIGHT & LEVEL,DAYLIGHT,,,8/19/2019 8:58:34 AM,False,7830,Accepted,
25524809,0568000,LOUISVILLE METRO POLICE DEPT,Accepted,JEFFERSON,,,HANCOCK,ST,S,US0150,BROADWAY,,,,,38.245042652,-85.743592152,0.694,8/18/2019 12:00:00 AM,1721,2,2,0,5,CLEAR,DRY,False,ANGLE COLLISION - OTHER,ANGLE,STRAIGHT & LEVEL,DAYLIGHT,,,8/21/2019 8:27:24 AM,False,7239,Accepted,
25535615,0568000,LOUISVILLE METRO POLICE DEPT,Accepted,JEFFERSON,,,20TH,ST,N,,GRIFFITHS,,,,,38.263529085,-85.782318177,0.258,8/18/2019 12:00:00 AM,1711,2,2,0,0,CLEAR,DRY,False,ANGLE COLLISION - OTHER,ANGLE,STRAIGHT & LEVEL,DAYLIGHT,,,8/23/2019 8:21:05 AM,False,7305,Accepted,
25502671,0568000,LOUISVILLE METRO POLICE DEPT,Accepted,JEFFERSON,,,ELLWOOD,AVE,,KY1703,BAXTER,,,,,38.236831635,-85.721511539,0.114,8/18/2019 12:00:00 AM,0200,2,2,0,0,CLEAR,DRY,True,OPPOSING LEFT TURN,OPPOSING LEFT TURN,STRAIGHT & GRADE,DARK-HWY LIGHTED/ON,,,8/19/2019 8:53:12 AM,False,7376,Accepted,
25502765,0568000,LOUISVILLE METRO POLICE DEPT,Accepted,JEFFERSON,KY1865,,NEW CUT,RD,,,BROWN AUSTIN,,,,,38.124158921,-85.776488199,1.113,8/18/2019 12:00:00 AM,1433,2,2,0,0,CLOUDY,DRY,False,SIDESWIPE-SAME DIRECTION,SIDESWIPE-SAME DIRECTION,STRAIGHT & LEVEL,DAYLIGHT,,,8/19/2019 8:59:09 AM,False,7232,Accepted,
25502774,0568000,LOUISVILLE METRO POLICE DEPT,Accepted,JEFFERSON,US0060,,FRANKFORT,AVE,,,BIRCHWOOD,,,,,38.254757743,-85.690821197,1.594,8/18/2019 12:00:00 AM,0943,2,2,0,0,CLEAR,DRY,False,SIDESWIPE-SAME DIRECTION,SIDESWIPE-SAME DIRECTION,STRAIGHT & LEVEL,DAYLIGHT,,,8/19/2019 8:59:52 AM,False,7281,Accepted,
25502732,0568000,LOUISVILLE METRO POLICE DEPT,Accepted,JEFFERSON,,,1ST,ST,S,,JEFFERSON,,,,,38.253232682,-85.752125704,0.189,8/18/2019 12:00:00 AM,1430,2,2,0,0,CLOUDY,DRY,False,SIDESWIPE-SAME DIRECTION,SIDESWIPE-SAME DIRECTION,STRAIGHT & LEVEL,DAYLIGHT,,,8/19/2019 8:56:49 AM,False,7239,Accepted,
25502726,0568000,LOUISVILLE METRO POLICE DEPT,Accepted,JEFFERSON,US0042,,STORY,AVE,,,SPRING,,,,,38.257320415,-85.724925423,0.454,8/18/2019 12:00:00 AM,1740,2,2,0,0,CLEAR,DRY,True,SIDESWIPE-SAME DIRECTION,SIDESWIPE-SAME DIRECTION,STRAIGHT & LEVEL,DAYLIGHT,,,8/19/2019 8:56:32 AM,False,2764,Accepted,
25502776,0568000,LOUISVILLE METRO POLICE DEPT,Accepted,JEFFERSON,,,BARRET,AVE,,,CASTLEWOOD,,,,,38.231016012,-85.724036090,1.366,8/18/2019 12:00:00 AM,0116,2,2,0,0,CLEAR,DRY,True,SIDESWIPE-SAME DIRECTION,SIDESWIPE-SAME DIRECTION,STRAIGHT & GRADE,DARK-HWY LIGHTED/ON,,,8/19/2019 8:59:58 AM,False,5152,Accepted,
25502745,0568000,LOUISVILLE METRO POLICE DEPT,Accepted,JEFFERSON,US0042,,MELLWOOD,AVE,,US0060,FRANKFORT,,,,,38.257720249,-85.719473567,0.805,8/18/2019 12:00:00 AM,1427,4,4,0,0,CLEAR,DRY,True,SIDESWIPE-SAME DIRECTION,SIDESWIPE-SAME DIRECTION,STRAIGHT & LEVEL,DAYLIGHT,,,8/19/2019 8:57:25 AM,True,7281,Accepted,
25502738,0568000,LOUISVILLE METRO POLICE DEPT,Accepted,JEFFERSON,,,LIBERTY,ST,E,KY0864,CHESTNUT,,,,,38.249866820,-85.733174863,1.059,8/18/2019 12:00:00 AM,1318,2,2,0,0,CLEAR,DRY,False,SIDESWIPE-SAME DIRECTION,SIDESWIPE-SAME DIRECTION,STRAIGHT & LEVEL,DAYLIGHT,,,8/19/2019 8:56:58 AM,False,7406,Accepted,
25502703,0568000,LOUISVILLE METRO POLICE DEPT,Accepted,JEFFERSON,KY2052,,SHEPHERDSVILLE,RD,,KY1747,FERN VALLEY,,,,,38.156068382,-85.659778689,1.212,8/18/2019 12:00:00 AM,1803,2,2,0,0,CLOUDY,DRY,False,OTHER INTERSECTION COLLISIONS,REAR END,STRAIGHT & LEVEL,DAYLIGHT,,,8/19/2019 8:55:13 AM,False,6937,Accepted,
25502705,0568000,LOUISVILLE METRO POLICE DEPT,Accepted,JEFFERSON,,,YE OLD POST,RD,,KY2052,SHEPHERDSVILLE,,,,,38.151773745,-85.659699280,0.004,8/18/2019 12:00:00 AM,0323,1,1,0,0,CLEAR,DRY,False,OTHER INTERSECTION COLLISIONS,SINGLE VEHICLE,STRAIGHT & LEVEL,DARK-HWY LIGHTED/ON,,,8/19/2019 8:55:17 AM,False,5107,Accepted,
25502722,0568000,LOUISVILLE METRO POLICE DEPT,Accepted,JEFFERSON,,,STILZ,AVE,,US0060,FRANKFORT,,,,,38.254594077,-85.685411955,0.001,8/18/2019 12:00:00 AM,2311,2,2,0,0,CLOUDY,DRY,False,OTHER INTERSECTION COLLISIONS,REAR END,STRAIGHT & HILLCREST,DARK-HWY LIGHTED/ON,,,8/19/2019 8:56:23 AM,False,7304,Accepted,
25530372,0568000,LOUISVILLE METRO POLICE DEPT,Accepted,JEFFERSON,US0031W,,MAIN,ST,W,,8TH,,,,,38.257359926,-85.763230432,21.565,8/18/2019 12:00:00 AM,2045,2,2,0,0,CLEAR,DRY,True,OTHER INTERSECTION COLLISIONS,REAR END,STRAIGHT & LEVEL,DUSK,,,8/22/2019 8:47:13 AM,False,7464,Accepted,
25502715,0568000,LOUISVILLE METRO POLICE DEPT,Accepted,JEFFERSON,,1811,CARL,CT,,,,,,,,38.191261910,-85.802625428,0.031,8/18/2019 12:00:00 AM,0731,2,2,0,0,CLOUDY,DRY,False,1 VEHICLE PARKED POSITION (NOT PARKING LOT/DRIVEWAY),ANGLE,STRAIGHT & LEVEL,DAWN,,,8/19/2019 8:55:50 AM,False,5230,Accepted,
25586284,0568000,LOUISVILLE METRO POLICE DEPT,Accepted,JEFFERSON,KY1703,,BAXTER,AVE,,,,,RUFER,,GRINSTEAD,38.237692296,-85.722287131,5.479,8/18/2019 12:00:00 AM,0400,2,2,0,0,CLEAR,DRY,True,1 VEHICLE PARKED POSITION (NOT PARKING LOT/DRIVEWAY),SIDESWIPE-SAME DIRECTION,STRAIGHT & GRADE,DARK-HWY LIGHTED/ON,,,9/3/2019 12:08:13 PM,False,2228,Accepted,
25502785,0568000,LOUISVILLE METRO POLICE DEPT,Accepted,JEFFERSON,,331,SOUTHSIDE,CT,E,,,,,,,38.160430345,-85.755768392,0.162,8/18/2019 12:00:00 AM,2326,2,2,0,0,CLEAR,DRY,False,1 VEHICLE PARKED POSITION (NOT PARKING LOT/DRIVEWAY),SIDESWIPE-SAME DIRECTION,STRAIGHT & LEVEL,DARK-HWY LIGHTED/ON,,,8/19/2019 9:00:34 AM,False,7649,Accepted,
25502681,0568000,LOUISVILLE METRO POLICE DEPT,Accepted,JEFFERSON,,1431,WURTELE,AVE,,,,,,,,38.212804653,-85.779738281,0.171,8/18/2019 12:00:00 AM,2135,2,2,0,0,CLOUDY,DRY,False,1 VEHICLE PARKED POSITION (NOT PARKING LOT/DRIVEWAY),ANGLE,STRAIGHT & LEVEL,DARK-HWY NOT LIGHTED,,,8/19/2019 8:53:58 AM,False,7426,Accepted,
25502727,0568000,LOUISVILLE METRO POLICE DEPT,Accepted,JEFFERSON,US0031W,,DIXIE,HWY,,,,,,,,38.013966687,-85.925737298,1.274,8/18/2019 12:00:00 AM,0404,1,1,0,0,CLEAR,DRY,False,RAN OFF ROADWAY (1 VEHICLE WITH/EARTH EMBANKMENT/DITCH),SINGLE VEHICLE,STRAIGHT & LEVEL,DARK-HWY LIGHTED/ON,,,8/19/2019 8:56:35 AM,False,7332,Accepted,
25502680,0568000,LOUISVILLE METRO POLICE DEPT,Accepted,JEFFERSON,,,KENDALL,RD,,,,,,,,38.115517421,-85.859458149,0.061,8/18/2019 12:00:00 AM,1534,1,1,0,1,CLEAR,DRY,False,COLLISION WITH FIXED OBJECT NON - INTERSECTION - FIRST EVENT COLLISION 09 - 32 EXCLUDING 16,SINGLE VEHICLE,STRAIGHT & LEVEL,DAYLIGHT,,,8/19/2019 8:53:53 AM,False,7080,Accepted,
25502689,0568000,LOUISVILLE METRO POLICE DEPT,Accepted,JEFFERSON,,426,38TH,ST,N,,,,,,,38.269165872,-85.810960831,0.173,8/18/2019 12:00:00 AM,0100,1,1,0,0,CLEAR,DRY,True,COLLISION WITH FIXED OBJECT NON - INTERSECTION - FIRST EVENT COLLISION 09 - 32 EXCLUDING 16,SINGLE VEHICLE,STRAIGHT & LEVEL,DARK-HWY LIGHTED/ON,,,8/19/2019 8:54:47 AM,False,7343,Accepted,
25997539,0568000,LOUISVILLE METRO POLICE DEPT,Accepted,JEFFERSON,KY1934,,CANE RUN,RD,,,,,KRISTIN,KY2049,KY2049 CROSSOVER,38.198989315,-85.837916509,9.147,8/18/2019 12:00:00 AM,2322,2,1,1,0,CLOUDY,DRY,False,COLLISION WITH PEDESTRIAN NON - INTERSECTION,SINGLE VEHICLE,STRAIGHT & LEVEL,DARK-HWY NOT LIGHTED,,,12/2/2019 10:07:23 AM,False,7851,Accepted,
25951134,0561500,UNIV. OF LOUISVILLE POLICE,Accepted,JEFFERSON,,2040,4TH,ST,S,,,,,,,38.217358700,-85.763432189,2.734,8/18/2019 12:00:00 AM,2325,2,1,0,1,CLEAR,DRY,False,COLLISION WITH PEDESTRIAN NON - INTERSECTION,SINGLE VEHICLE,STRAIGHT & LEVEL,DARK-HWY NOT LIGHTED,,,11/20/2019 5:34:46 PM,False,5656,Accepted,
25502673,0568000,LOUISVILLE METRO POLICE DEPT,Accepted,JEFFERSON,,,HOWARD,ST,,,MIDWAY,,,,,38.246206958,-85.794256133,0.382,8/18/2019 12:00:00 AM,2031,1,1,0,0,CLOUDY,DRY,False,OTHER INTERSECTION COLLISIONS,SINGLE VEHICLE,STRAIGHT & LEVEL,DUSK,,,8/19/2019 8:53:18 AM,False,7370,Accepted,
25502675,0568000,LOUISVILLE METRO POLICE DEPT,Accepted,JEFFERSON,KY0155,,TAYLORSVILLE,RD,,,BROWNS,,,,,38.219889334,-85.625601907,13.311,8/18/2019 12:00:00 AM,0129,2,2,0,1,CLEAR,DRY,False,OTHER INTERSECTION COLLISIONS,REAR END,STRAIGHT & LEVEL,DARK-HWY LIGHTED/ON,,,8/19/2019 8:53:28 AM,False,7830,Accepted,
25502663,0568000,LOUISVILLE METRO POLICE DEPT,Accepted,JEFFERSON,I 0065,,I65 N,,,,,,,,,38.170483688,-85.720632320,129.196,8/18/2019 12:00:00 AM,1716,2,2,0,0,CLEAR,DRY,False,REAR END IN TRAFFIC LANES BOTH VEHICLES MOVING,REAR END,STRAIGHT & LEVEL,DAYLIGHT,,,8/19/2019 8:52:45 AM,False,2796,Accepted,
25502667,0568000,LOUISVILLE METRO POLICE DEPT,Accepted,JEFFERSON,KY1447,,WESTPORT,RD,,,,,,,,38.297420838,-85.549475793,6.614,8/18/2019 12:00:00 AM,1431,2,2,0,0,CLEAR,DRY,False,REAR END IN TRAFFIC LANES BOTH VEHICLES MOVING,REAR END,STRAIGHT & LEVEL,DAYLIGHT,,,8/19/2019 8:52:58 AM,False,7313,Accepted,
25502708,0568000,LOUISVILLE METRO POLICE DEPT,Accepted,JEFFERSON,KY1934,4400,CANE RUN,RD,,,,,,,,38.197362712,-85.839892209,9.022,8/18/2019 12:00:00 AM,1900,2,2,0,0,CLEAR,DRY,True,REAR END IN TRAFFIC LANES BOTH VEHICLES MOVING,REAR END,STRAIGHT & LEVEL,DAYLIGHT,,,8/19/2019 8:55:26 AM,False,5181,Accepted,
25502709,0568000,LOUISVILLE METRO POLICE DEPT,Accepted,JEFFERSON,,,HIKES,LN,,,,,,,,38.218185609,-85.628520598,3.033,8/18/2019 12:00:00 AM,1742,3,3,0,0,CLEAR,DRY,False,REAR END IN TRAFFIC LANES BOTH VEHICLES MOVING,REAR END,STRAIGHT & LEVEL,DAYLIGHT,,,8/19/2019 8:55:29 AM,False,7864,Accepted,
25502772,0568000,LOUISVILLE METRO POLICE DEPT,Accepted,JEFFERSON,,8511,STANDING OAK,DR,,,,,,,,38.130692756,-85.846054620,0.058,8/18/2019 12:00:00 AM,1310,2,2,0,0,CLEAR,DRY,True,HEAD-ON COLLISION,HEAD ON,STRAIGHT & LEVEL,DAYLIGHT,,,8/19/2019 8:59:43 AM,False,7224,Accepted,
25502729,0568000,LOUISVILLE METRO POLICE DEPT,Accepted,JEFFERSON,KY2052,,SHEPHERDSVILLE,RD,,KY1747,FERN VALLEY,,,,,38.156116163,-85.659789066,1.213,8/18/2019 12:00:00 AM,0209,2,2,0,1,CLEAR,DRY,True,HEAD-ON COLLISION,HEAD ON,,DARK-HWY LIGHTED/OFF,,,8/19/2019 8:56:42 AM,False,7120,Accepted,
25506266,0568000,LOUISVILLE METRO POLICE DEPT,Accepted,JEFFERSON,US0031E,,MARKET,ST,E,,,,HANCOCK,KY0061,JACKSON,38.253857322,-85.744377398,17.253,8/18/2019 12:00:00 AM,1433,2,2,0,0,CLEAR,DRY,False,SIDESWIPE COLLISION - SAME DIRECTION,SIDESWIPE-SAME DIRECTION,STRAIGHT & LEVEL,DAYLIGHT,,,8/19/2019 4:58:56 PM,False,7058,Accepted,
25502683,0568000,LOUISVILLE METRO POLICE DEPT,Accepted,JEFFERSON,I 0071,,I71 N,,,,,,,,,38.303941436,-85.603292810,7.695,8/18/2019 12:00:00 AM,1915,2,2,0,0,CLEAR,DRY,False,SIDESWIPE COLLISION - SAME DIRECTION,SIDESWIPE-SAME DIRECTION,STRAIGHT & LEVEL,DAYLIGHT,,,8/19/2019 8:54:12 AM,False,5102,Accepted,
25530248,0568000,LOUISVILLE METRO POLICE DEPT,Accepted,JEFFERSON,,,OAK,ST,E,,,KY0061,PRESTON,I 0065,I65 S EXIT135 ON RAMP FROM  E OAK ST,38.234109350,-85.750463780,0.267,8/18/2019 12:00:00 AM,1403,2,2,0,0,CLEAR,DRY,True,SIDESWIPE COLLISION - SAME DIRECTION,SIDESWIPE-SAME DIRECTION,STRAIGHT & LEVEL,DAYLIGHT,,,8/22/2019 8:41:56 AM,False,7390,Accepted,
25502697,0568000,LOUISVILLE METRO POLICE DEPT,Accepted,JEFFERSON,KY0864,,POPLAR LEVEL,RD,,,,,,,,38.224009819,-85.730071244,13.713,8/18/2019 12:00:00 AM,1350,2,2,0,0,CLEAR,DRY,False,SIDESWIPE COLLISION - SAME DIRECTION,SIDESWIPE-SAME DIRECTION,CURVE & LEVEL,DAYLIGHT,,,8/19/2019 8:55:01 AM,False,5130,Accepted,
25502746,0568000,LOUISVILLE METRO POLICE DEPT,Accepted,JEFFERSON,,,LEE,ST,W,,,,SHIPP,,5TH,38.223468909,-85.764065308,1.038,8/18/2019 12:00:00 AM,1445,2,2,0,0,CLEAR,DRY,False,1 VEHICLE ENTERING/LEAVING ENTRANCE,ANGLE,STRAIGHT & LEVEL,DAYLIGHT,,,8/19/2019 8:57:29 AM,False,7116,Accepted,
25502762,0568000,LOUISVILLE METRO POLICE DEPT,Accepted,JEFFERSON,KY0864,,FEGENBUSH,LN,,,,,GLASER,,ARTHUR GOINS,38.140236921,-85.618394201,4.579,8/18/2019 12:00:00 AM,0415,2,2,0,1,CLEAR,DRY,False,1 VEHICLE ENTERING/LEAVING ENTRANCE,ANGLE,STRAIGHT & LEVEL,DARK-HWY NOT LIGHTED,,,8/19/2019 8:58:47 AM,False,7851,Accepted,
25530269,0568000,LOUISVILLE METRO POLICE DEPT,Accepted,JEFFERSON,KY1631,,CRITTENDEN,DR,,,,,,,,38.196357691,-85.750851444,0.582,8/18/2019 12:00:00 AM,1320,2,2,0,0,CLEAR,DRY,False,1 VEHICLE ENTERING/LEAVING ENTRANCE,ANGLE,STRAIGHT & LEVEL,DAYLIGHT,,,8/22/2019 8:43:52 AM,False,7628,Accepted,
25502766,0568000,LOUISVILLE METRO POLICE DEPT,Accepted,JEFFERSON,KY2052,,SHEPHERDSVILLE,RD,,,,,JANIES,KY1747,FERN VALLEY,38.156947404,-85.659815828,1.270,8/18/2019 12:00:00 AM,1637,2,2,0,0,CLEAR,DRY,False,OTHER ROADWAY OR MID-BLOCK COLLISION,REAR END,STRAIGHT & LEVEL,DAYLIGHT,,,8/19/2019 8:59:15 AM,False,2959,Accepted,
25502716,0568000,LOUISVILLE METRO POLICE DEPT,Accepted,JEFFERSON,,,MAGNOLIA,AVE,W,,,,7TH,,6TH,38.229570204,-85.766326052,0.526,8/18/2019 12:00:00 AM,2127,1,1,0,1,CLEAR,DRY,False,OTHER ROADWAY OR MID-BLOCK COLLISION,SINGLE VEHICLE,STRAIGHT & GRADE,DARK (UNKNOWN ROADWAY LIGHTING),,,8/19/2019 8:55:54 AM,False,5111,Accepted,
25506392,0568000,LOUISVILLE METRO POLICE DEPT,Accepted,JEFFERSON,,,NELSON MILLER,PKWY,,,,KY3084,OLD HENRY,,MAGISTERIAL,38.268151396,-85.506276373,1.128,8/18/2019 12:00:00 AM,1518,2,2,0,0,CLEAR,DRY,False,OTHER ROADWAY OR MID-BLOCK COLLISION,REAR END,STRAIGHT & LEVEL,DAYLIGHT,,,8/19/2019 5:22:34 PM,False,7751,Accepted,
25552466,0568000,LOUISVILLE METRO POLICE DEPT,Accepted,JEFFERSON,,,YORK,ST,,,,,4TH,KY1020,3RD,38.244126487,-85.757748431,0.403,8/18/2019 12:00:00 AM,1055,2,2,0,0,CLOUDY,DRY,False,COLLISION IN PARKING LOT,SIDESWIPE-SAME DIRECTION,STRAIGHT & LEVEL,DAYLIGHT,,,8/27/2019 8:23:39 AM,False,7619,Accepted,
25502702,0568000,LOUISVILLE METRO POLICE DEPT,Accepted,JEFFERSON,I 0065,,,,,,,,,,,38.113930625,-85.699044972,0.616,8/18/2019 12:00:00 AM,1517,1,1,0,1,CLEAR,DRY,False,OTHER RAMP RELATED COLLISIONS NOT LISTED ABOVE,SINGLE VEHICLE,CURVE & GRADE,DAYLIGHT,I 0065,I 0065,8/19/2019 8:55:09 AM,False,7989,Accepted,
25502728,0568000,LOUISVILLE METRO POLICE DEPT,Accepted,JEFFERSON,I 0265,,,,,,,,,,,38.297870606,-85.547380377,0.023,8/18/2019 12:00:00 AM,1155,2,2,0,0,CLEAR,DRY,True,OTHER ROADWAY OR MID-BLOCK COLLISION,REAR END,CURVE & GRADE,DAYLIGHT,I 0265,KY1447,8/19/2019 8:56:39 AM,False,2030,Accepted,
25502688,0568000,LOUISVILLE METRO POLICE DEPT,Accepted,JEFFERSON,,,MELLWOOD,AVE,,,,,DELMONT,,THOMPSON,38.262921886,-85.714142889,0.247,8/18/2019 12:00:00 AM,1537,2,2,0,0,CLEAR,DRY,False,OTHER ROADWAY OR MID-BLOCK COLLISION,OPPOSING LEFT TURN,STRAIGHT & LEVEL,DAYLIGHT,,,8/19/2019 8:54:42 AM,False,7281,Accepted,
25502677,0568000,LOUISVILLE METRO POLICE DEPT,Accepted,JEFFERSON,KY1065,,OUTER,LOOP,,,,KY0061,PRESTON,,CAROL,38.138461807,-85.686390647,6.070,8/18/2019 12:00:00 AM,1252,2,2,0,0,CLEAR,DRY,False,OTHER ROADWAY OR MID-BLOCK COLLISION,REAR END,STRAIGHT & LEVEL,DAYLIGHT,,,8/19/2019 8:53:34 AM,False,2324,Accepted,
25502283,0561500,UNIV. OF LOUISVILLE POLICE,Accepted,JEFFERSON,KY1020,1832,3RD,ST,S,,,,,,,38.220841929,-85.761196585,10.344,8/18/2019 12:00:00 AM,0020,2,2,0,0,CLEAR,DRY,False,OTHER ROADWAY OR MID-BLOCK COLLISION,REAR END,STRAIGHT & LEVEL,DARK-HWY NOT LIGHTED,,,8/19/2019 7:25:24 AM,False,5656,Accepted,
25502629,0568000,LOUISVILLE METRO POLICE DEPT,Accepted,JEFFERSON,KY1065,8900,BEULAH CHURCH,RD,,,,,,,,38.138106094,-85.607940487,10.319,8/17/2019 12:00:00 AM,0937,1,1,0,0,CLEAR,DRY,False,OTHER ROADWAY OR MID-BLOCK COLLISION,SINGLE VEHICLE,STRAIGHT & LEVEL,DAYLIGHT,,,8/19/2019 8:50:07 AM,False,5233,Accepted,
25502787,0568000,LOUISVILLE METRO POLICE DEPT,Accepted,JEFFERSON,KY1703,,NEWBURG,RD,,,,,,,,38.216982237,-85.707785073,3.843,8/17/2019 12:00:00 AM,2353,1,1,0,1,CLEAR,DRY,False,OTHER ROADWAY OR MID-BLOCK COLLISION,SINGLE VEHICLE,CURVE & GRADE,DARK-HWY LIGHTED/ON,,,8/19/2019 9:00:46 AM,False,5252,Accepted,
25502589,0568000,LOUISVILLE METRO POLICE DEPT,Accepted,JEFFERSON,KY2251,,BARDSTOWN,RD,,,,,,,,38.196537887,-85.655403165,0.749,8/17/2019 12:00:00 AM,1150,2,2,0,0,CLEAR,DRY,True,OTHER ROADWAY OR MID-BLOCK COLLISION,REAR END,STRAIGHT & LEVEL,DAYLIGHT,,,8/19/2019 8:47:56 AM,False,7864,Accepted,
25502646,0568000,LOUISVILLE METRO POLICE DEPT,Accepted,JEFFERSON,I 0265,,,,,,,,,,,38.309054354,-85.572972950,0.223,8/17/2019 12:00:00 AM,1055,2,2,0,0,CLEAR,DRY,False,OTHER RAMP RELATED COLLISIONS NOT LISTED ABOVE,REAR END,STRAIGHT & HILLCREST,DAYLIGHT,I 0265,KY0022,8/19/2019 8:51:23 AM,False,7751,Accepted,
25502644,0568000,LOUISVILLE METRO POLICE DEPT,Accepted,JEFFERSON,US0031E,1250,BARDSTOWN,RD,,,,,,,,38.235581416,-85.717086571,15.006,8/17/2019 12:00:00 AM,1408,2,2,0,0,CLOUDY,DRY,False,COLLISION IN PARKING LOT,ANGLE,STRAIGHT & LEVEL,DAYLIGHT,,,8/19/2019 8:51:14 AM,False,7900,Accepted,
25530320,0568000,LOUISVILLE METRO POLICE DEPT,Accepted,JEFFERSON,,1130,CHESTNUT,ST,W,,,,,,,38.250369746,-85.770798526,1.654,8/17/2019 12:00:00 AM,1115,2,2,0,0,CLEAR,DRY,False,COLLISION IN PARKING LOT,ANGLE,STRAIGHT & LEVEL,DAYLIGHT,,,8/22/2019 8:46:25 AM,False,2854,Accepted,
25530387,0568000,LOUISVILLE METRO POLICE DEPT,Accepted,JEFFERSON,KY0061,,PRESTON,ST,S,US0060A,EASTERN,,,,,38.215006344,-85.743263060,10.109,8/17/2019 12:00:00 AM,0451,2,2,0,0,CLEAR,DRY,False,COLLISION IN PARKING LOT,ANGLE,STRAIGHT & LEVEL,DARK-HWY LIGHTED/ON,,,8/22/2019 8:48:22 AM,False,5052,Accepted,
25502657,0568000,LOUISVILLE METRO POLICE DEPT,Accepted,JEFFERSON,KY0061,6622,PRESTON,HWY,,,,,,,,38.156191519,-85.696701061,5.307,8/17/2019 12:00:00 AM,1328,2,2,0,1,CLEAR,DRY,False,1 VEHICLE ENTERING/LEAVING ENTRANCE,ANGLE,STRAIGHT & LEVEL,DAYLIGHT,,,8/19/2019 8:52:21 AM,False,7914,Accepted,
25502735,0568000,LOUISVILLE METRO POLICE DEPT,Accepted,JEFFERSON,KY1703,,NEWBURG,RD,,,,,,,,38.201362730,-85.687657382,2.188,8/17/2019 12:00:00 AM,2227,2,2,0,0,CLEAR,DRY,False,1 VEHICLE ENTERING/LEAVING ENTRANCE,ANGLE,STRAIGHT & GRADE,DARK (UNKNOWN ROADWAY LIGHTING),,,8/19/2019 8:56:54 AM,False,5252,Accepted,
25502604,0568000,LOUISVILLE METRO POLICE DEPT,Accepted,JEFFERSON,,5507,VALLEY STATION,RD,,,,,,,,38.106870218,-85.840944874,0.042,8/17/2019 12:00:00 AM,1556,2,2,0,0,CLEAR,DRY,False,1 VEHICLE ENTERING/LEAVING ENTRANCE,ANGLE,STRAIGHT & LEVEL,DAYLIGHT,,,8/19/2019 8:48:53 AM,False,2600,Accepted,
25502586,0568000,LOUISVILLE METRO POLICE DEPT,Accepted,JEFFERSON,KY0061,,PRESTON,HWY,,,,KY1065,OUTER,,OKOLONA,38.137357278,-85.686050256,3.875,8/17/2019 12:00:00 AM,1445,2,2,0,0,CLOUDY,DRY,False,1 VEHICLE ENTERING/LEAVING ENTRANCE,ANGLE,STRAIGHT & LEVEL,DAYLIGHT,,,8/19/2019 8:47:29 AM,False,2324,Accepted,
25502752,0568000,LOUISVILLE METRO POLICE DEPT,Accepted,JEFFERSON,I 0064,,I64 W,,,,,,,,,38.221876210,-85.475224650,20.528,8/17/2019 12:00:00 AM,2153,2,2,0,0,CLEAR,DRY,True,SIDESWIPE COLLISION - SAME DIRECTION,SIDESWIPE-SAME DIRECTION,STRAIGHT & LEVEL,DARK-HWY LIGHTED/ON,,,8/19/2019 8:57:52 AM,False,5204,Accepted,
25502699,0568000,LOUISVILLE METRO POLICE DEPT,Accepted,JEFFERSON,KY0864,,POPLAR LEVEL,RD,,,,,,,,38.212856849,-85.722040789,12.801,8/17/2019 12:00:00 AM,2159,2,2,0,0,CLEAR,DRY,False,SIDESWIPE COLLISION - SAME DIRECTION,SIDESWIPE-SAME DIRECTION,STRAIGHT & LEVEL,DARK-HWY LIGHTED/ON,,,8/19/2019 8:55:05 AM,False,7359,Accepted,
25502645,0568000,LOUISVILLE METRO POLICE DEPT,Accepted,JEFFERSON,US0031E,,BARDSTOWN,RD,,,,,LONGEST,,BEECHWOOD,38.235955139,-85.716509662,15.126,8/17/2019 12:00:00 AM,0938,2,2,0,0,CLEAR,DRY,False,SIDESWIPE COLLISION - SAME DIRECTION,SIDESWIPE-SAME DIRECTION,STRAIGHT & LEVEL,DAYLIGHT,,,8/19/2019 8:51:18 AM,False,2228,Accepted,
25502770,0568000,LOUISVILLE METRO POLICE DEPT,Accepted,JEFFERSON,I 0065,,I65 N,,,,,,,,,38.157624916,-85.718230375,128.285,8/17/2019 12:00:00 AM,1900,2,2,0,0,CLEAR,DRY,False,SIDESWIPE COLLISION - SAME DIRECTION,SIDESWIPE-SAME DIRECTION,STRAIGHT & LEVEL,DAYLIGHT,,,8/19/2019 8:59:37 AM,False,7669,Accepted,