IncidentID,AgencyORI,AgencyName,IncidentStatusDesc,County,RdwyNumber,Street,RoadwayName,StreetSfx,StreetDir,IntersectionRdwy,IntersectionRdwyName,BetweenStRdwy1,BetweenStRdwyName1,BetweenStRdwy2,BetweenStRdwyName2,Latitude,Longitude,Milepoint,CollisionDate,CollisionTime,UnitsInvolved,MotorVehiclesInvolved,NumberKilled,NumberInjured,Weather,RdwyConditionCode,HitandRun,DirAnalysisCode,MannerofCollision,RdwyCharacter,LightCondition,RampFromRdwyId,RampToRdwyId,AcceptedDate,IsSecondaryCollision,OwnerBadge,IncidentStatus,
25502649,0568000,LOUISVILLE METRO POLICE DEPT,Accepted,JEFFERSON,,6515,UPPER HUNTERS,TRCE,,,,,,,,38.159850693,-85.845722709,1.276,8/17/2019 12:00:00 AM,1505,2,2,0,3,CLOUDY,WET,False,HEAD-ON COLLISION,HEAD ON,CURVE & LEVEL,DAYLIGHT,,,8/19/2019 8:51:36 AM,False,5100,Accepted,
25502608,0568000,LOUISVILLE METRO POLICE DEPT,Accepted,JEFFERSON,KY1934,,CANE RUN,RD,,,,,,,,38.180514509,-85.858816800,7.423,8/17/2019 12:00:00 AM,1521,2,2,0,0,CLEAR,DRY,False,REAR END IN TRAFFIC LANES BOTH VEHICLES MOVING,REAR END,STRAIGHT & LEVEL,DAYLIGHT,,,8/19/2019 8:49:14 AM,False,7177,Accepted,
25502636,0568000,LOUISVILLE METRO POLICE DEPT,Accepted,JEFFERSON,US0031,,CLARK MEMORIAL,BRG,,,,,,,,38.259416763,-85.752607560,0.222,8/17/2019 12:00:00 AM,1016,2,2,0,2,CLEAR,DRY,False,REAR END IN TRAFFIC LANES BOTH VEHICLES MOVING,REAR END,STRAIGHT & HILLCREST,DAYLIGHT,,,8/19/2019 8:50:39 AM,False,7848,Accepted,
25502585,0568000,LOUISVILLE METRO POLICE DEPT,Accepted,JEFFERSON,US0060,,SHELBYVILLE,RD,,,LA FONTENAY,,,,,38.245059243,-85.559221510,8.826,8/17/2019 12:00:00 AM,1546,2,1,0,1,CLEAR,DRY,True,OTHER INTERSECTION COLLISIONS,SINGLE VEHICLE,STRAIGHT & LEVEL,DAYLIGHT,,,8/19/2019 8:47:25 AM,False,7899,Accepted,
25502591,0568000,LOUISVILLE METRO POLICE DEPT,Accepted,JEFFERSON,,,ZORN,AVE,,I 0071,I71 S EXIT2 OFF RAMP TO  ZORN AVE,,,,,38.275688130,-85.697774793,1.616,8/17/2019 12:00:00 AM,1715,2,2,0,0,CLEAR,DRY,False,OTHER INTERSECTION COLLISIONS,REAR END,STRAIGHT & LEVEL,DAYLIGHT,,,8/19/2019 8:48:00 AM,False,7128,Accepted,
25502753,0568000,LOUISVILLE METRO POLICE DEPT,Accepted,JEFFERSON,KY1703,,NEWBURG,RD,,,,,,,,38.216982237,-85.707785073,3.843,8/17/2019 12:00:00 AM,2353,1,1,0,1,CLEAR,DRY,False,COLLISION WITH FIXED OBJECT NON - INTERSECTION - FIRST EVENT COLLISION 09 - 32 EXCLUDING 16,SINGLE VEHICLE,CURVE & GRADE,DARK-HWY LIGHTED/ON,,,8/19/2019 8:57:56 AM,False,5252,Accepted,
25502615,0568000,LOUISVILLE METRO POLICE DEPT,Accepted,JEFFERSON,KY0864,4201,POPLAR LEVEL,RD,,,,,,,,38.199375844,-85.708018077,11.576,8/17/2019 12:00:00 AM,0933,1,1,0,0,CLEAR,DRY,False,COLLISION WITH FIXED OBJECT NON - INTERSECTION - FIRST EVENT COLLISION 09 - 32 EXCLUDING 16,SINGLE VEHICLE,STRAIGHT & LEVEL,DAYLIGHT,,,8/19/2019 8:49:28 AM,False,7898,Accepted,
25502628,0568000,LOUISVILLE METRO POLICE DEPT,Accepted,JEFFERSON,,1400BLK,ST JAMES,CT,,,,,,,,38.227904175,-85.763130867,0.096,8/17/2019 12:00:00 AM,0217,5,5,0,0,CLEAR,DRY,False,1 VEHICLE PARKED POSITION (NOT PARKING LOT/DRIVEWAY),SIDESWIPE-SAME DIRECTION,STRAIGHT & LEVEL,DARK (UNKNOWN ROADWAY LIGHTING),,,8/19/2019 8:50:01 AM,False,5111,Accepted,
25502768,0568000,LOUISVILLE METRO POLICE DEPT,Accepted,JEFFERSON,,6403,HOLLOW TREE,RD,,,,,,,,38.157228208,-85.625580978,0.066,8/17/2019 12:00:00 AM,2248,2,2,0,0,CLEAR,DRY,False,1 VEHICLE PARKED POSITION (NOT PARKING LOT/DRIVEWAY),REAR TO REAR,STRAIGHT & HILLCREST,DARK-HWY LIGHTED/ON,,,8/19/2019 8:59:30 AM,False,7120,Accepted,
25502758,0568000,LOUISVILLE METRO POLICE DEPT,Accepted,JEFFERSON,,,13TH,ST,S,,,,,,,38.225380341,-85.777200658,1.875,8/17/2019 12:00:00 AM,2349,3,3,0,4,CLEAR,DRY,True,1 VEHICLE PARKED POSITION (NOT PARKING LOT/DRIVEWAY),REAR TO REAR,STRAIGHT & LEVEL,DARK-HWY LIGHTED/ON,,,8/19/2019 8:58:20 AM,False,7384,Accepted,
25502720,0568000,LOUISVILLE METRO POLICE DEPT,Accepted,JEFFERSON,US0031W,,DIXIE,HWY,,,JOHNSONTOWN,,,,,38.121182927,-85.855670509,9.747,8/17/2019 12:00:00 AM,1520,2,2,0,0,OTHER,OTHER,False,OTHER INTERSECTION COLLISIONS,REAR END,STRAIGHT & LEVEL,DAYLIGHT,,,8/19/2019 8:56:18 AM,False,7336,Accepted,
25502744,0568000,LOUISVILLE METRO POLICE DEPT,Accepted,JEFFERSON,KY0061,,PRESTON,HWY,,,GILMORE,,,,,38.174653895,-85.712750122,6.882,8/17/2019 12:00:00 AM,2200,3,3,0,0,CLEAR,DRY,False,OTHER INTERSECTION COLLISIONS,REAR END,STRAIGHT & LEVEL,DARK-HWY LIGHTED/ON,,,8/19/2019 8:57:21 AM,False,5178,Accepted,
25502687,0568000,LOUISVILLE METRO POLICE DEPT,Accepted,JEFFERSON,KY2052,,SHEPHERDSVILLE,RD,,KY1747,FERN VALLEY,,,,,38.155487006,-85.659793995,1.169,8/17/2019 12:00:00 AM,1949,2,2,0,0,CLEAR,DRY,False,OTHER INTERSECTION COLLISIONS,REAR END,STRAIGHT & LEVEL,DAYLIGHT,,,8/19/2019 8:54:36 AM,False,5107,Accepted,
25502606,0568000,LOUISVILLE METRO POLICE DEPT,Accepted,JEFFERSON,US0031E,,BARDSTOWN,RD,,I 0265,I265 E EXIT17 OFF RAMP TO US31E,,,,,38.139358395,-85.582220681,4.755,8/17/2019 12:00:00 AM,1308,2,2,0,0,CLEAR,DRY,False,OTHER INTERSECTION COLLISIONS,REAR END,CURVE & GRADE,DAYLIGHT,,,8/19/2019 8:49:08 AM,False,2321,Accepted,
25502717,0568000,LOUISVILLE METRO POLICE DEPT,Accepted,JEFFERSON,,,KENTUCKY,ST,W,,38TH,,,,,38.245077211,-85.815964560,0.517,8/17/2019 12:00:00 AM,2028,2,2,0,0,CLEAR,DRY,True,OTHER INTERSECTION COLLISIONS,REAR END,STRAIGHT & LEVEL,DARK-HWY LIGHTED/ON,,,8/19/2019 8:55:58 AM,False,7349,Accepted,
25585752,0568000,LOUISVILLE METRO POLICE DEPT,Accepted,JEFFERSON,,,GRADE,LN,,,CRITTENDEN,,,,,38.153140602,-85.733958978,2.418,8/17/2019 12:00:00 AM,0225,2,2,0,0,CLEAR,DRY,False,OTHER INTERSECTION COLLISIONS,REAR END,STRAIGHT & LEVEL,DARK-HWY LIGHTED/ON,,,9/3/2019 11:14:35 AM,False,5107,Accepted,
25502782,0568000,LOUISVILLE METRO POLICE DEPT,Accepted,JEFFERSON,I 0265,,I265 N,,,I 0064,I64 E,,,,,38.221935255,-85.505476620,25.448,8/17/2019 12:00:00 AM,2142,2,2,0,0,CLEAR,DRY,False,SIDESWIPE-SAME DIRECTION,SIDESWIPE-SAME DIRECTION,CURVE & GRADE,DARK-HWY LIGHTED/ON,,,8/19/2019 9:00:25 AM,False,5007,Accepted,
25502761,0568000,LOUISVILLE METRO POLICE DEPT,Accepted,JEFFERSON,KY0146,,LA GRANGE,RD,,KY1447,WESTPORT,,,,,38.297017914,-85.506105741,8.251,8/17/2019 12:00:00 AM,2220,2,2,0,0,CLEAR,DRY,False,OPPOSING LEFT TURN,OPPOSING LEFT TURN,STRAIGHT & LEVEL,DARK-HWY LIGHTED/ON,,,8/19/2019 8:58:41 AM,False,7159,Accepted,
25552511,0568000,LOUISVILLE METRO POLICE DEPT,Accepted,JEFFERSON,KY1631,,CRITTENDEN,DR,,,HURON,,,,,38.194029681,-85.750920110,0.420,8/17/2019 12:00:00 AM,2330,2,2,0,0,CLEAR,DRY,False,ANGLE COLLISION - OTHER,ANGLE,STRAIGHT & LEVEL,DARK-HWY LIGHTED/ON,,,8/27/2019 8:26:37 AM,False,5127,Accepted,
25502714,0568000,LOUISVILLE METRO POLICE DEPT,Accepted,JEFFERSON,KY1020,,SOUTHERN,PKWY,,,EVELYN,,,,,38.196740929,-85.766852519,8.860,8/17/2019 12:00:00 AM,1854,2,2,0,0,CLEAR,DRY,False,ANGLE COLLISION - OTHER,ANGLE,STRAIGHT & LEVEL,DAYLIGHT,,,8/19/2019 8:55:45 AM,False,7977,Accepted,
25502763,0568000,LOUISVILLE METRO POLICE DEPT,Accepted,JEFFERSON,,,19TH,ST,S,US0031W,MARKET,,,,,38.257982250,-85.781622787,0.096,8/17/2019 12:00:00 AM,1546,2,2,0,1,CLOUDY,WET,False,ANGLE COLLISION - OTHER,ANGLE,STRAIGHT & LEVEL,DAYLIGHT,,,8/19/2019 8:58:53 AM,False,7292,Accepted,
25502670,0568000,LOUISVILLE METRO POLICE DEPT,Accepted,JEFFERSON,KY0155,,TAYLORSVILLE,RD,,,KINGS,,,,,38.223472497,-85.676297487,16.076,8/17/2019 12:00:00 AM,1548,2,2,0,1,CLOUDY,WET,False,COLLISION WITH FIXED OBJECT IN INTERSECTION - FIRST EVENT COLLISION 09 - 32,OPPOSING LEFT TURN,STRAIGHT & LEVEL,DAYLIGHT,,,8/19/2019 8:53:09 AM,False,6813,Accepted,
25502718,0568000,LOUISVILLE METRO POLICE DEPT,Accepted,JEFFERSON,,,6TH,ST,S,,JEFFERSON,,,,,38.254669330,-85.760260859,0.133,8/17/2019 12:00:00 AM,2215,2,2,0,0,CLOUDY,DRY,False,COLLISION WITH PARKED VEHICLE,REAR TO REAR,STRAIGHT & LEVEL,DARK-HWY LIGHTED/ON,,,8/19/2019 8:56:03 AM,False,5008,Accepted,
25687148,0568000,LOUISVILLE METRO POLICE DEPT,Accepted,JEFFERSON,,,VIRGINIA,AVE,,,34TH,,,,,38.238985019,-85.810246382,0.767,8/17/2019 12:00:00 AM,2112,2,2,0,2,CLEAR,DRY,False,ANGLE COLLISION - ONE VEHICLE TURNING RIGHT,ANGLE,STRAIGHT & LEVEL,DARK-HWY LIGHTED/ON,,,9/25/2019 8:43:24 AM,False,7370,Accepted,
25502659,0568000,LOUISVILLE METRO POLICE DEPT,Accepted,JEFFERSON,US0031W,,DIXIE,HWY,,,BONNYVILLE,,,,,38.166923906,-85.829248049,13.187,8/17/2019 12:00:00 AM,1201,2,2,0,0,CLEAR,DRY,False,ANGLE COLLISION - OTHER,ANGLE,STRAIGHT & LEVEL,DAYLIGHT,,,8/19/2019 8:52:26 AM,False,7177,Accepted,
25502641,0568000,LOUISVILLE METRO POLICE DEPT,Accepted,JEFFERSON,,,4TH,ST,S,,BRANDEIS,,,,,38.219470264,-85.763076318,2.586,8/16/2019 12:00:00 AM,2158,2,2,0,0,CLEAR,DRY,False,ANGLE COLLISION - OTHER,ANGLE,STRAIGHT & LEVEL,DARK-HWY LIGHTED/ON,,,8/19/2019 8:50:57 AM,False,5123,Accepted,
25502601,0568000,LOUISVILLE METRO POLICE DEPT,Accepted,JEFFERSON,,,CLAY,ST,S,,JACOB,,,,,38.242962895,-85.741841450,0.837,8/16/2019 12:00:00 AM,1010,2,2,0,1,CLEAR,DRY,False,ANGLE COLLISION - OTHER,ANGLE,STRAIGHT & LEVEL,DARK-HWY LIGHTED/ON,,,8/19/2019 8:48:35 AM,False,7360,Accepted,
25502558,0568000,LOUISVILLE METRO POLICE DEPT,Accepted,JEFFERSON,,,MARKET,ST,W,US0031W,22ND,,,,,38.258516764,-85.786542067,0.002,8/16/2019 12:00:00 AM,1415,2,2,0,2,CLEAR,DRY,False,ANGLE COLLISION - OTHER,ANGLE,STRAIGHT & LEVEL,DAYLIGHT,,,8/19/2019 8:46:36 AM,False,7292,Accepted,
25502707,0568000,LOUISVILLE METRO POLICE DEPT,Accepted,JEFFERSON,US0031W,,DIXIE,HWY,,KY1931,ST ANDREWS CHURCH,,,,,38.143523905,-85.839504203,11.679,8/16/2019 12:00:00 AM,2230,2,2,0,0,CLEAR,DRY,False,ANGLE COLLISION - OTHER,ANGLE,STRAIGHT & LEVEL,DARK-HWY LIGHTED/ON,,,8/19/2019 8:55:22 AM,False,5170,Accepted,
25502490,0568000,LOUISVILLE METRO POLICE DEPT,Accepted,JEFFERSON,,,WINTER,AVE,,,EDWARD,,,,,38.236557544,-85.725983662,0.184,8/16/2019 12:00:00 AM,0718,2,2,0,0,CLEAR,DRY,False,ANGLE COLLISION - OTHER,ANGLE,STRAIGHT & LEVEL,DAYLIGHT,,,8/19/2019 8:36:58 AM,False,5020,Accepted,
25502576,0568000,LOUISVILLE METRO POLICE DEPT,Accepted,JEFFERSON,US0031E,,BUECHEL,BYP,,KY2251,KY2251 CROSSOVER,,,,,38.190511106,-85.644469041,9.901,8/16/2019 12:00:00 AM,2245,2,2,0,0,CLEAR,DRY,False,ANGLE COLLISION - OTHER,ANGLE,STRAIGHT & LEVEL,DARK-HWY LIGHTED/ON,,,8/19/2019 8:47:02 AM,False,7830,Accepted,
25502550,0568000,LOUISVILLE METRO POLICE DEPT,Accepted,JEFFERSON,,,KENTUCKY,ST,E,KY0864,SHELBY,,,,,38.236916597,-85.740926289,0.753,8/16/2019 12:00:00 AM,1506,2,2,0,1,CLEAR,DRY,False,ANGLE COLLISION - OTHER,ANGLE,STRAIGHT & LEVEL,DAYLIGHT,,,8/19/2019 8:46:17 AM,False,7390,Accepted,
25502523,0568000,LOUISVILLE METRO POLICE DEPT,Accepted,JEFFERSON,,,KENTUCKY,ST,W,KY1020,2ND,,,,,38.238556032,-85.756329471,3.739,8/16/2019 12:00:00 AM,1443,2,2,0,0,CLEAR,DRY,False,ANGLE COLLISION - OTHER,ANGLE,STRAIGHT & LEVEL,DAYLIGHT,,,8/19/2019 8:42:45 AM,False,7334,Accepted,
25481294,0568000,LOUISVILLE METRO POLICE DEPT,Accepted,JEFFERSON,KY1747,,HURSTBOURNE,PKWY,S,,SIX MILE,,,,,38.198624780,-85.603133015,9.575,8/16/2019 12:00:00 AM,0012,2,2,0,2,CLEAR,DRY,False,ANGLE COLLISION - OTHER,ANGLE,STRAIGHT & LEVEL,DARK-HWY NOT LIGHTED,,,8/16/2019 8:27:44 AM,False,6668,Accepted,
25502519,0568000,LOUISVILLE METRO POLICE DEPT,Accepted,JEFFERSON,,,GARLAND,AVE,,,34TH,,,,,38.245899665,-85.808824255,2.249,8/16/2019 12:00:00 AM,1451,2,2,0,0,CLEAR,DRY,False,ANGLE COLLISION - OTHER,ANGLE,STRAIGHT & LEVEL,DAYLIGHT,,,8/19/2019 8:42:26 AM,False,5151,Accepted,
25502489,0568000,LOUISVILLE METRO POLICE DEPT,Accepted,JEFFERSON,US0150,,BROADWAY,,W,,ROY WILKINS,,,,,38.246809573,-85.766674412,1.928,8/16/2019 12:00:00 AM,1248,2,2,0,3,CLEAR,DRY,False,ANGLE COLLISION - OTHER,ANGLE,STRAIGHT & LEVEL,DAYLIGHT,,,8/19/2019 8:36:48 AM,False,7058,Accepted,
25502522,0568000,LOUISVILLE METRO POLICE DEPT,Accepted,JEFFERSON,,,BARRET,AVE,,,WINTER,,,,,38.235767132,-85.727636763,1.007,8/16/2019 12:00:00 AM,1725,2,2,0,0,CLEAR,DRY,False,ANGLE COLLISION - ONE VEHICLE TURNING RIGHT,ANGLE,STRAIGHT & LEVEL,DAYLIGHT,,,8/19/2019 8:42:38 AM,False,5020,Accepted,
25502655,0568000,LOUISVILLE METRO POLICE DEPT,Accepted,JEFFERSON,,,7TH,ST,S,,HILL,,,,,38.226760554,-85.768999347,0.658,8/16/2019 12:00:00 AM,2157,2,2,0,0,CLEAR,DRY,True,ANGLE COLLISION - ONE VEHICLE TURNING LEFT,ANGLE,STRAIGHT & LEVEL,DARK-HWY LIGHTED/ON,,,8/19/2019 8:52:10 AM,False,7388,Accepted,
25502566,0568000,LOUISVILLE METRO POLICE DEPT,Accepted,JEFFERSON,,,RICHLAND,AVE,,,PEMBROKE,,,,,38.222115351,-85.627276517,0.499,8/16/2019 12:00:00 AM,1700,2,2,0,0,CLOUDY,DRY,False,ANGLE COLLISION - ONE VEHICLE TURNING LEFT,ANGLE,STRAIGHT & LEVEL,DAYLIGHT,,,8/19/2019 8:46:46 AM,False,6100,Accepted,
25502543,0568000,LOUISVILLE METRO POLICE DEPT,Accepted,JEFFERSON,,,MORTON,AVE,,US0031E,BAXTER,,,,,38.241411795,-85.725332423,0.006,8/16/2019 12:00:00 AM,1555,2,2,0,0,CLEAR,DRY,False,COLLISION WITH PARKED VEHICLE,SIDESWIPE-SAME DIRECTION,STRAIGHT & LEVEL,DAYLIGHT,,,8/19/2019 8:45:53 AM,False,5020,Accepted,
25502755,0568000,LOUISVILLE METRO POLICE DEPT,Accepted,JEFFERSON,KY3082,,BANK,ST,,,HARDIN,,,,,38.272630614,-85.801009849,0.493,8/16/2019 12:00:00 AM,1428,2,1,0,1,CLEAR,DRY,True,COLLISION WITH BICYCLE IN INTERSECTION,SINGLE VEHICLE,STRAIGHT & LEVEL,DAYLIGHT,,,8/19/2019 8:58:07 AM,False,7292,Accepted,
25502571,0568000,LOUISVILLE METRO POLICE DEPT,Accepted,JEFFERSON,US0031E,,MARKET,ST,E,,FLOYD,,,,,38.254303342,-85.748091723,17.484,8/16/2019 12:00:00 AM,2119,2,1,0,1,CLEAR,DRY,False,COLLISION WITH BICYCLE IN INTERSECTION,SINGLE VEHICLE,STRAIGHT & LEVEL,DARK-HWY LIGHTED/ON,,,8/19/2019 8:46:57 AM,False,5056,Accepted,
25502653,0568000,LOUISVILLE METRO POLICE DEPT,Accepted,JEFFERSON,,,4TH,ST,S,,BLOOM,,,,,38.222076758,-85.762583534,2.405,8/16/2019 12:00:00 AM,0730,5,5,0,3,CLEAR,DRY,False,ANGLE COLLISION - OTHER,ANGLE,STRAIGHT & LEVEL,DAYLIGHT,,,8/19/2019 8:51:56 AM,False,7116,Accepted,
25547127,0568000,LOUISVILLE METRO POLICE DEPT,Accepted,JEFFERSON,,,DIXIE,HWY,,,BERNHEIM,,,,,38.221460277,-85.793299265,1.991,8/16/2019 12:00:00 AM,1930,2,2,0,0,CLEAR,DRY,False,ANGLE COLLISION - OTHER,ANGLE,STRAIGHT & LEVEL,DAYLIGHT,,,8/26/2019 9:10:00 AM,False,5132,Accepted,
25502631,0568000,LOUISVILLE METRO POLICE DEPT,Accepted,JEFFERSON,KY1934,,CANE RUN,RD,,,RICHELLE,,,,,38.204848269,-85.830209881,9.729,8/16/2019 12:00:00 AM,2243,2,2,0,0,CLEAR,DRY,False,REAR END - ONE VEHICLE TURNING LEFT,REAR END,STRAIGHT & LEVEL,DARK-HWY LIGHTED/ON,,,8/19/2019 8:50:18 AM,False,7437,Accepted,
25502598,0568000,LOUISVILLE METRO POLICE DEPT,Accepted,JEFFERSON,KY0061,,PRESTON,HWY,,KY1065,OUTER,,,,,38.138318821,-85.686580009,3.950,8/16/2019 12:00:00 AM,1630,2,2,0,0,CLOUDY,DRY,False,REAR END - ONE VEHICLE TURNING RIGHT,REAR END,CURVE & LEVEL,DAYLIGHT,,,8/19/2019 8:48:19 AM,False,2583,Accepted,
25530382,0568000,LOUISVILLE METRO POLICE DEPT,Accepted,JEFFERSON,,,34TH,ST,S,,GREENWOOD,,,,,38.243147481,-85.809524086,1.344,8/16/2019 12:00:00 AM,2314,4,4,0,1,CLEAR,DRY,False,ANGLE COLLISION - OTHER,ANGLE,STRAIGHT & LEVEL,DARK-HWY LIGHTED/ON,,,8/22/2019 8:48:00 AM,False,7175,Accepted,
25502505,0568000,LOUISVILLE METRO POLICE DEPT,Accepted,JEFFERSON,US0031W,,DIXIE,HWY,,,BONNYVILLE,,,,,38.166981888,-85.829246560,13.183,8/16/2019 12:00:00 AM,0934,2,2,0,1,CLEAR,DRY,False,OPPOSING LEFT TURN,OPPOSING LEFT TURN,STRAIGHT & LEVEL,DAYLIGHT,,,8/19/2019 8:39:24 AM,False,6326,Accepted,
25502617,0568000,LOUISVILLE METRO POLICE DEPT,Accepted,JEFFERSON,KY1934,,CANE RUN,RD,,,FARNSLEY,,,,,38.203837949,-85.831554853,9.644,8/16/2019 12:00:00 AM,1104,2,2,0,1,CLEAR,DRY,False,OPPOSING LEFT TURN,OPPOSING LEFT TURN,STRAIGHT & GRADE,DAYLIGHT,,,8/19/2019 8:49:33 AM,False,5208,Accepted,
25502632,0568000,LOUISVILLE METRO POLICE DEPT,Accepted,JEFFERSON,US0042,,BROWNSBORO,RD,,,HALDEMAN,,,,,38.259514279,-85.710491928,1.367,8/16/2019 12:00:00 AM,1340,2,2,0,3,CLEAR,DRY,False,OPPOSING LEFT TURN,OPPOSING LEFT TURN,STRAIGHT & LEVEL,DAYLIGHT,,,8/19/2019 8:50:24 AM,False,7281,Accepted,
25502610,0568000,LOUISVILLE METRO POLICE DEPT,Accepted,JEFFERSON,US0060,,SHELBYVILLE,RD,,KY1531,JOHNSON,,,,,38.233595926,-85.453276035,14.904,8/16/2019 12:00:00 AM,1304,2,2,0,1,CLEAR,DRY,False,OPPOSING LEFT TURN,OPPOSING LEFT TURN,STRAIGHT & HILLCREST,DAYLIGHT,,,8/19/2019 8:49:18 AM,False,7751,Accepted,
25502648,0568000,LOUISVILLE METRO POLICE DEPT,Accepted,JEFFERSON,KY0061,,PRESTON,HWY,,,COOPER CHAPEL,,,,,38.103564062,-85.672717227,1.390,8/16/2019 12:00:00 AM,1858,3,3,0,0,CLEAR,DRY,False,SIDESWIPE-SAME DIRECTION,SIDESWIPE-SAME DIRECTION,STRAIGHT & LEVEL,DAYLIGHT,,,8/19/2019 8:51:31 AM,False,5005,Accepted,
25502525,0568000,LOUISVILLE METRO POLICE DEPT,Accepted,JEFFERSON,,,JEFFERSON,ST,E,,BROOK,,,,,38.253106341,-85.750405582,0.960,8/16/2019 12:00:00 AM,1621,2,2,0,0,CLEAR,DRY,False,SIDESWIPE-SAME DIRECTION,SIDESWIPE-SAME DIRECTION,STRAIGHT & LEVEL,DAYLIGHT,,,8/19/2019 8:43:14 AM,False,7406,Accepted,
25481366,0568000,LOUISVILLE METRO POLICE DEPT,Accepted,JEFFERSON,KY2052,,SHEPHERDSVILLE,RD,,,GEORGIA,,,,,38.146107560,-85.660093485,0.515,8/16/2019 12:00:00 AM,0708,2,2,0,0,CLEAR,DRY,False,SIDESWIPE-SAME DIRECTION,SIDESWIPE-SAME DIRECTION,STRAIGHT & LEVEL,DAYLIGHT,,,8/16/2019 8:39:06 AM,False,7127,Accepted,
25502500,0568000,LOUISVILLE METRO POLICE DEPT,Accepted,JEFFERSON,KY0864,,FEGENBUSH,LN,,KY1747,FERN VALLEY,,,,,38.161309159,-85.640866093,6.584,8/16/2019 12:00:00 AM,1045,2,2,0,0,CLEAR,DRY,False,SIDESWIPE-SAME DIRECTION,SIDESWIPE-SAME DIRECTION,STRAIGHT & LEVEL,DAYLIGHT,,,8/19/2019 8:39:12 AM,False,5233,Accepted,
25502506,0568000,LOUISVILLE METRO POLICE DEPT,Accepted,JEFFERSON,KY1865,,NEW CUT,RD,,,ORCHARD HILL,,,,,38.159561628,-85.778594539,3.591,8/16/2019 12:00:00 AM,0835,2,2,0,0,CLEAR,DRY,False,SIDESWIPE-SAME DIRECTION,SIDESWIPE-SAME DIRECTION,STRAIGHT & LEVEL,DAYLIGHT,,,8/19/2019 8:39:31 AM,False,6326,Accepted,
25506275,0568000,LOUISVILLE METRO POLICE DEPT,Accepted,JEFFERSON,US0150,,BROADWAY,,W,,4TH,,,,,38.246088161,-85.758506917,2.375,8/16/2019 12:00:00 AM,1220,2,2,0,0,CLEAR,DRY,False,SIDESWIPE-SAME DIRECTION,SIDESWIPE-SAME DIRECTION,STRAIGHT & LEVEL,DAYLIGHT,,,8/19/2019 4:59:16 PM,False,7058,Accepted,
25530294,0568000,LOUISVILLE METRO POLICE DEPT,Accepted,JEFFERSON,I 0265,,,,,I 0265,SMYRNA,,,,,38.119415403,-85.643382636,0.282,8/16/2019 12:00:00 AM,1051,2,2,0,0,CLEAR,DRY,False,SIDESWIPE-SAME DIRECTION,SIDESWIPE-SAME DIRECTION,STRAIGHT & LEVEL,DAYLIGHT,,,8/22/2019 8:45:31 AM,False,4656,Accepted,
25502612,0568000,LOUISVILLE METRO POLICE DEPT,Accepted,JEFFERSON,,,GRADE,LN,,,KNOPP,,,,,38.149052547,-85.735972595,2.739,8/16/2019 12:00:00 AM,1645,2,2,0,0,CLOUDY,DRY,False,SIDESWIPE-SAME DIRECTION,SIDESWIPE-SAME DIRECTION,STRAIGHT & LEVEL,DAYLIGHT,,,8/19/2019 8:49:23 AM,False,2583,Accepted,
25481306,0568000,LOUISVILLE METRO POLICE DEPT,Accepted,JEFFERSON,KY1747,,HURSTBOURNE,PKWY,S,,WATTBOURNE,,,,,38.185466948,-85.606008093,8.690,8/16/2019 12:00:00 AM,0611,2,2,0,0,CLEAR,DRY,False,SIDESWIPE-SAME DIRECTION,SIDESWIPE-SAME DIRECTION,STRAIGHT & LEVEL,DARK-HWY LIGHTED/ON,,,8/16/2019 8:28:24 AM,False,5146,Accepted,
25502486,0568000,LOUISVILLE METRO POLICE DEPT,Accepted,JEFFERSON,I 0265,,I265 E,,,I 0265,I265 E EXIT14 ON RAMP FROM  COOPER CHAPEL RD,,,,,38.118543511,-85.640219630,13.728,8/16/2019 12:00:00 AM,0838,2,2,0,0,CLEAR,DRY,False,SIDESWIPE-SAME DIRECTION,SIDESWIPE-SAME DIRECTION,STRAIGHT & LEVEL,DAYLIGHT,,,8/19/2019 8:36:26 AM,False,2017,Accepted,
25793183,0568000,LOUISVILLE METRO POLICE DEPT,Accepted,JEFFERSON,KY0022,,BROWNSBORO,RD,,,SUMMIT PLAZA,,,,,38.307132903,-85.575195622,3.863,8/16/2019 12:00:00 AM,1350,2,2,0,0,CLEAR,DRY,False,OTHER INTERSECTION COLLISIONS,REAR END,STRAIGHT & LEVEL,DAYLIGHT,,,10/18/2019 8:35:16 AM,False,7631,Accepted,
25502588,0568000,LOUISVILLE METRO POLICE DEPT,Accepted,JEFFERSON,KY1865,,NEW CUT,RD,,KY0907,3RD ST,,,,,38.146582008,-85.775431408,2.721,8/16/2019 12:00:00 AM,2215,3,3,0,0,CLOUDY,DRY,False,OTHER INTERSECTION COLLISIONS,REAR END,STRAIGHT & LEVEL,DARK-HWY LIGHTED/ON,,,8/19/2019 8:47:42 AM,False,7444,Accepted,
25502529,0568000,LOUISVILLE METRO POLICE DEPT,Accepted,JEFFERSON,US0060A,,GRINSTEAD,DR,,,ETLEY,,,,,38.243916024,-85.704474583,7.814,8/16/2019 12:00:00 AM,1642,2,2,0,0,CLEAR,DRY,False,OTHER INTERSECTION COLLISIONS,REAR END,STRAIGHT & LEVEL,DAYLIGHT,,,8/19/2019 8:43:48 AM,False,7900,Accepted,
25502512,0568000,LOUISVILLE METRO POLICE DEPT,Accepted,JEFFERSON,I 0071,,I71 S,,,I 0071,I71 S EXIT9A RAMP TO I265 W,,,,,38.315070590,-85.581782608,9.096,8/16/2019 12:00:00 AM,1346,2,2,0,0,CLEAR,DRY,False,OTHER INTERSECTION COLLISIONS,REAR END,CURVE & HILLCREST,DAYLIGHT,,,8/19/2019 8:40:14 AM,False,7313,Accepted,