IncidentID,AgencyORI,AgencyName,IncidentStatusDesc,County,RdwyNumber,Street,RoadwayName,StreetSfx,StreetDir,IntersectionRdwy,IntersectionRdwyName,BetweenStRdwy1,BetweenStRdwyName1,BetweenStRdwy2,BetweenStRdwyName2,Latitude,Longitude,Milepoint,CollisionDate,CollisionTime,UnitsInvolved,MotorVehiclesInvolved,NumberKilled,NumberInjured,Weather,RdwyConditionCode,HitandRun,DirAnalysisCode,MannerofCollision,RdwyCharacter,LightCondition,RampFromRdwyId,RampToRdwyId,AcceptedDate,IsSecondaryCollision,OwnerBadge,IncidentStatus,
25502497,0568000,LOUISVILLE METRO POLICE DEPT,Accepted,JEFFERSON,,,CARROLL,AVE,,,DURRETT,,,,,38.188396159,-85.719726828,0.029,8/16/2019 12:00:00 AM,1514,2,2,0,0,CLEAR,DRY,False,OTHER INTERSECTION COLLISIONS,REAR END,STRAIGHT & LEVEL,DAYLIGHT,,,8/19/2019 8:38:58 AM,False,2796,Accepted,
25552487,0568000,LOUISVILLE METRO POLICE DEPT,Accepted,JEFFERSON,KY3064,,NORTHWESTERN,PKWY,,,35TH,,,,,38.274711024,-85.804582784,1.303,8/16/2019 12:00:00 AM,1935,2,2,0,0,CLEAR,DRY,False,OTHER INTERSECTION COLLISIONS,REAR END,STRAIGHT & LEVEL,DAYLIGHT,,,8/27/2019 8:25:17 AM,False,7487,Accepted,
25502637,0568000,LOUISVILLE METRO POLICE DEPT,Accepted,JEFFERSON,KY1934,4415,CANE RUN,RD,,,KRISTIN,,,,,38.198337936,-85.838218444,9.102,8/16/2019 12:00:00 AM,1407,2,2,0,0,CLEAR,DRY,False,OTHER INTERSECTION COLLISIONS,REAR END,STRAIGHT & LEVEL,DAYLIGHT,,,8/19/2019 8:50:43 AM,False,5208,Accepted,
25509097,0568000,LOUISVILLE METRO POLICE DEPT,Accepted,JEFFERSON,KY1747,,FERN VALLEY,RD,,I 0065,I65 S EXIT128 ON RAMP FROM KY1631 E,,,,,38.157882580,-85.722260950,0.545,8/16/2019 12:00:00 AM,0435,3,3,0,0,CLEAR,DRY,True,OTHER INTERSECTION COLLISIONS,REAR END,STRAIGHT & LEVEL,DARK-HWY LIGHTED/ON,,,8/20/2019 8:21:38 AM,False,6360,Accepted,
25502750,0568000,LOUISVILLE METRO POLICE DEPT,Accepted,JEFFERSON,,,PEACHTREE,AVE,,,,,SEELBACH,,ASHLAND,38.186627687,-85.781046079,0.793,8/16/2019 12:00:00 AM,1336,2,2,0,0,CLEAR,DRY,False,1 VEHICLE PARKED POSITION (NOT PARKING LOT/DRIVEWAY),SIDESWIPE-OPPOSITE DIRECTION,STRAIGHT & LEVEL,DAYLIGHT,,,8/19/2019 8:57:45 AM,False,5221,Accepted,
25502741,0568000,LOUISVILLE METRO POLICE DEPT,Accepted,JEFFERSON,,2208,DATE,ST,,,,,,,,38.243083662,-85.790081290,0.300,8/16/2019 12:00:00 AM,1200,2,2,0,0,CLEAR,DRY,True,1 VEHICLE PARKED POSITION (NOT PARKING LOT/DRIVEWAY),ANGLE,,DAYLIGHT,,,8/19/2019 8:57:13 AM,False,7387,Accepted,
27592402,0568000,LOUISVILLE METRO POLICE DEPT,Accepted,JEFFERSON,I 0264,,I264 W,,,,,,,,,38.233998728,-85.819067639,3.215,8/16/2019 12:00:00 AM,0843,3,3,0,0,CLEAR,DRY,False,1 VEHICLE PARKED POSITION (NOT PARKING LOT/DRIVEWAY),REAR END,STRAIGHT & GRADE,DAYLIGHT,,,12/22/2020 8:13:06 AM,False,4903,Accepted,
25502603,0568000,LOUISVILLE METRO POLICE DEPT,Accepted,JEFFERSON,,3127,PARK CHURCH,LN,,,,,,,,38.215508483,-85.622767283,0.036,8/16/2019 12:00:00 AM,1818,2,2,0,0,CLEAR,DRY,True,1 VEHICLE PARKED POSITION (NOT PARKING LOT/DRIVEWAY),BACKING,STRAIGHT & LEVEL,DAYLIGHT,,,8/19/2019 8:48:46 AM,False,7383,Accepted,
25502564,0568000,LOUISVILLE METRO POLICE DEPT,Accepted,JEFFERSON,KY0061,4110,PRESTON,HWY,,,,,,,,38.192189596,-85.728311364,8.352,8/16/2019 12:00:00 AM,1730,1,1,0,0,CLEAR,DRY,False,COLLISION WITH FIXED OBJECT NON - INTERSECTION - FIRST EVENT COLLISION 09 - 32 EXCLUDING 16,SINGLE VEHICLE,STRAIGHT & LEVEL,DAYLIGHT,,,8/19/2019 8:46:42 AM,False,6030,Accepted,
25502531,0568000,LOUISVILLE METRO POLICE DEPT,Accepted,JEFFERSON,KY1020,,NATIONAL,TPKE,,KY0907,SOUTHSIDE,,,,,38.152126056,-85.765080086,5.562,8/16/2019 12:00:00 AM,1644,2,2,0,0,CLEAR,DRY,False,OTHER INTERSECTION COLLISIONS,REAR END,STRAIGHT & LEVEL,DAYLIGHT,,,8/19/2019 8:44:06 AM,False,7427,Accepted,
25502515,0568000,LOUISVILLE METRO POLICE DEPT,Accepted,JEFFERSON,KY2054,,ALGONQUIN,PKWY,,,WINGFIELD,,,,,38.222407290,-85.784060283,2.100,8/16/2019 12:00:00 AM,1618,2,2,0,0,CLEAR,DRY,True,OTHER INTERSECTION COLLISIONS,REAR END,STRAIGHT & LEVEL,DAYLIGHT,,,8/19/2019 8:40:54 AM,False,7363,Accepted,
25502642,0568000,LOUISVILLE METRO POLICE DEPT,Accepted,JEFFERSON,,,HANCOCK,ST,S,,MUHAMMAD ALI,,,,,38.249586585,-85.742776310,0.377,8/16/2019 12:00:00 AM,1507,2,2,0,0,CLEAR,DRY,False,OTHER INTERSECTION COLLISIONS,REAR END,STRAIGHT & LEVEL,DAYLIGHT,,,8/19/2019 8:51:05 AM,False,5256,Accepted,
25502595,0568000,LOUISVILLE METRO POLICE DEPT,Accepted,JEFFERSON,I 0265,,I265 E,,,,,,,,,38.194549498,-85.508303198,23.528,8/16/2019 12:00:00 AM,1758,2,2,0,0,CLEAR,DRY,True,REAR END IN TRAFFIC LANES BOTH VEHICLES MOVING,REAR END,,DAYLIGHT,,,8/19/2019 8:48:04 AM,False,6532,Accepted,
25502638,0568000,LOUISVILLE METRO POLICE DEPT,Accepted,JEFFERSON,KY0146,,LA GRANGE,RD,,,,,,,,38.286449678,-85.514258096,7.337,8/16/2019 12:00:00 AM,1350,2,2,0,0,CLEAR,DRY,False,REAR END IN TRAFFIC LANES BOTH VEHICLES MOVING,REAR END,STRAIGHT & GRADE,DAYLIGHT,,,8/19/2019 8:50:46 AM,False,6532,Accepted,
25525485,0568000,LOUISVILLE METRO POLICE DEPT,Accepted,JEFFERSON,KY1065,,OUTER,LOOP,,,,,,,,38.136906917,-85.692906134,5.704,8/16/2019 12:00:00 AM,1650,4,1,0,0,CLEAR,DRY,False,REAR END IN TRAFFIC LANES BOTH VEHICLES MOVING,REAR END,STRAIGHT & LEVEL,DAYLIGHT,,,8/21/2019 10:18:45 AM,False,4693,Accepted,
25502602,0568000,LOUISVILLE METRO POLICE DEPT,Accepted,JEFFERSON,,,STONESTREET,RD,,,,,,,,38.110702423,-85.836057834,1.288,8/16/2019 12:00:00 AM,1537,2,2,0,0,CLEAR,DRY,False,REAR END IN TRAFFIC LANES BOTH VEHICLES MOVING,REAR END,STRAIGHT & LEVEL,DAYLIGHT,,,8/19/2019 8:48:41 AM,False,7234,Accepted,
25502633,0568000,LOUISVILLE METRO POLICE DEPT,Accepted,JEFFERSON,I 0265,,I265 E,,,,,,,,,38.194675316,-85.508284546,23.537,8/16/2019 12:00:00 AM,1806,2,2,0,0,CLEAR,DRY,False,REAR END IN TRAFFIC LANES BOTH VEHICLES MOVING,REAR END,STRAIGHT & GRADE,DAYLIGHT,,,8/19/2019 8:50:28 AM,False,6532,Accepted,
25502568,0568000,LOUISVILLE METRO POLICE DEPT,Accepted,JEFFERSON,KY1065,,OUTER,LOOP,,,,,LONE OAK,,MINOR,38.136220996,-85.695980274,5.531,8/16/2019 12:00:00 AM,1735,2,2,0,1,CLOUDY,DRY,False,REAR END IN TRAFFIC LANES BOTH VEHICLES MOVING,REAR END,STRAIGHT & LEVEL,DAYLIGHT,,,8/19/2019 8:46:53 AM,True,2583,Accepted,
25502518,0568000,LOUISVILLE METRO POLICE DEPT,Accepted,JEFFERSON,KY1934,,CANE RUN,RD,,,,,,,,38.182765800,-85.856315432,7.630,8/16/2019 12:00:00 AM,1039,2,2,0,0,CLEAR,DRY,False,REAR END IN TRAFFIC LANES BOTH VEHICLES MOVING,REAR END,STRAIGHT & LEVEL,DAYLIGHT,,,8/19/2019 8:42:17 AM,False,7234,Accepted,
25502526,0568000,LOUISVILLE METRO POLICE DEPT,Accepted,JEFFERSON,I 0264,,I264 E,,,,,,,,,38.225088145,-85.642782264,17.497,8/16/2019 12:00:00 AM,1448,2,2,0,1,CLEAR,DRY,False,REAR END IN TRAFFIC LANES BOTH VEHICLES MOVING,REAR END,STRAIGHT & LEVEL,DAYLIGHT,,,8/19/2019 8:43:24 AM,False,6813,Accepted,
25502600,0568000,LOUISVILLE METRO POLICE DEPT,Accepted,JEFFERSON,,,4TH,ST,S,,,,INDUSTRY,,BRANDEIS,38.216756275,-85.763521197,2.776,8/16/2019 12:00:00 AM,1550,3,3,0,0,CLEAR,DRY,False,REAR END IN TRAFFIC LANES BOTH VEHICLES MOVING,REAR END,STRAIGHT & LEVEL,DAYLIGHT,,,8/19/2019 8:48:29 AM,False,2128,Accepted,
25502556,0568000,LOUISVILLE METRO POLICE DEPT,Accepted,JEFFERSON,US0060,2011,FRANKFORT,AVE,,,,,BELLAIRE,,VERNON,38.254712929,-85.710197984,0.536,8/16/2019 12:00:00 AM,1215,2,2,0,0,CLEAR,DRY,True,1 VEHICLE PARKED POSITION (NOT PARKING LOT/DRIVEWAY),REAR END,,DAYLIGHT,,,8/19/2019 8:46:32 AM,False,7128,Accepted,
25502660,0568000,LOUISVILLE METRO POLICE DEPT,Accepted,JEFFERSON,,7609,PAVILION PARK,RD,,,,,,,,38.141008734,-85.792667816,0.051,8/16/2019 12:00:00 AM,2131,2,2,0,0,CLEAR,DRY,False,1 VEHICLE PARKED POSITION (NOT PARKING LOT/DRIVEWAY),BACKING,STRAIGHT & LEVEL,DAYLIGHT,,,8/19/2019 8:52:31 AM,False,7362,Accepted,
25502668,0568000,LOUISVILLE METRO POLICE DEPT,Accepted,JEFFERSON,,6410,EUREKA,AVE,,,,,,,,38.188614506,-85.860692107,0.127,8/16/2019 12:00:00 AM,1630,2,2,0,0,CLEAR,DRY,False,1 VEHICLE PARKED POSITION (NOT PARKING LOT/DRIVEWAY),ANGLE,STRAIGHT & LEVEL,DAYLIGHT,,,8/19/2019 8:53:01 AM,False,5202,Accepted,
25502548,0568000,LOUISVILLE METRO POLICE DEPT,Accepted,JEFFERSON,,834,SUTCLIFFE,AVE,,,,,GARLAND,,DOERHOEFER,38.246430092,-85.811875442,0.023,8/16/2019 12:00:00 AM,1027,2,2,0,0,CLEAR,DRY,True,1 VEHICLE PARKED POSITION (NOT PARKING LOT/DRIVEWAY),ANGLE,STRAIGHT & LEVEL,DAYLIGHT,,,8/19/2019 8:46:10 AM,False,7328,Accepted,
25502516,0568000,LOUISVILLE METRO POLICE DEPT,Accepted,JEFFERSON,,633,40TH,ST,S,,,,,,,38.254004768,-85.817918410,0.470,8/16/2019 12:00:00 AM,0000,1,1,0,0,CLEAR,DRY,True,1 VEHICLE PARKED POSITION (NOT PARKING LOT/DRIVEWAY),SINGLE VEHICLE,STRAIGHT & LEVEL,UNKNOWN,,,8/19/2019 8:42:00 AM,False,5113,Accepted,
25502517,0568000,LOUISVILLE METRO POLICE DEPT,Accepted,JEFFERSON,,1663,RICHMOND,DR,,,,,,,,38.221999744,-85.707408714,0.584,8/16/2019 12:00:00 AM,1721,2,2,0,0,CLEAR,DRY,True,1 VEHICLE PARKED POSITION (NOT PARKING LOT/DRIVEWAY),SIDESWIPE-SAME DIRECTION,STRAIGHT & LEVEL,DAYLIGHT,,,8/19/2019 8:42:12 AM,False,7403,Accepted,
25502749,0568000,LOUISVILLE METRO POLICE DEPT,Accepted,JEFFERSON,,,BLUEGRASS,AVE,,,,,,,,38.179215462,-85.796198610,0.144,8/16/2019 12:00:00 AM,2141,2,2,0,2,CLEAR,DRY,False,HEAD-ON COLLISION,HEAD ON,STRAIGHT & LEVEL,DARK-HWY LIGHTED/ON,,,8/19/2019 8:57:40 AM,False,5163,Accepted,
25502513,0568000,LOUISVILLE METRO POLICE DEPT,Accepted,JEFFERSON,I 0065,,I65 S,,,,,,,,,38.127379663,-85.702273175,126.013,8/16/2019 12:00:00 AM,1632,2,2,0,0,CLEAR,DRY,False,SIDESWIPE COLLISION - SAME DIRECTION,SIDESWIPE-SAME DIRECTION,STRAIGHT & LEVEL,DAYLIGHT,,,8/19/2019 8:40:25 AM,False,7442,Accepted,
25502503,0568000,LOUISVILLE METRO POLICE DEPT,Accepted,JEFFERSON,I 0265,,I265 S,,,,,,,,,38.311427985,-85.575966887,34.298,8/16/2019 12:00:00 AM,1507,2,2,0,0,CLEAR,DRY,False,SIDESWIPE COLLISION - SAME DIRECTION,SIDESWIPE-SAME DIRECTION,STRAIGHT & GRADE,DAYLIGHT,,,8/19/2019 8:39:19 AM,False,2346,Accepted,
25502581,0568000,LOUISVILLE METRO POLICE DEPT,Accepted,JEFFERSON,KY1747,,HURSTBOURNE,PKWY,S,,,KY0155,TAYLORSVILLE,KY1747,KY1747 CROSSOVER,38.216188038,-85.590155479,11.094,8/16/2019 12:00:00 AM,1824,2,2,0,1,CLOUDY,DRY,False,SIDESWIPE COLLISION - SAME DIRECTION,SIDESWIPE-SAME DIRECTION,STRAIGHT & LEVEL,DAYLIGHT,,,8/19/2019 8:47:19 AM,False,6100,Accepted,
25502527,0568000,LOUISVILLE METRO POLICE DEPT,Accepted,JEFFERSON,KY6299,,COMMERCE CROSSINGS,DR,,,,,,,,38.103404668,-85.674894788,0.083,8/16/2019 12:00:00 AM,1745,2,2,0,0,CLEAR,DRY,False,SIDESWIPE COLLISION - SAME DIRECTION,SIDESWIPE-SAME DIRECTION,STRAIGHT & LEVEL,DAYLIGHT,,,8/19/2019 8:43:37 AM,False,7989,Accepted,
25502740,0568000,LOUISVILLE METRO POLICE DEPT,Accepted,JEFFERSON,I 0064,,I64 E,,,,,,,,,38.258871013,-85.753542192,4.721,8/16/2019 12:00:00 AM,2040,2,2,0,0,CLEAR,DRY,False,REAR END IN TRAFFIC LANES BOTH VEHICLES MOVING,REAR END,STRAIGHT & LEVEL,DARK-HWY LIGHTED/ON,,,8/19/2019 8:57:10 AM,False,5047,Accepted,
25502511,0568000,LOUISVILLE METRO POLICE DEPT,Accepted,JEFFERSON,I 0264,,I264 W,,,,,,,,,38.229270434,-85.821398313,3.566,8/16/2019 12:00:00 AM,0948,2,2,0,0,CLEAR,DRY,False,REAR END IN TRAFFIC LANES BOTH VEHICLES MOVING,REAR END,STRAIGHT & LEVEL,DAYLIGHT,,,8/19/2019 8:40:06 AM,True,4903,Accepted,
25502537,0568000,LOUISVILLE METRO POLICE DEPT,Accepted,JEFFERSON,KY1065,,OUTER,LOOP,,,,,,,,38.138126961,-85.680459249,6.406,8/16/2019 12:00:00 AM,1631,2,2,0,0,CLEAR,DRY,False,REAR END IN TRAFFIC LANES BOTH VEHICLES MOVING,REAR END,STRAIGHT & LEVEL,DAYLIGHT,,,8/19/2019 8:45:09 AM,False,4693,Accepted,
25502538,0568000,LOUISVILLE METRO POLICE DEPT,Accepted,JEFFERSON,US0031E,,BARDSTOWN,RD,,,,,,,,38.149508395,-85.587067099,5.528,8/16/2019 12:00:00 AM,1310,2,2,0,0,CLEAR,DRY,False,REAR END IN TRAFFIC LANES BOTH VEHICLES MOVING,REAR END,STRAIGHT & LEVEL,DAYLIGHT,,,8/19/2019 8:45:26 AM,False,4693,Accepted,
25502520,0568000,LOUISVILLE METRO POLICE DEPT,Accepted,JEFFERSON,KY1931,7310,ST ANDREWS CHURCH,RD,,,,,,,,38.155286052,-85.802059629,5.476,8/16/2019 12:00:00 AM,1721,2,2,0,0,CLEAR,DRY,False,REAR END IN TRAFFIC LANES BOTH VEHICLES MOVING,REAR END,STRAIGHT & LEVEL,DAYLIGHT,,,8/19/2019 8:42:32 AM,False,7177,Accepted,
25502552,0568000,LOUISVILLE METRO POLICE DEPT,Accepted,JEFFERSON,KY1865,,NEW CUT,RD,,,,,,,,38.153692444,-85.777036315,3.221,8/16/2019 12:00:00 AM,1323,2,2,0,0,CLEAR,DRY,False,REAR END IN TRAFFIC LANES BOTH VEHICLES MOVING,REAR END,STRAIGHT & LEVEL,DAYLIGHT,,,8/19/2019 8:46:24 AM,False,7234,Accepted,
25502605,0568000,LOUISVILLE METRO POLICE DEPT,Accepted,JEFFERSON,US0031W,,DIXIE,HWY,,,,,,,,38.154540983,-85.835235124,12.345,8/16/2019 12:00:00 AM,1511,2,2,0,0,CLEAR,DRY,False,SIDESWIPE COLLISION - SAME DIRECTION,SIDESWIPE-SAME DIRECTION,STRAIGHT & LEVEL,DAYLIGHT,,,8/19/2019 8:48:59 AM,False,7234,Accepted,
25502652,0568000,LOUISVILLE METRO POLICE DEPT,Accepted,JEFFERSON,I 0064,,I64 E,,,,,,,,,38.260975272,-85.733370663,5.951,8/16/2019 12:00:00 AM,1915,2,2,0,0,CLOUDY,DRY,False,SIDESWIPE COLLISION - SAME DIRECTION,SIDESWIPE-SAME DIRECTION,CURVE & LEVEL,DUSK,,,8/19/2019 8:51:52 AM,False,5056,Accepted,
25502634,0568000,LOUISVILLE METRO POLICE DEPT,Accepted,JEFFERSON,I 0264,,I264 E,,,,,,,,,38.232528539,-85.628336680,18.436,8/16/2019 12:00:00 AM,1415,4,4,0,0,CLEAR,DRY,False,SIDESWIPE COLLISION - SAME DIRECTION,SIDESWIPE-SAME DIRECTION,STRAIGHT & LEVEL,DAYLIGHT,,,8/19/2019 8:50:31 AM,False,8278,Accepted,
25502640,0568000,LOUISVILLE METRO POLICE DEPT,Accepted,JEFFERSON,I 0064,,I64 E,,,,,,,,,38.235541133,-85.616156518,12.881,8/16/2019 12:00:00 AM,1119,2,2,0,0,CLEAR,DRY,False,SIDESWIPE COLLISION - SAME DIRECTION,SIDESWIPE-SAME DIRECTION,STRAIGHT & LEVEL,DAYLIGHT,,,8/19/2019 8:50:52 AM,False,7944,Accepted,
25502751,0568000,LOUISVILLE METRO POLICE DEPT,Accepted,JEFFERSON,I 0065,,I65 N,,,,,,,,,38.226276281,-85.751475261,133.924,8/16/2019 12:00:00 AM,1346,2,2,0,0,CLEAR,DRY,True,SIDESWIPE COLLISION - SAME DIRECTION,SIDESWIPE-SAME DIRECTION,STRAIGHT & LEVEL,DAYLIGHT,,,8/19/2019 8:57:48 AM,False,7429,Accepted,
25524745,0568000,LOUISVILLE METRO POLICE DEPT,Accepted,JEFFERSON,US0031E,,BARDSTOWN,RD,,,,I 0264,I264 E EXIT16 OFF RAMP TO US31E N,I 0264,I264 E EXIT16 OFF RAMP TO US31E S,38.211080014,-85.671262530,12.039,8/16/2019 12:00:00 AM,1722,2,2,0,0,CLEAR,DRY,False,SIDESWIPE COLLISION - SAME DIRECTION,SIDESWIPE-SAME DIRECTION,STRAIGHT & LEVEL,DAYLIGHT,,,8/21/2019 8:23:41 AM,False,2429,Accepted,
25481305,0568000,LOUISVILLE METRO POLICE DEPT,Accepted,JEFFERSON,,3000,4TH,ST,S,,,,,,,38.205936906,-85.765428562,3.530,8/16/2019 12:00:00 AM,0016,2,2,0,0,CLEAR,DRY,False,SIDESWIPE COLLISION - SAME DIRECTION,SIDESWIPE-SAME DIRECTION,STRAIGHT & LEVEL,DUSK,,,8/16/2019 8:28:20 AM,False,7291,Accepted,
25502479,0568000,LOUISVILLE METRO POLICE DEPT,Accepted,JEFFERSON,US0031E,,BARDSTOWN,RD,,,,,,,,38.220988283,-85.681537544,12.845,8/16/2019 12:00:00 AM,,2,2,0,2,CLEAR,DRY,True,HEAD-ON COLLISION,HEAD ON,STRAIGHT & LEVEL,DAYLIGHT,,,8/19/2019 8:34:07 AM,False,7284,Accepted,
25502686,0568000,LOUISVILLE METRO POLICE DEPT,Accepted,JEFFERSON,I 0064,,I64 W,,,,,I 0064,I64 W RAMP FROM I65,I 0064,I64 W EXIT5 OFF RAMP TO  N  3RD ST,38.258807728,-85.746789054,4.894,8/16/2019 12:00:00 AM,1811,2,2,0,0,CLEAR,DRY,False,SIDESWIPE COLLISION - SAME DIRECTION,SIDESWIPE-SAME DIRECTION,STRAIGHT & LEVEL,DAYLIGHT,,,8/19/2019 8:54:29 AM,False,2764,Accepted,
25502587,0568000,LOUISVILLE METRO POLICE DEPT,Accepted,JEFFERSON,KY2056,,BELLS,LN,,,,,,,,38.222988173,-85.822866206,1.005,8/16/2019 12:00:00 AM,2115,2,2,0,0,CLEAR,DRY,False,1 VEHICLE ENTERING/LEAVING ENTRANCE,ANGLE,STRAIGHT & LEVEL,DARK-HWY NOT LIGHTED,,,8/19/2019 8:47:34 AM,False,5216,Accepted,
25597107,0568000,LOUISVILLE METRO POLICE DEPT,Accepted,JEFFERSON,,,DIXIE,HWY,,,,,,,,38.221417073,-85.793153650,1.990,8/16/2019 12:00:00 AM,1900,2,2,0,0,CLEAR,DRY,False,SIDESWIPE COLLISION - OPPOSITE DIRECTION,SIDESWIPE-OPPOSITE DIRECTION,STRAIGHT & LEVEL,DARK-HWY LIGHTED/ON,,,9/5/2019 9:29:46 AM,False,7154,Accepted,
25502476,0568000,LOUISVILLE METRO POLICE DEPT,Accepted,JEFFERSON,,,GLEN OAK,DR,,,,,,,,38.199760524,-85.646002915,0.435,8/16/2019 12:00:00 AM,0832,2,2,0,0,CLEAR,DRY,False,SIDESWIPE COLLISION - OPPOSITE DIRECTION,SIDESWIPE-OPPOSITE DIRECTION,STRAIGHT & LEVEL,DAYLIGHT,,,8/19/2019 8:33:35 AM,False,7864,Accepted,
25481360,0568000,LOUISVILLE METRO POLICE DEPT,Accepted,JEFFERSON,,10011,DAWSON HILL,RD,,,,,WOOD VALLEY,,MOUSER HILL,38.099389720,-85.486211399,2.990,8/16/2019 12:00:00 AM,0633,2,2,0,0,CLOUDY,DRY,False,SIDESWIPE COLLISION - OPPOSITE DIRECTION,SIDESWIPE-OPPOSITE DIRECTION,STRAIGHT & LEVEL,DAWN,,,8/16/2019 8:37:03 AM,False,6977,Accepted,
25502669,0568000,LOUISVILLE METRO POLICE DEPT,Accepted,JEFFERSON,KY1747,,FERN VALLEY,RD,,,,,,,,38.157039083,-85.710683126,1.181,8/16/2019 12:00:00 AM,1650,2,2,0,0,CLEAR,DRY,False,1 VEHICLE ENTERING/LEAVING ENTRANCE,ANGLE,STRAIGHT & LEVEL,DAYLIGHT,,,8/19/2019 8:53:05 AM,False,4693,Accepted,
25502630,0568000,LOUISVILLE METRO POLICE DEPT,Accepted,JEFFERSON,,5107,JOHNSONTOWN,RD,,,,,,,,38.121169919,-85.855854406,0.009,8/16/2019 12:00:00 AM,0745,2,2,0,0,CLEAR,DRY,False,1 VEHICLE ENTERING/LEAVING ENTRANCE,ANGLE,STRAIGHT & LEVEL,DAWN,,,8/19/2019 8:50:14 AM,False,7336,Accepted,
25535707,0568000,LOUISVILLE METRO POLICE DEPT,Accepted,JEFFERSON,US0031E,4521,BARDSTOWN,RD,,,,,,,,38.182692849,-85.629513372,8.875,8/16/2019 12:00:00 AM,2321,3,2,1,1,CLEAR,DRY,False,1 VEHICLE ENTERING/LEAVING ENTRANCE,ANGLE,STRAIGHT & LEVEL,DARK (UNKNOWN ROADWAY LIGHTING),,,8/23/2019 8:26:15 AM,False,7786,Accepted,
25502643,0568000,LOUISVILLE METRO POLICE DEPT,Accepted,JEFFERSON,US0031E,,BARDSTOWN,RD,,,,,IONA,KY1065,SEATONVILLE,38.152183407,-85.588339291,5.721,8/16/2019 12:00:00 AM,1856,2,2,0,0,CLEAR,DRY,False,1 VEHICLE ENTERING/LEAVING ENTRANCE,ANGLE,STRAIGHT & LEVEL,DAYLIGHT,,,8/19/2019 8:51:10 AM,False,5222,Accepted,
25502757,0568000,LOUISVILLE METRO POLICE DEPT,Accepted,JEFFERSON,,920,ASHLAND,AVE,W,,,,,,,38.186240963,-85.777193813,0.626,8/16/2019 12:00:00 AM,0804,2,2,0,0,CLEAR,DRY,False,OTHER ROADWAY OR MID-BLOCK COLLISION,OPPOSING LEFT TURN,STRAIGHT & LEVEL,DAYLIGHT,,,8/19/2019 8:58:15 AM,False,5221,Accepted,
25502477,0568000,LOUISVILLE METRO POLICE DEPT,Accepted,JEFFERSON,,,FEGENBUSH,LN,,,,,,,,38.186481860,-85.638096145,0.054,8/16/2019 12:00:00 AM,0723,2,2,0,0,CLEAR,DRY,False,OTHER ROADWAY OR MID-BLOCK COLLISION,OPPOSING LEFT TURN,STRAIGHT & LEVEL,DAYLIGHT,,,8/19/2019 8:33:43 AM,False,7307,Accepted,
25502545,0568000,LOUISVILLE METRO POLICE DEPT,Accepted,JEFFERSON,KY1447,,WESTPORT,RD,,,,I 0265,I265 S EXIT33 ON RAMP FROM KY1447,I 0265,I265 N EXIT33 OFF RAMP TO KY1447,38.297481890,-85.548381100,6.671,8/16/2019 12:00:00 AM,1645,2,2,0,0,CLEAR,DRY,False,OTHER ROADWAY OR MID-BLOCK COLLISION,REAR END,STRAIGHT & LEVEL,DAYLIGHT,,,8/19/2019 8:46:02 AM,False,2030,Accepted,
25596855,0568000,LOUISVILLE METRO POLICE DEPT,Accepted,JEFFERSON,,10526,MONTERAY PLACE,CIR,,,,,,,,38.101023916,-85.867597294,0.283,8/16/2019 12:00:00 AM,1304,1,1,0,0,CLEAR,DRY,True,COLLISION IN PARKING LOT,SINGLE VEHICLE,STRAIGHT & LEVEL,DAYLIGHT,,,9/5/2019 9:03:03 AM,False,7393,Accepted,
25746642,0568000,LOUISVILLE METRO POLICE DEPT,Accepted,JEFFERSON,,301,DOUGLAS,PARK,,,,,,,,38.178283066,-85.760460995,0.143,8/16/2019 12:00:00 AM,2130,2,2,0,0,CLEAR,DRY,False,COLLISION IN PARKING LOT,ANGLE,STRAIGHT & LEVEL,DARK-HWY NOT LIGHTED,,,10/8/2019 12:19:45 PM,False,7543,Accepted,
25502647,0568000,LOUISVILLE METRO POLICE DEPT,Accepted,JEFFERSON,,,BIG BEN,DR,,,HAMES,,,,,38.160551636,-85.604036342,0.339,8/16/2019 12:00:00 AM,2000,2,2,0,0,CLEAR,DRY,False,COLLISION IN PARKING LOT,SIDESWIPE-OPPOSITE DIRECTION,CURVE & HILLCREST,DAYLIGHT,,,8/19/2019 8:51:28 AM,False,5115,Accepted,
25546263,0561500,UNIV. OF LOUISVILLE POLICE,Accepted,JEFFERSON,,2300,FLOYD,ST,S,,,,,,,38.204789144,-85.756883715,3.511,8/16/2019 12:00:00 AM,,2,2,0,0,CLEAR,DRY,True,COLLISION IN PARKING LOT,SIDESWIPE-SAME DIRECTION,,DAYLIGHT,,,8/26/2019 7:08:44 AM,False,5636,Accepted,
25502599,0568000,LOUISVILLE METRO POLICE DEPT,Accepted,JEFFERSON,US0031W,,DIXIE,HWY,,,,,,,,38.096476016,-85.873416376,7.781,8/16/2019 12:00:00 AM,1915,2,2,0,0,CLEAR,DRY,False,COLLISION IN PARKING LOT,ANGLE,STRAIGHT & LEVEL,DAYLIGHT,,,8/19/2019 8:48:25 AM,False,7264,Accepted,