IncidentID,AgencyORI,AgencyName,IncidentStatusDesc,County,RdwyNumber,Street,RoadwayName,StreetSfx,StreetDir,IntersectionRdwy,IntersectionRdwyName,BetweenStRdwy1,BetweenStRdwyName1,BetweenStRdwy2,BetweenStRdwyName2,Latitude,Longitude,Milepoint,CollisionDate,CollisionTime,UnitsInvolved,MotorVehiclesInvolved,NumberKilled,NumberInjured,Weather,RdwyConditionCode,HitandRun,DirAnalysisCode,MannerofCollision,RdwyCharacter,LightCondition,RampFromRdwyId,RampToRdwyId,AcceptedDate,IsSecondaryCollision,OwnerBadge,IncidentStatus,
25502532,0568000,LOUISVILLE METRO POLICE DEPT,Accepted,JEFFERSON,,1501,DIXIE,HWY,,,HILL,,,,,38.228294192,-85.790494650,1.496,8/16/2019 12:00:00 AM,1143,2,2,0,0,CLEAR,DRY,False,COLLISION IN PARKING LOT,SIDESWIPE-SAME DIRECTION,STRAIGHT & LEVEL,DAYLIGHT,,,8/19/2019 8:44:15 AM,False,5247,Accepted,
25506264,0568000,LOUISVILLE METRO POLICE DEPT,Accepted,JEFFERSON,I 0264,,,,,,,,,,,38.249644479,-85.617428876,0.132,8/16/2019 12:00:00 AM,2300,2,2,0,0,CLEAR,DRY,False,OTHER RAMP RELATED COLLISIONS NOT LISTED ABOVE,REAR END,STRAIGHT & GRADE,DARK-HWY NOT LIGHTED,I 0264,US0060,8/19/2019 4:58:48 PM,False,7633,Accepted,
25502482,0568000,LOUISVILLE METRO POLICE DEPT,Accepted,JEFFERSON,I 0064,,,,,,,,,,,38.258046145,-85.723601182,0.140,8/16/2019 12:00:00 AM,0831,3,3,0,1,CLEAR,DRY,False,OTHER RAMP RELATED COLLISIONS NOT LISTED ABOVE,REAR END,CURVE & HILLCREST,DAYLIGHT,I 0064,STORY AVE,8/19/2019 8:35:37 AM,False,5256,Accepted,
25502530,0568000,LOUISVILLE METRO POLICE DEPT,Accepted,JEFFERSON,KY1065,5100,OUTER,LOOP,,,,,,,,38.137843736,-85.665839622,7.198,8/16/2019 12:00:00 AM,1746,1,1,0,2,CLEAR,DRY,False,COLLISION IN PARKING LOT,SINGLE VEHICLE,STRAIGHT & LEVEL,DAYLIGHT,,,8/19/2019 8:43:56 AM,False,7127,Accepted,
25502536,0568000,LOUISVILLE METRO POLICE DEPT,Accepted,JEFFERSON,I 0065,,,,,,,,,,,38.190894941,-85.727738378,0.342,8/16/2019 12:00:00 AM,1212,2,2,0,0,CLEAR,DRY,False,OTHER RAMP RELATED COLLISIONS NOT LISTED ABOVE,REAR END,STRAIGHT & LEVEL,DAYLIGHT,I 0065,I 0065,8/19/2019 8:44:59 AM,False,7207,Accepted,
25502487,0568000,LOUISVILLE METRO POLICE DEPT,Accepted,JEFFERSON,I 0064,,,,,,,,,,,38.236131021,-85.616896943,0.226,8/16/2019 12:00:00 AM,0815,2,2,0,0,CLEAR,DRY,False,OTHER RAMP RELATED COLLISIONS NOT LISTED ABOVE,REAR END,STRAIGHT & LEVEL,DAYLIGHT,I 0064,I 0264,8/19/2019 8:36:40 AM,False,7224,Accepted,
25502524,0568000,LOUISVILLE METRO POLICE DEPT,Accepted,JEFFERSON,KY0864,,FEGENBUSH,LN,,,,,GREEN MANOR,,LORENZO,38.146725514,-85.628004346,5.297,8/16/2019 12:00:00 AM,1649,2,2,0,0,CLEAR,DRY,False,OTHER ROADWAY OR MID-BLOCK COLLISION,REAR END,STRAIGHT & LEVEL,DAYLIGHT,,,8/19/2019 8:43:05 AM,False,5233,Accepted,
25502508,0568000,LOUISVILLE METRO POLICE DEPT,Accepted,JEFFERSON,I 0264,,I264 E,,,,,,,,,38.224538304,-85.644149505,17.413,8/16/2019 12:00:00 AM,0615,1,1,0,0,CLEAR,DRY,False,OTHER ROADWAY OR MID-BLOCK COLLISION,SINGLE VEHICLE,STRAIGHT & LEVEL,DAYLIGHT,,,8/19/2019 8:39:46 AM,False,4656,Accepted,
25502493,0568000,LOUISVILLE METRO POLICE DEPT,Accepted,JEFFERSON,KY1931,,ST ANDREWS CHURCH,RD,,,,,WOODY,,ST ANDREWS CHURCH,38.145709139,-85.831929688,3.612,8/16/2019 12:00:00 AM,1415,5,5,0,2,CLEAR,DRY,False,OTHER ROADWAY OR MID-BLOCK COLLISION,REAR END,STRAIGHT & LEVEL,DAYLIGHT,,,8/19/2019 8:38:14 AM,False,6326,Accepted,
25502650,0568000,LOUISVILLE METRO POLICE DEPT,Accepted,JEFFERSON,I 0071,,I71 N,,,,,I 0071,I264 E EXIT23 RAMP TO I64 E,I 0071,I71 TURN AROUND6,38.297021495,-85.625154864,6.399,8/16/2019 12:00:00 AM,1638,3,3,0,1,CLOUDY,DRY,False,OTHER ROADWAY OR MID-BLOCK COLLISION,REAR END,STRAIGHT & HILLCREST,DAYLIGHT,,,8/19/2019 8:51:40 AM,False,7751,Accepted,
25481243,0568000,LOUISVILLE METRO POLICE DEPT,Accepted,JEFFERSON,I 0264,,I264 W,,,,,I 0065,I264 W EXIT12 OFF RAMP TO,I 0264,I264 W EXIT14 ON RAMP FROM KY864,38.191159301,-85.718005220,12.723,8/15/2019 12:00:00 AM,1625,2,2,0,0,CLEAR,DRY,False,OTHER ROADWAY OR MID-BLOCK COLLISION,REAR END,STRAIGHT & LEVEL,DAYLIGHT,,,8/16/2019 8:24:34 AM,False,7451,Accepted,
25481275,0568000,LOUISVILLE METRO POLICE DEPT,Accepted,JEFFERSON,KY1747,,HURSTBOURNE,PKWY,S,,,KY0155,TAYLORSVILLE,KY1747,KY1747 CROSSOVER,38.216244364,-85.589728913,11.117,8/15/2019 12:00:00 AM,1706,2,2,0,0,CLEAR,DRY,False,OTHER ROADWAY OR MID-BLOCK COLLISION,REAR END,STRAIGHT & LEVEL,DAYLIGHT,,,8/16/2019 8:26:57 AM,False,7482,Accepted,
25481267,0568000,LOUISVILLE METRO POLICE DEPT,Accepted,JEFFERSON,I 0264,,I264 W,,,,,I 0264,I264 W EXIT18 ON RAMP FROM KY1932,I 0264,I264 W EXIT17B OFF RAMP TO KY155 N,38.224864713,-85.643812174,17.431,8/15/2019 12:00:00 AM,1716,2,2,0,0,CLOUDY,DRY,False,OTHER ROADWAY OR MID-BLOCK COLLISION,REAR END,STRAIGHT & LEVEL,DAYLIGHT,,,8/16/2019 8:26:33 AM,False,7570,Accepted,
25481289,0568000,LOUISVILLE METRO POLICE DEPT,Accepted,JEFFERSON,US0031E,909,MARKET,ST,E,,,,,,,38.252961180,-85.735843659,16.816,8/15/2019 12:00:00 AM,2318,2,2,0,0,CLEAR,DRY,True,COLLISION IN PARKING LOT,ANGLE,STRAIGHT & LEVEL,DARK-HWY LIGHTED/ON,,,8/16/2019 8:27:22 AM,False,7325,Accepted,
25481303,0568000,LOUISVILLE METRO POLICE DEPT,Accepted,JEFFERSON,,11504,TAZWELL,DR,,,,,,,,38.304570669,-85.537432054,0.219,8/15/2019 12:00:00 AM,2230,2,1,0,1,CLEAR,DRY,False,COLLISION IN PARKING LOT,SINGLE VEHICLE,STRAIGHT & HILLCREST,DARK-HWY NOT LIGHTED,,,8/16/2019 8:28:09 AM,False,7369,Accepted,
25547083,0568000,LOUISVILLE METRO POLICE DEPT,Accepted,JEFFERSON,I 0264,,,,,,,,,,,38.238103577,-85.815705069,0.207,8/15/2019 12:00:00 AM,2134,2,2,0,0,CLEAR,DRY,True,OTHER RAMP RELATED COLLISIONS NOT LISTED ABOVE,REAR END,,DARK-HWY LIGHTED/ON,I 0264,DUMESNIL ST,8/26/2019 9:00:53 AM,False,7445,Accepted,
25481235,0568000,LOUISVILLE METRO POLICE DEPT,Accepted,JEFFERSON,,1140,ELLWOOD,AVE,,,,,,,,38.237575626,-85.720351852,0.034,8/15/2019 12:00:00 AM,1603,2,2,0,0,CLEAR,DRY,True,COLLISION IN PARKING LOT,BACKING,CURVE & LEVEL,DAYLIGHT,,,8/16/2019 8:24:06 AM,False,7034,Accepted,
25502494,0568000,LOUISVILLE METRO POLICE DEPT,Accepted,JEFFERSON,KY1631,,CRITTENDEN,DR,,,,,,,,38.205413670,-85.750810284,1.205,8/15/2019 12:00:00 AM,2223,2,2,0,0,CLEAR,DRY,False,OTHER ROADWAY OR MID-BLOCK COLLISION,OPPOSING LEFT TURN,STRAIGHT & LEVEL,DARK-HWY LIGHTED/ON,,,8/19/2019 8:38:42 AM,False,7040,Accepted,
25481236,0568000,LOUISVILLE METRO POLICE DEPT,Accepted,JEFFERSON,I 0264,,I264 W,,,,,I 0065,I264 W EXIT12 OFF RAMP TO,I 0264,I264 W EXIT14 ON RAMP FROM KY864,38.191432280,-85.715999194,12.834,8/15/2019 12:00:00 AM,1523,2,2,0,0,CLEAR,DRY,True,OTHER ROADWAY OR MID-BLOCK COLLISION,REAR END,STRAIGHT & LEVEL,DAYLIGHT,,,8/16/2019 8:24:09 AM,False,7965,Accepted,
25481304,0568000,LOUISVILLE METRO POLICE DEPT,Accepted,JEFFERSON,I 0064,,I64 W,,,,,,,,,38.280149035,-85.823661044,0.003,8/15/2019 12:00:00 AM,1849,2,2,0,0,CLEAR,DRY,False,OTHER ROADWAY OR MID-BLOCK COLLISION,REAR END,STRAIGHT & LEVEL,DAYLIGHT,,,8/16/2019 8:28:15 AM,False,5164,Accepted,
25481256,0568000,LOUISVILLE METRO POLICE DEPT,Accepted,JEFFERSON,I 0264,,I264 E,,,,,I 0264,I264 E EXIT18 ON RAMP FROM KY1932 N,I 0064,I64 E EXIT19A RAMP TO I64 E,38.232839472,-85.627803979,18.473,8/15/2019 12:00:00 AM,1813,2,2,0,0,CLEAR,DRY,False,1 VEHICLE ENTERING/LEAVING ENTRANCE,ANGLE,STRAIGHT & LEVEL,DAYLIGHT,,,8/16/2019 8:25:52 AM,False,5228,Accepted,
25481273,0568000,LOUISVILLE METRO POLICE DEPT,Accepted,JEFFERSON,,,NORRIS,PL,,,,,DEERWOOD,,SHADY,38.227352061,-85.708669491,0.364,8/15/2019 12:00:00 AM,1855,2,2,0,0,CLEAR,DRY,False,1 VEHICLE ENTERING/LEAVING ENTRANCE,ANGLE,STRAIGHT & LEVEL,DAYLIGHT,,,8/16/2019 8:26:49 AM,False,7960,Accepted,
25481242,0568000,LOUISVILLE METRO POLICE DEPT,Accepted,JEFFERSON,I 0064,,I64 E,,,,,,,,,38.223464758,-85.525833530,17.884,8/15/2019 12:00:00 AM,1658,2,2,0,0,CLEAR,DRY,True,1 VEHICLE ENTERING/LEAVING ENTRANCE,ANGLE,,DAYLIGHT,,,8/16/2019 8:24:31 AM,False,6953,Accepted,
25481233,0568000,LOUISVILLE METRO POLICE DEPT,Accepted,JEFFERSON,US0060,16010,SHELBYVILLE,RD,,,,,,,,38.233663866,-85.456682279,14.721,8/15/2019 12:00:00 AM,1537,2,2,0,0,CLEAR,DRY,False,1 VEHICLE ENTERING/LEAVING ENTRANCE,ANGLE,STRAIGHT & LEVEL,DAYLIGHT,,,8/16/2019 8:24:01 AM,False,6334,Accepted,
25524772,0568000,LOUISVILLE METRO POLICE DEPT,Accepted,JEFFERSON,US0042,,BROWNSBORO,RD,,,,,COUNTRY,,LOTIS,38.265292070,-85.667940683,3.754,8/15/2019 12:00:00 AM,1900,2,2,0,1,CLEAR,DRY,False,1 VEHICLE ENTERING/LEAVING ENTRANCE,ANGLE,STRAIGHT & LEVEL,DAYLIGHT,,,8/21/2019 8:24:57 AM,False,7793,Accepted,
25481239,0568000,LOUISVILLE METRO POLICE DEPT,Accepted,JEFFERSON,KY2251,,BARDSTOWN,RD,,,,,BRADFORD,,REYNOLDS,38.195691251,-85.653831510,0.650,8/15/2019 12:00:00 AM,1649,4,4,0,0,CLEAR,DRY,False,1 VEHICLE ENTERING/LEAVING ENTRANCE,ANGLE,STRAIGHT & LEVEL,DAYLIGHT,,,8/16/2019 8:24:18 AM,False,7059,Accepted,
25481212,0568000,LOUISVILLE METRO POLICE DEPT,Accepted,JEFFERSON,,3800B,STONY BROOK,DR,,,,,,,,38.191923148,-85.592880872,1.628,8/15/2019 12:00:00 AM,0740,2,2,0,0,CLEAR,DRY,True,SIDESWIPE COLLISION - OPPOSITE DIRECTION,SIDESWIPE-OPPOSITE DIRECTION,CURVE & LEVEL,DAYLIGHT,,,8/16/2019 8:22:38 AM,False,7739,Accepted,
25481244,0568000,LOUISVILLE METRO POLICE DEPT,Accepted,JEFFERSON,KY2845,,MANSLICK,RD,E,,,,,,,38.118107350,-85.662721553,1.085,8/15/2019 12:00:00 AM,1239,2,2,0,1,CLOUDY,DRY,False,SIDESWIPE COLLISION - OPPOSITE DIRECTION,SIDESWIPE-OPPOSITE DIRECTION,STRAIGHT & GRADE,DAYLIGHT,,,8/16/2019 8:24:39 AM,False,4693,Accepted,
25481213,0568000,LOUISVILLE METRO POLICE DEPT,Accepted,JEFFERSON,US0031E,,MARKET,ST,E,,,,,,,38.254145771,-85.746698479,17.408,8/15/2019 12:00:00 AM,1108,2,2,0,0,CLEAR,DRY,False,SIDESWIPE COLLISION - SAME DIRECTION,SIDESWIPE-SAME DIRECTION,STRAIGHT & LEVEL,DAYLIGHT,,,8/16/2019 8:22:41 AM,False,7216,Accepted,
25481205,0568000,LOUISVILLE METRO POLICE DEPT,Accepted,JEFFERSON,I 0071,,I71 N,,,,,,,,,38.276947793,-85.693838130,2.006,8/15/2019 12:00:00 AM,0840,2,2,0,0,CLEAR,DRY,False,SIDESWIPE COLLISION - SAME DIRECTION,SIDESWIPE-SAME DIRECTION,STRAIGHT & LEVEL,DAYLIGHT,,,8/16/2019 8:22:14 AM,False,4903,Accepted,
25481220,0568000,LOUISVILLE METRO POLICE DEPT,Accepted,JEFFERSON,KY1631,,CRITTENDEN,DR,,,,,BOXLEY,,KFEC GATE4 DR,38.204711196,-85.750763444,1.156,8/15/2019 12:00:00 AM,1158,2,2,0,0,CLEAR,DRY,False,SIDESWIPE COLLISION - SAME DIRECTION,SIDESWIPE-SAME DIRECTION,STRAIGHT & LEVEL,DAYLIGHT,,,8/16/2019 8:23:12 AM,False,7872,Accepted,
25481249,0568000,LOUISVILLE METRO POLICE DEPT,Accepted,JEFFERSON,KY1865,,TAYLOR,BLVD,,,,,HUNTOON,,CAROL JEAN,38.171438258,-85.781703848,4.458,8/15/2019 12:00:00 AM,1624,2,2,0,0,CLOUDY,DRY,False,SIDESWIPE COLLISION - SAME DIRECTION,SIDESWIPE-SAME DIRECTION,STRAIGHT & LEVEL,DAYLIGHT,,,8/16/2019 8:25:03 AM,False,5230,Accepted,
25481259,0568000,LOUISVILLE METRO POLICE DEPT,Accepted,JEFFERSON,KY1747,,HURSTBOURNE,PKWY,S,,,,,,,38.169076557,-85.605193222,7.490,8/15/2019 12:00:00 AM,1837,2,2,0,0,CLOUDY,DRY,True,SIDESWIPE COLLISION - SAME DIRECTION,SIDESWIPE-SAME DIRECTION,STRAIGHT & LEVEL,DAYLIGHT,,,8/16/2019 8:26:03 AM,False,7255,Accepted,
25481260,0568000,LOUISVILLE METRO POLICE DEPT,Accepted,JEFFERSON,I 0265,,I265 S,,,,,,,,,38.311698959,-85.576491581,34.334,8/15/2019 12:00:00 AM,1759,2,2,0,0,CLEAR,DRY,False,SIDESWIPE COLLISION - SAME DIRECTION,SIDESWIPE-SAME DIRECTION,STRAIGHT & LEVEL,DAYLIGHT,,,8/16/2019 8:26:08 AM,False,2489,Accepted,
25481200,0568000,LOUISVILLE METRO POLICE DEPT,Accepted,JEFFERSON,I 0264,,I264 E,,,,,I 0264,I264 E EXIT14 OFF RAMP TO KY864,I 0264,I264 E EXIT14 ON RAMP FROM KY864,38.195905770,-85.706777261,13.425,8/15/2019 12:00:00 AM,0850,2,2,0,0,CLEAR,DRY,False,SIDESWIPE COLLISION - SAME DIRECTION,SIDESWIPE-SAME DIRECTION,STRAIGHT & LEVEL,DAYLIGHT,,,8/16/2019 8:21:57 AM,False,7208,Accepted,
25486206,0560400,SHIVELY POLICE DEPARTMENT,Accepted,JEFFERSON,I 0264,,I264 E,,,,,I 0264,I264 E EXIT5 ON RAMP FROM KY1934,I 0264,I264 E EXIT8B OFF RAMP TO US31W S,38.188086133,-85.829362226,6.544,8/15/2019 12:00:00 AM,2221,2,2,0,1,CLEAR,DRY,False,SIDESWIPE COLLISION - SAME DIRECTION,SIDESWIPE-SAME DIRECTION,CURVE & LEVEL,DARK (UNKNOWN ROADWAY LIGHTING),,,8/17/2019 7:29:55 AM,False,7124,Accepted,
25486207,0560400,SHIVELY POLICE DEPARTMENT,Accepted,JEFFERSON,I 0264,,I264 W,,,,,I 0264,I264 W EXIT8A OFF RAMP TO US31W N,I 0264,I264 W EXIT9 ON RAMP FROM KY1865,38.185983634,-85.804955202,8.023,8/15/2019 12:00:00 AM,1919,2,2,0,1,CLEAR,DRY,False,SIDESWIPE COLLISION - SAME DIRECTION,SIDESWIPE-SAME DIRECTION,STRAIGHT & LEVEL,DAYLIGHT,,,8/17/2019 7:30:00 AM,False,7124,Accepted,
25481214,0568000,LOUISVILLE METRO POLICE DEPT,Accepted,JEFFERSON,I 0065,,I65 N,,,,,I 0065,I65 N EXIT132 ON RAMP FROM  CRITTENDEN DR,I 0065,I65 EXIT12 RAMP TO I65 N,38.201493273,-85.735522310,131.594,8/15/2019 12:00:00 AM,0720,3,3,0,0,CLEAR,DRY,False,REAR END IN TRAFFIC LANES BOTH VEHICLES MOVING,REAR END,STRAIGHT & LEVEL,DAYLIGHT,,,8/16/2019 8:22:44 AM,True,2403,Accepted,
25481247,0568000,LOUISVILLE METRO POLICE DEPT,Accepted,JEFFERSON,I 0265,,I265 E,,,,,,,,,38.113330611,-85.695766813,10.574,8/15/2019 12:00:00 AM,1701,2,2,0,0,CLOUDY,DRY,False,REAR END IN TRAFFIC LANES BOTH VEHICLES MOVING,REAR END,STRAIGHT & LEVEL,DAYLIGHT,,,8/16/2019 8:24:55 AM,False,4693,Accepted,
25481245,0568000,LOUISVILLE METRO POLICE DEPT,Accepted,JEFFERSON,US0031E,,BARDSTOWN,RD,,,,,,,,38.132335092,-85.578650062,4.237,8/15/2019 12:00:00 AM,1431,2,2,0,0,CLOUDY,DRY,False,REAR END IN TRAFFIC LANES BOTH VEHICLES MOVING,REAR END,STRAIGHT & LEVEL,DAYLIGHT,,,8/16/2019 8:24:45 AM,False,4693,Accepted,
25481246,0568000,LOUISVILLE METRO POLICE DEPT,Accepted,JEFFERSON,KY1065,,OUTER,LOOP,,,,,,,,38.134946875,-85.719113177,4.234,8/15/2019 12:00:00 AM,1430,2,2,0,0,CLOUDY,DRY,True,REAR END IN TRAFFIC LANES BOTH VEHICLES MOVING,REAR END,STRAIGHT & LEVEL,DAYLIGHT,,,8/16/2019 8:24:50 AM,False,4693,Accepted,
25481262,0568000,LOUISVILLE METRO POLICE DEPT,Accepted,JEFFERSON,KY0061,,PRESTON,HWY,,,,,PARK,,BOERSTE,38.115848205,-85.676765437,2.278,8/15/2019 12:00:00 AM,1839,2,2,0,0,CLEAR,DRY,False,REAR END IN TRAFFIC LANES BOTH VEHICLES MOVING,REAR END,STRAIGHT & LEVEL,DAYLIGHT,,,8/16/2019 8:26:15 AM,False,7465,Accepted,
25481237,0568000,LOUISVILLE METRO POLICE DEPT,Accepted,JEFFERSON,KY1020,,SOUTHSIDE,DR,,,,,,,,38.169812712,-85.764760203,6.853,8/15/2019 12:00:00 AM,1640,2,2,0,0,CLEAR,DRY,False,REAR END IN TRAFFIC LANES BOTH VEHICLES MOVING,REAR END,STRAIGHT & LEVEL,DAYLIGHT,,,8/16/2019 8:24:12 AM,False,7234,Accepted,
25481291,0568000,LOUISVILLE METRO POLICE DEPT,Accepted,JEFFERSON,,,MUHAMMAD ALI,BLVD,W,,,,,,,38.254926614,-85.792132896,2.113,8/15/2019 12:00:00 AM,1831,3,3,0,0,CLEAR,DRY,True,1 VEHICLE PARKED POSITION (NOT PARKING LOT/DRIVEWAY),REAR END,STRAIGHT & LEVEL,DAYLIGHT,,,8/16/2019 8:27:29 AM,False,5254,Accepted,
25481265,0568000,LOUISVILLE METRO POLICE DEPT,Accepted,JEFFERSON,,5707,BANNON CROSSINGS,DR,,,,,,,,38.174886899,-85.634145543,0.818,8/15/2019 12:00:00 AM,1154,2,2,0,0,CLEAR,DRY,False,1 VEHICLE PARKED POSITION (NOT PARKING LOT/DRIVEWAY),SIDESWIPE-SAME DIRECTION,STRAIGHT & LEVEL,DAYLIGHT,,,8/16/2019 8:26:29 AM,False,7294,Accepted,
25481274,0568000,LOUISVILLE METRO POLICE DEPT,Accepted,JEFFERSON,,,18TH,ST,S,,,,MAGAZINE,,ESQUIRE,38.249834735,-85.781335467,0.651,8/15/2019 12:00:00 AM,2149,2,2,0,0,CLEAR,DRY,True,1 VEHICLE PARKED POSITION (NOT PARKING LOT/DRIVEWAY),SIDESWIPE-SAME DIRECTION,STRAIGHT & LEVEL,DARK-HWY LIGHTED/ON,,,8/16/2019 8:26:53 AM,False,5021,Accepted,
25481251,0568000,LOUISVILLE METRO POLICE DEPT,Accepted,JEFFERSON,,,BROOK,ST,S,,,,,,,38.227723094,-85.754927422,1.606,8/15/2019 12:00:00 AM,1327,2,2,0,0,CLEAR,DRY,False,1 VEHICLE PARKED POSITION (NOT PARKING LOT/DRIVEWAY),SIDESWIPE-SAME DIRECTION,STRAIGHT & LEVEL,DAYLIGHT,,,8/16/2019 8:25:11 AM,False,7398,Accepted,
25481240,0568000,LOUISVILLE METRO POLICE DEPT,Accepted,JEFFERSON,,,PARK,RD,,,,,,,,38.155328068,-85.778777136,0.067,8/15/2019 12:00:00 AM,1720,2,2,0,1,CLEAR,DRY,False,REAR END IN TRAFFIC LANES BOTH VEHICLES MOVING,REAR END,STRAIGHT & GRADE,DAYLIGHT,,,8/16/2019 8:24:23 AM,False,7139,Accepted,
25481241,0568000,LOUISVILLE METRO POLICE DEPT,Accepted,JEFFERSON,I 0064,,I64 W,,,,,,,,,38.267167627,-85.779926746,2.834,8/15/2019 12:00:00 AM,1720,2,2,0,0,CLEAR,DRY,False,REAR END IN TRAFFIC LANES BOTH VEHICLES MOVING,REAR END,CURVE & HILLCREST,DAYLIGHT,,,8/16/2019 8:24:28 AM,False,7988,Accepted,
25481234,0568000,LOUISVILLE METRO POLICE DEPT,Accepted,JEFFERSON,,224,FLOYD,ST,S,,,,JACOB,US0150,BROADWAY,38.244797976,-85.749849509,0.757,8/15/2019 12:00:00 AM,1544,2,2,0,0,CLEAR,DRY,False,REAR END IN TRAFFIC LANES BOTH VEHICLES MOVING,REAR END,STRAIGHT & LEVEL,DAYLIGHT,,,8/16/2019 8:24:03 AM,False,2403,Accepted,
25659936,0568000,LOUISVILLE METRO POLICE DEPT,Accepted,JEFFERSON,KY1865,,TAYLOR,BLVD,,,,,,,,38.180423950,-85.783342244,5.090,8/15/2019 12:00:00 AM,2206,3,3,1,0,CLEAR,DRY,True,REAR END IN TRAFFIC LANES BOTH VEHICLES MOVING,REAR END,STRAIGHT & LEVEL,DARK-HWY LIGHTED/OFF,,,9/19/2019 8:15:59 AM,False,7628,Accepted,
25502713,0568000,LOUISVILLE METRO POLICE DEPT,Accepted,JEFFERSON,I 0064,,I64 E,,,,,,,,,38.223529943,-85.533353948,17.480,8/15/2019 12:00:00 AM,1703,4,4,0,0,CLEAR,DRY,False,REAR END IN TRAFFIC LANES BOTH VEHICLES MOVING,REAR END,STRAIGHT & GRADE,DAYLIGHT,,,8/19/2019 8:55:39 AM,False,7858,Accepted,
25506262,0568000,LOUISVILLE METRO POLICE DEPT,Accepted,JEFFERSON,I 0264,,I264 W,,,,,,,,,38.224650055,-85.644430023,17.396,8/15/2019 12:00:00 AM,0726,2,2,0,0,CLEAR,DRY,False,REAR END IN TRAFFIC LANES BOTH VEHICLES MOVING,REAR END,STRAIGHT & LEVEL,DAYLIGHT,,,8/19/2019 4:58:38 PM,False,4656,Accepted,
25481276,0568000,LOUISVILLE METRO POLICE DEPT,Accepted,JEFFERSON,US0031W,,DIXIE,HWY,,,FLINTLOCK,,,,,38.160034562,-85.832611940,12.729,8/15/2019 12:00:00 AM,2115,2,2,0,1,CLEAR,DRY,False,OTHER INTERSECTION COLLISIONS,REAR END,STRAIGHT & LEVEL,DARK-HWY LIGHTED/ON,,,8/16/2019 8:27:02 AM,False,5033,Accepted,
25481248,0568000,LOUISVILLE METRO POLICE DEPT,Accepted,JEFFERSON,KY1747,,FERN VALLEY,RD,,KY0864,POPLAR LEVEL,,,,,38.157911487,-85.645925501,4.784,8/15/2019 12:00:00 AM,1730,2,2,0,0,CLEAR,DRY,False,OTHER INTERSECTION COLLISIONS,REAR END,STRAIGHT & LEVEL,DAYLIGHT,,,8/16/2019 8:24:59 AM,False,7486,Accepted,
25481257,0568000,LOUISVILLE METRO POLICE DEPT,Accepted,JEFFERSON,,,SCHILLER,AVE,,,BRECKINRIDGE,,,,,38.239312833,-85.734638498,0.001,8/15/2019 12:00:00 AM,0836,2,2,0,0,CLEAR,DRY,False,OTHER INTERSECTION COLLISIONS,REAR END,STRAIGHT & LEVEL,DAYLIGHT,,,8/16/2019 8:25:56 AM,False,7418,Accepted,
25481215,0568000,LOUISVILLE METRO POLICE DEPT,Accepted,JEFFERSON,I 0065,,I65 N,,,I 0065,I65 N EXIT125 ON RAMP,,,,,38.120379372,-85.701693344,125.531,8/15/2019 12:00:00 AM,0758,2,2,0,0,CLEAR,DRY,False,OTHER INTERSECTION COLLISIONS,REAR END,STRAIGHT & LEVEL,DAYLIGHT,,,8/16/2019 8:22:49 AM,False,7669,Accepted,
25524730,0568000,LOUISVILLE METRO POLICE DEPT,Accepted,JEFFERSON,KY0907,,3RD ST,RD,,,,,,,,38.140527472,-85.781600704,5.793,8/15/2019 12:00:00 AM,1720,1,1,0,1,CLEAR,DRY,False,OCCUPANT FELL FROM MOVING VEHICLE,SINGLE VEHICLE,STRAIGHT & GRADE,DAYLIGHT,,,8/21/2019 8:22:51 AM,False,7053,Accepted,
25481298,0568000,LOUISVILLE METRO POLICE DEPT,Accepted,JEFFERSON,KY1447,,WESTPORT,RD,,,,KY1747,HURSTBOURNE,,CREEKSIDE,38.287852570,-85.571814084,5.268,8/15/2019 12:00:00 AM,0044,1,1,0,1,CLOUDY,DRY,False,COLLISION WITH FIXED OBJECT NON - INTERSECTION - FIRST EVENT COLLISION 09 - 32 EXCLUDING 16,SINGLE VEHICLE,STRAIGHT & LEVEL,DARK-HWY NOT LIGHTED,,,8/16/2019 8:28:01 AM,False,7851,Accepted,
25481232,0568000,LOUISVILLE METRO POLICE DEPT,Accepted,JEFFERSON,I 0064,,I64 W,,,,,,,,,38.254786382,-85.719902920,6.588,8/15/2019 12:00:00 AM,1534,1,1,0,0,CLEAR,DRY,False,COLLISION WITH FIXED OBJECT NON - INTERSECTION - FIRST EVENT COLLISION 09 - 32 EXCLUDING 16,SINGLE VEHICLE,STRAIGHT & LEVEL,DAYLIGHT,,,8/16/2019 8:23:57 AM,False,7216,Accepted,
25481286,0568000,LOUISVILLE METRO POLICE DEPT,Accepted,JEFFERSON,,,OAK,ST,E,,,,CLAY,KY0864,SHELBY,38.233651050,-85.742243219,0.724,8/15/2019 12:00:00 AM,2211,2,2,0,0,CLEAR,DRY,True,1 VEHICLE PARKED POSITION (NOT PARKING LOT/DRIVEWAY),SIDESWIPE-SAME DIRECTION,STRAIGHT & LEVEL,DARK-HWY LIGHTED/ON,,,8/16/2019 8:27:16 AM,False,7527,Accepted,