IncidentID,AgencyORI,AgencyName,IncidentStatusDesc,County,RdwyNumber,Street,RoadwayName,StreetSfx,StreetDir,IntersectionRdwy,IntersectionRdwyName,BetweenStRdwy1,BetweenStRdwyName1,BetweenStRdwy2,BetweenStRdwyName2,Latitude,Longitude,Milepoint,CollisionDate,CollisionTime,UnitsInvolved,MotorVehiclesInvolved,NumberKilled,NumberInjured,Weather,RdwyConditionCode,HitandRun,DirAnalysisCode,MannerofCollision,RdwyCharacter,LightCondition,RampFromRdwyId,RampToRdwyId,AcceptedDate,IsSecondaryCollision,OwnerBadge,IncidentStatus,
25481204,0568000,LOUISVILLE METRO POLICE DEPT,Accepted,JEFFERSON,,,WING,DR,E,,,,CIRCLE OF CHAMPIONS,,CIRCLE OF CHAMPIONS,38.197502782,-85.737240378,0.487,8/15/2019 12:00:00 AM,0945,2,2,0,0,CLEAR,DRY,True,1 VEHICLE PARKED POSITION (NOT PARKING LOT/DRIVEWAY),SIDESWIPE-SAME DIRECTION,STRAIGHT & LEVEL,DAYLIGHT,,,8/16/2019 8:22:10 AM,False,7872,Accepted,
25481261,0568000,LOUISVILLE METRO POLICE DEPT,Accepted,JEFFERSON,US0031W,,DIXIE,HWY,,,BARRETT,,,,,38.102959319,-85.869638797,8.274,8/15/2019 12:00:00 AM,1834,2,2,0,2,CLEAR,DRY,False,OTHER INTERSECTION COLLISIONS,REAR END,STRAIGHT & LEVEL,DAYLIGHT,,,8/16/2019 8:26:11 AM,False,7274,Accepted,
25481252,0568000,LOUISVILLE METRO POLICE DEPT,Accepted,JEFFERSON,I 0065,,I65 S,,,I 0065,I65 S EXIT128 OFF RAMP TO KY1631,,,,,38.166312087,-85.720931838,128.908,8/15/2019 12:00:00 AM,1545,2,2,0,0,CLEAR,DRY,False,OTHER INTERSECTION COLLISIONS,REAR END,STRAIGHT & LEVEL,DAYLIGHT,,,8/16/2019 8:25:14 AM,False,7319,Accepted,
25481288,0568000,LOUISVILLE METRO POLICE DEPT,Accepted,JEFFERSON,KY0155,,TAYLORSVILLE,RD,,,OLD HEADY,,,,,38.185984967,-85.535757815,7.543,8/15/2019 12:00:00 AM,2002,2,2,0,0,CLEAR,DRY,False,OTHER INTERSECTION COLLISIONS,REAR END,STRAIGHT & LEVEL,DAYLIGHT,,,8/16/2019 8:27:18 AM,False,5011,Accepted,
25481238,0568000,LOUISVILLE METRO POLICE DEPT,Accepted,JEFFERSON,,,ZORN,AVE,,,MELLWOOD,,,,,38.273981879,-85.696704992,1.472,8/15/2019 12:00:00 AM,1409,2,2,0,0,CLEAR,DRY,False,OTHER INTERSECTION COLLISIONS,REAR END,CURVE & LEVEL,DAYLIGHT,,,8/16/2019 8:24:15 AM,False,5236,Accepted,
25481254,0568000,LOUISVILLE METRO POLICE DEPT,Accepted,JEFFERSON,KY0061,,PRESTON,HWY,,,DURRETT,,,,,38.185696280,-85.723683721,7.837,8/15/2019 12:00:00 AM,1712,2,2,0,0,CLEAR,DRY,False,SIDESWIPE-SAME DIRECTION,SIDESWIPE-SAME DIRECTION,STRAIGHT & LEVEL,DAYLIGHT,,,8/16/2019 8:25:20 AM,False,7319,Accepted,
25613356,0568000,LOUISVILLE METRO POLICE DEPT,Accepted,JEFFERSON,KY1065,,OUTER,LOOP,,,SHEPHERDSVILLE,,,,,38.139011540,-85.657598131,7.658,8/15/2019 12:00:00 AM,2252,2,2,0,0,CLEAR,DRY,False,OPPOSITE DIRECTION - BOTH VEHICLES GOING STRAIGHT AHEAD,SIDESWIPE-OPPOSITE DIRECTION,STRAIGHT & LEVEL,DARK-HWY LIGHTED/ON,,,9/9/2019 10:38:26 AM,False,7449,Accepted,
25481229,0568000,LOUISVILLE METRO POLICE DEPT,Accepted,JEFFERSON,,,BROADWAY,,W,,29TH,,,,,38.249640313,-85.799807886,0.632,8/15/2019 12:00:00 AM,1329,2,2,0,0,CLEAR,DRY,True,VEHICLE BACKING IN INTERSECTION,BACKING,STRAIGHT & LEVEL,DAYLIGHT,,,8/16/2019 8:23:46 AM,False,7361,Accepted,
25481216,0568000,LOUISVILLE METRO POLICE DEPT,Accepted,JEFFERSON,,,CEDAR CREEK,RD,,US0031E,BARDSTOWN,,,,,38.134102206,-85.579694862,0.006,8/15/2019 12:00:00 AM,0749,2,2,0,0,CLEAR,DRY,False,VEHICLE BACKING IN INTERSECTION,BACKING,STRAIGHT & LEVEL,DAYLIGHT,,,8/16/2019 8:22:54 AM,False,2017,Accepted,
25481250,0568000,LOUISVILLE METRO POLICE DEPT,Accepted,JEFFERSON,,,BROOK,ST,S,US0150,BROADWAY,,,,,38.245616126,-85.751796459,2.855,8/15/2019 12:00:00 AM,1715,2,2,0,0,CLEAR,DRY,False,SIDESWIPE-SAME DIRECTION,SIDESWIPE-SAME DIRECTION,STRAIGHT & LEVEL,DAYLIGHT,,,8/16/2019 8:25:06 AM,False,7386,Accepted,
25481230,0568000,LOUISVILLE METRO POLICE DEPT,Accepted,JEFFERSON,KY0864,,POPLAR LEVEL,RD,,,HESS,,,,,38.211963182,-85.721039473,12.724,8/15/2019 12:00:00 AM,1500,2,2,0,0,CLEAR,DRY,False,OPPOSING LEFT TURN,OPPOSING LEFT TURN,STRAIGHT & LEVEL,DAYLIGHT,,,8/16/2019 8:23:50 AM,False,6148,Accepted,
25502767,0568000,LOUISVILLE METRO POLICE DEPT,Accepted,JEFFERSON,KY1447,,WESTPORT,RD,,,MURPHY,,,,,38.302032068,-85.532561382,7.560,8/15/2019 12:00:00 AM,1243,2,2,0,0,CLEAR,DRY,False,OPPOSING LEFT TURN,OPPOSING LEFT TURN,STRAIGHT & LEVEL,DAYLIGHT,,,8/19/2019 8:59:22 AM,False,7858,Accepted,
25481263,0568000,LOUISVILLE METRO POLICE DEPT,Accepted,JEFFERSON,US0031E,,BAXTER,AVE,,,LEXINGTON,,,,,38.248503254,-85.730696837,16.298,8/15/2019 12:00:00 AM,1723,2,2,0,0,CLEAR,DRY,False,ANGLE COLLISION - OTHER,ANGLE,STRAIGHT & LEVEL,DAYLIGHT,,,8/16/2019 8:26:19 AM,False,7570,Accepted,
25481293,0568000,LOUISVILLE METRO POLICE DEPT,Accepted,JEFFERSON,,,GRADE,LN,,KY0061,PRESTON,,,,,38.179840035,-85.718264251,0.015,8/15/2019 12:00:00 AM,1910,2,2,0,0,CLEAR,DRY,False,REAR END - ONE VEHICLE TURNING RIGHT,REAR END,STRAIGHT & LEVEL,DAYLIGHT,,,8/16/2019 8:27:39 AM,False,5165,Accepted,
25481272,0568000,LOUISVILLE METRO POLICE DEPT,Accepted,JEFFERSON,,,LEXINGTON,RD,,,ETLEY,,,,,38.245542488,-85.704542461,1.756,8/15/2019 12:00:00 AM,1727,2,1,0,1,CLEAR,DRY,False,COLLISION WITH BICYCLE IN INTERSECTION,SINGLE VEHICLE,STRAIGHT & HILLCREST,DAYLIGHT,,,8/16/2019 8:26:45 AM,False,7960,Accepted,
25524796,0568000,LOUISVILLE METRO POLICE DEPT,Accepted,JEFFERSON,,,CHESTNUT,ST,W,,10TH,,,,,38.250046515,-85.767816769,1.817,8/15/2019 12:00:00 AM,0819,2,2,0,0,CLEAR,DRY,True,COLLISION WITH PARKED VEHICLE,SIDESWIPE-SAME DIRECTION,STRAIGHT & LEVEL,DAYLIGHT,,,8/21/2019 8:26:27 AM,False,5173,Accepted,
25476335,0568000,LOUISVILLE METRO POLICE DEPT,Accepted,JEFFERSON,,,HERMAN,ST,,,43RD,,,,,38.261604789,-85.820887766,0.729,8/15/2019 12:00:00 AM,0014,2,2,0,0,CLEAR,DRY,False,COLLISION WITH PARKED VEHICLE,SIDESWIPE-OPPOSITE DIRECTION,STRAIGHT & LEVEL,DARK-HWY LIGHTED/ON,,,8/15/2019 8:38:10 AM,False,7439,Accepted,
25481299,0568000,LOUISVILLE METRO POLICE DEPT,Accepted,JEFFERSON,,,GRADE,LN,,,GRADE LN CONN,,,,,38.168014040,-85.721305273,0.916,8/15/2019 12:00:00 AM,0650,2,2,0,0,CLEAR,DRY,False,ANGLE COLLISION - ONE VEHICLE TURNING LEFT,ANGLE,STRAIGHT & LEVEL,DAYLIGHT,,,8/16/2019 8:28:03 AM,False,7431,Accepted,
25481296,0568000,LOUISVILLE METRO POLICE DEPT,Accepted,JEFFERSON,KY1020,,3RD,ST,S,,YORK,,,,,38.244133754,-85.757012970,11.961,8/15/2019 12:00:00 AM,2059,2,2,0,0,CLEAR,DRY,True,COLLISION WITH PARKED VEHICLE,REAR END,STRAIGHT & LEVEL,DARK-HWY LIGHTED/ON,,,8/16/2019 8:27:52 AM,False,7344,Accepted,
25502662,0568000,LOUISVILLE METRO POLICE DEPT,Accepted,JEFFERSON,KY1747,,HURSTBOURNE,PKWY,N,KY1447,WESTPORT,,,,,38.287575809,-85.572400428,17.035,8/15/2019 12:00:00 AM,1218,2,2,0,0,CLEAR,DRY,False,ANGLE COLLISION - ONE VEHICLE TURNING LEFT,ANGLE,STRAIGHT & LEVEL,DAYLIGHT,,,8/19/2019 8:52:40 AM,False,7858,Accepted,
25481290,0568000,LOUISVILLE METRO POLICE DEPT,Accepted,JEFFERSON,,,SEWELL,DR,,,BRENTLINGER,,,,,38.134621641,-85.567379991,0.001,8/15/2019 12:00:00 AM,1720,2,2,0,0,CLEAR,DRY,False,ANGLE COLLISION - OTHER,ANGLE,STRAIGHT & LEVEL,DAYLIGHT,,,8/16/2019 8:27:25 AM,False,6494,Accepted,
25481258,0568000,LOUISVILLE METRO POLICE DEPT,Accepted,JEFFERSON,US0060A,,EASTERN,PKWY,,,BURNETT,,,,,38.218888188,-85.735287633,5.070,8/15/2019 12:00:00 AM,1724,2,2,0,0,CLEAR,DRY,False,ANGLE COLLISION - OTHER,ANGLE,STRAIGHT & LEVEL,DAYLIGHT,,,8/16/2019 8:26:00 AM,False,7418,Accepted,
25481217,0568000,LOUISVILLE METRO POLICE DEPT,Accepted,JEFFERSON,US0031E,,BARDSTOWN,RD,,,EMRICH,,,,,38.167961664,-85.603620019,7.138,8/15/2019 12:00:00 AM,0834,2,2,0,0,CLEAR,DRY,False,ANGLE COLLISION - OTHER,ANGLE,STRAIGHT & LEVEL,DAYLIGHT,,,8/16/2019 8:22:59 AM,False,2017,Accepted,
25476338,0568000,LOUISVILLE METRO POLICE DEPT,Accepted,JEFFERSON,,,HILL,ST,W,,25TH,,,,,38.229956510,-85.797038307,2.214,8/14/2019 12:00:00 AM,1755,2,2,0,1,CLEAR,DRY,True,ANGLE COLLISION - OTHER,ANGLE,STRAIGHT & LEVEL,DARK-HWY LIGHTED/ON,,,8/15/2019 8:38:21 AM,False,5039,Accepted,
25476326,0568000,LOUISVILLE METRO POLICE DEPT,Accepted,JEFFERSON,,,GILMORE,LN,,,DYER,,,,,38.180370109,-85.702936352,0.668,8/14/2019 12:00:00 AM,2223,2,2,0,0,CLEAR,DRY,False,ANGLE COLLISION - OTHER,ANGLE,STRAIGHT & LEVEL,DARK-HWY NOT LIGHTED,,,8/15/2019 8:37:25 AM,False,5165,Accepted,
25476294,0568000,LOUISVILLE METRO POLICE DEPT,Accepted,JEFFERSON,,,BROADWAY,,W,US0031W,22ND,,,,,38.249224110,-85.788221649,0.001,8/14/2019 12:00:00 AM,1326,2,2,0,0,CLEAR,DRY,False,ANGLE COLLISION - OTHER,ANGLE,STRAIGHT & LEVEL,DAYLIGHT,,,8/15/2019 8:36:15 AM,False,7479,Accepted,
25476302,0568000,LOUISVILLE METRO POLICE DEPT,Accepted,JEFFERSON,KY0061,,PRESTON,HWY,,,PINECROFT,,,,,38.134442201,-85.684524620,3.665,8/14/2019 12:00:00 AM,1704,2,2,0,1,CLEAR,DRY,False,ANGLE COLLISION - OTHER,ANGLE,STRAIGHT & LEVEL,DAYLIGHT,,,8/15/2019 8:36:43 AM,False,4693,Accepted,
25476276,0568000,LOUISVILLE METRO POLICE DEPT,Accepted,JEFFERSON,I 0065,,I65 N,,,I 0065,I65 N EXIT128 ON RAMP FROM KY1631,,,,,38.161499356,-85.720369747,128.576,8/14/2019 12:00:00 AM,0932,2,2,0,0,CLEAR,DRY,False,ANGLE COLLISION - OTHER,ANGLE,STRAIGHT & LEVEL,DAYLIGHT,,,8/15/2019 8:34:48 AM,False,7319,Accepted,
25476277,0568000,LOUISVILLE METRO POLICE DEPT,Accepted,JEFFERSON,I 0065,,I65 N EXIT130 TRANSIT,,,I 0065,I65 N EXIT130 ON RAMP FROM KY61,,,,,38.181317025,-85.721028569,0.350,8/14/2019 12:00:00 AM,1732,2,2,0,0,CLEAR,DRY,False,ANGLE COLLISION - OTHER,ANGLE,STRAIGHT & LEVEL,DAYLIGHT,,,8/15/2019 8:34:53 AM,False,7319,Accepted,
25476295,0568000,LOUISVILLE METRO POLICE DEPT,Accepted,JEFFERSON,KY1703,,NEWBURG,RD,,,BISHOP,,,,,38.200931750,-85.685998776,2.098,8/14/2019 12:00:00 AM,0703,2,2,0,0,CLEAR,DRY,False,ANGLE COLLISION - ONE VEHICLE TURNING RIGHT,ANGLE,STRAIGHT & LEVEL,DAYLIGHT,,,8/15/2019 8:36:18 AM,False,7319,Accepted,
25476290,0568000,LOUISVILLE METRO POLICE DEPT,Accepted,JEFFERSON,KY0155,,TAYLORSVILLE LAKE,RD,,KY1531,ROUTT,,,,,38.176993840,-85.463958689,3.032,8/14/2019 12:00:00 AM,1455,2,2,0,1,CLOUDY,DRY,False,ANGLE COLLISION - ONE VEHICLE TURNING LEFT,ANGLE,STRAIGHT & HILLCREST,DAYLIGHT,,,8/15/2019 8:36:02 AM,False,4693,Accepted,
25476341,0568000,LOUISVILLE METRO POLICE DEPT,Accepted,JEFFERSON,KY0155,,TAYLORSVILLE,RD,,,LOWE,,,,,38.219018523,-85.606964391,12.304,8/14/2019 12:00:00 AM,1013,2,2,0,0,CLEAR,DRY,False,ANGLE COLLISION - ONE VEHICLE TURNING LEFT,ANGLE,STRAIGHT & LEVEL,DAYLIGHT,,,8/15/2019 8:38:30 AM,False,7482,Accepted,
25481211,0568000,LOUISVILLE METRO POLICE DEPT,Accepted,JEFFERSON,,,19TH,ST,S,US0031W,MARKET,,,,,38.257979827,-85.781616300,0.096,8/14/2019 12:00:00 AM,1255,2,2,0,4,CLEAR,DRY,False,ANGLE COLLISION - ONE VEHICLE TURNING LEFT,ANGLE,STRAIGHT & LEVEL,DAYLIGHT,,,8/16/2019 8:22:33 AM,False,7386,Accepted,
25476247,0568000,LOUISVILLE METRO POLICE DEPT,Accepted,JEFFERSON,,,1ST,ST,S,,LIBERTY,,,,,38.252665473,-85.752250343,0.237,8/14/2019 12:00:00 AM,0907,2,2,0,0,CLEAR,DRY,False,COLLISION WITH PARKED VEHICLE,SIDESWIPE-SAME DIRECTION,STRAIGHT & LEVEL,DAYLIGHT,,,8/15/2019 8:31:24 AM,False,7377,Accepted,
25549742,0568000,LOUISVILLE METRO POLICE DEPT,Accepted,JEFFERSON,,,KENTON,ST,W,KY1020,SOUTHERN,,,,,38.198166886,-85.767092551,0.094,8/14/2019 12:00:00 AM,1640,2,2,0,1,CLEAR,DRY,False,ANGLE COLLISION - OTHER,ANGLE,STRAIGHT & LEVEL,DAYLIGHT,,,8/26/2019 3:21:56 PM,False,2085,Accepted,
25481222,0568000,LOUISVILLE METRO POLICE DEPT,Accepted,JEFFERSON,KY3077,,RIVER,RD,,,4TH,,,,,38.258710956,-85.756164854,0.280,8/14/2019 12:00:00 AM,1720,2,2,0,0,CLEAR,DRY,False,ANGLE COLLISION - OTHER,ANGLE,STRAIGHT & LEVEL,DAYLIGHT,,,8/16/2019 8:23:20 AM,False,5173,Accepted,
25559657,0568000,LOUISVILLE METRO POLICE DEPT,Accepted,JEFFERSON,,,BRIARCLIFF,RD,,,PINECROFT,,,,,38.134329868,-85.697253282,0.124,8/14/2019 12:00:00 AM,0716,2,2,0,0,CLEAR,DRY,False,ANGLE COLLISION - OTHER,ANGLE,STRAIGHT & LEVEL,DAYLIGHT,,,8/28/2019 2:37:03 PM,False,7269,Accepted,
25476274,0568000,LOUISVILLE METRO POLICE DEPT,Accepted,JEFFERSON,,,BROADWAY,,W,,34TH,,,,,38.249889497,-85.807814838,1.067,8/14/2019 12:00:00 AM,1244,2,2,0,0,CLEAR,DRY,False,REAR END - ONE VEHICLE TURNING RIGHT,REAR END,STRAIGHT & LEVEL,DAYLIGHT,,,8/15/2019 8:34:33 AM,False,5253,Accepted,
25476268,0568000,LOUISVILLE METRO POLICE DEPT,Accepted,JEFFERSON,US0031E,,BARDSTOWN,RD,,,HEATHER,,,,,38.205619961,-85.666576615,11.560,8/14/2019 12:00:00 AM,0750,2,2,0,1,CLEAR,DRY,False,OPPOSITE DIRECTION - BOTH VEHICLES GOING STRAIGHT AHEAD,SIDESWIPE-OPPOSITE DIRECTION,STRAIGHT & LEVEL,DAYLIGHT,,,8/15/2019 8:34:09 AM,False,2532,Accepted,
25476251,0568000,LOUISVILLE METRO POLICE DEPT,Accepted,JEFFERSON,KY1747,,FERN VALLEY,RD,,KY1747,KY1747 CROSSOVER,,,,,38.156380774,-85.661459035,3.874,8/14/2019 12:00:00 AM,0939,2,2,0,0,CLEAR,DRY,False,SIDESWIPE-SAME DIRECTION,SIDESWIPE-SAME DIRECTION,STRAIGHT & LEVEL,DAYLIGHT,,,8/15/2019 8:31:55 AM,False,2017,Accepted,
25476296,0568000,LOUISVILLE METRO POLICE DEPT,Accepted,JEFFERSON,,,WATTERSON,TRL,,KY1747,HURSTBOURNE,,,,,38.183468443,-85.606826234,1.071,8/14/2019 12:00:00 AM,1510,2,2,0,0,CLEAR,DRY,False,VEHICLE BACKING IN INTERSECTION,BACKING,STRAIGHT & LEVEL,DAYLIGHT,,,8/15/2019 8:36:23 AM,False,7739,Accepted,
25476259,0568000,LOUISVILLE METRO POLICE DEPT,Accepted,JEFFERSON,,,STRAWBERRY,LN,,,ALLMOND,,,,,38.176096290,-85.753471273,1.564,8/14/2019 12:00:00 AM,1324,2,2,0,0,CLEAR,DRY,False,VEHICLE BACKING IN INTERSECTION,BACKING,STRAIGHT & LEVEL,DAYLIGHT,,,8/15/2019 8:33:12 AM,False,7488,Accepted,
25476283,0568000,LOUISVILLE METRO POLICE DEPT,Accepted,JEFFERSON,US0060,,FRANKFORT,AVE,,,CLIFTON,,,,,38.253617261,-85.706189836,0.775,8/14/2019 12:00:00 AM,1503,2,2,0,0,CLEAR,DRY,False,OPPOSITE DIRECTION - BOTH VEHICLES GOING STRAIGHT AHEAD,SIDESWIPE-OPPOSITE DIRECTION,STRAIGHT & LEVEL,DAYLIGHT,,,8/15/2019 8:35:23 AM,False,7028,Accepted,
25476328,0568000,LOUISVILLE METRO POLICE DEPT,Accepted,JEFFERSON,US0031E,,BARDSTOWN,RD,,KY1747,HURSTBOURNE,,,,,38.169178911,-85.605310138,7.230,8/14/2019 12:00:00 AM,1015,2,2,0,0,CLEAR,DRY,False,SIDESWIPE-SAME DIRECTION,SIDESWIPE-SAME DIRECTION,STRAIGHT & GRADE,DAYLIGHT,,,8/15/2019 8:37:34 AM,False,7294,Accepted,
25476332,0568000,LOUISVILLE METRO POLICE DEPT,Accepted,JEFFERSON,US0031W,,DIXIE,HWY,,KY0907,VALLEY STATION,,,,,38.107648269,-85.866733907,8.633,8/14/2019 12:00:00 AM,2151,2,2,0,0,CLEAR,DRY,False,SIDESWIPE-SAME DIRECTION,SIDESWIPE-SAME DIRECTION,STRAIGHT & LEVEL,DARK-HWY LIGHTED/ON,,,8/15/2019 8:37:59 AM,False,5103,Accepted,
25586544,0568000,LOUISVILLE METRO POLICE DEPT,Accepted,JEFFERSON,I 0265,,I265 S,,,I 0064,I265 S EXIT25B RAMP TO I64 W,,,,,38.227839005,-85.505458121,25.800,8/14/2019 12:00:00 AM,1701,2,2,0,0,CLEAR,DRY,False,SIDESWIPE-SAME DIRECTION,SIDESWIPE-SAME DIRECTION,STRAIGHT & LEVEL,DAYLIGHT,,,9/3/2019 12:55:05 PM,False,7764,Accepted,
25476265,0568000,LOUISVILLE METRO POLICE DEPT,Accepted,JEFFERSON,US0060A,,WILLOW,AVE,,US0060A,EASTERN,,,,,38.232939800,-85.707897000,6.932,8/14/2019 12:00:00 AM,1231,2,2,0,0,CLOUDY,DRY,False,OTHER INTERSECTION COLLISIONS,REAR END,STRAIGHT & LEVEL,DAYLIGHT,,,8/15/2019 8:33:57 AM,False,7570,Accepted,
25476309,0568000,LOUISVILLE METRO POLICE DEPT,Accepted,JEFFERSON,US0031E,,BARDSTOWN,RD,,,DREAMS END,,,,,38.175663454,-85.616611039,8.026,8/14/2019 12:00:00 AM,0933,2,2,0,0,CLEAR,DRY,False,OTHER INTERSECTION COLLISIONS,REAR END,STRAIGHT & GRADE,DAYLIGHT,,,8/15/2019 8:37:05 AM,False,7294,Accepted,
25481271,0568000,LOUISVILLE METRO POLICE DEPT,Accepted,JEFFERSON,I 0265,,I265 W,,,I 0265,I265 W EXIT12 OFF RAMP TO KY61,,,,,38.112241595,-85.670240068,12.020,8/14/2019 12:00:00 AM,1656,2,2,0,0,CLEAR,DRY,False,OTHER INTERSECTION COLLISIONS,REAR END,STRAIGHT & LEVEL,DAYLIGHT,,,8/16/2019 8:26:41 AM,False,2142,Accepted,
25476275,0568000,LOUISVILLE METRO POLICE DEPT,Accepted,JEFFERSON,US0031E,,BARDSTOWN,RD,,,HUDSON,,,,,38.164880802,-85.598918816,6.802,8/14/2019 12:00:00 AM,1515,2,2,0,0,CLEAR,DRY,True,OTHER INTERSECTION COLLISIONS,REAR END,STRAIGHT & LEVEL,DAYLIGHT,,,8/15/2019 8:34:38 AM,False,6494,Accepted,
25476342,0568000,LOUISVILLE METRO POLICE DEPT,Accepted,JEFFERSON,KY1934,,CANE RUN,RD,,KY1727,TERRY,,,,,38.177833818,-85.862846737,7.126,8/14/2019 12:00:00 AM,1452,2,2,0,0,CLEAR,DRY,False,OTHER INTERSECTION COLLISIONS,REAR END,STRAIGHT & LEVEL,DAYLIGHT,,,8/15/2019 8:38:33 AM,False,7267,Accepted,
25476297,0568000,LOUISVILLE METRO POLICE DEPT,Accepted,JEFFERSON,,,3RD,ST,S,,KINGSTON,,,,,38.173061198,-85.767757845,1.777,8/14/2019 12:00:00 AM,1435,2,2,0,0,CLEAR,DRY,False,OTHER INTERSECTION COLLISIONS,REAR END,STRAIGHT & LEVEL,DAYLIGHT,,,8/15/2019 8:36:26 AM,False,7488,Accepted,
25471351,0568000,LOUISVILLE METRO POLICE DEPT,Accepted,JEFFERSON,KY0864,,POPLAR LEVEL,RD,,,TREVILIAN,,,,,38.205443834,-85.712872648,12.073,8/14/2019 12:00:00 AM,0047,2,2,0,0,CLEAR,DRY,True,OTHER INTERSECTION COLLISIONS,REAR END,STRAIGHT & GRADE,DARK-HWY LIGHTED/ON,,,8/14/2019 8:49:22 AM,False,7419,Accepted,
25476255,0568000,LOUISVILLE METRO POLICE DEPT,Accepted,JEFFERSON,,,7TH,ST,S,KY2054,ALGONQUIN,,,,,38.220060321,-85.777381129,,8/14/2019 12:00:00 AM,1035,2,2,0,0,CLEAR,DRY,False,OTHER INTERSECTION COLLISIONS,REAR END,STRAIGHT & LEVEL,DAYLIGHT,,,8/15/2019 8:32:48 AM,False,7433,Accepted,
25509087,0568000,LOUISVILLE METRO POLICE DEPT,Accepted,JEFFERSON,KY1931,,ST ANDREWS CHURCH,RD,,,BROOKVIEW,,,,,38.152641448,-85.817888702,4.519,8/14/2019 12:00:00 AM,1500,2,1,0,1,CLEAR,DRY,True,OTHER INTERSECTION COLLISIONS,SINGLE VEHICLE,STRAIGHT & LEVEL,DAYLIGHT,,,8/20/2019 8:20:35 AM,False,7267,Accepted,
25509094,0568000,LOUISVILLE METRO POLICE DEPT,Accepted,JEFFERSON,US0031E,,BARDSTOWN,RD,,,DUKER,,,,,38.230189979,-85.703718369,14.301,8/14/2019 12:00:00 AM,1700,2,2,0,0,CLOUDY,DRY,True,OTHER INTERSECTION COLLISIONS,REAR END,STRAIGHT & LEVEL,DAYLIGHT,,,8/20/2019 8:21:25 AM,False,7916,Accepted,
25476305,0568000,LOUISVILLE METRO POLICE DEPT,Accepted,JEFFERSON,,113,KENNEDY,AVE,,,,,,,,38.254272676,-85.688624056,0.032,8/14/2019 12:00:00 AM,1830,1,1,0,0,CLEAR,DRY,True,1 VEHICLE PARKED POSITION (NOT PARKING LOT/DRIVEWAY),SINGLE VEHICLE,STRAIGHT & LEVEL,DAYLIGHT,,,8/15/2019 8:36:52 AM,False,5122,Accepted,
25476323,0568000,LOUISVILLE METRO POLICE DEPT,Accepted,JEFFERSON,,516,GHEENS,AVE,,,,,,,,38.168878979,-85.773265597,0.467,8/14/2019 12:00:00 AM,1714,2,2,0,0,CLEAR,DRY,False,1 VEHICLE PARKED POSITION (NOT PARKING LOT/DRIVEWAY),SIDESWIPE-OPPOSITE DIRECTION,STRAIGHT & LEVEL,DAYLIGHT,,,8/15/2019 8:37:20 AM,False,7331,Accepted,
25476256,0568000,LOUISVILLE METRO POLICE DEPT,Accepted,JEFFERSON,KY2055,9205,MANSLICK,RD,W,,,,,,,38.118143958,-85.792187992,3.521,8/14/2019 12:00:00 AM,0840,1,1,0,1,CLEAR,DRY,False,COLLISION WITH FIXED OBJECT NON - INTERSECTION - FIRST EVENT COLLISION 09 - 32 EXCLUDING 16,SINGLE VEHICLE,STRAIGHT & LEVEL,DAYLIGHT,,,8/15/2019 8:32:53 AM,False,6326,Accepted,
25476340,0568000,LOUISVILLE METRO POLICE DEPT,Accepted,JEFFERSON,,5005,WATTERSON,TRL,S,,,,,,,38.175533581,-85.622787483,0.228,8/14/2019 12:00:00 AM,1755,1,1,0,0,CLEAR,DRY,False,COLLISION WITH FIXED OBJECT NON - INTERSECTION - FIRST EVENT COLLISION 09 - 32 EXCLUDING 16,SINGLE VEHICLE,STRAIGHT & LEVEL,DAYLIGHT,,,8/15/2019 8:38:27 AM,False,7294,Accepted,
25476249,0568000,LOUISVILLE METRO POLICE DEPT,Accepted,JEFFERSON,I 0064,,I64 E,,,,,,,,,38.222817061,-85.510967737,18.683,8/14/2019 12:00:00 AM,0920,1,1,0,0,CLEAR,DRY,False,RAN OFF ROADWAY (1 VEHICLE WITH/EARTH EMBANKMENT/DITCH),SINGLE VEHICLE,STRAIGHT & LEVEL,DAYLIGHT,,,8/15/2019 8:31:43 AM,False,4903,Accepted,
25476263,0568000,LOUISVILLE METRO POLICE DEPT,Accepted,JEFFERSON,KY1727,,TERRY,RD,,,MILLER PARK,,,,,38.139763439,-85.872723692,1.241,8/14/2019 12:00:00 AM,0800,2,2,0,0,CLEAR,DRY,False,OTHER INTERSECTION COLLISIONS,REAR END,STRAIGHT & LEVEL,DAYLIGHT,,,8/15/2019 8:33:46 AM,False,6326,Accepted,
25476293,0568000,LOUISVILLE METRO POLICE DEPT,Accepted,JEFFERSON,,,OAK,ST,E,,BROOK,,,,,38.234408962,-85.753668596,0.091,8/14/2019 12:00:00 AM,0841,2,2,0,0,CLEAR,DRY,False,OTHER INTERSECTION COLLISIONS,REAR END,STRAIGHT & LEVEL,DAYLIGHT,,,8/15/2019 8:36:12 AM,False,5230,Accepted,
25502622,0568000,LOUISVILLE METRO POLICE DEPT,Accepted,JEFFERSON,KY2055,,MANSLICK,RD,W,,,,,,,38.111545876,-85.769327358,2.106,8/14/2019 12:00:00 AM,0621,2,2,0,0,CLEAR,DRY,False,REAR END IN TRAFFIC LANES BOTH VEHICLES MOVING,REAR END,STRAIGHT & LEVEL,DAWN,,,8/19/2019 8:49:45 AM,False,7332,Accepted,