IncidentID,AgencyORI,AgencyName,IncidentStatusDesc,County,RdwyNumber,Street,RoadwayName,StreetSfx,StreetDir,IntersectionRdwy,IntersectionRdwyName,BetweenStRdwy1,BetweenStRdwyName1,BetweenStRdwy2,BetweenStRdwyName2,Latitude,Longitude,Milepoint,CollisionDate,CollisionTime,UnitsInvolved,MotorVehiclesInvolved,NumberKilled,NumberInjured,Weather,RdwyConditionCode,HitandRun,DirAnalysisCode,MannerofCollision,RdwyCharacter,LightCondition,RampFromRdwyId,RampToRdwyId,AcceptedDate,IsSecondaryCollision,OwnerBadge,IncidentStatus,
25471317,0568000,LOUISVILLE METRO POLICE DEPT,Accepted,JEFFERSON,,,BRECKINRIDGE,ST,E,KY0061,PRESTON,,,,,38.240698885,-85.748196444,1.274,8/12/2019 12:00:00 AM,1226,2,2,0,0,CLEAR,DRY,False,COLLISION WITH PARKED VEHICLE,SIDESWIPE-SAME DIRECTION,STRAIGHT & LEVEL,DAYLIGHT,,,8/14/2019 8:47:00 AM,False,7390,Accepted,
25465857,0568000,LOUISVILLE METRO POLICE DEPT,Accepted,JEFFERSON,,,GRASTON,AVE,,,FRANKLIN,,,,,38.173627835,-85.835139654,0.165,8/12/2019 12:00:00 AM,1727,2,2,0,0,CLEAR,DRY,False,REAR END - ONE VEHICLE TURNING RIGHT,REAR END,STRAIGHT & LEVEL,DAYLIGHT,,,8/13/2019 8:27:13 AM,False,7177,Accepted,
25476272,0568000,LOUISVILLE METRO POLICE DEPT,Accepted,JEFFERSON,KY1065,,OUTER,LOOP,,,LAUREL RIDGE,,,,,38.137803551,-85.673755186,6.765,8/12/2019 12:00:00 AM,0545,2,2,0,0,CLEAR,DRY,False,ANGLE COLLISION - OTHER,ANGLE,STRAIGHT & LEVEL,DARK-HWY NOT LIGHTED,,,8/15/2019 8:34:26 AM,False,5042,Accepted,
25471310,0568000,LOUISVILLE METRO POLICE DEPT,Accepted,JEFFERSON,US0150,,BROADWAY,,W,,17TH,,,,,38.248765857,-85.779846586,1.185,8/12/2019 12:00:00 AM,1800,2,2,0,1,CLEAR,DRY,False,ANGLE COLLISION - OTHER,ANGLE,STRAIGHT & LEVEL,DAYLIGHT,,,8/14/2019 8:46:32 AM,False,7947,Accepted,
25465871,0568000,LOUISVILLE METRO POLICE DEPT,Accepted,JEFFERSON,KY1931,,MANSLICK,RD,,,CONN,,,,,38.196091046,-85.799073825,8.452,8/12/2019 12:00:00 AM,1200,2,2,0,0,CLOUDY,DRY,False,ANGLE COLLISION - OTHER,ANGLE,STRAIGHT & LEVEL,DAYLIGHT,,,8/13/2019 8:28:00 AM,False,7249,Accepted,
25465880,0568000,LOUISVILLE METRO POLICE DEPT,Accepted,JEFFERSON,KY1020,,2ND,ST,S,,ST CATHERINE,,,,,38.237066941,-85.756605907,11.506,8/12/2019 12:00:00 AM,1924,2,2,0,1,CLEAR,DRY,False,ANGLE COLLISION - OTHER,ANGLE,STRAIGHT & LEVEL,DAYLIGHT,,,8/13/2019 8:28:35 AM,False,5111,Accepted,
25793194,0568000,LOUISVILLE METRO POLICE DEPT,Accepted,JEFFERSON,KY1447,,WESTPORT,RD,,I 0265,I265 S EXIT33 ON RAMP FROM KY1447,,,,,38.296547348,-85.551886911,6.474,8/12/2019 12:00:00 AM,0900,2,2,0,0,CLOUDY,DRY,False,OPPOSING LEFT TURN,OPPOSING LEFT TURN,STRAIGHT & LEVEL,DAYLIGHT,,,10/18/2019 8:37:42 AM,False,7631,Accepted,
25465872,0568000,LOUISVILLE METRO POLICE DEPT,Accepted,JEFFERSON,KY1931,,MANSLICK,RD,,,CRUMS,,,,,38.189225604,-85.801332710,7.922,8/12/2019 12:00:00 AM,1625,2,2,0,0,CLOUDY,DRY,False,OPPOSING LEFT TURN,OPPOSING LEFT TURN,STRAIGHT & LEVEL,DAYLIGHT,,,8/13/2019 8:28:04 AM,False,7249,Accepted,
25502480,0568000,LOUISVILLE METRO POLICE DEPT,Accepted,JEFFERSON,KY1934,,CANE RUN,RD,,,KRAMERS,,,,,38.201059419,-85.834947733,9.366,8/12/2019 12:00:00 AM,1425,2,2,0,0,CLOUDY,DRY,False,OTHER INTERSECTION COLLISIONS,REAR END,STRAIGHT & LEVEL,DAYLIGHT,,,8/19/2019 8:34:22 AM,False,6860,Accepted,
25465855,0568000,LOUISVILLE METRO POLICE DEPT,Accepted,JEFFERSON,US0031E,,BARDSTOWN,RD,,,BRIGHTON,,,,,38.213866843,-85.673367219,12.237,8/12/2019 12:00:00 AM,1545,3,3,0,0,CLOUDY,DRY,False,OTHER INTERSECTION COLLISIONS,REAR END,STRAIGHT & LEVEL,DAYLIGHT,,,8/13/2019 8:27:05 AM,False,7740,Accepted,
25465853,0568000,LOUISVILLE METRO POLICE DEPT,Accepted,JEFFERSON,US0031E,,BARDSTOWN,RD,,,CEDARLOOK,,,,,38.147053193,-85.585865428,5.333,8/12/2019 12:00:00 AM,1507,2,2,0,1,CLEAR,DRY,False,OTHER INTERSECTION COLLISIONS,REAR END,STRAIGHT & LEVEL,DAYLIGHT,,,8/13/2019 8:26:57 AM,False,5222,Accepted,
25460248,0568000,LOUISVILLE METRO POLICE DEPT,Accepted,JEFFERSON,,2578,BURNETT,AVE,E,,,,,,,38.214764434,-85.731815464,1.714,8/12/2019 12:00:00 AM,1908,2,2,0,0,CLEAR,DRY,True,1 VEHICLE PARKED POSITION (NOT PARKING LOT/DRIVEWAY),ANGLE,STRAIGHT & LEVEL,DAYLIGHT,,,8/12/2019 9:10:38 AM,False,5189,Accepted,
25460373,0568000,LOUISVILLE METRO POLICE DEPT,Accepted,JEFFERSON,,2230,LANDOR,AVE,,,,,,,,38.224138910,-85.671623439,0.081,8/12/2019 12:00:00 AM,0840,2,2,0,0,CLEAR,DRY,True,1 VEHICLE PARKED POSITION (NOT PARKING LOT/DRIVEWAY),SIDESWIPE-OPPOSITE DIRECTION,STRAIGHT & LEVEL,DAYLIGHT,,,8/12/2019 9:21:31 AM,False,7284,Accepted,
25465858,0568000,LOUISVILLE METRO POLICE DEPT,Accepted,JEFFERSON,KY0061,,PRESTON,HWY,,,,,,,,38.125861500,-85.679887715,3.023,8/12/2019 12:00:00 AM,1135,2,2,0,0,CLOUDY,DRY,False,COLLISION WITH FIXED OBJECT NON - INTERSECTION - FIRST EVENT COLLISION 09 - 32 EXCLUDING 16,REAR END,STRAIGHT & LEVEL,DAYLIGHT,,,8/13/2019 8:27:15 AM,False,4693,Accepted,
25465868,0568000,LOUISVILLE METRO POLICE DEPT,Accepted,JEFFERSON,,300,GUTHRIE,ST,,,,,,,,38.249906808,-85.756782605,0.129,8/12/2019 12:00:00 AM,1652,1,1,0,0,CLEAR,DRY,False,COLLISION WITH FIXED OBJECT NON - INTERSECTION - FIRST EVENT COLLISION 09 - 32 EXCLUDING 16,SINGLE VEHICLE,STRAIGHT & LEVEL,DAYLIGHT,,,8/13/2019 8:27:49 AM,False,7463,Accepted,
25465836,0568000,LOUISVILLE METRO POLICE DEPT,Accepted,JEFFERSON,,2341,CHESTNUT,ST,W,,,,,,,38.252678021,-85.791314468,0.527,8/12/2019 12:00:00 AM,1228,1,1,0,0,CLEAR,DRY,False,COLLISION WITH FIXED OBJECT NON - INTERSECTION - FIRST EVENT COLLISION 09 - 32 EXCLUDING 16,SINGLE VEHICLE,STRAIGHT & LEVEL,DAYLIGHT,,,8/13/2019 8:25:46 AM,False,7220,Accepted,
25471335,0568000,LOUISVILLE METRO POLICE DEPT,Accepted,JEFFERSON,,230,MAGNOLIA,AVE,E,,,,,,,38.228417456,-85.753692147,0.055,8/12/2019 12:00:00 AM,1440,2,2,0,0,CLEAR,DRY,False,1 VEHICLE PARKED POSITION (NOT PARKING LOT/DRIVEWAY),SIDESWIPE-SAME DIRECTION,STRAIGHT & LEVEL,DAYLIGHT,,,8/14/2019 8:48:01 AM,False,7296,Accepted,
25471281,0568000,LOUISVILLE METRO POLICE DEPT,Accepted,JEFFERSON,KY1703,,NEWBURG,RD,,,GARDINER,,,,,38.198920354,-85.683479146,1.888,8/12/2019 12:00:00 AM,1615,4,4,0,2,CLEAR,DRY,False,OTHER INTERSECTION COLLISIONS,REAR END,STRAIGHT & LEVEL,DAYLIGHT,,,8/14/2019 8:46:05 AM,False,5191,Accepted,
25476285,0568000,LOUISVILLE METRO POLICE DEPT,Accepted,JEFFERSON,,,MUHAMMAD ALI,BLVD,W,,6TH,,,,,38.251495990,-85.760801071,0.455,8/12/2019 12:00:00 AM,1625,2,2,0,0,CLEAR,DRY,False,OTHER INTERSECTION COLLISIONS,REAR END,STRAIGHT & LEVEL,DAYLIGHT,,,8/15/2019 8:35:40 AM,False,2854,Accepted,
25465876,0568000,LOUISVILLE METRO POLICE DEPT,Accepted,JEFFERSON,KY0907,,SOUTHSIDE,DR,,KY1865,NEW CUT,,,,,38.145865655,-85.775174000,6.316,8/12/2019 12:00:00 AM,2001,2,2,0,0,CLEAR,DRY,False,OTHER INTERSECTION COLLISIONS,REAR END,STRAIGHT & LEVEL,DARK-HWY LIGHTED/ON,,,8/13/2019 8:28:17 AM,False,7362,Accepted,
25465859,0568000,LOUISVILLE METRO POLICE DEPT,Accepted,JEFFERSON,KY0061,,PRESTON,HWY,,,,,,,,38.158177775,-85.697737678,5.461,8/12/2019 12:00:00 AM,1322,3,3,0,0,CLOUDY,DRY,False,REAR END IN TRAFFIC LANES BOTH VEHICLES MOVING,REAR END,STRAIGHT & LEVEL,DAYLIGHT,,,8/13/2019 8:27:19 AM,False,4693,Accepted,
25465851,0568000,LOUISVILLE METRO POLICE DEPT,Accepted,JEFFERSON,,6000,TITANIC,WAY,,,,,,,,38.150940593,-85.862638195,0.002,8/12/2019 12:00:00 AM,1416,2,2,0,0,CLOUDY,DRY,False,REAR END IN TRAFFIC LANES BOTH VEHICLES MOVING,REAR END,STRAIGHT & LEVEL,DAYLIGHT,,,8/13/2019 8:26:47 AM,False,5100,Accepted,
25465883,0568000,LOUISVILLE METRO POLICE DEPT,Accepted,JEFFERSON,,,BLANTON,LN,,,,,,,,38.153104592,-85.821392560,0.855,8/12/2019 12:00:00 AM,1843,2,2,0,0,CLEAR,DRY,False,REAR END IN TRAFFIC LANES BOTH VEHICLES MOVING,REAR END,STRAIGHT & LEVEL,DAYLIGHT,,,8/13/2019 8:28:44 AM,False,5170,Accepted,
25465873,0568000,LOUISVILLE METRO POLICE DEPT,Accepted,JEFFERSON,KY0907,,3RD ST,RD,,,,,,,,38.130197735,-85.792764828,4.871,8/12/2019 12:00:00 AM,1237,2,2,0,0,CLOUDY,DRY,True,REAR END IN TRAFFIC LANES BOTH VEHICLES MOVING,REAR END,STRAIGHT & LEVEL,DAYLIGHT,,,8/13/2019 8:28:09 AM,False,7234,Accepted,
25460309,0568000,LOUISVILLE METRO POLICE DEPT,Accepted,JEFFERSON,,405,HITE,AVE,N,,,,,,,38.259687309,-85.698586010,0.449,8/12/2019 12:00:00 AM,0115,2,2,0,0,CLEAR,DRY,True,1 VEHICLE PARKED POSITION (NOT PARKING LOT/DRIVEWAY),SIDESWIPE-OPPOSITE DIRECTION,STRAIGHT & HILLCREST,DARK-HWY LIGHTED/ON,,,8/12/2019 9:13:35 AM,False,5154,Accepted,
25460232,0568000,LOUISVILLE METRO POLICE DEPT,Accepted,JEFFERSON,,10614,EVANWOOD,DR,,,,,INDEPENDENCE SCHOOL,,WATERBROOK,38.105130066,-85.610871920,0.105,8/12/2019 12:00:00 AM,0647,2,2,0,0,CLEAR,DRY,False,1 VEHICLE PARKED POSITION (NOT PARKING LOT/DRIVEWAY),BACKING,CURVE & GRADE,DAWN,,,8/12/2019 9:10:00 AM,False,6977,Accepted,
25471271,0568000,LOUISVILLE METRO POLICE DEPT,Accepted,JEFFERSON,,1054,26TH,ST,S,,,,,,,38.240698956,-85.795927940,1.374,8/12/2019 12:00:00 AM,0330,2,2,0,0,CLEAR,DRY,True,1 VEHICLE PARKED POSITION (NOT PARKING LOT/DRIVEWAY),SIDESWIPE-SAME DIRECTION,STRAIGHT & LEVEL,DARK-HWY LIGHTED/ON,,,8/14/2019 8:44:49 AM,False,7363,Accepted,
25471332,0568000,LOUISVILLE METRO POLICE DEPT,Accepted,JEFFERSON,,,BARRET,AVE,,,,,HIGHLAND,,INNIS,38.238300901,-85.729671940,0.782,8/12/2019 12:00:00 AM,1055,3,3,0,1,CLOUDY,DRY,False,1 VEHICLE PARKED POSITION (NOT PARKING LOT/DRIVEWAY),SIDESWIPE-SAME DIRECTION,STRAIGHT & LEVEL,DAYLIGHT,,,8/14/2019 8:47:50 AM,False,2228,Accepted,
25476264,0568000,LOUISVILLE METRO POLICE DEPT,Accepted,JEFFERSON,I 0264,,I264 E,,,,,,,,,38.285622606,-85.642657328,22.628,8/12/2019 12:00:00 AM,1530,2,2,0,0,CLEAR,DRY,False,REAR END IN TRAFFIC LANES BOTH VEHICLES MOVING,REAR END,STRAIGHT & LEVEL,DAYLIGHT,,,8/15/2019 8:33:52 AM,False,7628,Accepted,
25465862,0568000,LOUISVILLE METRO POLICE DEPT,Accepted,JEFFERSON,I 0064,,I64 W,,,,,,,,,38.277107672,-85.797523896,1.602,8/12/2019 12:00:00 AM,1702,2,2,0,0,CLEAR,DRY,False,REAR END IN TRAFFIC LANES BOTH VEHICLES MOVING,REAR END,STRAIGHT & GRADE,DAYLIGHT,,,8/13/2019 8:27:32 AM,False,8278,Accepted,
25473718,0560300,ST. MATTHEWS POLICE DEPARTMENT,Accepted,JEFFERSON,US0060,5000,SHELBYVILLE,RD,,,,,,,,38.250147671,-85.623292864,5.318,8/12/2019 12:00:00 AM,1639,2,2,0,0,CLEAR,DRY,False,REAR END IN TRAFFIC LANES BOTH VEHICLES MOVING,REAR END,STRAIGHT & LEVEL,DAYLIGHT,,,8/14/2019 3:38:16 PM,False,9193,Accepted,
25465860,0568000,LOUISVILLE METRO POLICE DEPT,Accepted,JEFFERSON,US0031E,,BARDSTOWN,RD,,,,,,,,38.130960941,-85.577731666,4.129,8/12/2019 12:00:00 AM,1647,2,2,0,0,CLOUDY,DRY,False,REAR END IN TRAFFIC LANES BOTH VEHICLES MOVING,REAR END,STRAIGHT & LEVEL,DAYLIGHT,,,8/13/2019 8:27:24 AM,False,4693,Accepted,
25465861,0568000,LOUISVILLE METRO POLICE DEPT,Accepted,JEFFERSON,I 0065,,I65 S,,,,,,,,,38.193539060,-85.732235594,131.000,8/12/2019 12:00:00 AM,1425,2,2,0,0,CLEAR,DRY,True,SIDESWIPE COLLISION - SAME DIRECTION,SIDESWIPE-SAME DIRECTION,CURVE & GRADE,DAYLIGHT,,,8/13/2019 8:27:29 AM,False,8278,Accepted,
25465863,0568000,LOUISVILLE METRO POLICE DEPT,Accepted,JEFFERSON,I 0264,,I264 E,,,,,,,,,38.217501528,-85.658919358,16.473,8/12/2019 12:00:00 AM,1800,2,2,0,0,CLEAR,DRY,False,SIDESWIPE COLLISION - SAME DIRECTION,SIDESWIPE-SAME DIRECTION,STRAIGHT & LEVEL,DAYLIGHT,,,8/13/2019 8:27:36 AM,False,8278,Accepted,
25465847,0568000,LOUISVILLE METRO POLICE DEPT,Accepted,JEFFERSON,US0060,,SHELBYVILLE,RD,,,,,CHRISTIAN,,ARTERBURN,38.248938642,-85.607871246,6.161,8/12/2019 12:00:00 AM,1250,2,2,0,0,CLOUDY,DRY,True,SIDESWIPE COLLISION - SAME DIRECTION,SIDESWIPE-SAME DIRECTION,STRAIGHT & LEVEL,DAYLIGHT,,,8/13/2019 8:26:32 AM,False,7751,Accepted,
25465838,0568000,LOUISVILLE METRO POLICE DEPT,Accepted,JEFFERSON,I 0264,,,,,,,I 0264,I264 E EXIT20 TRANSIT,I 0064,I64 E EXIT19 TRANSIT,38.244824946,-85.620717327,0.316,8/12/2019 12:00:00 AM,0832,2,2,0,0,CLOUDY,SAND,False,SIDESWIPE COLLISION - SAME DIRECTION,SIDESWIPE-SAME DIRECTION,STRAIGHT & LEVEL,DAYLIGHT,,,8/13/2019 8:25:55 AM,False,7751,Accepted,
25476269,0568000,LOUISVILLE METRO POLICE DEPT,Accepted,JEFFERSON,US0031W,,MARKET,ST,W,,,,4TH,US0031E,3RD,38.255222090,-85.756714230,21.864,8/12/2019 12:00:00 AM,0755,2,2,0,0,CLEAR,DRY,False,SIDESWIPE COLLISION - SAME DIRECTION,SIDESWIPE-SAME DIRECTION,STRAIGHT & LEVEL,DAYLIGHT,,,8/15/2019 8:34:13 AM,False,2854,Accepted,
25476288,0568000,LOUISVILLE METRO POLICE DEPT,Accepted,JEFFERSON,US0031W,,MAIN,ST,W,,,,CHAPEL,,11TH,38.257855739,-85.767807826,21.312,8/12/2019 12:00:00 AM,1133,2,2,0,0,CLOUDY,DRY,False,SIDESWIPE COLLISION - SAME DIRECTION,SIDESWIPE-SAME DIRECTION,STRAIGHT & LEVEL,DAYLIGHT,,,8/15/2019 8:35:54 AM,False,2854,Accepted,
25502661,0568000,LOUISVILLE METRO POLICE DEPT,Accepted,JEFFERSON,,,SIX MILE,LN,,,,KY2251,BARDSTOWN,,CHEVY CHASE,38.195294345,-85.652144442,0.031,8/12/2019 12:00:00 AM,2311,2,2,0,0,CLEAR,DRY,True,SIDESWIPE COLLISION - OPPOSITE DIRECTION,SIDESWIPE-OPPOSITE DIRECTION,STRAIGHT & LEVEL,DARK-HWY LIGHTED/ON,,,8/19/2019 8:52:35 AM,False,7200,Accepted,
25465830,0568000,LOUISVILLE METRO POLICE DEPT,Accepted,JEFFERSON,KY0864,7908,BEULAH CHURCH,RD,,,,,,,,38.135963961,-85.613597847,4.136,8/12/2019 12:00:00 AM,0937,2,2,0,0,CLOUDY,DRY,False,1 VEHICLE ENTERING/LEAVING ENTRANCE,ANGLE,STRAIGHT & GRADE,DAYLIGHT,,,8/13/2019 8:25:04 AM,False,2017,Accepted,
25471311,0568000,LOUISVILLE METRO POLICE DEPT,Accepted,JEFFERSON,,4703,ALLMOND,AVE,,,,,,,,38.193443857,-85.758928053,0.042,8/12/2019 12:00:00 AM,1244,2,2,0,0,CLOUDY,DRY,False,SIDESWIPE COLLISION - OPPOSITE DIRECTION,SIDESWIPE-OPPOSITE DIRECTION,STRAIGHT & LEVEL,DAYLIGHT,,,8/14/2019 8:46:36 AM,False,7334,Accepted,
25465864,0568000,LOUISVILLE METRO POLICE DEPT,Accepted,JEFFERSON,US0031W,,22ND,ST,S,,,,BROADWAY,,MARY F HACKLEY,38.249379294,-85.788178039,19.569,8/12/2019 12:00:00 AM,1634,2,2,0,0,CLEAR,DRY,False,SIDESWIPE COLLISION - SAME DIRECTION,SIDESWIPE-SAME DIRECTION,STRAIGHT & LEVEL,DARK-HWY LIGHTED/ON,,,8/13/2019 8:27:40 AM,False,7947,Accepted,
25643913,0568000,LOUISVILLE METRO POLICE DEPT,Accepted,JEFFERSON,,,SMYRNA,PKWY,,,,,,,,38.110789890,-85.645575147,1.899,8/12/2019 12:00:00 AM,2035,2,2,0,1,CLEAR,DRY,False,1 VEHICLE ENTERING/LEAVING ENTRANCE,ANGLE,STRAIGHT & LEVEL,DUSK,,,9/16/2019 9:17:17 AM,False,7474,Accepted,
25471265,0568000,LOUISVILLE METRO POLICE DEPT,Accepted,JEFFERSON,I 0265,,I265 S,,,,,,,,,38.284051444,-85.502365990,29.716,8/12/2019 12:00:00 AM,1400,3,3,0,1,CLEAR,DRY,False,1 VEHICLE ENTERING/LEAVING ENTRANCE,ANGLE,CURVE & GRADE,DAYLIGHT,,,8/14/2019 8:44:33 AM,True,6532,Accepted,
25465874,0568000,LOUISVILLE METRO POLICE DEPT,Accepted,JEFFERSON,US0031W,,DIXIE,HWY,,,,,,,,38.166988889,-85.829256839,13.183,8/12/2019 12:00:00 AM,1719,2,2,0,0,CLOUDY,DRY,False,1 VEHICLE ENTERING/LEAVING ENTRANCE,ANGLE,STRAIGHT & LEVEL,DAYLIGHT,,,8/13/2019 8:28:13 AM,False,7234,Accepted,
25530251,0568000,LOUISVILLE METRO POLICE DEPT,Accepted,JEFFERSON,KY2052,6220,SHEPHERDSVILLE,RD,,,,,,,,38.156450223,-85.659796493,1.222,8/12/2019 12:00:00 AM,0910,2,2,0,0,CLOUDY,DRY,False,COLLISION IN PARKING LOT,BACKING,STRAIGHT & LEVEL,DAYLIGHT,,,8/22/2019 8:42:20 AM,False,7366,Accepted,
25471255,0568000,LOUISVILLE METRO POLICE DEPT,Accepted,JEFFERSON,I 0064,,,,,,,,,,,38.261399241,-85.732796044,0.232,8/12/2019 12:00:00 AM,1439,2,2,0,0,CLEAR,DRY,False,OTHER RAMP RELATED COLLISIONS NOT LISTED ABOVE,REAR END,CURVE & GRADE,DAYLIGHT,I 0064,I 0071,8/14/2019 8:43:48 AM,False,2142,Accepted,
25465846,0568000,LOUISVILLE METRO POLICE DEPT,Accepted,JEFFERSON,I 0264,,,,,,,,,,,38.191433819,-85.750329448,0.002,8/12/2019 12:00:00 AM,1400,2,2,0,0,CLEAR,DRY,False,OTHER RAMP RELATED COLLISIONS NOT LISTED ABOVE,SIDESWIPE-SAME DIRECTION,CURVE & LEVEL,DAYLIGHT,I 0264,CRITTENDEN DR,8/13/2019 8:26:29 AM,False,7628,Accepted,
25471253,0568000,LOUISVILLE METRO POLICE DEPT,Accepted,JEFFERSON,I 0064,,,,,,,,,,,38.261426350,-85.732831455,0.234,8/12/2019 12:00:00 AM,1439,1,1,0,0,CLEAR,OIL,False,OTHER RAMP RELATED COLLISIONS NOT LISTED ABOVE,SINGLE VEHICLE,CURVE & GRADE,DAYLIGHT,I 0064,I 0071,8/14/2019 8:43:39 AM,False,2142,Accepted,
25465866,0568000,LOUISVILLE METRO POLICE DEPT,Accepted,JEFFERSON,KY1865,6110,NEW CUT,RD,,,,,,,,38.116994923,-85.774578704,0.551,8/12/2019 12:00:00 AM,1747,3,3,0,2,CLEAR,DRY,False,OTHER ROADWAY OR MID-BLOCK COLLISION,REAR END,STRAIGHT & LEVEL,DAYLIGHT,,,8/13/2019 8:27:45 AM,False,2600,Accepted,
25465839,0568000,LOUISVILLE METRO POLICE DEPT,Accepted,JEFFERSON,KY0022,,BROWNSBORO,RD,,,,,NORTON HEALTHCARE,,CHAMBERLAIN,38.311853414,-85.569055948,4.346,8/12/2019 12:00:00 AM,0925,2,2,0,0,CLOUDY,DRY,False,OTHER ROADWAY OR MID-BLOCK COLLISION,REAR END,STRAIGHT & LEVEL,DAYLIGHT,,,8/13/2019 8:25:58 AM,False,7751,Accepted,
25654937,0568000,LOUISVILLE METRO POLICE DEPT,Accepted,JEFFERSON,,,BARRET,AVE,,,,,WINTER,,RUFER,38.235507083,-85.727516935,1.027,8/12/2019 12:00:00 AM,1701,1,1,0,0,CLEAR,DRY,False,OTHER ROADWAY OR MID-BLOCK COLLISION,SINGLE VEHICLE,STRAIGHT & LEVEL,DAYLIGHT,,,9/18/2019 9:02:21 AM,False,7900,Accepted,
25460276,0568000,LOUISVILLE METRO POLICE DEPT,Accepted,JEFFERSON,I 0065,,I65 S,,,,,,,,,38.110254302,-85.701539161,124.831,8/11/2019 12:00:00 AM,0152,1,1,0,0,CLEAR,DRY,False,OTHER ROADWAY OR MID-BLOCK COLLISION,SINGLE VEHICLE,STRAIGHT & LEVEL,DARK-HWY LIGHTED/ON,,,8/12/2019 9:11:27 AM,False,5138,Accepted,
25460018,0568000,LOUISVILLE METRO POLICE DEPT,Accepted,JEFFERSON,I 0265,,,,,,,,,,,38.108311136,-85.674545172,0.033,8/11/2019 12:00:00 AM,1700,2,2,0,0,CLEAR,DRY,False,OTHER RAMP RELATED COLLISIONS NOT LISTED ABOVE,REAR END,STRAIGHT & LEVEL,DAYLIGHT,I 0265,KY0061,8/12/2019 9:05:04 AM,False,7955,Accepted,
25460166,0568000,LOUISVILLE METRO POLICE DEPT,Accepted,JEFFERSON,I 0264,,,,,,,,,,,38.201382400,-85.687726302,0.291,8/11/2019 12:00:00 AM,1337,2,2,0,0,CLEAR,DRY,False,OTHER RAMP RELATED COLLISIONS NOT LISTED ABOVE,REAR END,STRAIGHT & HILLCREST,DAYLIGHT,I 0264,KY1703,8/12/2019 9:07:30 AM,False,2278,Accepted,
25458167,0566900,LOUISVILLE AIRPORT POLICE,Accepted,JEFFERSON,,600,TERMINAL,DR,,,,,,,,38.186571137,-85.741743424,0.308,8/11/2019 12:00:00 AM,1115,2,2,0,0,CLEAR,DRY,False,COLLISION IN PARKING LOT,REAR END,STRAIGHT & LEVEL,DAYLIGHT,,,8/11/2019 11:13:11 PM,False,5855,Accepted,
26049350,0560300,ST. MATTHEWS POLICE DEPARTMENT,Accepted,JEFFERSON,US0060,5085,SHELBYVILLE,RD,,,,,,,,38.250286253,-85.622849841,5.344,8/11/2019 12:00:00 AM,1818,2,2,0,0,CLOUDY,DRY,True,COLLISION IN PARKING LOT,ANGLE,STRAIGHT & LEVEL,DAYLIGHT,,,12/12/2019 8:44:46 PM,False,9158,Accepted,
25460282,0568000,LOUISVILLE METRO POLICE DEPT,Accepted,JEFFERSON,KY1932,3039,BRECKENRIDGE,LN,,,,,,,,38.217123755,-85.627765957,2.609,8/11/2019 12:00:00 AM,1235,2,2,0,0,CLEAR,DRY,True,COLLISION IN PARKING LOT,BACKING,STRAIGHT & LEVEL,DAYLIGHT,,,8/12/2019 9:11:53 AM,False,2532,Accepted,
25459414,0561500,UNIV. OF LOUISVILLE POLICE,Accepted,JEFFERSON,,2800,FLOYD,ST,S,,,,,,,38.203773483,-85.757321534,3.582,8/11/2019 12:00:00 AM,1435,2,2,0,0,CLEAR,DRY,False,COLLISION IN PARKING LOT,ANGLE,STRAIGHT & LEVEL,DAYLIGHT,,,8/12/2019 7:09:07 AM,False,5620,Accepted,
25460292,0568000,LOUISVILLE METRO POLICE DEPT,Accepted,JEFFERSON,,,STEEPLECREST,CIR,,,,,,,,38.243941277,-85.617646515,0.200,8/11/2019 12:00:00 AM,1643,2,2,0,0,CLOUDY,DRY,False,VEHICLE BACKING NON INTERSECTION,BACKING,CURVE & LEVEL,DAYLIGHT,,,8/12/2019 9:12:18 AM,False,7858,Accepted,
25460273,0568000,LOUISVILLE METRO POLICE DEPT,Accepted,JEFFERSON,I 0064,,I64 E,,,,,,,,,38.237832439,-85.665212314,10.152,8/11/2019 12:00:00 AM,0740,1,1,0,0,CLEAR,DRY,False,OTHER ROADWAY OR MID-BLOCK COLLISION,SINGLE VEHICLE,STRAIGHT & LEVEL,DAYLIGHT,,,8/12/2019 9:11:24 AM,False,2278,Accepted,
25460162,0568000,LOUISVILLE METRO POLICE DEPT,Accepted,JEFFERSON,KY1065,,OUTER,LOOP,,,,,,,,38.137730526,-85.670273530,6.957,8/11/2019 12:00:00 AM,1432,2,2,0,0,CLEAR,DRY,False,OTHER ROADWAY OR MID-BLOCK COLLISION,REAR END,STRAIGHT & LEVEL,DAYLIGHT,,,8/12/2019 9:07:14 AM,False,7348,Accepted,
25460270,0568000,LOUISVILLE METRO POLICE DEPT,Accepted,JEFFERSON,,3100B,RIVER PARK,DR,,,,,,,,38.253937536,-85.802883206,1.321,8/11/2019 12:00:00 AM,1421,1,1,0,0,CLEAR,DRY,False,OTHER ROADWAY OR MID-BLOCK COLLISION,SINGLE VEHICLE,STRAIGHT & LEVEL,DAYLIGHT,,,8/12/2019 9:11:19 AM,False,7361,Accepted,
25997549,0568000,LOUISVILLE METRO POLICE DEPT,Accepted,JEFFERSON,,2300,PEE WEE REESE,RD,,,,,TREVILIAN,,SENECA PARK,38.231348798,-85.673502854,0.669,8/11/2019 12:00:00 AM,1556,2,2,1,1,CLEAR,DRY,False,1 VEHICLE ENTERING/LEAVING ENTRANCE,ANGLE,STRAIGHT & HILLCREST,DAYLIGHT,,,12/2/2019 10:07:55 AM,False,7851,Accepted,