IncidentID,AgencyORI,AgencyName,IncidentStatusDesc,County,RdwyNumber,Street,RoadwayName,StreetSfx,StreetDir,IntersectionRdwy,IntersectionRdwyName,BetweenStRdwy1,BetweenStRdwyName1,BetweenStRdwy2,BetweenStRdwyName2,Latitude,Longitude,Milepoint,CollisionDate,CollisionTime,UnitsInvolved,MotorVehiclesInvolved,NumberKilled,NumberInjured,Weather,RdwyConditionCode,HitandRun,DirAnalysisCode,MannerofCollision,RdwyCharacter,LightCondition,RampFromRdwyId,RampToRdwyId,AcceptedDate,IsSecondaryCollision,OwnerBadge,IncidentStatus,
25460279,0568000,LOUISVILLE METRO POLICE DEPT,Accepted,JEFFERSON,,,STANDIFORD PLAZA,DR,,,,,,,,38.090638775,-85.667851342,0.145,8/11/2019 12:00:00 AM,1537,2,2,0,0,CLEAR,DRY,False,1 VEHICLE ENTERING/LEAVING ENTRANCE,ANGLE,STRAIGHT & LEVEL,DAYLIGHT,,,8/12/2019 9:11:43 AM,False,5248,Accepted,
25460243,0568000,LOUISVILLE METRO POLICE DEPT,Accepted,JEFFERSON,I 0264,,I264 W,,,,,I 0264,I264 W EXIT17 ON RAMP FROM KY155,I 0264,I264 W EXIT16 OFF RAMP TO US31E,38.217467199,-85.659739364,16.433,8/11/2019 12:00:00 AM,1451,2,2,0,0,CLEAR,DRY,True,SIDESWIPE COLLISION - SAME DIRECTION,SIDESWIPE-SAME DIRECTION,STRAIGHT & LEVEL,DAYLIGHT,,,8/12/2019 9:10:33 AM,False,2278,Accepted,
25460227,0568000,LOUISVILLE METRO POLICE DEPT,Accepted,JEFFERSON,US0031E,,BARDSTOWN,RD,,,,KY2860,GRINSTEAD,,HIGHLAND,38.238675284,-85.721420146,15.454,8/11/2019 12:00:00 AM,1428,2,2,0,0,CLEAR,DRY,False,SIDESWIPE COLLISION - SAME DIRECTION,SIDESWIPE-SAME DIRECTION,STRAIGHT & LEVEL,DAYLIGHT,,,8/12/2019 9:09:50 AM,False,2230,Accepted,
25460297,0568000,LOUISVILLE METRO POLICE DEPT,Accepted,JEFFERSON,US0031E,1043,BARDSTOWN,RD,,,,,HIGHLAND,,GRINSTEAD,38.239223348,-85.722431112,15.524,8/11/2019 12:00:00 AM,2210,2,2,0,0,CLEAR,DRY,False,1 VEHICLE ENTERING/LEAVING ENTRANCE,ANGLE,STRAIGHT & LEVEL,DARK-HWY LIGHTED/ON,,,8/12/2019 9:12:35 AM,False,5240,Accepted,
25460164,0568000,LOUISVILLE METRO POLICE DEPT,Accepted,JEFFERSON,I 0071,,I71 N,,,,,,,,,38.313058054,-85.585332334,8.867,8/11/2019 12:00:00 AM,0459,1,1,0,1,CLEAR,DRY,False,OTHER COLLISIONS ON SHOULDER,SINGLE VEHICLE,STRAIGHT & LEVEL,DAWN,,,8/12/2019 9:07:20 AM,False,5155,Accepted,
25460180,0568000,LOUISVILLE METRO POLICE DEPT,Accepted,JEFFERSON,,,MUHAMMAD ALI,BLVD,W,,,,,,,38.253760693,-85.780978317,1.532,8/11/2019 12:00:00 AM,1512,2,2,0,0,CLEAR,DRY,True,OTHER COLLISIONS ON SHOULDER,SIDESWIPE-SAME DIRECTION,STRAIGHT & LEVEL,DAYLIGHT,,,8/12/2019 9:08:28 AM,False,7988,Accepted,
25460290,0568000,LOUISVILLE METRO POLICE DEPT,Accepted,JEFFERSON,KY1865,,NEW CUT,RD,,,,KY1065,OUTER,,STAR,38.126632827,-85.776084820,1.281,8/11/2019 12:00:00 AM,1729,2,2,0,3,CLEAR,DRY,False,HEAD-ON COLLISION,HEAD ON,CURVE & LEVEL,DAYLIGHT,,,8/12/2019 9:12:10 AM,False,7202,Accepted,
25481201,0568000,LOUISVILLE METRO POLICE DEPT,Accepted,JEFFERSON,,,VAUGHN MILL,RD,,,JANES FARM,,,,,38.133369335,-85.628713857,0.840,8/11/2019 12:00:00 AM,1930,2,2,0,1,CLEAR,DRY,False,HEAD-ON COLLISION,HEAD ON,STRAIGHT & HILLCREST,DAYLIGHT,,,8/16/2019 8:22:02 AM,True,7289,Accepted,
25460277,0568000,LOUISVILLE METRO POLICE DEPT,Accepted,JEFFERSON,KY0146,,LA GRANGE,RD,,KY1447,WESTPORT,,,,,38.296933384,-85.506040012,8.244,8/11/2019 12:00:00 AM,2337,2,2,0,2,CLEAR,DRY,False,HEAD-ON COLLISION,HEAD ON,STRAIGHT & LEVEL,DARK-HWY NOT LIGHTED,,,8/12/2019 9:11:32 AM,False,6931,Accepted,
25460188,0568000,LOUISVILLE METRO POLICE DEPT,Accepted,JEFFERSON,I 0265,,I265 N,,,,,,,,,38.223613449,-85.505420214,25.541,8/11/2019 12:00:00 AM,1254,2,2,0,0,CLEAR,DRY,False,REAR END IN TRAFFIC LANES BOTH VEHICLES MOVING,REAR END,STRAIGHT & LEVEL,DAYLIGHT,,,8/12/2019 9:08:51 AM,False,7858,Accepted,
25476327,0568000,LOUISVILLE METRO POLICE DEPT,Accepted,JEFFERSON,,649,29TH,ST,N,,,,NORTHWESTERN,,MONTGOMERY,38.274319869,-85.794078455,0.057,8/11/2019 12:00:00 AM,0609,2,2,0,0,CLEAR,DRY,False,1 VEHICLE PARKED POSITION (NOT PARKING LOT/DRIVEWAY),SIDESWIPE-OPPOSITE DIRECTION,STRAIGHT & LEVEL,DARK-HWY LIGHTED/ON,,,8/15/2019 8:37:30 AM,False,7223,Accepted,
25481292,0568000,LOUISVILLE METRO POLICE DEPT,Accepted,JEFFERSON,,2706,MUHAMMAD ALI,BLVD,W,,,,,,,38.255464101,-85.796434190,2.412,8/11/2019 12:00:00 AM,2025,2,2,0,0,CLEAR,DRY,False,1 VEHICLE PARKED POSITION (NOT PARKING LOT/DRIVEWAY),REAR END,STRAIGHT & LEVEL,DAYLIGHT,,,8/16/2019 8:27:36 AM,False,5254,Accepted,
25460158,0568000,LOUISVILLE METRO POLICE DEPT,Accepted,JEFFERSON,,724,41ST,ST,S,,,,,,,38.249383263,-85.819304219,0.950,8/11/2019 12:00:00 AM,1927,2,2,0,0,CLEAR,DRY,True,1 VEHICLE PARKED POSITION (NOT PARKING LOT/DRIVEWAY),SIDESWIPE-SAME DIRECTION,STRAIGHT & LEVEL,DAYLIGHT,,,8/12/2019 9:07:00 AM,False,7445,Accepted,
25460302,0568000,LOUISVILLE METRO POLICE DEPT,Accepted,JEFFERSON,US0031E,1403,BARDSTOWN,RD,,,,,,,,38.226786368,-85.698527953,13.873,8/11/2019 12:00:00 AM,0348,2,2,0,0,CLEAR,DRY,False,REAR END IN TRAFFIC LANES BOTH VEHICLES MOVING,REAR END,STRAIGHT & LEVEL,DARK-HWY LIGHTED/ON,,,8/12/2019 9:13:01 AM,False,2192,Accepted,
25460155,0568000,LOUISVILLE METRO POLICE DEPT,Accepted,JEFFERSON,KY1727,7509,TERRY,RD,,,,,,,,38.144539383,-85.871838818,1.581,8/11/2019 12:00:00 AM,1223,3,1,0,2,CLEAR,DRY,True,COLLISION WITH PEDESTRIAN NON - INTERSECTION,SINGLE VEHICLE,STRAIGHT & LEVEL,DAYLIGHT,,,8/12/2019 9:06:53 AM,False,7496,Accepted,
25460235,0568000,LOUISVILLE METRO POLICE DEPT,Accepted,JEFFERSON,US0031W,,MARKET,ST,W,,13TH,,,,,38.256912970,-85.771731448,21.003,8/11/2019 12:00:00 AM,1407,2,2,0,0,CLEAR,DRY,False,OTHER INTERSECTION COLLISIONS,REAR END,STRAIGHT & LEVEL,DAYLIGHT,,,8/12/2019 9:10:10 AM,False,5168,Accepted,
25481203,0568000,LOUISVILLE METRO POLICE DEPT,Accepted,JEFFERSON,,3901,BISHOP,LN,,,,,,,,38.188075519,-85.694182175,0.383,8/11/2019 12:00:00 AM,1336,1,1,0,1,CLEAR,DRY,False,OCCUPANT FELL FROM MOVING VEHICLE,SINGLE VEHICLE,STRAIGHT & LEVEL,DAYLIGHT,,,8/16/2019 8:22:07 AM,False,5027,Accepted,
25460149,0568000,LOUISVILLE METRO POLICE DEPT,Accepted,JEFFERSON,,,PARK,RD,S,,WOODPOINTE,,,,,38.116744935,-85.693295385,0.906,8/11/2019 12:00:00 AM,2219,2,2,0,0,CLEAR,DRY,False,OTHER INTERSECTION COLLISIONS,REAR END,STRAIGHT & LEVEL,DARK (UNKNOWN ROADWAY LIGHTING),,,8/12/2019 9:06:30 AM,False,5184,Accepted,
25460182,0568000,LOUISVILLE METRO POLICE DEPT,Accepted,JEFFERSON,,,ROY WILKINS,AVE,,US0150,BROADWAY,,,,,38.246924278,-85.766368373,0.673,8/11/2019 12:00:00 AM,0916,2,2,0,0,CLEAR,DRY,False,OTHER INTERSECTION COLLISIONS,REAR END,STRAIGHT & LEVEL,DAYLIGHT,,,8/12/2019 9:08:39 AM,False,7386,Accepted,
25471276,0568000,LOUISVILLE METRO POLICE DEPT,Accepted,JEFFERSON,,2418,EMIL,AVE,,,,,,,,38.209342286,-85.750036084,0.153,8/11/2019 12:00:00 AM,1845,2,2,0,0,CLEAR,DRY,True,1 VEHICLE PARKED POSITION (NOT PARKING LOT/DRIVEWAY),BACKING,STRAIGHT & LEVEL,DAYLIGHT,,,8/14/2019 8:45:17 AM,False,6030,Accepted,
25460295,0568000,LOUISVILLE METRO POLICE DEPT,Accepted,JEFFERSON,KY1020,,NATIONAL,TPKE,,,,,CHERI,KY0841,KY841 RAMP TO KY1020,38.119502999,-85.748103605,3.188,8/11/2019 12:00:00 AM,1512,1,1,0,1,CLEAR,DRY,False,COLLISION WITH FIXED OBJECT NON - INTERSECTION - FIRST EVENT COLLISION 09 - 32 EXCLUDING 16,SINGLE VEHICLE,STRAIGHT & LEVEL,DAYLIGHT,,,8/12/2019 9:12:25 AM,False,7202,Accepted,
25460303,0568000,LOUISVILLE METRO POLICE DEPT,Accepted,JEFFERSON,,1703,RUSSELL LEE,DR,,,,,,,,38.229477078,-85.816156008,0.330,8/11/2019 12:00:00 AM,1314,2,2,0,0,CLEAR,DRY,False,COLLISION WITH FIXED OBJECT NON - INTERSECTION - FIRST EVENT COLLISION 09 - 32 EXCLUDING 16,ANGLE,STRAIGHT & LEVEL,DAYLIGHT,,,8/12/2019 9:13:06 AM,False,2569,Accepted,
25460154,0568000,LOUISVILLE METRO POLICE DEPT,Accepted,JEFFERSON,,,CECIL,AVE,,,BROADWAY,,,,,38.250284838,-85.820647781,0.676,8/11/2019 12:00:00 AM,1703,2,2,0,1,CLEAR,DRY,False,OTHER INTERSECTION COLLISIONS,REAR END,STRAIGHT & LEVEL,DAYLIGHT,,,8/12/2019 9:06:45 AM,False,7458,Accepted,
25460280,0568000,LOUISVILLE METRO POLICE DEPT,Accepted,JEFFERSON,,,32ND,ST,S,,MUHAMMAD ALI,,,,,38.255809341,-85.805055126,1.929,8/11/2019 12:00:00 AM,0000,2,2,0,1,CLEAR,DRY,True,OTHER INTERSECTION COLLISIONS,REAR END,STRAIGHT & LEVEL,DARK-HWY LIGHTED/ON,,,8/12/2019 9:11:49 AM,False,5057,Accepted,
25460201,0568000,LOUISVILLE METRO POLICE DEPT,Accepted,JEFFERSON,KY0061,,PRESTON,HWY,,,GRADE,,,,,38.180179402,-85.718495935,7.360,8/11/2019 12:00:00 AM,0112,2,2,0,2,CLEAR,DRY,False,OPPOSING LEFT TURN,OPPOSING LEFT TURN,STRAIGHT & LEVEL,DARK-HWY NOT LIGHTED,,,8/12/2019 9:09:24 AM,False,5165,Accepted,
25460020,0568000,LOUISVILLE METRO POLICE DEPT,Accepted,JEFFERSON,,,BROADWAY,,W,,45TH,,,,,38.250545623,-85.826966568,2.110,8/11/2019 12:00:00 AM,1728,2,2,0,0,CLEAR,DRY,False,ANGLE COLLISION - OTHER,ANGLE,STRAIGHT & LEVEL,DAYLIGHT,,,8/12/2019 9:05:18 AM,False,7458,Accepted,
25460161,0568000,LOUISVILLE METRO POLICE DEPT,Accepted,JEFFERSON,,,WHITNEY,AVE,W,,PEACHTREE,,,,,38.193381360,-85.779516609,0.198,8/11/2019 12:00:00 AM,1047,2,2,0,0,CLEAR,DRY,False,ANGLE COLLISION - OTHER,ANGLE,STRAIGHT & LEVEL,DAYLIGHT,,,8/12/2019 9:07:08 AM,False,7433,Accepted,
25460179,0568000,LOUISVILLE METRO POLICE DEPT,Accepted,JEFFERSON,,,WITHERSPOON,ST,E,KY3077,BINGHAM,,,,,38.257640302,-85.750397997,0.048,8/11/2019 12:00:00 AM,2300,2,2,0,0,CLEAR,DRY,True,COLLISION WITH PARKED VEHICLE,SIDESWIPE-SAME DIRECTION,STRAIGHT & LEVEL,DARK-HWY LIGHTED/ON,,,8/12/2019 9:08:23 AM,False,7316,Accepted,
25460194,0568000,LOUISVILLE METRO POLICE DEPT,Accepted,JEFFERSON,,,4TH,ST,S,,INDUSTRY,,,,,38.213383857,-85.764058490,2.949,8/11/2019 12:00:00 AM,0028,4,4,0,0,CLEAR,DRY,True,COLLISION WITH PARKED VEHICLE,SIDESWIPE-SAME DIRECTION,,DARK-HWY LIGHTED/ON,,,8/12/2019 9:09:10 AM,False,7344,Accepted,
25460023,0568000,LOUISVILLE METRO POLICE DEPT,Accepted,JEFFERSON,US0031E,,BARDSTOWN,RD,,I 0265,I265 E EXIT17 OFF RAMP TO US31E,,,,,38.139609086,-85.582342725,4.771,8/11/2019 12:00:00 AM,1458,2,2,0,0,CLEAR,DRY,False,ANGLE COLLISION - ONE VEHICLE TURNING LEFT,ANGLE,STRAIGHT & LEVEL,DAYLIGHT,,,8/12/2019 9:05:53 AM,False,7669,Accepted,
25460228,0568000,LOUISVILLE METRO POLICE DEPT,Accepted,JEFFERSON,,,NEW HOPEWELL,RD,,KY0155,TAYLORSVILLE,,,,,38.189863019,-85.502836652,0.017,8/11/2019 12:00:00 AM,0100,1,1,0,0,CLEAR,DRY,False,COLLISION WITH FIXED OBJECT IN INTERSECTION - FIRST EVENT COLLISION 09 - 32,SINGLE VEHICLE,CURVE & LEVEL,DARK-HWY NOT LIGHTED,,,8/12/2019 9:09:56 AM,False,7761,Accepted,
25460199,0568000,LOUISVILLE METRO POLICE DEPT,Accepted,JEFFERSON,I 0264,,I264 W,,,I 0264,I264 W EXIT18B OFF RAMP TO KY1932 N,,,,,38.230346361,-85.632830038,18.139,8/11/2019 12:00:00 AM,1017,1,1,0,0,CLEAR,DRY,False,COLLISION WITH FIXED OBJECT IN INTERSECTION - FIRST EVENT COLLISION 09 - 32,SINGLE VEHICLE,STRAIGHT & LEVEL,DAYLIGHT,,,8/12/2019 9:09:18 AM,False,2278,Accepted,
25460184,0568000,LOUISVILLE METRO POLICE DEPT,Accepted,JEFFERSON,,,ZANE,ST,,,GARVIN,,,,,38.238529717,-85.761390243,0.436,8/11/2019 12:00:00 AM,1533,2,1,0,0,CLEAR,DRY,True,COLLISION WITH BICYCLE IN INTERSECTION,SINGLE VEHICLE,STRAIGHT & LEVEL,DAYLIGHT,,,8/12/2019 9:08:46 AM,False,5230,Accepted,
25460177,0568000,LOUISVILLE METRO POLICE DEPT,Accepted,JEFFERSON,KY1703,,NEWBURG,RD,,I 0264,I264 W EXIT15B OFF RAMP TO KY1703 S,,,,,38.201504553,-85.687984248,2.194,8/11/2019 12:00:00 AM,0000,2,2,0,2,CLEAR,DRY,False,ANGLE COLLISION - OTHER,ANGLE,STRAIGHT & HILLCREST,DARK-HWY LIGHTED/ON,,,8/12/2019 9:08:12 AM,False,7916,Accepted,
25460016,0568000,LOUISVILLE METRO POLICE DEPT,Accepted,JEFFERSON,US0060A,,TAYLOR,BLVD,,,LONGFIELD,,,,,38.198565530,-85.782562832,1.612,8/11/2019 12:00:00 AM,1545,2,2,0,0,CLEAR,DRY,False,ANGLE COLLISION - OTHER,ANGLE,STRAIGHT & LEVEL,DAYLIGHT,,,8/12/2019 9:04:52 AM,False,7398,Accepted,
25460017,0568000,LOUISVILLE METRO POLICE DEPT,Accepted,JEFFERSON,,,HICKORY,ST,,,ASH,,,,,38.225985223,-85.735743165,0.078,8/11/2019 12:00:00 AM,1554,2,2,0,0,CLEAR,DRY,True,ANGLE COLLISION - OTHER,ANGLE,STRAIGHT & LEVEL,DAYLIGHT,,,8/12/2019 9:04:58 AM,False,7322,Accepted,
25476278,0568000,LOUISVILLE METRO POLICE DEPT,Accepted,JEFFERSON,,,CAMPBELL,ST,S,,CHESTNUT,,,,,38.246714182,-85.737159678,0.044,8/11/2019 12:00:00 AM,0936,2,2,0,0,CLEAR,DRY,False,ANGLE COLLISION - OTHER,ANGLE,STRAIGHT & LEVEL,DAYLIGHT,,,8/15/2019 8:34:58 AM,False,2403,Accepted,
25459906,0568000,LOUISVILLE METRO POLICE DEPT,Accepted,JEFFERSON,,,LIBERTY,ST,E,,BROOK,,,,,38.252376913,-85.750705897,0.081,8/10/2019 12:00:00 AM,0915,2,2,0,1,CLEAR,DRY,False,ANGLE COLLISION - OTHER,ANGLE,STRAIGHT & LEVEL,DAYLIGHT,,,8/12/2019 8:56:49 AM,False,7386,Accepted,
25459935,0568000,LOUISVILLE METRO POLICE DEPT,Accepted,JEFFERSON,KY0061,,PRESTON,HWY,,,VINEWOOD,,,,,38.166461236,-85.704162563,6.130,8/10/2019 12:00:00 AM,1507,2,2,0,0,CLEAR,DRY,False,ANGLE COLLISION - OTHER,ANGLE,STRAIGHT & LEVEL,DAYLIGHT,,,8/12/2019 8:58:31 AM,False,7319,Accepted,
25459923,0568000,LOUISVILLE METRO POLICE DEPT,Accepted,JEFFERSON,,,WATTERSON,TRL,,,STONY BROOK,,,,,38.183709550,-85.595977604,1.663,8/10/2019 12:00:00 AM,1448,2,2,0,0,CLEAR,DRY,True,ANGLE COLLISION - OTHER,ANGLE,STRAIGHT & GRADE,DAYLIGHT,,,8/12/2019 8:57:39 AM,False,7338,Accepted,
25460191,0568000,LOUISVILLE METRO POLICE DEPT,Accepted,JEFFERSON,,,PARAMOUNT PARK,DR,,,PACKERLAND,,,,,38.155946107,-85.712540955,0.079,8/10/2019 12:00:00 AM,1813,2,2,0,0,BLOWING SAND/SOIL/DIRT/SNOW,DRY,False,ANGLE COLLISION - OTHER,ANGLE,STRAIGHT & LEVEL,DAYLIGHT,,,8/12/2019 9:08:57 AM,False,7423,Accepted,
25460216,0568000,LOUISVILLE METRO POLICE DEPT,Accepted,JEFFERSON,KY1450,,BLUE LICK,RD,,,FOREMAN,,,,,38.129276676,-85.689437720,3.080,8/10/2019 12:00:00 AM,2201,2,2,0,1,CLEAR,DRY,False,ANGLE COLLISION - OTHER,ANGLE,STRAIGHT & LEVEL,DARK-HWY NOT LIGHTED,,,8/12/2019 9:09:37 AM,False,7423,Accepted,
25460258,0568000,LOUISVILLE METRO POLICE DEPT,Accepted,JEFFERSON,US0042,,BROWNSBORO,RD,,,HILLCREST,,,,,38.260549401,-85.685711905,2.743,8/10/2019 12:00:00 AM,1838,2,2,0,0,CLEAR,DRY,False,ANGLE COLLISION - OTHER,ANGLE,STRAIGHT & LEVEL,DAYLIGHT,,,8/12/2019 9:10:51 AM,False,5122,Accepted,
25459956,0568000,LOUISVILLE METRO POLICE DEPT,Accepted,JEFFERSON,,,VIM,DR,,,MARION,,,,,38.173070023,-85.708802238,0.094,8/10/2019 12:00:00 AM,1614,2,2,0,1,CLEAR,DRY,False,ANGLE COLLISION - OTHER,ANGLE,CURVE & LEVEL,DAYLIGHT,,,8/12/2019 9:00:15 AM,False,7319,Accepted,
25481284,0568000,LOUISVILLE METRO POLICE DEPT,Accepted,JEFFERSON,,,BROADWAY,,W,,35TH,,,,,38.250009549,-85.810103127,1.169,8/10/2019 12:00:00 AM,2105,2,2,0,1,CLEAR,DRY,False,ANGLE COLLISION - OTHER,ANGLE,STRAIGHT & LEVEL,DUSK,,,8/16/2019 8:27:12 AM,False,7309,Accepted,
25460019,0568000,LOUISVILLE METRO POLICE DEPT,Accepted,JEFFERSON,KY1450,,BLUE LICK,RD,,,HILLPARK,,,,,38.096450709,-85.696584385,0.739,8/10/2019 12:00:00 AM,2348,2,1,0,1,CLEAR,DRY,True,COLLISION WITH BICYCLE IN INTERSECTION,SINGLE VEHICLE,STRAIGHT & LEVEL,DARK-HWY NOT LIGHTED,,,8/12/2019 9:05:11 AM,False,5138,Accepted,
25460015,0568000,LOUISVILLE METRO POLICE DEPT,Accepted,JEFFERSON,US0060A,601,EASTERN,PKWY,,,BRADLEY,,,,,38.212455958,-85.747088059,4.281,8/10/2019 12:00:00 AM,2231,1,1,0,3,CLEAR,DRY,False,COLLISION WITH FIXED OBJECT IN INTERSECTION - FIRST EVENT COLLISION 09 - 32,SINGLE VEHICLE,CURVE & LEVEL,DUSK,,,8/12/2019 9:04:43 AM,False,7450,Accepted,
25460366,0568000,LOUISVILLE METRO POLICE DEPT,Accepted,JEFFERSON,,400,6TH,ST,S,,LIBERTY,,,,,38.253432174,-85.760460889,0.247,8/10/2019 12:00:00 AM,2320,2,2,0,0,CLEAR,DRY,False,COLLISION WITH PARKED VEHICLE,BACKING,STRAIGHT & LEVEL,DARK-HWY LIGHTED/ON,,,8/12/2019 9:18:39 AM,False,7111,Accepted,
25460151,0568000,LOUISVILLE METRO POLICE DEPT,Accepted,JEFFERSON,KY0907,,3RD ST,RD,,KY1865,NEW CUT,,,,,38.145836244,-85.775281657,6.308,8/10/2019 12:00:00 AM,2353,2,2,0,0,CLEAR,DRY,False,ANGLE COLLISION - ONE VEHICLE TURNING RIGHT,ANGLE,STRAIGHT & LEVEL,DARK-HWY LIGHTED/ON,,,8/12/2019 9:06:37 AM,False,2721,Accepted,
25460014,0568000,LOUISVILLE METRO POLICE DEPT,Accepted,JEFFERSON,,,FLINTLOCK,DR,,US0031W,DIXIE,,,,,38.160032702,-85.832801683,0.010,8/10/2019 12:00:00 AM,2200,2,2,0,0,CLEAR,DRY,False,ANGLE COLLISION - ONE VEHICLE TURNING LEFT,ANGLE,STRAIGHT & LEVEL,DARK-HWY LIGHTED/ON,,,8/12/2019 9:04:36 AM,False,7992,Accepted,
25460170,0568000,LOUISVILLE METRO POLICE DEPT,Accepted,JEFFERSON,,,MUHAMMAD ALI,BLVD,E,KY0061,PRESTON,,,,,38.249976904,-85.746811442,0.724,8/10/2019 12:00:00 AM,2111,2,2,0,0,CLEAR,DRY,False,ANGLE COLLISION - OTHER,ANGLE,STRAIGHT & LEVEL,DARK-HWY LIGHTED/ON,,,8/12/2019 9:07:43 AM,False,7325,Accepted,
25460173,0568000,LOUISVILLE METRO POLICE DEPT,Accepted,JEFFERSON,,,LOWER HUNTERS,TRCE,,,MURRAY,,,,,38.167147420,-85.870396491,2.154,8/10/2019 12:00:00 AM,2145,2,2,0,0,CLEAR,DRY,False,ANGLE COLLISION - OTHER,ANGLE,STRAIGHT & HILLCREST,DARK-HWY NOT LIGHTED,,,8/12/2019 9:07:52 AM,False,7980,Accepted,
25460006,0568000,LOUISVILLE METRO POLICE DEPT,Accepted,JEFFERSON,US0150,,DR W J HODGE,ST,,US0150T,MARKET,,,,,38.258419534,-85.784897357,0.837,8/10/2019 12:00:00 AM,0949,2,2,0,1,CLEAR,DRY,True,ANGLE COLLISION - OTHER,ANGLE,,DAYLIGHT,,,8/12/2019 9:03:51 AM,False,7805,Accepted,
25459952,0568000,LOUISVILLE METRO POLICE DEPT,Accepted,JEFFERSON,,,1ST,ST,S,,ST CATHERINE,,,,,38.236871066,-85.754950160,1.336,8/10/2019 12:00:00 AM,1510,2,2,0,0,CLEAR,DRY,False,ANGLE COLLISION - OTHER,ANGLE,STRAIGHT & LEVEL,DAYLIGHT,,,8/12/2019 8:59:45 AM,False,5230,Accepted,
25459939,0568000,LOUISVILLE METRO POLICE DEPT,Accepted,JEFFERSON,,400,BRECKINRIDGE,ST,W,,4TH,,,,,38.241912303,-85.759149652,0.271,8/10/2019 12:00:00 AM,1329,2,2,0,1,CLEAR,DRY,False,ANGLE COLLISION - OTHER,ANGLE,STRAIGHT & LEVEL,DAYLIGHT,,,8/12/2019 8:58:44 AM,False,7689,Accepted,
25459925,0568000,LOUISVILLE METRO POLICE DEPT,Accepted,JEFFERSON,,,LOWER HUNTERS,TRCE,,KY1727,TERRY,,,,,38.164037519,-85.864022214,1.744,8/10/2019 12:00:00 AM,0515,2,2,0,0,CLEAR,DRY,True,OPPOSITE DIRECTION - BOTH VEHICLES GOING STRAIGHT AHEAD,SIDESWIPE-OPPOSITE DIRECTION,CURVE & LEVEL,DARK-HWY LIGHTED/ON,,,8/12/2019 8:57:46 AM,False,5212,Accepted,
25460312,0568000,LOUISVILLE METRO POLICE DEPT,Accepted,JEFFERSON,,,MANNER DALE,DR,,KY1932,BRECKENRIDGE,,,,,38.202499055,-85.622374029,0.005,8/10/2019 12:00:00 AM,1534,2,2,0,0,CLEAR,DRY,False,REAR END - ONE VEHICLE TURNING RIGHT,REAR END,STRAIGHT & LEVEL,DAYLIGHT,,,8/12/2019 9:13:50 AM,False,5159,Accepted,
25751233,0568000,LOUISVILLE METRO POLICE DEPT,Accepted,JEFFERSON,,,MUHAMMAD ALI,BLVD,W,,20TH,,,,,38.254178105,-85.784730807,1.771,8/10/2019 12:00:00 AM,0846,2,2,0,0,CLEAR,DRY,True,VEHICLE BACKING IN INTERSECTION,BACKING,STRAIGHT & LEVEL,DAYLIGHT,,,10/9/2019 10:01:51 AM,False,5108,Accepted,
25460220,0568000,LOUISVILLE METRO POLICE DEPT,Accepted,JEFFERSON,KY1865,,NEW CUT,RD,,,COGAN,,,,,38.142593519,-85.774555061,2.445,8/10/2019 12:00:00 AM,2214,2,2,0,0,CLEAR,DRY,False,OTHER INTERSECTION COLLISIONS,REAR END,STRAIGHT & LEVEL,DARK-HWY LIGHTED/ON,,,8/12/2019 9:09:45 AM,False,5209,Accepted,
25460289,0568000,LOUISVILLE METRO POLICE DEPT,Accepted,JEFFERSON,KY1865,,TAYLOR,BLVD,,,BLUEGRASS,,,,,38.179618326,-85.783250285,5.029,8/10/2019 12:00:00 AM,1949,2,2,0,0,CLEAR,DRY,False,OTHER INTERSECTION COLLISIONS,REAR END,STRAIGHT & LEVEL,DAYLIGHT,,,8/12/2019 9:12:03 AM,False,5196,Accepted,
25459953,0568000,LOUISVILLE METRO POLICE DEPT,Accepted,JEFFERSON,,,CHAMBERLAIN,LN,,KY1447,WESTPORT,,,,,38.299241382,-85.541674767,2.104,8/10/2019 12:00:00 AM,1640,2,2,0,0,CLEAR,DRY,False,OTHER INTERSECTION COLLISIONS,REAR END,STRAIGHT & LEVEL,DAYLIGHT,,,8/12/2019 8:59:50 AM,False,2969,Accepted,
25459913,0568000,LOUISVILLE METRO POLICE DEPT,Accepted,JEFFERSON,KY1065,,OUTER,LOOP,,,MINOR,,,,,38.136315481,-85.696829673,5.456,8/10/2019 12:00:00 AM,1455,2,2,0,0,CLEAR,DRY,False,OTHER INTERSECTION COLLISIONS,REAR END,STRAIGHT & LEVEL,DAYLIGHT,,,8/12/2019 8:57:06 AM,False,7269,Accepted,
25459920,0568000,LOUISVILLE METRO POLICE DEPT,Accepted,JEFFERSON,KY1065,,OUTER,LOOP,,KY0061,PRESTON,,,,,38.138327628,-85.686301193,6.072,8/10/2019 12:00:00 AM,1222,2,2,0,0,CLEAR,DRY,True,OTHER INTERSECTION COLLISIONS,REAR END,STRAIGHT & LEVEL,DAYLIGHT,,,8/12/2019 8:57:28 AM,False,7269,Accepted,