IncidentID,AgencyORI,AgencyName,IncidentStatusDesc,County,RdwyNumber,Street,RoadwayName,StreetSfx,StreetDir,IntersectionRdwy,IntersectionRdwyName,BetweenStRdwy1,BetweenStRdwyName1,BetweenStRdwy2,BetweenStRdwyName2,Latitude,Longitude,Milepoint,CollisionDate,CollisionTime,UnitsInvolved,MotorVehiclesInvolved,NumberKilled,NumberInjured,Weather,RdwyConditionCode,HitandRun,DirAnalysisCode,MannerofCollision,RdwyCharacter,LightCondition,RampFromRdwyId,RampToRdwyId,AcceptedDate,IsSecondaryCollision,OwnerBadge,IncidentStatus,
25459927,0568000,LOUISVILLE METRO POLICE DEPT,Accepted,JEFFERSON,,,POND VIEW,CT,,,CEDAR SPRINGS,,,,,38.147849260,-85.589958151,0.001,8/10/2019 12:00:00 AM,1532,2,2,0,0,CLEAR,DRY,False,OTHER INTERSECTION COLLISIONS,REAR END,STRAIGHT & LEVEL,DAYLIGHT,,,8/12/2019 8:57:56 AM,False,7465,Accepted,
25459928,0568000,LOUISVILLE METRO POLICE DEPT,Accepted,JEFFERSON,US0150,,BROADWAY,,W,US0031W,DR W J HODGE,,,,,38.249275252,-85.786468930,0.818,8/10/2019 12:00:00 AM,1125,2,2,0,0,CLEAR,DRY,False,SIDESWIPE-SAME DIRECTION,SIDESWIPE-SAME DIRECTION,STRAIGHT & LEVEL,DAYLIGHT,,,8/12/2019 8:58:01 AM,False,7361,Accepted,
25459929,0568000,LOUISVILLE METRO POLICE DEPT,Accepted,JEFFERSON,KY0061,,PRESTON,HWY,,,ST RITA,,,,,38.128413170,-85.681239145,3.212,8/10/2019 12:00:00 AM,1621,2,2,0,0,CLEAR,DRY,True,SIDESWIPE-SAME DIRECTION,SIDESWIPE-SAME DIRECTION,STRAIGHT & LEVEL,DAYLIGHT,,,8/12/2019 8:58:06 AM,False,7269,Accepted,
25460003,0568000,LOUISVILLE METRO POLICE DEPT,Accepted,JEFFERSON,I 0071,,I71 N,,,,,,,,,38.293399431,-85.634561223,5.822,8/10/2019 12:00:00 AM,1827,1,1,0,1,CLEAR,DRY,False,COLLISION WITH FIXED OBJECT NON - INTERSECTION - FIRST EVENT COLLISION 09 - 32 EXCLUDING 16,SINGLE VEHICLE,STRAIGHT & LEVEL,DAYLIGHT,,,8/12/2019 9:03:32 AM,False,7956,Accepted,
25460237,0568000,LOUISVILLE METRO POLICE DEPT,Accepted,JEFFERSON,,1830,TREVILIAN,WAY,,,,,,,,38.217922641,-85.693560684,1.196,8/10/2019 12:00:00 AM,0415,1,1,0,1,CLEAR,DRY,False,COLLISION WITH FIXED OBJECT NON - INTERSECTION - FIRST EVENT COLLISION 09 - 32 EXCLUDING 16,SINGLE VEHICLE,CURVE & LEVEL,DARK-HWY LIGHTED/ON,,,8/12/2019 9:10:21 AM,False,2192,Accepted,
25460022,0568000,LOUISVILLE METRO POLICE DEPT,Accepted,JEFFERSON,KY0864,7711,FEGENBUSH,LN,,,,,,,,38.139547591,-85.616690330,4.472,8/10/2019 12:00:00 AM,1946,1,1,0,1,CLEAR,DRY,False,COLLISION WITH FIXED OBJECT NON - INTERSECTION - FIRST EVENT COLLISION 09 - 32 EXCLUDING 16,SINGLE VEHICLE,STRAIGHT & LEVEL,DUSK,,,8/12/2019 9:05:27 AM,False,7415,Accepted,
25460296,0568000,LOUISVILLE METRO POLICE DEPT,Accepted,JEFFERSON,KY1931,3610,MANSLICK,RD,,,,,,,,38.193535986,-85.800804671,8.309,8/10/2019 12:00:00 AM,0030,1,1,0,1,CLEAR,DRY,False,COLLISION WITH FIXED OBJECT NON - INTERSECTION - FIRST EVENT COLLISION 09 - 32 EXCLUDING 16,SINGLE VEHICLE,CURVE & LEVEL,DARK-HWY LIGHTED/ON,,,8/12/2019 9:12:30 AM,False,7468,Accepted,
25460174,0568000,LOUISVILLE METRO POLICE DEPT,Accepted,JEFFERSON,KY1230,9308,CANE RUN,RD,,,,,,,,38.117722040,-85.896476826,2.759,8/10/2019 12:00:00 AM,2145,1,1,0,0,CLEAR,DRY,False,COLLISION WITH FIXED OBJECT NON - INTERSECTION - FIRST EVENT COLLISION 09 - 32 EXCLUDING 16,SINGLE VEHICLE,STRAIGHT & LEVEL,DUSK,,,8/12/2019 9:07:58 AM,False,5059,Accepted,
25459981,0568000,LOUISVILLE METRO POLICE DEPT,Accepted,JEFFERSON,,2803,NORTHWESTERN,PKWY,,,,,,,,38.274855287,-85.792127580,1.346,8/10/2019 12:00:00 AM,0928,1,1,0,0,CLEAR,DRY,False,COLLISION WITH FIXED OBJECT NON - INTERSECTION - FIRST EVENT COLLISION 09 - 32 EXCLUDING 16,SINGLE VEHICLE,STRAIGHT & LEVEL,DAYLIGHT,,,8/12/2019 9:02:29 AM,False,7405,Accepted,
25459907,0568000,LOUISVILLE METRO POLICE DEPT,Accepted,JEFFERSON,KY0061,,PRESTON,HWY,,,,,STANDIFORD,,GRADE,38.181178449,-85.719600779,7.453,8/10/2019 12:00:00 AM,0525,1,1,0,0,CLEAR,DRY,False,COLLISION WITH FIXED OBJECT NON - INTERSECTION - FIRST EVENT COLLISION 09 - 32 EXCLUDING 16,SINGLE VEHICLE,STRAIGHT & LEVEL,DARK-HWY LIGHTED/ON,,,8/12/2019 8:56:54 AM,False,7431,Accepted,
25460307,0568000,LOUISVILLE METRO POLICE DEPT,Accepted,JEFFERSON,US0031E,,MARKET,ST,E,,,,CLAY,,SHELBY,38.253296738,-85.739254435,17.003,8/10/2019 12:00:00 AM,1910,2,2,0,0,CLEAR,DRY,False,1 VEHICLE ENTERING OR LEAVING PARKED POSITION (NOT PARKING LOT),SIDESWIPE-SAME DIRECTION,STRAIGHT & LEVEL,DAYLIGHT,,,8/12/2019 9:13:25 AM,False,2403,Accepted,
25460255,0568000,LOUISVILLE METRO POLICE DEPT,Accepted,JEFFERSON,,2227,CHEROKEE,,,,,,,,,38.236728868,-85.709886971,0.012,8/10/2019 12:00:00 AM,2336,2,2,0,0,CLEAR,DRY,False,1 VEHICLE PARKED POSITION (NOT PARKING LOT/DRIVEWAY),ANGLE,STRAIGHT & GRADE,DARK-HWY LIGHTED/ON,,,8/12/2019 9:10:47 AM,False,5197,Accepted,
25460265,0568000,LOUISVILLE METRO POLICE DEPT,Accepted,JEFFERSON,,229,KENNEDY,CT,,,,,,,,38.252311513,-85.687376280,0.072,8/10/2019 12:00:00 AM,1958,2,2,0,0,CLEAR,DRY,False,1 VEHICLE PARKED POSITION (NOT PARKING LOT/DRIVEWAY),BACKING,STRAIGHT & LEVEL,DARK (UNKNOWN ROADWAY LIGHTING),,,8/12/2019 9:11:13 AM,False,6813,Accepted,
25459955,0568000,LOUISVILLE METRO POLICE DEPT,Accepted,JEFFERSON,,400 BLK,13TH,ST,S,,,,,,,38.253169881,-85.772345739,0.354,8/10/2019 12:00:00 AM,0354,2,2,0,0,CLEAR,DRY,True,1 VEHICLE PARKED POSITION (NOT PARKING LOT/DRIVEWAY),SIDESWIPE-SAME DIRECTION,STRAIGHT & LEVEL,DARK-HWY LIGHTED/ON,,,8/12/2019 8:59:59 AM,False,7118,Accepted,
25460011,0568000,LOUISVILLE METRO POLICE DEPT,Accepted,JEFFERSON,,809,CECIL,AVE,,,,,BROADWAY,,GARLAND,38.248562384,-85.820721290,0.794,8/10/2019 12:00:00 AM,0230,2,2,0,0,CLEAR,DRY,False,1 VEHICLE PARKED POSITION (NOT PARKING LOT/DRIVEWAY),SIDESWIPE-SAME DIRECTION,STRAIGHT & LEVEL,DARK-HWY LIGHTED/ON,,,8/12/2019 9:04:19 AM,False,5245,Accepted,
25459957,0568000,LOUISVILLE METRO POLICE DEPT,Accepted,JEFFERSON,KY0061,,PRESTON,HWY,,KY1065,OUTER,,,,,38.138329191,-85.686620242,3.949,8/10/2019 12:00:00 AM,0949,2,2,0,0,CLEAR,DRY,False,OTHER INTERSECTION COLLISIONS,REAR END,STRAIGHT & LEVEL,DAYLIGHT,,,8/12/2019 9:00:31 AM,False,7354,Accepted,
25459931,0568000,LOUISVILLE METRO POLICE DEPT,Accepted,JEFFERSON,KY1934,,CANE RUN,RD,,,RICHMONT,,,,,38.197145881,-85.840127818,8.972,8/10/2019 12:00:00 AM,0638,2,2,0,0,CLEAR,DRY,False,OTHER INTERSECTION COLLISIONS,REAR END,STRAIGHT & LEVEL,DAYLIGHT,,,8/12/2019 8:58:14 AM,False,5032,Accepted,
25459943,0568000,LOUISVILLE METRO POLICE DEPT,Accepted,JEFFERSON,,,RIVER PARK,DR,,,32ND,,,,,38.254177915,-85.805244365,1.192,8/10/2019 12:00:00 AM,1211,2,2,0,0,CLEAR,DRY,True,OTHER INTERSECTION COLLISIONS,REAR END,STRAIGHT & LEVEL,DAYLIGHT,,,8/12/2019 8:58:56 AM,False,7361,Accepted,
25459926,0568000,LOUISVILLE METRO POLICE DEPT,Accepted,JEFFERSON,US0031W,,DIXIE,HWY,,,PAGES,,,,,38.130134964,-85.847913320,10.496,8/10/2019 12:00:00 AM,1434,2,2,0,0,CLEAR,DRY,False,OTHER INTERSECTION COLLISIONS,REAR END,STRAIGHT & LEVEL,DAYLIGHT,,,8/12/2019 8:57:51 AM,False,2509,Accepted,
25460305,0568000,LOUISVILLE METRO POLICE DEPT,Accepted,JEFFERSON,US0031W,12505,DIXIE,HWY,,,,,,,,38.074639029,-85.884536546,6.155,8/10/2019 12:00:00 AM,0616,2,1,1,0,CLEAR,DRY,False,COLLISION WITH PEDESTRIAN NON - INTERSECTION,SINGLE VEHICLE,STRAIGHT & LEVEL,DARK-HWY NOT LIGHTED,,,8/12/2019 9:13:12 AM,False,7772,Accepted,
25460009,0568000,LOUISVILLE METRO POLICE DEPT,Accepted,JEFFERSON,KY0841,,GENE SNYDER,FWY,,,,,,,,38.117495149,-85.758623505,7.072,8/10/2019 12:00:00 AM,1430,2,2,0,0,CLEAR,DRY,False,REAR END IN TRAFFIC LANES BOTH VEHICLES MOVING,REAR END,STRAIGHT & LEVEL,DAYLIGHT,,,8/12/2019 9:04:04 AM,False,7221,Accepted,
25460208,0568000,LOUISVILLE METRO POLICE DEPT,Accepted,JEFFERSON,,6901,KENTUCKY,AVE,,,,,,,,38.151985291,-85.847879445,0.589,8/10/2019 12:00:00 AM,1955,2,2,0,0,CLEAR,DRY,False,1 VEHICLE PARKED POSITION (NOT PARKING LOT/DRIVEWAY),BACKING,STRAIGHT & LEVEL,DUSK,,,8/12/2019 9:09:31 AM,False,7992,Accepted,
25460000,0568000,LOUISVILLE METRO POLICE DEPT,Accepted,JEFFERSON,,13041,BESSELS,BLVD,,,,,,,,38.067877916,-85.897320232,0.201,8/10/2019 12:00:00 AM,1401,2,2,0,0,CLEAR,DRY,False,1 VEHICLE PARKED POSITION (NOT PARKING LOT/DRIVEWAY),ANGLE,STRAIGHT & LEVEL,DAYLIGHT,,,8/12/2019 9:03:19 AM,False,5220,Accepted,
25460175,0568000,LOUISVILLE METRO POLICE DEPT,Accepted,JEFFERSON,,609,GLENGARRY,DR,,,,,,,,38.123084323,-85.753886531,0.320,8/10/2019 12:00:00 AM,2022,2,2,0,0,CLEAR,DRY,False,1 VEHICLE PARKED POSITION (NOT PARKING LOT/DRIVEWAY),ANGLE,STRAIGHT & LEVEL,DUSK,,,8/12/2019 9:08:04 AM,False,7975,Accepted,
25460300,0568000,LOUISVILLE METRO POLICE DEPT,Accepted,JEFFERSON,,2901,SLEVIN,ST,,,,,,,,38.266455963,-85.797697472,0.513,8/10/2019 12:00:00 AM,1220,2,2,0,0,CLEAR,DRY,True,1 VEHICLE PARKED POSITION (NOT PARKING LOT/DRIVEWAY),REAR END,STRAIGHT & LEVEL,DARK-HWY LIGHTED/ON,,,8/12/2019 9:12:51 AM,False,7190,Accepted,
25460301,0568000,LOUISVILLE METRO POLICE DEPT,Accepted,JEFFERSON,,,AMPHITHEATER,RD,,,,,GOLF,,KNOLL GATE,38.160190605,-85.779483545,0.096,8/10/2019 12:00:00 AM,1915,2,2,0,0,CLEAR,DRY,False,1 VEHICLE PARKED POSITION (NOT PARKING LOT/DRIVEWAY),SIDESWIPE-OPPOSITE DIRECTION,STRAIGHT & LEVEL,DARK-HWY LIGHTED/ON,,,8/12/2019 9:12:56 AM,False,2721,Accepted,
25459916,0568000,LOUISVILLE METRO POLICE DEPT,Accepted,JEFFERSON,,1534,LONGFIELD,AVE,,,,,,,,38.198789965,-85.787905741,1.059,8/10/2019 12:00:00 AM,0952,2,2,0,0,CLEAR,DRY,False,1 VEHICLE PARKED POSITION (NOT PARKING LOT/DRIVEWAY),SIDESWIPE-OPPOSITE DIRECTION,STRAIGHT & LEVEL,DAYLIGHT,,,8/12/2019 8:57:18 AM,False,7402,Accepted,
25459997,0568000,LOUISVILLE METRO POLICE DEPT,Accepted,JEFFERSON,KY1932,100,BRECKENRIDGE,LN,,,,,,,,38.252612394,-85.655153696,5.504,8/10/2019 12:00:00 AM,1938,2,2,0,0,CLEAR,DRY,False,REAR END IN TRAFFIC LANES BOTH VEHICLES MOVING,REAR END,STRAIGHT & LEVEL,DAYLIGHT,,,8/12/2019 9:02:56 AM,False,7219,Accepted,
25460004,0568000,LOUISVILLE METRO POLICE DEPT,Accepted,JEFFERSON,I 0065,,I65 S,,,,,,,,,38.232104325,-85.750952929,134.290,8/10/2019 12:00:00 AM,0053,2,2,0,0,CLEAR,DRY,False,REAR END IN TRAFFIC LANES BOTH VEHICLES MOVING,REAR END,STRAIGHT & LEVEL,DARK-HWY LIGHTED/ON,,,8/12/2019 9:03:38 AM,False,7507,Accepted,
25459945,0568000,LOUISVILLE METRO POLICE DEPT,Accepted,JEFFERSON,KY1065,,OUTER,LOOP,,,,KY1865,NEW CUT,,ALS,38.126366761,-85.775693374,1.051,8/10/2019 12:00:00 AM,1552,2,2,0,3,CLEAR,DRY,False,HEAD-ON COLLISION,HEAD ON,STRAIGHT & LEVEL,DAYLIGHT,,,8/12/2019 8:59:11 AM,False,7202,Accepted,
25460027,0568000,LOUISVILLE METRO POLICE DEPT,Accepted,JEFFERSON,KY1065,4300,OUTER,LOOP,,,,,,,,38.138187053,-85.681719309,6.334,8/10/2019 12:00:00 AM,1813,2,2,0,0,CLEAR,DRY,False,REAR END IN TRAFFIC LANES BOTH VEHICLES MOVING,REAR END,STRAIGHT & LEVEL,DAYLIGHT,,,8/12/2019 9:06:21 AM,False,5214,Accepted,
25460298,0568000,LOUISVILLE METRO POLICE DEPT,Accepted,JEFFERSON,,,FLAT ROCK,RD,,,,,,,,38.272427890,-85.433516051,3.294,8/10/2019 12:00:00 AM,2301,1,1,0,0,CLEAR,DRY,True,OTHER COLLISIONS ON SHOULDER,SINGLE VEHICLE,CURVE & LEVEL,DARK-HWY NOT LIGHTED,,,8/12/2019 9:12:40 AM,False,5158,Accepted,
25460165,0568000,LOUISVILLE METRO POLICE DEPT,Accepted,JEFFERSON,I 0071,,I71 N,,,,,,,,,38.274648244,-85.697540972,1.746,8/10/2019 12:00:00 AM,2130,1,1,0,0,CLEAR,DRY,True,OTHER COLLISIONS ON SHOULDER,SINGLE VEHICLE,STRAIGHT & LEVEL,DUSK,,,8/12/2019 9:07:25 AM,False,6813,Accepted,
25459915,0568000,LOUISVILLE METRO POLICE DEPT,Accepted,JEFFERSON,,,NORTON HEALTHCARE,BLVD,,,,,,,,38.313793221,-85.574978635,0.400,8/10/2019 12:00:00 AM,1425,2,2,0,0,CLEAR,DRY,False,SIDESWIPE COLLISION - SAME DIRECTION,SIDESWIPE-SAME DIRECTION,STRAIGHT & LEVEL,DAYLIGHT,,,8/12/2019 8:57:14 AM,False,6830,Accepted,
25460287,0568000,LOUISVILLE METRO POLICE DEPT,Accepted,JEFFERSON,KY1747,,FERN VALLEY,RD,,,,,,,,38.156519064,-85.668326428,3.510,8/10/2019 12:00:00 AM,1525,2,2,0,0,CLEAR,DRY,False,SIDESWIPE COLLISION - SAME DIRECTION,SIDESWIPE-SAME DIRECTION,STRAIGHT & LEVEL,DAYLIGHT,,,8/12/2019 9:11:57 AM,False,7348,Accepted,
25460005,0568000,LOUISVILLE METRO POLICE DEPT,Accepted,JEFFERSON,US0060,,FRANKFORT,AVE,,,,,EASTOVER,,CLAREMONT,38.254487711,-85.677942918,2.297,8/10/2019 12:00:00 AM,2023,2,2,0,0,CLEAR,DRY,False,SIDESWIPE COLLISION - SAME DIRECTION,SIDESWIPE-SAME DIRECTION,STRAIGHT & LEVEL,DAWN,,,8/12/2019 9:03:45 AM,False,5171,Accepted,
25463122,0560600,WEST BUECHEL POLICE DEPT.,Accepted,JEFFERSON,US0031E,3616,BUECHEL,BYP,,,,,,,,38.198851930,-85.661662708,11.027,8/10/2019 12:00:00 AM,1145,2,2,0,0,CLEAR,DRY,False,1 VEHICLE ENTERING/LEAVING ENTRANCE,ANGLE,STRAIGHT & LEVEL,DAYLIGHT,,,8/12/2019 3:51:36 PM,False,1272,Accepted,
25459932,0568000,LOUISVILLE METRO POLICE DEPT,Accepted,JEFFERSON,I 0071,,I71 N,,,,,,,,,38.310377424,-85.590610384,8.523,8/10/2019 12:00:00 AM,0257,2,2,0,0,CLEAR,DRY,True,SIDESWIPE COLLISION - SAME DIRECTION,SIDESWIPE-SAME DIRECTION,STRAIGHT & GRADE,DAWN,,,8/12/2019 8:58:20 AM,False,5155,Accepted,
25459940,0568000,LOUISVILLE METRO POLICE DEPT,Accepted,JEFFERSON,US0031E,,BARDSTOWN,RD,,,,,,,,38.232485321,-85.710216828,14.689,8/10/2019 12:00:00 AM,1037,2,2,0,0,CLEAR,DRY,False,SIDESWIPE COLLISION - SAME DIRECTION,SIDESWIPE-SAME DIRECTION,STRAIGHT & LEVEL,DAYLIGHT,,,8/12/2019 8:58:49 AM,False,7034,Accepted,
25460278,0568000,LOUISVILLE METRO POLICE DEPT,Accepted,JEFFERSON,,,CLARA,AVE,,,,,LESTER,US0060A,TAYLOR,38.199777246,-85.784223597,0.086,8/10/2019 12:00:00 AM,1715,2,2,0,0,CLEAR,DRY,False,1 VEHICLE ENTERING/LEAVING ENTRANCE,ANGLE,STRAIGHT & LEVEL,DAYLIGHT,,,8/12/2019 9:11:38 AM,False,7978,Accepted,
25462586,0564400,INDIAN HILLS POLICE DEPARTMENT,Accepted,JEFFERSON,US0042,,BROWNSBORO,RD,,,,,,,,38.275355467,-85.643341887,5.283,8/10/2019 12:00:00 AM,1235,2,2,0,0,CLEAR,DRY,False,OTHER ROADWAY OR MID-BLOCK COLLISION,REAR END,STRAIGHT & LEVEL,DAYLIGHT,,,8/12/2019 2:46:28 PM,False,4419,Accepted,
25460181,0568000,LOUISVILLE METRO POLICE DEPT,Accepted,JEFFERSON,KY1065,,OUTER,LOOP,,,,,,,,38.136975873,-85.707093664,4.908,8/10/2019 12:00:00 AM,0041,1,1,0,0,CLEAR,DRY,True,OTHER ROADWAY OR MID-BLOCK COLLISION,SINGLE VEHICLE,STRAIGHT & LEVEL,DARK-HWY LIGHTED/ON,,,8/12/2019 9:08:34 AM,False,7423,Accepted,
25476246,0568000,LOUISVILLE METRO POLICE DEPT,Accepted,JEFFERSON,,625,4TH,ST,S,,,,,,,38.247766087,-85.758034401,0.616,8/10/2019 12:00:00 AM,2315,2,2,0,0,CLEAR,DRY,False,COLLISION IN PARKING LOT,SIDESWIPE-SAME DIRECTION,STRAIGHT & LEVEL,OTHER,,,8/15/2019 8:31:06 AM,False,7626,Accepted,
25460001,0568000,LOUISVILLE METRO POLICE DEPT,Accepted,JEFFERSON,I 0264,,,,,,,,,,,38.196226482,-85.707648193,0.241,8/10/2019 12:00:00 AM,0915,2,2,0,0,CLEAR,DRY,False,OTHER RAMP RELATED COLLISIONS NOT LISTED ABOVE,REAR END,CURVE & GRADE,DAYLIGHT,I 0264,KY0864,8/12/2019 9:03:26 AM,False,2532,Accepted,
25459968,0568000,LOUISVILLE METRO POLICE DEPT,Accepted,JEFFERSON,I 0065,,,,,,,,,,,38.186623346,-85.725277223,0.168,8/10/2019 12:00:00 AM,1628,2,2,0,0,CLEAR,DRY,False,OTHER RAMP RELATED COLLISIONS NOT LISTED ABOVE,REAR END,STRAIGHT & LEVEL,DAYLIGHT,I 0065,I 0264,8/12/2019 9:01:56 AM,False,7451,Accepted,
25459924,0568000,LOUISVILLE METRO POLICE DEPT,Accepted,JEFFERSON,I 0065,,,,,,,,,,,38.185972465,-85.724694263,0.111,8/10/2019 12:00:00 AM,1610,2,2,0,0,CLEAR,DRY,True,OTHER RAMP RELATED COLLISIONS NOT LISTED ABOVE,SIDESWIPE-SAME DIRECTION,STRAIGHT & LEVEL,DAYLIGHT,I 0065,I 0264,8/12/2019 8:57:42 AM,False,7451,Accepted,
25460008,0568000,LOUISVILLE METRO POLICE DEPT,Accepted,JEFFERSON,KY1865,,NEW CUT,RD,,,,,,,,38.165019541,-85.780047678,4.008,8/10/2019 12:00:00 AM,1119,2,2,0,0,CLEAR,DRY,False,OTHER ROADWAY OR MID-BLOCK COLLISION,REAR END,STRAIGHT & LEVEL,DAYLIGHT,,,8/12/2019 9:03:58 AM,False,7331,Accepted,
25460024,0568000,LOUISVILLE METRO POLICE DEPT,Accepted,JEFFERSON,I 0064,,I64 E,,,,,,,,,38.272515122,-85.784739720,2.502,8/10/2019 12:00:00 AM,0216,1,1,0,1,CLEAR,DRY,False,OTHER ROADWAY OR MID-BLOCK COLLISION,SINGLE VEHICLE,STRAIGHT & LEVEL,DARK-HWY LIGHTED/ON,,,8/12/2019 9:06:05 AM,False,7190,Accepted,
25465841,0568000,LOUISVILLE METRO POLICE DEPT,Accepted,JEFFERSON,I 0265,,I265 N,,,,,,,,,38.285971154,-85.509563505,30.200,8/9/2019 12:00:00 AM,1639,3,3,0,1,CLEAR,DRY,False,OTHER ROADWAY OR MID-BLOCK COLLISION,REAR TO REAR,STRAIGHT & LEVEL,DAWN,,,8/13/2019 8:26:07 AM,False,2142,Accepted,
25459883,0568000,LOUISVILLE METRO POLICE DEPT,Accepted,JEFFERSON,I 0065,,,,,,,,,,,38.191162773,-85.720004912,0.083,8/9/2019 12:00:00 AM,1642,2,2,0,0,CLEAR,DRY,False,OTHER ROADWAY OR MID-BLOCK COLLISION,REAR TO REAR,STRAIGHT & LEVEL,DAYLIGHT,,,8/12/2019 8:55:07 AM,False,7872,Accepted,
25459848,0568000,LOUISVILLE METRO POLICE DEPT,Accepted,JEFFERSON,US0060A,,3RD,ST,S,,,US0060A,WINKLER,US0060A,EASTERN,38.211227378,-85.762784323,3.233,8/9/2019 12:00:00 AM,1231,1,1,0,0,CLEAR,DRY,False,OTHER ROADWAY OR MID-BLOCK COLLISION,SINGLE VEHICLE,STRAIGHT & GRADE,DAYLIGHT,,,8/12/2019 8:53:09 AM,False,7872,Accepted,
25449197,0560400,SHIVELY POLICE DEPARTMENT,Accepted,JEFFERSON,I 0264,,I264 W,,,,,I 0264,I264 W EXIT5 RAMP KY1934,I 0264,I264 W EXIT8 ON RAMP FROM US31W S,38.195830386,-85.828801040,6.118,8/9/2019 12:00:00 AM,0128,1,1,0,0,CLEAR,DRY,False,OTHER ROADWAY OR MID-BLOCK COLLISION,SINGLE VEHICLE,STRAIGHT & LEVEL,DARK-HWY LIGHTED/ON,,,8/9/2019 7:29:08 AM,False,7122,Accepted,
25465845,0568000,LOUISVILLE METRO POLICE DEPT,Accepted,JEFFERSON,I 0264,,,,,,,,,,,38.201311753,-85.691238582,0.083,8/9/2019 12:00:00 AM,1645,2,2,0,0,CLEAR,DRY,False,OTHER RAMP RELATED COLLISIONS NOT LISTED ABOVE,REAR END,STRAIGHT & LEVEL,DAYLIGHT,I 0264,KY1703,8/13/2019 8:26:25 AM,False,7628,Accepted,
25459879,0568000,LOUISVILLE METRO POLICE DEPT,Accepted,JEFFERSON,I 0264,,,,,,,,,,,38.194601984,-85.707555907,0.300,8/9/2019 12:00:00 AM,1154,2,2,0,0,CLEAR,DRY,False,OTHER RAMP RELATED COLLISIONS NOT LISTED ABOVE,REAR END,STRAIGHT & LEVEL,DAYLIGHT,I 0264,KY0864,8/12/2019 8:54:52 AM,False,7451,Accepted,
25459917,0568000,LOUISVILLE METRO POLICE DEPT,Accepted,JEFFERSON,KY1747,,FERN VALLEY,RD,,,,,,,,38.157656804,-85.687327680,2.464,8/9/2019 12:00:00 AM,1934,1,1,0,0,CLEAR,DRY,False,COLLISION IN PARKING LOT,SINGLE VEHICLE,STRAIGHT & LEVEL,DAYLIGHT,,,8/12/2019 8:57:21 AM,False,5184,Accepted,
25465856,0568000,LOUISVILLE METRO POLICE DEPT,Accepted,JEFFERSON,,1860,MELLWOOD,AVE,,,,,,,,38.263044890,-85.713956228,0.260,8/9/2019 12:00:00 AM,1600,2,2,0,0,CLEAR,DRY,True,COLLISION IN PARKING LOT,BACKING,STRAIGHT & LEVEL,DAYLIGHT,,,8/13/2019 8:27:10 AM,False,7403,Accepted,
25459895,0568000,LOUISVILLE METRO POLICE DEPT,Accepted,JEFFERSON,US0031W,,DIXIE,HWY,,,,,,,,38.089460915,-85.877690861,7.306,8/9/2019 12:00:00 AM,1619,2,2,0,0,CLEAR,DRY,False,COLLISION IN PARKING LOT,REAR END,STRAIGHT & LEVEL,DAYLIGHT,,,8/12/2019 8:56:15 AM,False,7234,Accepted,
25460306,0568000,LOUISVILLE METRO POLICE DEPT,Accepted,JEFFERSON,US0060,,SHELBYVILLE,RD,,,,,,,,38.248648194,-85.604437285,6.350,8/9/2019 12:00:00 AM,1322,3,3,0,0,CLEAR,DRY,True,OTHER ROADWAY OR MID-BLOCK COLLISION,REAR END,STRAIGHT & LEVEL,DAYLIGHT,,,8/12/2019 9:13:18 AM,False,7858,Accepted,
25465837,0568000,LOUISVILLE METRO POLICE DEPT,Accepted,JEFFERSON,I 0264,,I264 E,,,,,,,,,38.231849524,-85.629505201,18.357,8/9/2019 12:00:00 AM,0845,2,2,0,1,CLEAR,DRY,False,OTHER ROADWAY OR MID-BLOCK COLLISION,REAR END,STRAIGHT & LEVEL,DAYLIGHT,,,8/13/2019 8:25:50 AM,False,4656,Accepted,
25459919,0568000,LOUISVILLE METRO POLICE DEPT,Accepted,JEFFERSON,KY1747,,HURSTBOURNE,PKWY,S,,,,BUNSEN,,HURSTBOURNE,38.218510275,-85.584697510,11.425,8/9/2019 12:00:00 AM,1004,2,2,0,0,CLEAR,DRY,False,OTHER ROADWAY OR MID-BLOCK COLLISION,REAR END,STRAIGHT & LEVEL,DAYLIGHT,,,8/12/2019 8:57:25 AM,False,7482,Accepted,
25459836,0568000,LOUISVILLE METRO POLICE DEPT,Accepted,JEFFERSON,,,REVOLUTIONARY,RD,,,,,ALUMA,,ALUMA,38.133747036,-85.761416774,0.371,8/9/2019 12:00:00 AM,0802,1,1,0,0,CLEAR,DRY,False,OTHER ROADWAY OR MID-BLOCK COLLISION,SINGLE VEHICLE,STRAIGHT & LEVEL,DAYLIGHT,,,8/12/2019 8:52:11 AM,False,7202,Accepted,
25459880,0568000,LOUISVILLE METRO POLICE DEPT,Accepted,JEFFERSON,KY1447,,WESTPORT,RD,,,,,INDIAN LAKE,,TOWNE CENTER,38.296007230,-85.553799319,6.357,8/9/2019 12:00:00 AM,2133,2,2,0,0,CLEAR,DRY,False,OTHER ROADWAY OR MID-BLOCK COLLISION,REAR END,STRAIGHT & LEVEL,DARK-HWY NOT LIGHTED,,,8/12/2019 8:54:56 AM,False,5128,Accepted,
25459902,0568000,LOUISVILLE METRO POLICE DEPT,Accepted,JEFFERSON,US0031E,,MARKET,ST,E,,,,FLOYD,KY0061,PRESTON,38.254217652,-85.747431390,17.449,8/9/2019 12:00:00 AM,1250,2,2,0,0,CLEAR,DRY,False,VEHICLE BACKING NON INTERSECTION,BACKING,STRAIGHT & LEVEL,DAYLIGHT,,,8/12/2019 8:56:36 AM,False,2403,Accepted,