IncidentID,AgencyORI,AgencyName,IncidentStatusDesc,County,RdwyNumber,Street,RoadwayName,StreetSfx,StreetDir,IntersectionRdwy,IntersectionRdwyName,BetweenStRdwy1,BetweenStRdwyName1,BetweenStRdwy2,BetweenStRdwyName2,Latitude,Longitude,Milepoint,CollisionDate,CollisionTime,UnitsInvolved,MotorVehiclesInvolved,NumberKilled,NumberInjured,Weather,RdwyConditionCode,HitandRun,DirAnalysisCode,MannerofCollision,RdwyCharacter,LightCondition,RampFromRdwyId,RampToRdwyId,AcceptedDate,IsSecondaryCollision,OwnerBadge,IncidentStatus,
25459951,0568000,LOUISVILLE METRO POLICE DEPT,Accepted,JEFFERSON,KY1865,,NEW CUT,RD,,,,KY1065,OUTER,,STAR,38.128086530,-85.775243561,1.390,8/9/2019 12:00:00 AM,2010,2,2,0,0,CLEAR,DRY,False,1 VEHICLE ENTERING/LEAVING ENTRANCE,ANGLE,STRAIGHT & LEVEL,DUSK,,,8/12/2019 8:59:40 AM,False,7975,Accepted,
25459975,0568000,LOUISVILLE METRO POLICE DEPT,Accepted,JEFFERSON,KY2048,,CANNONS,LN,,,,,,,,38.244438643,-85.662732233,1.929,8/9/2019 12:00:00 AM,1623,2,2,0,0,CLEAR,DRY,False,1 VEHICLE ENTERING/LEAVING ENTRANCE,ANGLE,STRAIGHT & LEVEL,DAYLIGHT,,,8/12/2019 9:02:14 AM,False,5112,Accepted,
25460013,0568000,LOUISVILLE METRO POLICE DEPT,Accepted,JEFFERSON,US0031E,,BARDSTOWN,RD,,,,,,,,38.227657315,-85.699831229,14.034,8/9/2019 12:00:00 AM,2211,2,2,0,0,CLEAR,DRY,False,1 VEHICLE ENTERING/LEAVING ENTRANCE,ANGLE,STRAIGHT & LEVEL,DARK-HWY LIGHTED/ON,,,8/12/2019 9:04:29 AM,False,5240,Accepted,
25459839,0568000,LOUISVILLE METRO POLICE DEPT,Accepted,JEFFERSON,I 0071,,I71 S,,,,,,,,,38.272451753,-85.701267346,1.508,8/9/2019 12:00:00 AM,0812,2,2,0,0,CLEAR,DRY,False,SIDESWIPE COLLISION - SAME DIRECTION,SIDESWIPE-SAME DIRECTION,STRAIGHT & LEVEL,DAYLIGHT,,,8/12/2019 8:52:27 AM,False,4903,Accepted,
25460261,0568000,LOUISVILLE METRO POLICE DEPT,Accepted,JEFFERSON,US0031W,730,MAIN,ST,W,,,,,,,38.257271758,-85.762445718,21.548,8/9/2019 12:00:00 AM,1314,2,2,0,0,CLEAR,DRY,False,SIDESWIPE COLLISION - SAME DIRECTION,SIDESWIPE-SAME DIRECTION,STRAIGHT & LEVEL,DAYLIGHT,,,8/12/2019 9:11:07 AM,False,7694,Accepted,
25459837,0568000,LOUISVILLE METRO POLICE DEPT,Accepted,JEFFERSON,I 0071,,I71 S,,,,,,,,,38.272654623,-85.700971849,1.530,8/9/2019 12:00:00 AM,0855,2,2,0,0,CLEAR,DRY,False,SIDESWIPE COLLISION - SAME DIRECTION,SIDESWIPE-SAME DIRECTION,STRAIGHT & LEVEL,DAYLIGHT,,,8/12/2019 8:52:16 AM,True,4903,Accepted,
25459886,0568000,LOUISVILLE METRO POLICE DEPT,Accepted,JEFFERSON,US0060A,,LEXINGTON,RD,,,,,,,,38.249677073,-85.666711793,9.982,8/9/2019 12:00:00 AM,1359,2,2,0,0,CLEAR,DRY,False,SIDESWIPE COLLISION - SAME DIRECTION,SIDESWIPE-SAME DIRECTION,STRAIGHT & LEVEL,DAYLIGHT,,,8/12/2019 8:55:24 AM,False,7034,Accepted,
25459892,0568000,LOUISVILLE METRO POLICE DEPT,Accepted,JEFFERSON,KY1447,,WESTPORT,RD,,,,,,,,38.293470219,-85.559930799,5.986,8/9/2019 12:00:00 AM,2109,2,2,0,0,CLEAR,DRY,False,SIDESWIPE COLLISION - SAME DIRECTION,SIDESWIPE-SAME DIRECTION,STRAIGHT & LEVEL,DUSK,,,8/12/2019 8:56:01 AM,False,5030,Accepted,
25459900,0568000,LOUISVILLE METRO POLICE DEPT,Accepted,JEFFERSON,US0031E,,BAXTER,AVE,,,,,PAYNE,,ROGERS,38.245678649,-85.728520546,16.069,8/9/2019 12:00:00 AM,1651,2,2,0,0,CLEAR,DRY,True,SIDESWIPE COLLISION - SAME DIRECTION,SIDESWIPE-SAME DIRECTION,STRAIGHT & LEVEL,DAYLIGHT,,,8/12/2019 8:56:29 AM,False,7129,Accepted,
25449483,0568000,LOUISVILLE METRO POLICE DEPT,Accepted,JEFFERSON,KY1931,,ST ANDREWS CHURCH,RD,,,,,,,,38.153640452,-85.810371386,4.974,8/9/2019 12:00:00 AM,0333,1,1,0,1,CLEAR,DRY,False,OTHER COLLISIONS ON SHOULDER,SINGLE VEHICLE,CURVE & LEVEL,DARK-HWY LIGHTED/ON,,,8/9/2019 8:29:55 AM,False,5170,Accepted,
25459835,0568000,LOUISVILLE METRO POLICE DEPT,Accepted,JEFFERSON,I 0265,,I265 N,,,,,I 0064,I64 N EXIT25A RAMP TO I64 E,I 0064,I64 W EXIT19B RAMP TO I265 N,38.218480135,-85.505848700,25.222,8/9/2019 12:00:00 AM,0905,2,2,0,0,CLEAR,DRY,False,REAR END IN TRAFFIC LANES BOTH VEHICLES MOVING,REAR END,STRAIGHT & HILLCREST,DAYLIGHT,,,8/12/2019 8:52:06 AM,False,7840,Accepted,
25459889,0568000,LOUISVILLE METRO POLICE DEPT,Accepted,JEFFERSON,KY1447,,WESTPORT,RD,,,,I 0265,I265 S EXIT33 ON RAMP FROM KY1447,I 0265,I265 N EXIT33 OFF RAMP TO KY1447,38.297813278,-85.547686163,6.713,8/9/2019 12:00:00 AM,1650,3,3,0,0,CLEAR,DRY,False,REAR END IN TRAFFIC LANES BOTH VEHICLES MOVING,REAR END,STRAIGHT & LEVEL,DAYLIGHT,,,8/12/2019 8:55:45 AM,False,6406,Accepted,
25459903,0568000,LOUISVILLE METRO POLICE DEPT,Accepted,JEFFERSON,KY1065,,OUTER,LOOP,,,,KY0864,FEGENBUSH,,APPLE VALLEY,38.138356972,-85.616321786,9.914,8/9/2019 12:00:00 AM,1747,2,2,0,0,CLEAR,DRY,True,REAR END IN TRAFFIC LANES BOTH VEHICLES MOVING,REAR END,STRAIGHT & LEVEL,DAYLIGHT,,,8/12/2019 8:56:40 AM,False,7465,Accepted,
25459856,0568000,LOUISVILLE METRO POLICE DEPT,Accepted,JEFFERSON,,,NORTHWESTERN,PKWY,,,,,,,,38.263621798,-85.773810726,0.073,8/9/2019 12:00:00 AM,1040,2,2,0,0,CLEAR,DRY,False,1 VEHICLE PARKED POSITION (NOT PARKING LOT/DRIVEWAY),REAR END,STRAIGHT & LEVEL,DAYLIGHT,,,8/12/2019 8:53:46 AM,False,7988,Accepted,
25459898,0568000,LOUISVILLE METRO POLICE DEPT,Accepted,JEFFERSON,,,HARVARD,DR,,,,,BOULEVARD NAPOLEON,,DUNDEE,38.223553553,-85.693642303,0.062,8/9/2019 12:00:00 AM,1300,2,2,0,0,CLOUDY,DRY,False,1 VEHICLE PARKED POSITION (NOT PARKING LOT/DRIVEWAY),SIDESWIPE-SAME DIRECTION,STRAIGHT & LEVEL,DAYLIGHT,,,8/12/2019 8:56:23 AM,False,7570,Accepted,
25459884,0568000,LOUISVILLE METRO POLICE DEPT,Accepted,JEFFERSON,KY0061,,JACKSON,ST,S,,,,ST CATHERINE,,KENTUCKY,38.236027238,-85.747170273,11.661,8/9/2019 12:00:00 AM,1634,3,3,0,0,CLEAR,DRY,False,1 VEHICLE PARKED POSITION (NOT PARKING LOT/DRIVEWAY),SIDESWIPE-SAME DIRECTION,STRAIGHT & LEVEL,DAYLIGHT,,,8/12/2019 8:55:11 AM,False,7418,Accepted,
25459899,0568000,LOUISVILLE METRO POLICE DEPT,Accepted,JEFFERSON,,,LYDIA,ST,,,,,TEXAS,,REASOR,38.222643223,-85.734604420,0.333,8/9/2019 12:00:00 AM,1538,2,2,0,0,CLEAR,DRY,False,1 VEHICLE PARKED POSITION (NOT PARKING LOT/DRIVEWAY),SIDESWIPE-OPPOSITE DIRECTION,STRAIGHT & LEVEL,DAYLIGHT,,,8/12/2019 8:56:26 AM,False,7418,Accepted,
25459941,0568000,LOUISVILLE METRO POLICE DEPT,Accepted,JEFFERSON,,,26TH,ST,S,,,,,,,38.236699615,-85.796387739,1.639,8/9/2019 12:00:00 AM,1152,2,2,0,0,CLEAR,DRY,True,1 VEHICLE PARKED POSITION (NOT PARKING LOT/DRIVEWAY),SIDESWIPE-OPPOSITE DIRECTION,STRAIGHT & LEVEL,DAYLIGHT,,,8/12/2019 8:58:52 AM,False,7326,Accepted,
25459893,0568000,LOUISVILLE METRO POLICE DEPT,Accepted,JEFFERSON,KY1934,,CANE RUN,RD,,,,,SHANKS,,RICHMONT,38.195867584,-85.841989771,8.829,8/9/2019 12:00:00 AM,1333,2,2,0,2,CLEAR,DRY,False,REAR END IN TRAFFIC LANES BOTH VEHICLES MOVING,REAR END,STRAIGHT & LEVEL,DAYLIGHT,,,8/12/2019 8:56:06 AM,False,5032,Accepted,
25459523,0566700,MIDDLETOWN POLICE DEPARTMENT,Accepted,JEFFERSON,US0060,13701,SHELBYVILLE,RD,,,,,,,,38.239758524,-85.491623119,12.700,8/9/2019 12:00:00 AM,2111,2,2,0,0,CLEAR,DRY,False,REAR END IN TRAFFIC LANES BOTH VEHICLES MOVING,REAR END,STRAIGHT & LEVEL,DARK-HWY LIGHTED/OFF,,,8/12/2019 7:54:19 AM,False,2005,Accepted,
25459881,0568000,LOUISVILLE METRO POLICE DEPT,Accepted,JEFFERSON,,,BATES,AVE,,,,,,,,38.140401349,-85.676335697,0.603,8/9/2019 12:00:00 AM,1656,2,2,0,0,CLOUDY,DRY,False,REAR END IN TRAFFIC LANES BOTH VEHICLES MOVING,REAR END,CURVE & LEVEL,DAYLIGHT,,,8/12/2019 8:54:59 AM,False,4693,Accepted,
25465831,0568000,LOUISVILLE METRO POLICE DEPT,Accepted,JEFFERSON,KY0864,,POPLAR LEVEL,RD,,,,,,,,38.194410431,-85.707394412,11.236,8/9/2019 12:00:00 AM,1331,2,2,0,0,CLEAR,DRY,False,REAR END IN TRAFFIC LANES BOTH VEHICLES MOVING,REAR END,CURVE & GRADE,DAYLIGHT,,,8/13/2019 8:25:10 AM,False,8278,Accepted,
25460311,0568000,LOUISVILLE METRO POLICE DEPT,Accepted,JEFFERSON,I 0065,,I65 N,,,,,,,,,38.167744274,-85.720631531,129.008,8/9/2019 12:00:00 AM,0746,2,2,0,0,CLEAR,DRY,False,REAR END IN TRAFFIC LANES BOTH VEHICLES MOVING,REAR END,STRAIGHT & LEVEL,DAYLIGHT,,,8/12/2019 9:13:45 AM,False,4656,Accepted,
25465840,0568000,LOUISVILLE METRO POLICE DEPT,Accepted,JEFFERSON,I 0264,,I264 W,,,,,,,,,38.194104756,-85.710230054,13.200,8/9/2019 12:00:00 AM,1522,2,2,0,1,CLEAR,DRY,False,REAR END IN TRAFFIC LANES BOTH VEHICLES MOVING,REAR END,STRAIGHT & LEVEL,DAYLIGHT,,,8/13/2019 8:26:02 AM,False,2142,Accepted,
25459864,0568000,LOUISVILLE METRO POLICE DEPT,Accepted,JEFFERSON,KY1020,,3RD,ST,S,,HEYWOOD,,,,,38.206193819,-85.763696009,9.576,8/9/2019 12:00:00 AM,1557,2,2,0,0,CLEAR,DRY,False,OTHER INTERSECTION COLLISIONS,REAR END,STRAIGHT & LEVEL,DAYLIGHT,,,8/12/2019 8:54:09 AM,False,7872,Accepted,
25459849,0568000,LOUISVILLE METRO POLICE DEPT,Accepted,JEFFERSON,,,3RD,ST,S,,WOODLAWN,,,,,38.181565885,-85.766221429,1.318,8/9/2019 12:00:00 AM,1136,2,2,0,0,CLEAR,DRY,False,OTHER INTERSECTION COLLISIONS,REAR END,STRAIGHT & LEVEL,DAYLIGHT,,,8/12/2019 8:53:12 AM,False,7978,Accepted,
25459874,0568000,LOUISVILLE METRO POLICE DEPT,Accepted,JEFFERSON,KY2251,,BARDSTOWN,RD,,,HIKES,,,,,38.199120115,-85.659975600,1.045,8/9/2019 12:00:00 AM,1240,2,2,0,0,CLEAR,DRY,False,OTHER INTERSECTION COLLISIONS,REAR TO REAR,STRAIGHT & LEVEL,DAYLIGHT,,,8/12/2019 8:54:30 AM,False,5159,Accepted,
25452478,0561000,JEFFERSONTOWN POLICE DEPT,Accepted,JEFFERSON,KY1747,,HURSTBOURNE,PKWY,S,KY6159,BLUEGRASS PKWY ACCESS,,,,,38.220494895,-85.581420829,11.654,8/9/2019 12:00:00 AM,1915,3,3,0,0,CLEAR,DRY,False,OTHER INTERSECTION COLLISIONS,REAR END,STRAIGHT & LEVEL,DAYLIGHT,,,8/9/2019 9:45:14 PM,False,8312,Accepted,
25472828,0560000,JEFFERSON COUNTY SHERIFF DEPT.,Accepted,JEFFERSON,,,ROY WILKINS,AVE,,,CHESTNUT,,,,,38.249881180,-85.765834639,0.534,8/9/2019 12:00:00 AM,0850,2,2,0,0,CLEAR,DRY,False,OTHER INTERSECTION COLLISIONS,REAR END,STRAIGHT & LEVEL,DAYLIGHT,,,8/14/2019 1:06:29 PM,False,3553,Accepted,
25459885,0568000,LOUISVILLE METRO POLICE DEPT,Accepted,JEFFERSON,KY0061,,PRESTON,HWY,,,,,,,,38.157133709,-85.697053923,5.383,8/9/2019 12:00:00 AM,1814,2,2,0,0,CLOUDY,DRY,False,1 VEHICLE PARKED POSITION (NOT PARKING LOT/DRIVEWAY),BACKING,STRAIGHT & LEVEL,DAYLIGHT,,,8/12/2019 8:55:17 AM,False,4693,Accepted,
25459862,0568000,LOUISVILLE METRO POLICE DEPT,Accepted,JEFFERSON,,3527,VIRGINIA,AVE,,,,,,,,38.239230151,-85.812304400,0.880,8/9/2019 12:00:00 AM,0700,2,2,0,0,CLEAR,DRY,True,1 VEHICLE PARKED POSITION (NOT PARKING LOT/DRIVEWAY),ANGLE,STRAIGHT & LEVEL,UNKNOWN,,,8/12/2019 8:54:06 AM,False,7458,Accepted,
25804792,0568000,LOUISVILLE METRO POLICE DEPT,Accepted,JEFFERSON,KY1065,1901,OUTER,LOOP,,,,,,,,38.132248829,-85.727954146,3.717,8/9/2019 12:00:00 AM,0308,1,1,0,1,CLEAR,DRY,False,RAN OFF ROADWAY (1 VEHICLE WITH/EARTH EMBANKMENT/DITCH),SINGLE VEHICLE,STRAIGHT & LEVEL,DARK-HWY NOT LIGHTED,,,10/21/2019 12:03:50 PM,False,7772,Accepted,
25692965,0561900,AUDUBON PARK POLICE DEPARTMENT,Accepted,JEFFERSON,,1030,HESS,LN,,,,,,,,38.205980331,-85.733896215,0.147,8/9/2019 12:00:00 AM,1604,1,1,0,0,CLEAR,DRY,False,COLLISION WITH FIXED OBJECT NON - INTERSECTION - FIRST EVENT COLLISION 09 - 32 EXCLUDING 16,SINGLE VEHICLE,STRAIGHT & LEVEL,DAYLIGHT,,,9/26/2019 12:24:51 PM,False,5107,Accepted,
25459950,0568000,LOUISVILLE METRO POLICE DEPT,Accepted,JEFFERSON,,3326,ORCHARD MANOR,CIR,,,,,,,,38.213742240,-85.632245714,0.216,8/9/2019 12:00:00 AM,2200,1,1,0,0,CLEAR,DRY,False,COLLISION WITH FIXED OBJECT NON - INTERSECTION - FIRST EVENT COLLISION 09 - 32 EXCLUDING 16,SINGLE VEHICLE,STRAIGHT & LEVEL,DARK-HWY LIGHTED/ON,,,8/12/2019 8:59:35 AM,False,5117,Accepted,
25459846,0568000,LOUISVILLE METRO POLICE DEPT,Accepted,JEFFERSON,,,CHESTNUT,ST,W,,7TH,,,,,38.249545195,-85.762868384,2.087,8/9/2019 12:00:00 AM,1212,2,2,0,0,CLEAR,DRY,False,SIDESWIPE-SAME DIRECTION,SIDESWIPE-SAME DIRECTION,STRAIGHT & LEVEL,DAYLIGHT,,,8/12/2019 8:53:03 AM,False,2403,Accepted,
25459954,0568000,LOUISVILLE METRO POLICE DEPT,Accepted,JEFFERSON,,,KLONDIKE,LN,,,HIKES,,,,,38.210763699,-85.640275804,0.950,8/9/2019 12:00:00 AM,2132,2,2,0,0,CLEAR,DRY,False,SIDESWIPE-SAME DIRECTION,SIDESWIPE-SAME DIRECTION,STRAIGHT & LEVEL,DARK-HWY LIGHTED/ON,,,8/12/2019 8:59:55 AM,False,5117,Accepted,
25563421,0568000,LOUISVILLE METRO POLICE DEPT,Accepted,JEFFERSON,,,DUMESNIL,ST,,,25TH,,,,,38.236743657,-85.795406975,1.395,8/9/2019 12:00:00 AM,2300,2,2,0,0,CLEAR,DRY,True,OTHER INTERSECTION COLLISIONS,REAR END,STRAIGHT & LEVEL,DARK-HWY LIGHTED/ON,,,8/29/2019 8:37:30 AM,False,5190,Accepted,
25459860,0568000,LOUISVILLE METRO POLICE DEPT,Accepted,JEFFERSON,KY1934,,GREENBELT,HWY,,,TRADE PORT,,,,,38.125483534,-85.893241359,2.892,8/9/2019 12:00:00 AM,1400,2,2,0,0,CLEAR,DRY,True,OTHER INTERSECTION COLLISIONS,REAR END,STRAIGHT & LEVEL,DAYLIGHT,,,8/12/2019 8:54:01 AM,False,5220,Accepted,
25459855,0568000,LOUISVILLE METRO POLICE DEPT,Accepted,JEFFERSON,KY3084,,OLD HENRY,RD,,I 0265,I265 N EXIT29 ON RAMP FROM KY3084,,,,,38.270835469,-85.498890935,1.283,8/9/2019 12:00:00 AM,1400,2,2,0,0,CLOUDY,DRY,False,OTHER INTERSECTION COLLISIONS,REAR END,STRAIGHT & LEVEL,DAYLIGHT,,,8/12/2019 8:53:42 AM,False,7956,Accepted,
25459872,0568000,LOUISVILLE METRO POLICE DEPT,Accepted,JEFFERSON,,,GRADE,LN,,KY0061,PRESTON,,,,,38.179891895,-85.718351484,0.030,8/9/2019 12:00:00 AM,0749,2,2,0,0,CLEAR,DRY,False,OTHER INTERSECTION COLLISIONS,REAR END,CURVE & LEVEL,DAYLIGHT,,,8/12/2019 8:54:22 AM,False,7319,Accepted,
25449485,0568000,LOUISVILLE METRO POLICE DEPT,Accepted,JEFFERSON,KY1703,,NEWBURG,RD,,KY2052,SHEPHERDSVILLE,,,,,38.178735441,-85.659624435,0.006,8/9/2019 12:00:00 AM,0100,2,2,0,0,CLEAR,DRY,False,OTHER INTERSECTION COLLISIONS,REAR END,CURVE & LEVEL,DARK-HWY LIGHTED/ON,,,8/9/2019 8:30:03 AM,False,7830,Accepted,
25459896,0568000,LOUISVILLE METRO POLICE DEPT,Accepted,JEFFERSON,,,TRADE PORT,DR,,KY1934,GREENBELT,,,,,38.125481002,-85.893269054,0.274,8/9/2019 12:00:00 AM,1637,2,2,0,0,CLEAR,DRY,False,OTHER INTERSECTION COLLISIONS,REAR END,STRAIGHT & LEVEL,DAYLIGHT,,,8/12/2019 8:56:19 AM,False,5220,Accepted,
25471343,0568000,LOUISVILLE METRO POLICE DEPT,Accepted,JEFFERSON,KY1934,,GREENBELT,HWY,,,TRADE PORT,,,,,38.125425629,-85.893098819,2.884,8/9/2019 12:00:00 AM,0615,2,2,0,1,CLEAR,DRY,False,OTHER INTERSECTION COLLISIONS,REAR END,STRAIGHT & LEVEL,DAWN,,,8/14/2019 8:48:36 AM,False,7160,Accepted,
25460299,0568000,LOUISVILLE METRO POLICE DEPT,Accepted,JEFFERSON,KY0022,,BROWNSBORO,RD,,,SIMCOE,,,,,38.308764791,-85.573256794,4.045,8/9/2019 12:00:00 AM,1537,2,2,0,0,CLEAR,DRY,False,SIDESWIPE-SAME DIRECTION,SIDESWIPE-SAME DIRECTION,STRAIGHT & LEVEL,DAYLIGHT,,,8/12/2019 9:12:45 AM,False,6830,Accepted,
25460010,0568000,LOUISVILLE METRO POLICE DEPT,Accepted,JEFFERSON,I 0064,,I64 E,,,I 0064,I64 E EXIT6 RAMP TO I71 N,,,,,38.260966729,-85.733344499,5.952,8/9/2019 12:00:00 AM,2149,2,2,0,0,CLEAR,DRY,False,SIDESWIPE-SAME DIRECTION,SIDESWIPE-SAME DIRECTION,CURVE & LEVEL,DARK-HWY LIGHTED/ON,,,8/12/2019 9:04:14 AM,False,7316,Accepted,
25459973,0568000,LOUISVILLE METRO POLICE DEPT,Accepted,JEFFERSON,KY0022,,BROWNSBORO,RD,,,SUMMIT PLAZA,,,,,38.307093534,-85.575235706,3.890,8/9/2019 12:00:00 AM,2122,2,2,0,0,CLEAR,DRY,False,SIDESWIPE-SAME DIRECTION,SIDESWIPE-SAME DIRECTION,STRAIGHT & LEVEL,DUSK,,,8/12/2019 9:02:08 AM,False,5030,Accepted,
25459891,0568000,LOUISVILLE METRO POLICE DEPT,Accepted,JEFFERSON,,,CHESTNUT,ST,E,,HANCOCK,,,,,38.247421618,-85.743910996,0.495,8/9/2019 12:00:00 AM,1340,2,2,0,0,CLEAR,DRY,False,SIDESWIPE-SAME DIRECTION,SIDESWIPE-SAME DIRECTION,STRAIGHT & LEVEL,DAYLIGHT,,,8/12/2019 8:55:56 AM,False,2403,Accepted,
25459938,0568000,LOUISVILLE METRO POLICE DEPT,Accepted,JEFFERSON,KY0061,,PRESTON,HWY,,KY1065,OUTER,,,,,38.138023716,-85.686573819,3.929,8/9/2019 12:00:00 AM,1933,2,2,0,0,CLEAR,DRY,False,VEHICLE BACKING IN INTERSECTION,BACKING,STRAIGHT & LEVEL,DAYLIGHT,,,8/12/2019 8:58:40 AM,False,5184,Accepted,
25460168,0568000,LOUISVILLE METRO POLICE DEPT,Accepted,JEFFERSON,US0060,,SHELBYVILLE,RD,,,FOREST PLACE,,,,,38.239698594,-85.491494286,12.708,8/9/2019 12:00:00 AM,0953,2,2,0,1,CLEAR,DRY,False,OPPOSING LEFT TURN,OPPOSING LEFT TURN,STRAIGHT & LEVEL,DAYLIGHT,,,8/12/2019 9:07:37 AM,False,7858,Accepted,
25459857,0568000,LOUISVILLE METRO POLICE DEPT,Accepted,JEFFERSON,KY1934,,GREENBELT,HWY,,,JOHNSONTOWN,,,,,38.116456734,-85.894827794,2.302,8/9/2019 12:00:00 AM,0658,2,2,0,2,CLEAR,DRY,False,OPPOSING LEFT TURN,OPPOSING LEFT TURN,STRAIGHT & LEVEL,DAYLIGHT,,,8/12/2019 8:53:51 AM,False,6326,Accepted,
25459887,0568000,LOUISVILLE METRO POLICE DEPT,Accepted,JEFFERSON,,,DRESDEN,AVE,,US0060A,TAYLOR,,,,,38.197001767,-85.782921559,0.001,8/9/2019 12:00:00 AM,1636,2,2,0,0,CLEAR,DRY,False,ANGLE COLLISION - OTHER,ANGLE,STRAIGHT & LEVEL,DAYLIGHT,,,8/12/2019 8:55:30 AM,False,7422,Accepted,
25449468,0568000,LOUISVILLE METRO POLICE DEPT,Accepted,JEFFERSON,,,7TH,ST,S,,HILL,,,,,38.226765159,-85.768960965,0.656,8/9/2019 12:00:00 AM,0505,2,2,0,0,CLEAR,DRY,False,ANGLE COLLISION - OTHER,ANGLE,STRAIGHT & HILLCREST,DARK-HWY LIGHTED/ON,,,8/9/2019 8:28:56 AM,False,7426,Accepted,
25459877,0568000,LOUISVILLE METRO POLICE DEPT,Accepted,JEFFERSON,,,PETERSBURG,RD,,,INDIAN,,,,,38.184636104,-85.665444364,0.474,8/9/2019 12:00:00 AM,1602,2,2,0,0,CLEAR,DRY,False,ANGLE COLLISION - OTHER,ANGLE,STRAIGHT & LEVEL,DAYLIGHT,,,8/12/2019 8:54:44 AM,False,7121,Accepted,
25459894,0568000,LOUISVILLE METRO POLICE DEPT,Accepted,JEFFERSON,,,34TH,ST,S,,VIRGINIA,,,,,38.239019019,-85.810277948,1.632,8/9/2019 12:00:00 AM,1258,4,4,0,2,CLEAR,DRY,False,ANGLE COLLISION - OTHER,ANGLE,STRAIGHT & LEVEL,DAYLIGHT,,,8/12/2019 8:56:10 AM,False,5229,Accepted,
25459871,0568000,LOUISVILLE METRO POLICE DEPT,Accepted,JEFFERSON,,,PARK,BLVD,,,CRITTENDEN,,,,,38.192209471,-85.755106718,0.002,8/9/2019 12:00:00 AM,1400,2,2,0,0,CLEAR,DRY,False,ANGLE COLLISION - OTHER,ANGLE,STRAIGHT & LEVEL,DAYLIGHT,,,8/12/2019 8:54:17 AM,False,7398,Accepted,
25459878,0568000,LOUISVILLE METRO POLICE DEPT,Accepted,JEFFERSON,US0150,,BROADWAY,,E,KY0864,SHELBY,,,,,38.244645673,-85.739547453,3.402,8/9/2019 12:00:00 AM,1733,2,2,0,1,CLEAR,DRY,False,ANGLE COLLISION - OTHER,ANGLE,STRAIGHT & LEVEL,DAYLIGHT,,,8/12/2019 8:54:48 AM,False,7377,Accepted,
25465852,0568000,LOUISVILLE METRO POLICE DEPT,Accepted,JEFFERSON,,,CHESTNUT,ST,W,US0031W,DR W J HODGE,,,,,38.252068210,-85.786031568,0.818,8/9/2019 12:00:00 AM,1547,2,2,0,4,CLEAR,DRY,False,ANGLE COLLISION - OTHER,ANGLE,STRAIGHT & LEVEL,DAYLIGHT,,,8/13/2019 8:26:51 AM,False,7805,Accepted,
25460025,0568000,LOUISVILLE METRO POLICE DEPT,Accepted,JEFFERSON,,,CENTRAL,AVE,,,RODMAN,,,,,38.205705731,-85.770525121,0.715,8/9/2019 12:00:00 AM,2030,2,2,0,0,CLEAR,DRY,False,REAR END - ONE VEHICLE TURNING LEFT,REAR END,STRAIGHT & LEVEL,DAYLIGHT,,,8/12/2019 9:06:13 AM,False,5175,Accepted,
25459867,0568000,LOUISVILLE METRO POLICE DEPT,Accepted,JEFFERSON,I 0065,,,,,KY1747,FERN VALLEY,,,,,38.157428966,-85.716307829,0.484,8/9/2019 12:00:00 AM,0947,2,2,0,0,CLEAR,DRY,False,REAR END - ONE VEHICLE TURNING RIGHT,REAR END,CURVE & HILLCREST,DAYLIGHT,,,8/12/2019 8:54:13 AM,False,7669,Accepted,
25459948,0568000,LOUISVILLE METRO POLICE DEPT,Accepted,JEFFERSON,,,MUD,LN,,,ANTONIA,,,,,38.092387258,-85.670544993,0.090,8/9/2019 12:00:00 AM,2335,2,2,0,0,CLEAR,DRY,False,ANGLE COLLISION - ONE VEHICLE TURNING LEFT,ANGLE,STRAIGHT & LEVEL,DARK-HWY NOT LIGHTED,,,8/12/2019 8:59:26 AM,False,5011,Accepted,
25459858,0568000,LOUISVILLE METRO POLICE DEPT,Accepted,JEFFERSON,KY3064,,PORTLAND,AVE,,US0150,22ND,,,,,38.268221548,-85.782312968,0.012,8/9/2019 12:00:00 AM,1248,1,1,0,1,CLEAR,DRY,False,COLLISION WITH FIXED OBJECT IN INTERSECTION - FIRST EVENT COLLISION 09 - 32,SINGLE VEHICLE,STRAIGHT & LEVEL,DAYLIGHT,,,8/12/2019 8:53:57 AM,False,7361,Accepted,
25459845,0568000,LOUISVILLE METRO POLICE DEPT,Accepted,JEFFERSON,US0031E,,BARDSTOWN,RD,,,FEGENBUSH,,,,,38.186738935,-85.636897798,9.373,8/9/2019 12:00:00 AM,1437,1,1,0,1,CLOUDY,DRY,False,COLLISION WITH FIXED OBJECT IN INTERSECTION - FIRST EVENT COLLISION 09 - 32,SINGLE VEHICLE,STRAIGHT & GRADE,DAYLIGHT,,,8/12/2019 8:52:59 AM,False,7294,Accepted,
25502656,0568000,LOUISVILLE METRO POLICE DEPT,Accepted,JEFFERSON,US0031W,,2ND,ST,S,US0031E,MARKET,,,,,38.254872000,-85.753545955,22.035,8/9/2019 12:00:00 AM,1142,3,1,0,2,CLEAR,DRY,False,COLLISION WITH PEDESTRIAN IN INTERSECTION,SINGLE VEHICLE,STRAIGHT & LEVEL,DAYLIGHT,,,8/19/2019 8:52:16 AM,False,7840,Accepted,