IncidentID,AgencyORI,AgencyName,IncidentStatusDesc,County,RdwyNumber,Street,RoadwayName,StreetSfx,StreetDir,IntersectionRdwy,IntersectionRdwyName,BetweenStRdwy1,BetweenStRdwyName1,BetweenStRdwy2,BetweenStRdwyName2,Latitude,Longitude,Milepoint,CollisionDate,CollisionTime,UnitsInvolved,MotorVehiclesInvolved,NumberKilled,NumberInjured,Weather,RdwyConditionCode,HitandRun,DirAnalysisCode,MannerofCollision,RdwyCharacter,LightCondition,RampFromRdwyId,RampToRdwyId,AcceptedDate,IsSecondaryCollision,OwnerBadge,IncidentStatus,
25459999,0568000,LOUISVILLE METRO POLICE DEPT,Accepted,JEFFERSON,KY1932,,BRECKENRIDGE,LN,,,MANNER DALE,,,,,38.202598104,-85.622404090,1.498,8/9/2019 12:00:00 AM,1540,2,2,0,2,CLEAR,DRY,False,ANGLE COLLISION - OTHER,ANGLE,CURVE & LEVEL,DAYLIGHT,,,8/12/2019 9:03:11 AM,False,7482,Accepted,
25459949,0568000,LOUISVILLE METRO POLICE DEPT,Accepted,JEFFERSON,,,LIBERTY,ST,E,,BROOK,,,,,38.252354708,-85.750629826,0.086,8/9/2019 12:00:00 AM,2350,2,2,0,1,CLEAR,DRY,True,ANGLE COLLISION - OTHER,ANGLE,STRAIGHT & LEVEL,DARK-HWY LIGHTED/ON,,,8/12/2019 8:59:32 AM,False,7325,Accepted,
25449494,0568000,LOUISVILLE METRO POLICE DEPT,Accepted,JEFFERSON,,,ZORN,AVE,,,CLEVELAND,,,,,38.266670656,-85.690587317,0.873,8/9/2019 12:00:00 AM,0734,2,2,0,0,CLEAR,DRY,False,ANGLE COLLISION - OTHER,ANGLE,STRAIGHT & GRADE,DAYLIGHT,,,8/9/2019 8:32:52 AM,False,7028,Accepted,
25459875,0568000,LOUISVILLE METRO POLICE DEPT,Accepted,JEFFERSON,,,CENTRAL,AVE,,,UTAH,,,,,38.209630658,-85.778769815,1.295,8/9/2019 12:00:00 AM,1415,2,2,0,1,CLEAR,DRY,False,ANGLE COLLISION - OTHER,ANGLE,STRAIGHT & LEVEL,DAYLIGHT,,,8/12/2019 8:54:34 AM,False,7402,Accepted,
25459882,0568000,LOUISVILLE METRO POLICE DEPT,Accepted,JEFFERSON,US0031E,,BARDSTOWN,RD,,,DOUGLASS,,,,,38.224557684,-85.693978697,13.641,8/9/2019 12:00:00 AM,1141,4,4,0,1,CLEAR,DRY,False,ANGLE COLLISION - OTHER,ANGLE,CURVE & LEVEL,DAYLIGHT,,,8/12/2019 8:55:03 AM,False,7243,Accepted,
25459890,0568000,LOUISVILLE METRO POLICE DEPT,Accepted,JEFFERSON,,,7TH,ST,S,,JEFFERSON,,,,,38.254384045,-85.761982204,2.574,8/9/2019 12:00:00 AM,1507,3,3,0,0,CLEAR,DRY,False,ANGLE COLLISION - OTHER,ANGLE,STRAIGHT & LEVEL,DAYLIGHT,,,8/12/2019 8:55:50 AM,False,7386,Accepted,
25449378,0568000,LOUISVILLE METRO POLICE DEPT,Accepted,JEFFERSON,,,FURMAN,BLVD,,,ALLISON,,,,,38.212671614,-85.640080369,0.693,8/8/2019 12:00:00 AM,1408,2,2,0,0,CLEAR,DRY,False,ANGLE COLLISION - OTHER,ANGLE,STRAIGHT & LEVEL,DAYLIGHT,,,8/9/2019 8:23:35 AM,False,7864,Accepted,
25449472,0568000,LOUISVILLE METRO POLICE DEPT,Accepted,JEFFERSON,,,JEFFERSON,ST,W,,8TH,,,,,38.254564273,-85.763625068,0.636,8/8/2019 12:00:00 AM,1702,2,2,0,0,CLEAR,DRY,False,ANGLE COLLISION - OTHER,ANGLE,STRAIGHT & LEVEL,DAYLIGHT,,,8/9/2019 8:29:14 AM,False,5124,Accepted,
25449419,0568000,LOUISVILLE METRO POLICE DEPT,Accepted,JEFFERSON,,,SMYRNA,PKWY,,,APPLEGATE,,,,,38.131585041,-85.642513764,0.439,8/8/2019 12:00:00 AM,1351,2,2,0,0,CLOUDY,DRY,False,ANGLE COLLISION - OTHER,ANGLE,STRAIGHT & HILLCREST,DAYLIGHT,,,8/9/2019 8:26:37 AM,False,4693,Accepted,
25460374,0568000,LOUISVILLE METRO POLICE DEPT,Accepted,JEFFERSON,US0060A,,EASTERN,PKWY,,,LYDIA,,,,,38.220709313,-85.733200482,5.240,8/8/2019 12:00:00 AM,1500,2,2,0,1,CLEAR,DRY,False,ANGLE COLLISION - OTHER,ANGLE,STRAIGHT & LEVEL,DAYLIGHT,,,8/12/2019 9:21:37 AM,False,7116,Accepted,
25654781,0568000,LOUISVILLE METRO POLICE DEPT,Accepted,JEFFERSON,I 0071,,I71 S,,,I 0071,I71 S EXIT9A RAMP TO I265 W,,,,,38.314033042,-85.584148531,8.948,8/8/2019 12:00:00 AM,1509,1,1,1,0,CLEAR,DRY,False,COLLISION WITH FIXED OBJECT IN INTERSECTION - FIRST EVENT COLLISION 09 - 32,SINGLE VEHICLE,STRAIGHT & LEVEL,DAYLIGHT,,,9/18/2019 8:43:24 AM,False,7764,Accepted,
25449361,0568000,LOUISVILLE METRO POLICE DEPT,Accepted,JEFFERSON,,,HEATHER,LN,,,ROWENA,,,,,38.206571024,-85.664867467,0.113,8/8/2019 12:00:00 AM,1255,2,2,0,0,CLEAR,DRY,False,COLLISION WITH PARKED VEHICLE,BACKING,STRAIGHT & LEVEL,DAYLIGHT,,,8/9/2019 8:22:25 AM,False,5119,Accepted,
25449409,0568000,LOUISVILLE METRO POLICE DEPT,Accepted,JEFFERSON,,,CAMP,ST,,KY0061,JACKSON,,,,,38.231732182,-85.747920619,0.182,8/8/2019 12:00:00 AM,1500,2,2,0,3,CLEAR,DRY,False,ANGLE COLLISION - OTHER,ANGLE,STRAIGHT & LEVEL,DAYLIGHT,,,8/9/2019 8:25:30 AM,False,7116,Accepted,
25449416,0568000,LOUISVILLE METRO POLICE DEPT,Accepted,JEFFERSON,,,15TH,ST,S,US0031W,MARKET,,,,,38.257238158,-85.774973312,2.212,8/8/2019 12:00:00 AM,1804,2,2,0,1,CLEAR,DRY,False,ANGLE COLLISION - OTHER,ANGLE,STRAIGHT & LEVEL,DAYLIGHT,,,8/9/2019 8:26:16 AM,False,7463,Accepted,
25449423,0568000,LOUISVILLE METRO POLICE DEPT,Accepted,JEFFERSON,KY1020,,2ND,ST,S,,HILL,,,,,38.225656257,-85.758627795,10.692,8/8/2019 12:00:00 AM,1401,2,2,0,0,CLEAR,DRY,False,ANGLE COLLISION - OTHER,ANGLE,STRAIGHT & LEVEL,DAYLIGHT,,,8/9/2019 8:26:53 AM,False,7495,Accepted,
25449399,0568000,LOUISVILLE METRO POLICE DEPT,Accepted,JEFFERSON,KY1865,,TAYLOR,BLVD,,,ASHLAND,,,,,38.186688896,-85.783831130,5.533,8/8/2019 12:00:00 AM,0700,2,2,0,0,CLEAR,DRY,True,ANGLE COLLISION - OTHER,ANGLE,STRAIGHT & LEVEL,DAYLIGHT,,,8/9/2019 8:24:35 AM,False,7286,Accepted,
25449449,0568000,LOUISVILLE METRO POLICE DEPT,Accepted,JEFFERSON,US0060A,,BERRY,BLVD,,,GEORGETOWN,,,,,38.196622081,-85.793330570,0.897,8/8/2019 12:00:00 AM,2230,2,2,0,0,CLEAR,DRY,False,ANGLE COLLISION - OTHER,ANGLE,STRAIGHT & LEVEL,DARK-HWY LIGHTED/ON,,,8/9/2019 8:28:23 AM,False,7435,Accepted,
25449465,0568000,LOUISVILLE METRO POLICE DEPT,Accepted,JEFFERSON,,,BLUEGRASS,AVE,,,6TH,,,,,38.179177197,-85.773518700,1.381,8/8/2019 12:00:00 AM,0955,2,2,0,0,CLEAR,DRY,False,ANGLE COLLISION - OTHER,ANGLE,STRAIGHT & LEVEL,DAYLIGHT,,,8/9/2019 8:28:46 AM,False,7207,Accepted,
25707585,0568000,LOUISVILLE METRO POLICE DEPT,Accepted,JEFFERSON,,,1ST,ST,S,,WELLINGTON,,,,,38.183519944,-85.762406146,3.695,8/8/2019 12:00:00 AM,0458,2,2,0,0,CLEAR,DRY,False,ANGLE COLLISION - OTHER,ANGLE,STRAIGHT & LEVEL,DARK-HWY LIGHTED/ON,,,9/30/2019 9:34:03 AM,False,5139,Accepted,
25449470,0568000,LOUISVILLE METRO POLICE DEPT,Accepted,JEFFERSON,US0031E,,BARDSTOWN,RD,,,DEER PARK,,,,,38.228937438,-85.701807594,14.173,8/8/2019 12:00:00 AM,1339,2,2,0,0,CLEAR,DRY,False,OPPOSING LEFT TURN,OPPOSING LEFT TURN,STRAIGHT & LEVEL,DAYLIGHT,,,8/9/2019 8:29:10 AM,False,7740,Accepted,
25449402,0568000,LOUISVILLE METRO POLICE DEPT,Accepted,JEFFERSON,,,WATTERSON,TRL,,,HENDRIK,,,,,38.183223411,-85.608007758,1.004,8/8/2019 12:00:00 AM,1647,2,2,0,0,CLEAR,DRY,False,OPPOSING LEFT TURN,OPPOSING LEFT TURN,STRAIGHT & LEVEL,DAYLIGHT,,,8/9/2019 8:24:55 AM,False,7307,Accepted,
25449418,0568000,LOUISVILLE METRO POLICE DEPT,Accepted,JEFFERSON,KY1065,,OUTER,LOOP,,I 0065,I65 S EXIT127 OFF RAMP TO KY1065,,,,,38.136422487,-85.714210868,4.520,8/8/2019 12:00:00 AM,1852,2,2,0,0,CLEAR,DRY,False,REAR END - ONE VEHICLE TURNING RIGHT,REAR END,STRAIGHT & LEVEL,DAYLIGHT,,,8/9/2019 8:26:28 AM,False,7016,Accepted,
25449475,0568000,LOUISVILLE METRO POLICE DEPT,Accepted,JEFFERSON,KY0155,,TAYLORSVILLE,RD,,,WALLACE,,,,,38.223338159,-85.683547744,16.474,8/8/2019 12:00:00 AM,1128,2,2,0,0,CLEAR,DRY,False,VEHICLE BACKING IN INTERSECTION,BACKING,STRAIGHT & LEVEL,DAYLIGHT,,,8/9/2019 8:29:22 AM,False,7740,Accepted,
25449364,0568000,LOUISVILLE METRO POLICE DEPT,Accepted,JEFFERSON,KY1865,,TAYLOR,BLVD,,,ASHLAND,,,,,38.186819215,-85.783778331,5.542,8/8/2019 12:00:00 AM,1144,2,2,0,0,CLOUDY,DRY,False,SIDESWIPE-SAME DIRECTION,SIDESWIPE-SAME DIRECTION,STRAIGHT & LEVEL,DAYLIGHT,,,8/9/2019 8:22:33 AM,False,5221,Accepted,
25471250,0568000,LOUISVILLE METRO POLICE DEPT,Accepted,JEFFERSON,,,DIXIE,HWY,,,DUMESNIL,,,,,38.236325409,-85.787249183,0.908,8/8/2019 12:00:00 AM,1817,2,2,0,0,CLEAR,DRY,False,OTHER INTERSECTION COLLISIONS,REAR END,STRAIGHT & LEVEL,DAYLIGHT,,,8/14/2019 8:43:20 AM,False,7363,Accepted,
25481363,0568000,LOUISVILLE METRO POLICE DEPT,Accepted,JEFFERSON,KY0155,,TAYLORSVILLE,RD,,KY1932,BRECKENRIDGE,,,,,38.220195252,-85.630543774,13.590,8/8/2019 12:00:00 AM,1723,2,2,0,0,CLEAR,DRY,True,OTHER INTERSECTION COLLISIONS,REAR END,STRAIGHT & LEVEL,DAYLIGHT,,,8/16/2019 8:37:21 AM,False,2429,Accepted,
25465843,0568000,LOUISVILLE METRO POLICE DEPT,Accepted,JEFFERSON,US0031E,,BARDSTOWN,RD,,,WATTERSON,,,,,38.178868450,-85.622558042,8.417,8/8/2019 12:00:00 AM,1640,2,2,0,0,CLEAR,DRY,False,OTHER INTERSECTION COLLISIONS,REAR END,STRAIGHT & LEVEL,DAYLIGHT,,,8/13/2019 8:26:16 AM,False,5119,Accepted,
25481210,0568000,LOUISVILLE METRO POLICE DEPT,Accepted,JEFFERSON,,,9TH,ST,S,US0150,BROADWAY,,,,,38.246816249,-85.766400168,0.014,8/8/2019 12:00:00 AM,2200,2,2,0,0,CLEAR,DRY,True,OTHER INTERSECTION COLLISIONS,REAR END,STRAIGHT & LEVEL,DARK-HWY LIGHTED/ON,,,8/16/2019 8:22:30 AM,False,2403,Accepted,
25449368,0568000,LOUISVILLE METRO POLICE DEPT,Accepted,JEFFERSON,KY1703,1735,NEWBURG,RD,,,DEER PARK,,,,,38.224993734,-85.712103644,4.445,8/8/2019 12:00:00 AM,1103,1,1,0,0,CLEAR,DRY,True,OTHER INTERSECTION COLLISIONS,SINGLE VEHICLE,STRAIGHT & LEVEL,DAYLIGHT,,,8/9/2019 8:22:47 AM,False,2100,Accepted,
25449424,0568000,LOUISVILLE METRO POLICE DEPT,Accepted,JEFFERSON,US0060A,,WINKLER,AVE,,KY2054,ALGONQUIN,,,,,38.210895953,-85.769490617,2.774,8/8/2019 12:00:00 AM,1636,2,2,0,0,CLEAR,DRY,False,OTHER INTERSECTION COLLISIONS,REAR END,STRAIGHT & LEVEL,DAYLIGHT,,,8/9/2019 8:26:57 AM,False,7207,Accepted,
25449451,0568000,LOUISVILLE METRO POLICE DEPT,Accepted,JEFFERSON,KY1932,,BRECKENRIDGE,LN,,,HIKES,,,,,38.218147417,-85.628585927,2.695,8/8/2019 12:00:00 AM,2019,2,2,0,0,CLEAR,DRY,False,OTHER INTERSECTION COLLISIONS,REAR END,STRAIGHT & LEVEL,DAYLIGHT,,,8/9/2019 8:28:26 AM,False,5019,Accepted,
25449432,0568000,LOUISVILLE METRO POLICE DEPT,Accepted,JEFFERSON,,,FLOYD,ST,S,,ST CATHERINE,,,,,38.236775668,-85.751261929,1.316,8/8/2019 12:00:00 AM,1121,2,2,0,0,CLEAR,DRY,False,OTHER INTERSECTION COLLISIONS,REAR END,STRAIGHT & LEVEL,DAYLIGHT,,,8/9/2019 8:27:42 AM,False,7390,Accepted,
25449426,0568000,LOUISVILLE METRO POLICE DEPT,Accepted,JEFFERSON,,,ROY WILKINS,AVE,,US0031W,MARKET,,,,,38.256028720,-85.765251036,0.109,8/8/2019 12:00:00 AM,1825,2,2,0,0,CLEAR,DRY,False,OTHER INTERSECTION COLLISIONS,REAR END,STRAIGHT & LEVEL,DAYLIGHT,,,8/9/2019 8:27:05 AM,False,7969,Accepted,
25449398,0568000,LOUISVILLE METRO POLICE DEPT,Accepted,JEFFERSON,,,16TH,ST,S,,JEFFERSON,,,,,38.256065983,-85.776859283,0.191,8/8/2019 12:00:00 AM,1710,2,2,0,0,CLEAR,DRY,False,SIDESWIPE-SAME DIRECTION,SIDESWIPE-SAME DIRECTION,STRAIGHT & LEVEL,DAYLIGHT,,,8/9/2019 8:24:31 AM,False,7220,Accepted,
25449410,0568000,LOUISVILLE METRO POLICE DEPT,Accepted,JEFFERSON,,,JEFFERSON,ST,E,,BROOK,,,,,38.253184097,-85.750398955,0.955,8/8/2019 12:00:00 AM,1254,2,2,0,0,CLEAR,DRY,False,SIDESWIPE-SAME DIRECTION,SIDESWIPE-SAME DIRECTION,CURVE & LEVEL,DAYLIGHT,,,8/9/2019 8:25:47 AM,False,5256,Accepted,
25449441,0568000,LOUISVILLE METRO POLICE DEPT,Accepted,JEFFERSON,US0150,,BROADWAY,,E,,HANCOCK,,,,,38.244932326,-85.743569949,3.185,8/8/2019 12:00:00 AM,1751,2,2,0,1,CLEAR,DRY,True,SIDESWIPE-SAME DIRECTION,SIDESWIPE-SAME DIRECTION,STRAIGHT & LEVEL,DAYLIGHT,,,8/9/2019 8:28:15 AM,False,5124,Accepted,
25449393,0568000,LOUISVILLE METRO POLICE DEPT,Accepted,JEFFERSON,,3100,CHAMBERLAIN,LN,,,,,,,,38.287920684,-85.524013600,0.722,8/8/2019 12:00:00 AM,1022,2,2,0,0,CLEAR,DRY,False,COLLISION WITH FIXED OBJECT NON - INTERSECTION - FIRST EVENT COLLISION 09 - 32 EXCLUDING 16,ANGLE,STRAIGHT & GRADE,DAYLIGHT,,,8/9/2019 8:24:13 AM,False,6532,Accepted,
25449415,0568000,LOUISVILLE METRO POLICE DEPT,Accepted,JEFFERSON,KY1934,,CANE RUN,RD,,,,,,,,38.189200741,-85.850280093,8.188,8/8/2019 12:00:00 AM,2355,1,1,0,0,CLEAR,DRY,False,COLLISION WITH FIXED OBJECT NON - INTERSECTION - FIRST EVENT COLLISION 09 - 32 EXCLUDING 16,SINGLE VEHICLE,STRAIGHT & LEVEL,DARK-HWY LIGHTED/OFF,,,8/9/2019 8:26:12 AM,False,7437,Accepted,
25449369,0568000,LOUISVILLE METRO POLICE DEPT,Accepted,JEFFERSON,I 0065,,I65 N,,,,,,,,,38.202979119,-85.737733864,131.742,8/8/2019 12:00:00 AM,1043,1,1,0,0,CLEAR,DRY,False,COLLISION WITH NON-FIXED OBJECT ,SINGLE VEHICLE,CURVE & LEVEL,DAYLIGHT,,,8/9/2019 8:22:50 AM,False,4903,Accepted,
25502507,0568000,LOUISVILLE METRO POLICE DEPT,Accepted,JEFFERSON,KY1865,,TAYLOR,BLVD,,,BICKNELL,,,,,38.183117349,-85.783755119,5.286,8/8/2019 12:00:00 AM,1200,2,2,0,0,CLEAR,DRY,True,OTHER INTERSECTION COLLISIONS,REAR END,STRAIGHT & LEVEL,DAYLIGHT,,,8/19/2019 8:39:41 AM,False,7251,Accepted,
25449463,0568000,LOUISVILLE METRO POLICE DEPT,Accepted,JEFFERSON,,,1ST,ST,S,,ST CATHERINE,,,,,38.236996309,-85.754995374,1.328,8/8/2019 12:00:00 AM,0758,2,2,0,0,CLEAR,DRY,False,OTHER INTERSECTION COLLISIONS,REAR END,STRAIGHT & LEVEL,DAYLIGHT,,,8/9/2019 8:28:39 AM,False,7495,Accepted,
25459965,0568000,LOUISVILLE METRO POLICE DEPT,Accepted,JEFFERSON,US0031E,,BAXTER,AVE,,US0150,BROADWAY,,,,,38.243785056,-85.727026710,15.905,8/8/2019 12:00:00 AM,2226,3,3,0,0,CLEAR,DRY,True,OTHER INTERSECTION COLLISIONS,REAR END,STRAIGHT & GRADE,DARK-HWY LIGHTED/ON,,,8/12/2019 9:01:27 AM,False,7376,Accepted,
25449404,0568000,LOUISVILLE METRO POLICE DEPT,Accepted,JEFFERSON,KY1703,,NEWBURG,RD,,,INDIAN,,,,,38.184919434,-85.665701995,0.527,8/8/2019 12:00:00 AM,1459,2,2,0,0,CLEAR,DRY,False,OTHER INTERSECTION COLLISIONS,REAR END,STRAIGHT & LEVEL,DAYLIGHT,,,8/9/2019 8:25:04 AM,False,5191,Accepted,
25444106,0568000,LOUISVILLE METRO POLICE DEPT,Accepted,JEFFERSON,KY1065,,OUTER,LOOP,,KY1865,NEW CUT,,,,,38.126415064,-85.775924767,1.018,8/8/2019 12:00:00 AM,0115,2,2,0,0,CLEAR,DRY,True,OTHER INTERSECTION COLLISIONS,REAR END,STRAIGHT & GRADE,OTHER,,,8/8/2019 8:27:33 AM,False,2600,Accepted,
25449381,0568000,LOUISVILLE METRO POLICE DEPT,Accepted,JEFFERSON,KY0841,,GENE SNYDER,FWY,,,,,,,,38.116519594,-85.732420937,8.518,8/8/2019 12:00:00 AM,0549,2,2,0,0,CLEAR,DRY,False,REAR END IN TRAFFIC LANES BOTH VEHICLES MOVING,REAR END,STRAIGHT & LEVEL,DARK-HWY LIGHTED/ON,,,8/9/2019 8:23:46 AM,False,7474,Accepted,
25449394,0568000,LOUISVILLE METRO POLICE DEPT,Accepted,JEFFERSON,,,BELLAMY,PL,,,,,,,,38.225484590,-85.768028089,,8/8/2019 12:00:00 AM,1813,2,2,0,0,CLEAR,DRY,False,REAR END IN TRAFFIC LANES BOTH VEHICLES MOVING,REAR END,STRAIGHT & LEVEL,DAYLIGHT,,,8/9/2019 8:24:16 AM,False,5237,Accepted,
25449464,0568000,LOUISVILLE METRO POLICE DEPT,Accepted,JEFFERSON,I 0064,,I64 E,,,,,,,,,38.223244945,-85.524694336,17.945,8/8/2019 12:00:00 AM,1821,2,2,0,0,CLEAR,DRY,False,REAR END IN TRAFFIC LANES BOTH VEHICLES MOVING,REAR END,STRAIGHT & LEVEL,DAYLIGHT,,,8/9/2019 8:28:43 AM,False,7912,Accepted,
25449395,0568000,LOUISVILLE METRO POLICE DEPT,Accepted,JEFFERSON,KY0061,,PRESTON,HWY,,,,,,,,38.161062048,-85.699374667,5.677,8/8/2019 12:00:00 AM,0214,2,2,0,0,CLEAR,DRY,False,REAR END IN TRAFFIC LANES BOTH VEHICLES MOVING,REAR END,STRAIGHT & GRADE,DAYLIGHT,,,8/9/2019 8:24:19 AM,False,5130,Accepted,
25449396,0568000,LOUISVILLE METRO POLICE DEPT,Accepted,JEFFERSON,I 0064,,I64 W,,,,,,,,,38.235987168,-85.641402664,11.244,8/8/2019 12:00:00 AM,1735,2,2,0,0,CLEAR,DRY,False,REAR END IN TRAFFIC LANES BOTH VEHICLES MOVING,REAR END,STRAIGHT & LEVEL,DAYLIGHT,,,8/9/2019 8:24:22 AM,False,7628,Accepted,
25449478,0568000,LOUISVILLE METRO POLICE DEPT,Accepted,JEFFERSON,I 0265,,I265 E,,,,,,,,,38.112356222,-85.692080380,10.787,8/8/2019 12:00:00 AM,1733,2,2,0,0,CLEAR,DRY,False,REAR END IN TRAFFIC LANES BOTH VEHICLES MOVING,REAR END,STRAIGHT & LEVEL,DAYLIGHT,,,8/9/2019 8:29:32 AM,False,7755,Accepted,
25449421,0568000,LOUISVILLE METRO POLICE DEPT,Accepted,JEFFERSON,,,ASH,ST,,,,,WETTERAU,,TEXAS,38.224581644,-85.733693876,0.180,8/8/2019 12:00:00 AM,1838,2,2,0,0,CLEAR,DRY,False,1 VEHICLE PARKED POSITION (NOT PARKING LOT/DRIVEWAY),SIDESWIPE-SAME DIRECTION,STRAIGHT & LEVEL,DAYLIGHT,,,8/9/2019 8:26:45 AM,False,5037,Accepted,
25444115,0568000,LOUISVILLE METRO POLICE DEPT,Accepted,JEFFERSON,KY1931,2201,7TH ST,RD,,,,,,,,38.218462917,-85.779111319,10.351,8/8/2019 12:00:00 AM,0616,2,2,0,0,CLEAR,DRY,True,1 VEHICLE PARKED POSITION (NOT PARKING LOT/DRIVEWAY),ANGLE,STRAIGHT & LEVEL,DAWN,,,8/8/2019 8:28:10 AM,False,7426,Accepted,
25459914,0568000,LOUISVILLE METRO POLICE DEPT,Accepted,JEFFERSON,I 0064,,I64 W,,,,,I 0064,I64 W EXIT12 RAMP TO I264 E,I 0064,I64 W EXIT15 ON RAMP TO KY1747,38.234289016,-85.612195401,12.912,8/8/2019 12:00:00 AM,1821,2,2,0,0,CLEAR,DRY,False,REAR END IN TRAFFIC LANES BOTH VEHICLES MOVING,REAR END,STRAIGHT & LEVEL,DAYLIGHT,,,8/12/2019 8:57:11 AM,False,6927,Accepted,
25449351,0568000,LOUISVILLE METRO POLICE DEPT,Accepted,JEFFERSON,I 0265,,I265 S,,,,,,,,,38.228885995,-85.505184290,25.872,8/8/2019 12:00:00 AM,0855,2,2,0,0,CLEAR,DRY,False,REAR END IN TRAFFIC LANES BOTH VEHICLES MOVING,REAR END,STRAIGHT & LEVEL,DAYLIGHT,,,8/9/2019 8:21:38 AM,False,4903,Accepted,
25449417,0568000,LOUISVILLE METRO POLICE DEPT,Accepted,JEFFERSON,I 0064,,I64 E,,,,,,,,,38.228522195,-85.594584213,14.124,8/8/2019 12:00:00 AM,1820,2,2,0,0,CLEAR,DRY,False,REAR END IN TRAFFIC LANES BOTH VEHICLES MOVING,REAR END,STRAIGHT & LEVEL,DAYLIGHT,,,8/9/2019 8:26:23 AM,False,7899,Accepted,
25449434,0568000,LOUISVILLE METRO POLICE DEPT,Accepted,JEFFERSON,KY1747,,FERN VALLEY,RD,,,,,,,,38.157809853,-85.719842263,0.680,8/8/2019 12:00:00 AM,1030,2,2,0,0,CLEAR,DRY,False,REAR END IN TRAFFIC LANES BOTH VEHICLES MOVING,REAR END,STRAIGHT & LEVEL,DAYLIGHT,,,8/9/2019 8:27:48 AM,False,4693,Accepted,
25449367,0568000,LOUISVILLE METRO POLICE DEPT,Accepted,JEFFERSON,I 0065,,I65 N,,,,,,,,,38.190989434,-85.729770515,130.789,8/8/2019 12:00:00 AM,1044,2,2,0,0,CLEAR,DRY,False,OTHER COLLISIONS ON SHOULDER,SIDESWIPE-SAME DIRECTION,STRAIGHT & GRADE,DAYLIGHT,,,8/9/2019 8:22:42 AM,False,2000,Accepted,
25465835,0568000,LOUISVILLE METRO POLICE DEPT,Accepted,JEFFERSON,I 0064,,,,,,,,,,,38.257088466,-85.741480762,0.066,8/8/2019 12:00:00 AM,1724,2,2,0,0,CLEAR,DRY,False,REAR END IN TRAFFIC LANES BOTH VEHICLES MOVING,REAR END,STRAIGHT & GRADE,DAYLIGHT,,,8/13/2019 8:25:40 AM,False,8278,Accepted,
25471270,0568000,LOUISVILLE METRO POLICE DEPT,Accepted,JEFFERSON,US0060A,,EASTERN,PKWY,,,,,DAHLIA,,CASTLEVALE,38.225175222,-85.724475676,5.861,8/8/2019 12:00:00 AM,1722,2,2,0,0,CLEAR,DRY,False,REAR END IN TRAFFIC LANES BOTH VEHICLES MOVING,REAR END,CURVE & GRADE,DAYLIGHT,,,8/14/2019 8:44:45 AM,False,2228,Accepted,
25449425,0568000,LOUISVILLE METRO POLICE DEPT,Accepted,JEFFERSON,,,SANFORD,AVE,,,BUECHEL BANK,,,,,38.182097778,-85.648331758,0.299,8/8/2019 12:00:00 AM,2109,2,2,0,0,CLEAR,DRY,False,HEAD-ON COLLISION,HEAD ON,STRAIGHT & LEVEL,DARK-HWY LIGHTED/ON,,,8/9/2019 8:27:01 AM,False,5207,Accepted,
25449352,0568000,LOUISVILLE METRO POLICE DEPT,Accepted,JEFFERSON,KY1447,,WESTPORT,RD,,,,,SHELBURN PARK,,TOWNE CENTER,38.295095078,-85.556464122,6.206,8/8/2019 12:00:00 AM,0900,2,2,0,0,CLEAR,DRY,False,SIDESWIPE COLLISION - SAME DIRECTION,SIDESWIPE-SAME DIRECTION,STRAIGHT & LEVEL,DAYLIGHT,,,8/9/2019 8:21:44 AM,False,2030,Accepted,
25449385,0568000,LOUISVILLE METRO POLICE DEPT,Accepted,JEFFERSON,KY1865,4008,TAYLOR,BLVD,,,,,,,,38.185998616,-85.783951608,5.485,8/8/2019 12:00:00 AM,1535,2,2,0,0,CLEAR,DRY,False,SIDESWIPE COLLISION - SAME DIRECTION,SIDESWIPE-SAME DIRECTION,STRAIGHT & LEVEL,DAYLIGHT,,,8/9/2019 8:23:57 AM,False,5237,Accepted,
25465854,0568000,LOUISVILLE METRO POLICE DEPT,Accepted,JEFFERSON,,,4TH,ST,S,,,,,,,38.229169715,-85.761354952,1.914,8/8/2019 12:00:00 AM,1800,2,2,0,0,CLEAR,DRY,False,SIDESWIPE COLLISION - SAME DIRECTION,SIDESWIPE-SAME DIRECTION,STRAIGHT & LEVEL,DAYLIGHT,,,8/13/2019 8:27:00 AM,False,7296,Accepted,
25481362,0568000,LOUISVILLE METRO POLICE DEPT,Accepted,JEFFERSON,KY1932,,BRECKENRIDGE,LN,,,,,COUNTRY ACRES,KY1932,KY1932 TURN LANE,38.182369068,-85.626496102,0.083,8/8/2019 12:00:00 AM,1624,2,2,0,0,CLEAR,DRY,False,SIDESWIPE COLLISION - SAME DIRECTION,SIDESWIPE-SAME DIRECTION,STRAIGHT & LEVEL,DAYLIGHT,,,8/16/2019 8:37:18 AM,False,2429,Accepted,
25449420,0568000,LOUISVILLE METRO POLICE DEPT,Accepted,JEFFERSON,,4116,GREENWOOD,AVE,,,,,,,,38.244163105,-85.820756151,1.939,8/8/2019 12:00:00 AM,2027,2,2,0,1,CLEAR,DRY,False,SIDESWIPE COLLISION - SAME DIRECTION,SIDESWIPE-SAME DIRECTION,STRAIGHT & LEVEL,DAYLIGHT,,,8/9/2019 8:26:42 AM,False,7349,Accepted,