IncidentID,AgencyORI,AgencyName,IncidentStatusDesc,County,RdwyNumber,Street,RoadwayName,StreetSfx,StreetDir,IntersectionRdwy,IntersectionRdwyName,BetweenStRdwy1,BetweenStRdwyName1,BetweenStRdwy2,BetweenStRdwyName2,Latitude,Longitude,Milepoint,CollisionDate,CollisionTime,UnitsInvolved,MotorVehiclesInvolved,NumberKilled,NumberInjured,Weather,RdwyConditionCode,HitandRun,DirAnalysisCode,MannerofCollision,RdwyCharacter,LightCondition,RampFromRdwyId,RampToRdwyId,AcceptedDate,IsSecondaryCollision,OwnerBadge,IncidentStatus,
25449412,0568000,LOUISVILLE METRO POLICE DEPT,Accepted,JEFFERSON,US0150,,BROADWAY,,W,,,,5TH,,6TH,38.246316568,-85.761620683,2.180,8/8/2019 12:00:00 AM,0843,2,2,0,0,CLEAR,DRY,False,SIDESWIPE COLLISION - SAME DIRECTION,SIDESWIPE-SAME DIRECTION,STRAIGHT & LEVEL,DAYLIGHT,,,8/9/2019 8:25:57 AM,False,2854,Accepted,
25457742,0560300,ST. MATTHEWS POLICE DEPARTMENT,Accepted,JEFFERSON,I 0264,,I264 E,,,,,,,,,38.232657371,-85.628237319,18.446,8/8/2019 12:00:00 AM,1659,2,2,0,0,CLEAR,DRY,True,SIDESWIPE COLLISION - SAME DIRECTION,SIDESWIPE-SAME DIRECTION,STRAIGHT & LEVEL,DAYLIGHT,,,8/11/2019 7:48:05 PM,False,9170,Accepted,
25449480,0568000,LOUISVILLE METRO POLICE DEPT,Accepted,JEFFERSON,I 0264,,I264 W,,,,,,,,,38.193642325,-85.710981935,13.148,8/8/2019 12:00:00 AM,1645,2,2,0,0,CLEAR,DRY,False,SIDESWIPE COLLISION - SAME DIRECTION,SIDESWIPE-SAME DIRECTION,STRAIGHT & LEVEL,DAYLIGHT,,,8/9/2019 8:29:38 AM,False,7243,Accepted,
25530259,0568000,LOUISVILLE METRO POLICE DEPT,Accepted,JEFFERSON,,,MARKWELL,LN,,,,,,,,38.089035199,-85.517292778,0.098,8/8/2019 12:00:00 AM,0916,2,2,0,0,CLEAR,DRY,False,SIDESWIPE COLLISION - OPPOSITE DIRECTION,SIDESWIPE-OPPOSITE DIRECTION,STRAIGHT & LEVEL,DAYLIGHT,,,8/22/2019 8:43:08 AM,False,7573,Accepted,
25459838,0568000,LOUISVILLE METRO POLICE DEPT,Accepted,JEFFERSON,KY0907,4960,VALLEY STATION,RD,,,,,,,,38.105829034,-85.849822883,0.964,8/8/2019 12:00:00 AM,1752,2,2,0,1,CLEAR,DRY,False,SIDESWIPE COLLISION - OPPOSITE DIRECTION,SIDESWIPE-OPPOSITE DIRECTION,STRAIGHT & LEVEL,DAYLIGHT,,,8/12/2019 8:52:21 AM,False,7232,Accepted,
25449380,0568000,LOUISVILLE METRO POLICE DEPT,Accepted,JEFFERSON,,,ALDER,AVE,,,,,,,,38.173148165,-85.715531360,0.186,8/8/2019 12:00:00 AM,0700,2,2,0,0,CLEAR,DRY,False,SIDESWIPE COLLISION - OPPOSITE DIRECTION,SIDESWIPE-OPPOSITE DIRECTION,STRAIGHT & GRADE,DAYLIGHT,,,8/9/2019 8:23:43 AM,False,5130,Accepted,
25449407,0568000,LOUISVILLE METRO POLICE DEPT,Accepted,JEFFERSON,US0150,,BROADWAY,,W,,,KY1020,2ND,KY1020,3RD,38.245846923,-85.755172333,2.554,8/8/2019 12:00:00 AM,1346,2,2,0,1,CLEAR,DRY,False,1 VEHICLE ENTERING/LEAVING ENTRANCE,ANGLE,STRAIGHT & LEVEL,DAYLIGHT,,,8/9/2019 8:25:16 AM,False,7463,Accepted,
25449408,0568000,LOUISVILLE METRO POLICE DEPT,Accepted,JEFFERSON,KY1931,,ST ANDREWS CHURCH,RD,,,,,,,,38.143506267,-85.837998129,3.260,8/8/2019 12:00:00 AM,1654,2,2,0,1,CLEAR,DRY,False,1 VEHICLE ENTERING/LEAVING ENTRANCE,ANGLE,STRAIGHT & LEVEL,DAYLIGHT,,,8/9/2019 8:25:25 AM,False,7234,Accepted,
25535719,0568000,LOUISVILLE METRO POLICE DEPT,Accepted,JEFFERSON,,3329,KENTUCKY,ST,W,,,,,,,38.244400335,-85.808304147,0.872,8/8/2019 12:00:00 AM,2042,2,2,0,0,CLEAR,DRY,False,1 VEHICLE ENTERING/LEAVING ENTRANCE,ANGLE,STRAIGHT & LEVEL,DUSK,,,8/23/2019 8:26:54 AM,False,7175,Accepted,
25459842,0568000,LOUISVILLE METRO POLICE DEPT,Accepted,JEFFERSON,US0031W,10717,DIXIE,HWY,,,,,,,,38.097700892,-85.872712071,7.875,8/8/2019 12:00:00 AM,1713,2,2,0,1,CLEAR,DRY,False,1 VEHICLE ENTERING/LEAVING ENTRANCE,ANGLE,STRAIGHT & LEVEL,DAYLIGHT,,,8/12/2019 8:52:42 AM,False,7232,Accepted,
25465879,0568000,LOUISVILLE METRO POLICE DEPT,Accepted,JEFFERSON,US0031W,,DIXIE,HWY,,,,,VESPER,KY0907,VALLEY STATION,38.107644652,-85.866717358,8.634,8/8/2019 12:00:00 AM,1921,2,2,0,0,CLEAR,DRY,False,OTHER ROADWAY OR MID-BLOCK COLLISION,REAR END,STRAIGHT & LEVEL,DAYLIGHT,,,8/13/2019 8:28:32 AM,False,7166,Accepted,
25449476,0568000,LOUISVILLE METRO POLICE DEPT,Accepted,JEFFERSON,US0031E,,BUECHEL,BYP,,,,,,,,38.198380235,-85.661188279,10.981,8/8/2019 12:00:00 AM,1718,3,3,0,0,CLEAR,DRY,True,OTHER ROADWAY OR MID-BLOCK COLLISION,REAR END,STRAIGHT & LEVEL,DAYLIGHT,,,8/9/2019 8:29:27 AM,False,7864,Accepted,
25449427,0568000,LOUISVILLE METRO POLICE DEPT,Accepted,JEFFERSON,KY1747,,HURSTBOURNE,PKWY,S,,,,,,,38.168829563,-85.605059586,7.496,8/8/2019 12:00:00 AM,0550,2,2,0,0,CLEAR,DRY,False,OTHER ROADWAY OR MID-BLOCK COLLISION,REAR END,STRAIGHT & LEVEL,DARK-HWY LIGHTED/ON,,,8/9/2019 8:27:08 AM,False,5014,Accepted,
25449376,0568000,LOUISVILLE METRO POLICE DEPT,Accepted,JEFFERSON,US0031W,7561,DIXIE,HWY,,,,,,,,38.140531822,-85.841111518,11.433,8/8/2019 12:00:00 AM,1514,2,2,0,0,CLEAR,DRY,False,OTHER ROADWAY OR MID-BLOCK COLLISION,REAR END,STRAIGHT & LEVEL,DAYLIGHT,,,8/9/2019 8:23:22 AM,False,7723,Accepted,
25449383,0568000,LOUISVILLE METRO POLICE DEPT,Accepted,JEFFERSON,KY1934,,CANE RUN,RD,,,,KY2054,ALGONQUIN,,PENWAY,38.224299080,-85.809487180,11.491,8/8/2019 12:00:00 AM,1325,2,2,0,0,CLEAR,DRY,True,OTHER ROADWAY OR MID-BLOCK COLLISION,REAR END,STRAIGHT & LEVEL,DAYLIGHT,,,8/9/2019 8:23:54 AM,False,6860,Accepted,
25449391,0568000,LOUISVILLE METRO POLICE DEPT,Accepted,JEFFERSON,KY2052,6200,SHEPHERDSVILLE,RD,,,,,,,,38.161260228,-85.660046101,1.560,8/8/2019 12:00:00 AM,1552,2,2,0,1,CLEAR,DRY,False,OTHER ROADWAY OR MID-BLOCK COLLISION,OPPOSING LEFT TURN,STRAIGHT & LEVEL,DAYLIGHT,,,8/9/2019 8:24:10 AM,False,7307,Accepted,
25449459,0568000,LOUISVILLE METRO POLICE DEPT,Accepted,JEFFERSON,US0031E,114,MAIN,ST,E,,,,,,,38.255966058,-85.751061839,17.761,8/8/2019 12:00:00 AM,1729,2,2,0,0,CLEAR,DRY,True,COLLISION IN PARKING LOT,,STRAIGHT & LEVEL,DAYLIGHT,,,8/9/2019 8:28:36 AM,False,2764,Accepted,
25454003,0560600,WEST BUECHEL POLICE DEPT.,Accepted,JEFFERSON,,2100,BASHFORD MANOR,LN,,,,,,,,38.201028740,-85.668212997,0.242,8/8/2019 12:00:00 AM,1051,1,1,0,0,CLEAR,DRY,False,COLLISION IN PARKING LOT,SINGLE VEHICLE,STRAIGHT & LEVEL,DAYLIGHT,,,8/10/2019 1:12:32 PM,False,1264,Accepted,
25457741,0560300,ST. MATTHEWS POLICE DEPARTMENT,Accepted,JEFFERSON,US0060,5055,SHELBYVILLE,RD,,,,,,,,38.250339867,-85.623466831,5.310,8/8/2019 12:00:00 AM,1617,2,2,0,0,CLOUDY,DRY,False,COLLISION IN PARKING LOT,BACKING,STRAIGHT & LEVEL,DAYLIGHT,,,8/11/2019 7:48:02 PM,False,9158,Accepted,
25444128,0568000,LOUISVILLE METRO POLICE DEPT,Accepted,JEFFERSON,,,3RD,ST,S,,LANSING,,,,,38.191900859,-85.764902134,0.600,8/8/2019 12:00:00 AM,0305,4,2,0,1,CLEAR,DRY,True,COLLISION IN PARKING LOT,SIDESWIPE-OPPOSITE DIRECTION,STRAIGHT & LEVEL,DARK-HWY LIGHTED/ON,,,8/8/2019 8:28:52 AM,False,5127,Accepted,
25476281,0568000,LOUISVILLE METRO POLICE DEPT,Accepted,JEFFERSON,I 0065,,,,,,,,,,,38.113019934,-85.698827970,0.633,8/8/2019 12:00:00 AM,1746,2,2,0,0,CLEAR,DRY,False,OTHER RAMP RELATED COLLISIONS NOT LISTED ABOVE,REAR END,CURVE & LEVEL,DAYLIGHT,I 0065,I 0265,8/15/2019 8:35:12 AM,False,7243,Accepted,
25449473,0568000,LOUISVILLE METRO POLICE DEPT,Accepted,JEFFERSON,US0031E,,3RD,ST,S,,,US0031W,MAIN,US0031W,MARKET,38.255602421,-85.755018832,17.821,8/8/2019 12:00:00 AM,1541,2,2,0,1,CLEAR,DRY,False,OTHER ROADWAY OR MID-BLOCK COLLISION,REAR END,STRAIGHT & LEVEL,DAYLIGHT,,,8/9/2019 8:29:18 AM,False,2854,Accepted,
25449456,0568000,LOUISVILLE METRO POLICE DEPT,Accepted,JEFFERSON,KY1747,,HURSTBOURNE,PKWY,N,,,KY0022,BROWNSBORO,,SPRINGHURST,38.305060070,-85.577327193,18.406,8/8/2019 12:00:00 AM,1649,2,2,0,0,CLEAR,DRY,False,OTHER ROADWAY OR MID-BLOCK COLLISION,REAR END,STRAIGHT & LEVEL,DAYLIGHT,,,8/9/2019 8:28:32 AM,False,7751,Accepted,
25449469,0568000,LOUISVILLE METRO POLICE DEPT,Accepted,JEFFERSON,KY0146,,NEW LA GRANGE,RD,,,,US0060,SHELBYVILLE,,PARK,38.249859463,-85.615113508,0.008,8/8/2019 12:00:00 AM,1040,2,2,0,0,CLEAR,DRY,False,OTHER ROADWAY OR MID-BLOCK COLLISION,REAR END,CURVE & LEVEL,DAYLIGHT,,,8/9/2019 8:29:06 AM,False,7751,Accepted,
25449430,0568000,LOUISVILLE METRO POLICE DEPT,Accepted,JEFFERSON,KY0061,,PRESTON,HWY,,,,,,,,38.133776341,-85.684192340,3.619,8/8/2019 12:00:00 AM,1749,2,2,0,0,CLEAR,DRY,False,OTHER ROADWAY OR MID-BLOCK COLLISION,OPPOSING LEFT TURN,STRAIGHT & LEVEL,DAYLIGHT,,,8/9/2019 8:27:23 AM,False,4693,Accepted,
25444122,0568000,LOUISVILLE METRO POLICE DEPT,Accepted,JEFFERSON,KY1065,,OUTER,LOOP,,,,,,,,38.138467092,-85.685602261,6.114,8/7/2019 12:00:00 AM,1930,2,2,0,0,CLEAR,DRY,False,OTHER ROADWAY OR MID-BLOCK COLLISION,REAR END,STRAIGHT & LEVEL,DAYLIGHT,,,8/8/2019 8:28:29 AM,False,5198,Accepted,
25449403,0568000,LOUISVILLE METRO POLICE DEPT,Accepted,JEFFERSON,KY3084,,OLD HENRY,RD,,,,,,,,38.274190140,-85.490480438,1.799,8/7/2019 12:00:00 AM,0837,2,2,0,0,CLEAR,DRY,False,OTHER ROADWAY OR MID-BLOCK COLLISION,REAR END,CURVE & GRADE,DAYLIGHT,,,8/9/2019 8:25:00 AM,False,6532,Accepted,
25444048,0568000,LOUISVILLE METRO POLICE DEPT,Accepted,JEFFERSON,,,PEE WEE REESE,RD,,,,,SENECA PARK,,SENECA PARK,38.235564097,-85.674394536,1.060,8/7/2019 12:00:00 AM,1204,1,1,0,0,CLEAR,DRY,False,OTHER ROADWAY OR MID-BLOCK COLLISION,SINGLE VEHICLE,CURVE & HILLCREST,DAYLIGHT,,,8/8/2019 8:24:14 AM,False,7281,Accepted,
25444030,0568000,LOUISVILLE METRO POLICE DEPT,Accepted,JEFFERSON,I 0065,,I65 N,,,,,,,,,38.169387412,-85.720504129,129.122,8/7/2019 12:00:00 AM,0754,2,2,0,0,CLOUDY,DRY,False,OTHER ROADWAY OR MID-BLOCK COLLISION,REAR END,STRAIGHT & LEVEL,DAYLIGHT,,,8/8/2019 8:22:44 AM,False,4903,Accepted,
25444089,0568000,LOUISVILLE METRO POLICE DEPT,Accepted,JEFFERSON,US0031W,,DIXIE,HWY,,,,,,,,38.142228684,-85.840108484,11.586,8/7/2019 12:00:00 AM,1234,2,2,0,0,CLEAR,DRY,False,OTHER ROADWAY OR MID-BLOCK COLLISION,OPPOSING LEFT TURN,STRAIGHT & LEVEL,DAYLIGHT,,,8/8/2019 8:26:39 AM,False,6326,Accepted,
25449382,0568000,LOUISVILLE METRO POLICE DEPT,Accepted,JEFFERSON,I 0064,,,,,,,,,,,38.257881379,-85.723679002,0.126,8/7/2019 12:00:00 AM,1718,2,2,0,0,CLEAR,DRY,True,OTHER RAMP RELATED COLLISIONS NOT LISTED ABOVE,REAR END,CURVE & GRADE,DAYLIGHT,I 0064,STORY AVE,8/9/2019 8:23:50 AM,False,2764,Accepted,
25443216,0560400,SHIVELY POLICE DEPARTMENT,Accepted,JEFFERSON,US0031W,2500,DIXIE,HWY,,,,,,,,38.214544355,-85.796057651,17.084,8/7/2019 12:00:00 AM,1541,2,1,0,0,CLEAR,DRY,True,COLLISION IN PARKING LOT,SINGLE VEHICLE,,DAYLIGHT,,,8/8/2019 2:37:11 AM,False,7106,Accepted,
25444096,0568000,LOUISVILLE METRO POLICE DEPT,Accepted,JEFFERSON,US0031W,10713,DIXIE,HWY,,,,,,,,38.099731366,-85.871574822,8.028,8/7/2019 12:00:00 AM,1550,1,1,0,0,CLEAR,DRY,False,COLLISION IN PARKING LOT,SINGLE VEHICLE,STRAIGHT & LEVEL,DAYLIGHT,,,8/8/2019 8:26:57 AM,False,7234,Accepted,
25444108,0568000,LOUISVILLE METRO POLICE DEPT,Accepted,JEFFERSON,,,PLANTSIDE,DR,,,,,,,,38.210883387,-85.522708149,3.537,8/7/2019 12:00:00 AM,1526,2,2,0,0,CLEAR,DRY,True,COLLISION IN PARKING LOT,SIDESWIPE-SAME DIRECTION,,DAYLIGHT,,,8/8/2019 8:27:42 AM,False,6927,Accepted,
25444076,0568000,LOUISVILLE METRO POLICE DEPT,Accepted,JEFFERSON,,,LEXINGTON,RD,,,,,PAYNE,,COOPER,38.250887493,-85.725493012,0.467,8/7/2019 12:00:00 AM,1506,1,1,0,1,CLEAR,DRY,False,OTHER ROADWAY OR MID-BLOCK COLLISION,SINGLE VEHICLE,CURVE & GRADE,DAYLIGHT,,,8/8/2019 8:26:00 AM,False,7900,Accepted,
25444085,0568000,LOUISVILLE METRO POLICE DEPT,Accepted,JEFFERSON,KY1065,4800BLK,OUTER,LOOP,,,,,,,,38.137835998,-85.672369745,6.843,8/7/2019 12:00:00 AM,1434,3,3,0,0,CLEAR,DRY,False,OTHER ROADWAY OR MID-BLOCK COLLISION,REAR END,STRAIGHT & LEVEL,DAYLIGHT,,,8/8/2019 8:26:24 AM,False,7914,Accepted,
25445690,0563800,NORTHFIELD POLICE DEPARTMENT,Accepted,JEFFERSON,KY0022,,BROWNSBORO,RD,,,,,HOLIDAY MANOR,KY2050,HERR,38.283594992,-85.628578009,0.399,8/7/2019 12:00:00 AM,1730,2,2,0,0,CLEAR,DRY,False,OTHER ROADWAY OR MID-BLOCK COLLISION,REAR END,STRAIGHT & LEVEL,DAYLIGHT,,,8/8/2019 1:40:34 PM,False,1377,Accepted,
25449349,0568000,LOUISVILLE METRO POLICE DEPT,Accepted,JEFFERSON,KY1447,,WESTPORT,RD,,,,,MURPHY,,COLLINS,38.302669678,-85.530108875,7.699,8/7/2019 12:00:00 AM,0656,2,2,0,0,CLOUDY,WATER (STANDING OR MOVING),True,OTHER ROADWAY OR MID-BLOCK COLLISION,REAR END,STRAIGHT & LEVEL,DAWN,,,8/9/2019 8:21:30 AM,False,7751,Accepted,
25449355,0568000,LOUISVILLE METRO POLICE DEPT,Accepted,JEFFERSON,KY2052,7612,SHEPHERDSVILLE,RD,,,,,,,,38.139596210,-85.657718557,0.043,8/7/2019 12:00:00 AM,1743,2,2,0,0,CLEAR,DRY,False,1 VEHICLE ENTERING/LEAVING ENTRANCE,ANGLE,STRAIGHT & LEVEL,DAYLIGHT,,,8/9/2019 8:22:02 AM,False,7914,Accepted,
25471252,0568000,LOUISVILLE METRO POLICE DEPT,Accepted,JEFFERSON,KY0155,,TAYLORSVILLE,RD,,,,US0031E,BARDSTOWN,,WALLACE,38.223140621,-85.684377743,16.521,8/7/2019 12:00:00 AM,1435,3,3,0,2,CLEAR,DRY,False,1 VEHICLE ENTERING/LEAVING ENTRANCE,ANGLE,STRAIGHT & GRADE,DAYLIGHT,,,8/14/2019 8:43:32 AM,False,2228,Accepted,
25444072,0568000,LOUISVILLE METRO POLICE DEPT,Accepted,JEFFERSON,,,BROADWAY,,W,,,,26TH,,27TH,38.249516900,-85.796518199,0.453,8/7/2019 12:00:00 AM,1724,2,2,0,0,CLEAR,DRY,False,SIDESWIPE COLLISION - SAME DIRECTION,SIDESWIPE-SAME DIRECTION,STRAIGHT & LEVEL,DAYLIGHT,,,8/8/2019 8:25:42 AM,False,7947,Accepted,
25449366,0568000,LOUISVILLE METRO POLICE DEPT,Accepted,JEFFERSON,I 0265,,I265 N,,,,,,,,,38.223884255,-85.505392751,25.560,8/7/2019 12:00:00 AM,1400,2,2,0,0,CLEAR,DRY,False,SIDESWIPE COLLISION - SAME DIRECTION,SIDESWIPE-SAME DIRECTION,STRAIGHT & LEVEL,DAYLIGHT,,,8/9/2019 8:22:38 AM,False,8278,Accepted,
25444126,0568000,LOUISVILLE METRO POLICE DEPT,Accepted,JEFFERSON,I 0064,,I64 E,,,,,I 0064,I64 E EXIT4 ON RAMP FROM US31W,I 0064,I64 W EXIT5 OFF RAMP TO  N  3RD ST,38.258658015,-85.761087052,4.290,8/7/2019 12:00:00 AM,1837,2,2,0,0,CLEAR,DRY,False,SIDESWIPE COLLISION - SAME DIRECTION,SIDESWIPE-SAME DIRECTION,STRAIGHT & LEVEL,DAYLIGHT,,,8/8/2019 8:28:43 AM,False,7463,Accepted,
25444117,0568000,LOUISVILLE METRO POLICE DEPT,Accepted,JEFFERSON,,3600B,DUMESNIL,ST,,,,,,,,38.238110608,-85.815735831,0.246,8/7/2019 12:00:00 AM,1630,2,2,0,0,CLEAR,DRY,False,SIDESWIPE COLLISION - SAME DIRECTION,SIDESWIPE-SAME DIRECTION,STRAIGHT & LEVEL,DAYLIGHT,,,8/8/2019 8:28:16 AM,False,5000,Accepted,
25444086,0568000,LOUISVILLE METRO POLICE DEPT,Accepted,JEFFERSON,KY2251,,BARDSTOWN,RD,,,,,,,,38.195026146,-85.652599730,0.566,8/7/2019 12:00:00 AM,1725,2,2,0,0,CLEAR,DRY,False,SIDESWIPE COLLISION - SAME DIRECTION,SIDESWIPE-SAME DIRECTION,STRAIGHT & LEVEL,DAYLIGHT,,,8/8/2019 8:26:28 AM,False,7864,Accepted,
25444118,0568000,LOUISVILLE METRO POLICE DEPT,Accepted,JEFFERSON,KY1865,,TAYLOR,BLVD,,,CAMDEN,,,,,38.193242132,-85.783200148,5.916,8/7/2019 12:00:00 AM,1430,2,2,0,3,CLEAR,DRY,False,HEAD-ON COLLISION,HEAD ON,STRAIGHT & LEVEL,DAYLIGHT,,,8/8/2019 8:28:19 AM,False,7360,Accepted,
25444107,0568000,LOUISVILLE METRO POLICE DEPT,Accepted,JEFFERSON,KY1447,,WESTPORT,RD,,,HERMITAGE,,,,,38.280903407,-85.589026765,4.200,8/7/2019 12:00:00 AM,2225,2,2,0,0,CLEAR,DRY,False,HEAD-ON COLLISION,HEAD ON,CURVE & LEVEL,DARK-HWY NOT LIGHTED,,,8/8/2019 8:27:37 AM,False,5102,Accepted,
25530249,0568000,LOUISVILLE METRO POLICE DEPT,Accepted,JEFFERSON,US0031E,,BARDSTOWN,RD,,,,,,,,38.139618336,-85.582351528,4.772,8/7/2019 12:00:00 AM,1114,2,2,0,0,CLOUDY,DRY,False,REAR END IN TRAFFIC LANES BOTH VEHICLES MOVING,REAR END,STRAIGHT & LEVEL,DAYLIGHT,,,8/22/2019 8:42:11 AM,False,7573,Accepted,
25449359,0568000,LOUISVILLE METRO POLICE DEPT,Accepted,JEFFERSON,US0031E,,BARDSTOWN,RD,,,,US0060A,EASTERN,,BARINGER,38.232128278,-85.709550456,14.617,8/7/2019 12:00:00 AM,1137,2,2,0,1,CLOUDY,DRY,False,REAR END IN TRAFFIC LANES BOTH VEHICLES MOVING,REAR END,STRAIGHT & LEVEL,DAYLIGHT,,,8/9/2019 8:22:18 AM,False,2228,Accepted,
25449360,0568000,LOUISVILLE METRO POLICE DEPT,Accepted,JEFFERSON,KY1932,,BRECKENRIDGE,LN,,,,,,,,38.222447107,-85.632673367,3.065,8/7/2019 12:00:00 AM,1150,3,3,0,0,CLOUDY,DRY,False,REAR END IN TRAFFIC LANES BOTH VEHICLES MOVING,REAR END,STRAIGHT & LEVEL,DAYLIGHT,,,8/9/2019 8:22:21 AM,False,5119,Accepted,
25449466,0568000,LOUISVILLE METRO POLICE DEPT,Accepted,JEFFERSON,I 0064,,I64 W,,,,,I 0064,I64 W EXIT12 RAMP TO I264 E,I 0064,I64 W EXIT12 RAMP TO I264 E,38.234622000,-85.613188797,12.847,8/7/2019 12:00:00 AM,1820,3,3,0,0,CLEAR,DRY,True,REAR END IN TRAFFIC LANES BOTH VEHICLES MOVING,REAR END,STRAIGHT & LEVEL,DAYLIGHT,,,8/9/2019 8:28:49 AM,False,7018,Accepted,
25444079,0568000,LOUISVILLE METRO POLICE DEPT,Accepted,JEFFERSON,US0031E,,BARDSTOWN,RD,,,,,,,,38.136321165,-85.580669993,4.535,8/7/2019 12:00:00 AM,1337,2,2,0,0,CLOUDY,DRY,False,REAR END IN TRAFFIC LANES BOTH VEHICLES MOVING,REAR END,STRAIGHT & LEVEL,DAYLIGHT,,,8/8/2019 8:26:07 AM,False,4693,Accepted,
25444059,0568000,LOUISVILLE METRO POLICE DEPT,Accepted,JEFFERSON,KY1931,7009,MANSLICK,RD,,,,,,,,38.158565439,-85.798783267,5.764,8/7/2019 12:00:00 AM,0843,2,2,0,0,CLOUDY,DRY,False,REAR END IN TRAFFIC LANES BOTH VEHICLES MOVING,REAR END,STRAIGHT & LEVEL,DAYLIGHT,,,8/8/2019 8:24:50 AM,False,5100,Accepted,
25438907,0568000,LOUISVILLE METRO POLICE DEPT,Accepted,JEFFERSON,,5410,NYLON,CT,,,,,,,,38.136014004,-85.660607102,0.042,8/7/2019 12:00:00 AM,1956,2,2,0,0,CLOUDY,DRY,True,1 VEHICLE PARKED POSITION (NOT PARKING LOT/DRIVEWAY),REAR END,STRAIGHT & LEVEL,DAYLIGHT,,,8/7/2019 8:27:54 AM,False,7423,Accepted,
25444121,0568000,LOUISVILLE METRO POLICE DEPT,Accepted,JEFFERSON,,,CONN,ST,,,,,WHEELER,,KAHLERT,38.195746341,-85.787559207,0.248,8/7/2019 12:00:00 AM,2056,2,2,0,0,CLEAR,DRY,True,1 VEHICLE PARKED POSITION (NOT PARKING LOT/DRIVEWAY),ANGLE,STRAIGHT & LEVEL,DARK-HWY LIGHTED/ON,,,8/8/2019 8:28:27 AM,False,7435,Accepted,
25449406,0568000,LOUISVILLE METRO POLICE DEPT,Accepted,JEFFERSON,I 0264,,I264 W,,,,,I 0264,I264 W EXIT19A ON RAMP FROM US60 W,I 0064,I264 W EXIT19 TRANSIT,38.241206643,-85.622309037,19.144,8/7/2019 12:00:00 AM,1722,3,3,0,0,CLEAR,DRY,False,REAR END IN TRAFFIC LANES BOTH VEHICLES MOVING,REAR END,STRAIGHT & LEVEL,DAYLIGHT,,,8/9/2019 8:25:11 AM,False,5109,Accepted,
25449370,0568000,LOUISVILLE METRO POLICE DEPT,Accepted,JEFFERSON,I 0064,,I64 E,,,,,,,,,38.258152345,-85.744296098,5.265,8/7/2019 12:00:00 AM,1734,3,3,0,0,CLEAR,DRY,False,REAR END IN TRAFFIC LANES BOTH VEHICLES MOVING,REAR END,STRAIGHT & GRADE,DAYLIGHT,,,8/9/2019 8:22:54 AM,False,8278,Accepted,
25444083,0568000,LOUISVILLE METRO POLICE DEPT,Accepted,JEFFERSON,KY0841,,GENE SNYDER,FWY,,,,,,,,38.317875008,-85.592678950,35.343,8/7/2019 12:00:00 AM,1232,2,2,0,0,CLEAR,DRY,False,REAR END IN TRAFFIC LANES BOTH VEHICLES MOVING,REAR END,STRAIGHT & LEVEL,DAYLIGHT,,,8/8/2019 8:26:18 AM,False,7313,Accepted,
25444073,0568000,LOUISVILLE METRO POLICE DEPT,Accepted,JEFFERSON,KY1065,,OUTER,LOOP,,,,,,,,38.138439496,-85.683933593,6.210,8/7/2019 12:00:00 AM,1612,2,2,0,0,CLOUDY,DRY,False,REAR END IN TRAFFIC LANES BOTH VEHICLES MOVING,REAR END,STRAIGHT & LEVEL,DAYLIGHT,,,8/8/2019 8:25:48 AM,False,4693,Accepted,
25449397,0568000,LOUISVILLE METRO POLICE DEPT,Accepted,JEFFERSON,KY1747,,HURSTBOURNE,PKWY,N,,,,,,,38.283060670,-85.568233774,16.645,8/7/2019 12:00:00 AM,1830,3,3,0,0,CLEAR,DRY,False,REAR END IN TRAFFIC LANES BOTH VEHICLES MOVING,REAR END,STRAIGHT & HILLCREST,DAYLIGHT,,,8/9/2019 8:24:28 AM,False,7899,Accepted,
25449379,0568000,LOUISVILLE METRO POLICE DEPT,Accepted,JEFFERSON,I 0065,,I65 N,,,,,,,,,38.141865351,-85.709404192,127.096,8/7/2019 12:00:00 AM,1303,2,2,0,0,CLEAR,DRY,False,REAR END IN TRAFFIC LANES BOTH VEHICLES MOVING,REAR END,STRAIGHT & LEVEL,DAYLIGHT,,,8/9/2019 8:23:39 AM,False,7755,Accepted,
25449372,0568000,LOUISVILLE METRO POLICE DEPT,Accepted,JEFFERSON,,,GRINSTEAD,DR,,I 0064,I64 E EXIT8 ON RAMP FROM  GRINSTEAD DR,,,,,38.247711625,-85.700105809,0.170,8/7/2019 12:00:00 AM,1753,2,2,0,0,CLEAR,DRY,False,OTHER INTERSECTION COLLISIONS,REAR END,STRAIGHT & LEVEL,DAYLIGHT,,,8/9/2019 8:23:03 AM,False,7128,Accepted,
25444080,0568000,LOUISVILLE METRO POLICE DEPT,Accepted,JEFFERSON,KY1703,,NEWBURG,RD,,,DEERWOOD,,,,,38.225000938,-85.712212562,4.446,8/7/2019 12:00:00 AM,1652,2,2,0,0,CLEAR,DRY,False,OTHER INTERSECTION COLLISIONS,REAR END,STRAIGHT & LEVEL,DAYLIGHT,,,8/8/2019 8:26:10 AM,False,7281,Accepted,
25444056,0568000,LOUISVILLE METRO POLICE DEPT,Accepted,JEFFERSON,KY0155,,TAYLORSVILLE,RD,,,OLD HEADY,,,,,38.186026487,-85.535763080,7.540,8/7/2019 12:00:00 AM,0708,2,2,0,0,CLEAR,DRY,False,OTHER INTERSECTION COLLISIONS,REAR END,STRAIGHT & LEVEL,DAYLIGHT,,,8/8/2019 8:24:42 AM,False,5222,Accepted,