IncidentID,AgencyORI,AgencyName,IncidentStatusDesc,County,RdwyNumber,Street,RoadwayName,StreetSfx,StreetDir,IntersectionRdwy,IntersectionRdwyName,BetweenStRdwy1,BetweenStRdwyName1,BetweenStRdwy2,BetweenStRdwyName2,Latitude,Longitude,Milepoint,CollisionDate,CollisionTime,UnitsInvolved,MotorVehiclesInvolved,NumberKilled,NumberInjured,Weather,RdwyConditionCode,HitandRun,DirAnalysisCode,MannerofCollision,RdwyCharacter,LightCondition,RampFromRdwyId,RampToRdwyId,AcceptedDate,IsSecondaryCollision,OwnerBadge,IncidentStatus,
25444064,0568000,LOUISVILLE METRO POLICE DEPT,Accepted,JEFFERSON,KY0061,,PRESTON,HWY,,,MUD,,,,,38.092834065,-85.669291832,0.650,8/7/2019 12:00:00 AM,0842,2,2,0,0,CLOUDY,DRY,False,OTHER INTERSECTION COLLISIONS,REAR END,STRAIGHT & LEVEL,DAYLIGHT,,,8/8/2019 8:25:07 AM,False,7755,Accepted,
25502509,0568000,LOUISVILLE METRO POLICE DEPT,Accepted,JEFFERSON,,,CENTRAL,AVE,,US0060A,TAYLOR,,,,,38.206331973,-85.776197764,1.027,8/7/2019 12:00:00 AM,1500,2,2,0,1,CLEAR,DRY,False,OTHER INTERSECTION COLLISIONS,REAR END,STRAIGHT & LEVEL,DAYLIGHT,,,8/19/2019 8:39:55 AM,False,7251,Accepted,
25444066,0568000,LOUISVILLE METRO POLICE DEPT,Accepted,JEFFERSON,KY1819,5413,BILLTOWN,RD,,,,,,,,38.166385542,-85.569516679,7.126,8/7/2019 12:00:00 AM,0735,1,1,0,0,CLOUDY,WET,False,RAN OFF ROADWAY (1 VEHICLE WITH/EARTH EMBANKMENT/DITCH),SINGLE VEHICLE,STRAIGHT & LEVEL,DAYLIGHT,,,8/8/2019 8:25:14 AM,False,7914,Accepted,
25444112,0568000,LOUISVILLE METRO POLICE DEPT,Accepted,JEFFERSON,KY0841,,GENE SNYDER,FWY,,,,,,,,38.315595043,-85.584009134,34.839,8/7/2019 12:00:00 AM,2104,1,1,0,1,CLOUDY,DRY,False,COLLISION WITH FIXED OBJECT NON - INTERSECTION - FIRST EVENT COLLISION 09 - 32 EXCLUDING 16,SINGLE VEHICLE,CURVE & LEVEL,DARK-HWY LIGHTED/ON,,,8/8/2019 8:28:01 AM,False,7851,Accepted,
25444088,0568000,LOUISVILLE METRO POLICE DEPT,Accepted,JEFFERSON,,,WOODLAND,AVE,,,,,HEMLOCK,,CATALPA,38.234250017,-85.802786901,0.703,8/7/2019 12:00:00 AM,1517,1,1,0,0,CLEAR,DRY,False,COLLISION WITH FIXED OBJECT NON - INTERSECTION - FIRST EVENT COLLISION 09 - 32 EXCLUDING 16,SINGLE VEHICLE,STRAIGHT & LEVEL,DAYLIGHT,,,8/8/2019 8:26:36 AM,False,6860,Accepted,
25586286,0568000,LOUISVILLE METRO POLICE DEPT,Accepted,JEFFERSON,,,HIGHLAND,AVE,,,,,CHEROKEE,US0031E,BARDSTOWN,38.240928154,-85.723073183,0.821,8/7/2019 12:00:00 AM,1024,2,2,0,0,CLOUDY,DRY,True,1 VEHICLE PARKED POSITION (NOT PARKING LOT/DRIVEWAY),SIDESWIPE-SAME DIRECTION,STRAIGHT & LEVEL,DAYLIGHT,,,9/3/2019 12:08:38 PM,False,2228,Accepted,
25438887,0568000,LOUISVILLE METRO POLICE DEPT,Accepted,JEFFERSON,,,MONTGOMERY,ST,,,,,25TH,,26TH,38.272074082,-85.788576018,0.165,8/7/2019 12:00:00 AM,0030,2,2,0,0,CLEAR,DRY,True,1 VEHICLE PARKED POSITION (NOT PARKING LOT/DRIVEWAY),SIDESWIPE-SAME DIRECTION,STRAIGHT & LEVEL,DARK-HWY LIGHTED/ON,,,8/7/2019 8:26:43 AM,False,5251,Accepted,
25444119,0568000,LOUISVILLE METRO POLICE DEPT,Accepted,JEFFERSON,,3711,LENTZ,AVE,,,,,,,,38.190431011,-85.785936953,0.411,8/7/2019 12:00:00 AM,1831,2,2,0,0,CLEAR,DRY,False,1 VEHICLE PARKED POSITION (NOT PARKING LOT/DRIVEWAY),BACKING,STRAIGHT & LEVEL,DAYLIGHT,,,8/8/2019 8:28:23 AM,False,7426,Accepted,
25449484,0568000,LOUISVILLE METRO POLICE DEPT,Accepted,JEFFERSON,,,GARDINER,LN,,,COLONEL SANDERS,,,,,38.196886596,-85.697423383,0.630,8/7/2019 12:00:00 AM,1443,2,2,0,0,CLEAR,DRY,False,SIDESWIPE-SAME DIRECTION,SIDESWIPE-SAME DIRECTION,CURVE & GRADE,DAYLIGHT,,,8/9/2019 8:29:58 AM,False,7250,Accepted,
25438904,0568000,LOUISVILLE METRO POLICE DEPT,Accepted,JEFFERSON,US0150,,BROADWAY,,E,,1ST,,,,,38.245713442,-85.753377791,2.656,8/7/2019 12:00:00 AM,0630,2,2,0,0,CLOUDY,WET,True,OTHER INTERSECTION COLLISIONS,REAR END,STRAIGHT & LEVEL,DAWN,,,8/7/2019 8:27:37 AM,False,5199,Accepted,
25438895,0568000,LOUISVILLE METRO POLICE DEPT,Accepted,JEFFERSON,KY1747,,FERN VALLEY,RD,,,HOLIDAY TOWERS,,,,,38.157266321,-85.714679141,0.960,8/7/2019 12:00:00 AM,0447,2,2,0,0,CLEAR,DRY,False,OTHER INTERSECTION COLLISIONS,REAR END,STRAIGHT & LEVEL,DARK-HWY LIGHTED/OFF,,,8/7/2019 8:27:07 AM,False,7423,Accepted,
25444087,0568000,LOUISVILLE METRO POLICE DEPT,Accepted,JEFFERSON,US0031E,,BARDSTOWN,RD,,,GOLDSMITH,,,,,38.208347979,-85.669075915,11.772,8/7/2019 12:00:00 AM,1723,2,2,0,0,CLEAR,DRY,False,OTHER INTERSECTION COLLISIONS,REAR END,STRAIGHT & LEVEL,DAYLIGHT,,,8/8/2019 8:26:31 AM,False,7307,Accepted,
25444084,0568000,LOUISVILLE METRO POLICE DEPT,Accepted,JEFFERSON,US0031E,,BARDSTOWN,RD,,,GLENMARY FARM,,,,,38.125432685,-85.574488931,3.709,8/7/2019 12:00:00 AM,0734,2,2,0,0,CLEAR,DRY,True,OTHER INTERSECTION COLLISIONS,REAR END,STRAIGHT & GRADE,DAYLIGHT,,,8/8/2019 8:26:21 AM,False,2321,Accepted,
25444109,0568000,LOUISVILLE METRO POLICE DEPT,Accepted,JEFFERSON,US0150,,BROADWAY,,W,,ROY WILKINS,,,,,38.246877997,-85.766341294,1.947,8/7/2019 12:00:00 AM,2120,2,2,0,0,CLEAR,DRY,True,OTHER INTERSECTION COLLISIONS,REAR END,STRAIGHT & LEVEL,DUSK,,,8/8/2019 8:27:46 AM,False,7464,Accepted,
25444123,0568000,LOUISVILLE METRO POLICE DEPT,Accepted,JEFFERSON,I 0065,,I65 N,,,I 0065,I65 N EXIT128 OFF RAMP TO KY1631,,,,,38.148682103,-85.712926396,127.604,8/7/2019 12:00:00 AM,2348,2,2,0,1,CLEAR,DRY,False,SIDESWIPE-SAME DIRECTION,SIDESWIPE-SAME DIRECTION,STRAIGHT & LEVEL,DARK-HWY LIGHTED/ON,,,8/8/2019 8:28:32 AM,False,7484,Accepted,
25444125,0568000,LOUISVILLE METRO POLICE DEPT,Accepted,JEFFERSON,US0031W,,MAIN,ST,W,,6TH,,,,,38.256980269,-85.759834259,21.750,8/7/2019 12:00:00 AM,1124,2,2,0,0,CLOUDY,DRY,False,SIDESWIPE-SAME DIRECTION,SIDESWIPE-SAME DIRECTION,STRAIGHT & LEVEL,DAYLIGHT,,,8/8/2019 8:28:39 AM,False,2854,Accepted,
25449374,0568000,LOUISVILLE METRO POLICE DEPT,Accepted,JEFFERSON,KY0864,,POPLAR LEVEL,RD,,,THRUSTON,,,,,38.217574998,-85.726615940,13.222,8/7/2019 12:00:00 AM,1238,2,2,0,0,CLEAR,DRY,False,VEHICLE BACKING IN INTERSECTION,BACKING,STRAIGHT & GRADE,DAYLIGHT,,,8/9/2019 8:23:11 AM,False,6030,Accepted,
25618494,0568000,LOUISVILLE METRO POLICE DEPT,Accepted,JEFFERSON,KY3069,,SANITA,RD,,KY0864,POPLAR LEVEL,,,,,38.192601812,-85.706171813,0.205,8/7/2019 12:00:00 AM,1656,2,2,0,0,CLEAR,DRY,False,VEHICLE BACKING IN INTERSECTION,BACKING,STRAIGHT & LEVEL,DAYLIGHT,,,9/10/2019 9:36:55 AM,False,2796,Accepted,
25618026,0568000,LOUISVILLE METRO POLICE DEPT,Accepted,JEFFERSON,,,INDIAN,TRL,E,KY0864,POPLAR LEVEL,,,,,38.171493998,-85.685190143,1.224,8/7/2019 12:00:00 AM,1519,2,2,0,0,CLEAR,DRY,False,VEHICLE BACKING IN INTERSECTION,BACKING,STRAIGHT & LEVEL,DAYLIGHT,,,9/10/2019 8:44:22 AM,False,2796,Accepted,
25444045,0568000,LOUISVILLE METRO POLICE DEPT,Accepted,JEFFERSON,US0031W,,DIXIE,HWY,,,ORELL,,,,,38.075389860,-85.884474982,6.204,8/7/2019 12:00:00 AM,0910,2,2,0,0,CLOUDY,DRY,True,OPPOSITE DIRECTION - BOTH VEHICLES GOING STRAIGHT AHEAD,SIDESWIPE-OPPOSITE DIRECTION,STRAIGHT & LEVEL,DAYLIGHT,,,8/8/2019 8:24:02 AM,False,2936,Accepted,
25465878,0568000,LOUISVILLE METRO POLICE DEPT,Accepted,JEFFERSON,KY1931,,GREENWOOD,RD,,KY1934,GREENBELT,,,,,38.146922425,-85.886340686,0.538,8/7/2019 12:00:00 AM,1958,2,2,0,2,CLEAR,DRY,False,OPPOSING LEFT TURN,OPPOSING LEFT TURN,STRAIGHT & LEVEL,DAYLIGHT,,,8/13/2019 8:28:27 AM,False,7166,Accepted,
25444067,0568000,LOUISVILLE METRO POLICE DEPT,Accepted,JEFFERSON,US0031W,,DIXIE,HWY,,,FLOWERVALE,,,,,38.085362948,-85.879802334,6.939,8/7/2019 12:00:00 AM,0757,2,2,0,4,CLOUDY,DRY,False,OPPOSING LEFT TURN,OPPOSING LEFT TURN,STRAIGHT & LEVEL,DAYLIGHT,,,8/8/2019 8:25:18 AM,False,6326,Accepted,
25444094,0568000,LOUISVILLE METRO POLICE DEPT,Accepted,JEFFERSON,,,JEFFERSON,ST,E,,WENZEL,,,,,38.251348180,-85.734239196,0.071,8/7/2019 12:00:00 AM,1255,2,2,0,0,CLEAR,DRY,False,ANGLE COLLISION - OTHER,ANGLE,STRAIGHT & LEVEL,DAYLIGHT,,,8/8/2019 8:26:50 AM,False,2406,Accepted,
25444050,0568000,LOUISVILLE METRO POLICE DEPT,Accepted,JEFFERSON,US0150,,BROADWAY,,W,,6TH,,,,,38.246324023,-85.761716174,2.173,8/7/2019 12:00:00 AM,1202,2,2,0,0,CLEAR,DRY,False,ANGLE COLLISION - OTHER,ANGLE,STRAIGHT & LEVEL,DAYLIGHT,,,8/8/2019 8:24:23 AM,False,7463,Accepted,
25444101,0568000,LOUISVILLE METRO POLICE DEPT,Accepted,JEFFERSON,,,BURNETT,AVE,E,US0060A,EASTERN,,,,,38.218777289,-85.735325732,1.367,8/7/2019 12:00:00 AM,0915,2,2,0,0,CLEAR,DRY,False,ANGLE COLLISION - OTHER,ANGLE,STRAIGHT & LEVEL,DAYLIGHT,,,8/8/2019 8:27:13 AM,False,7116,Accepted,
25449428,0568000,LOUISVILLE METRO POLICE DEPT,Accepted,JEFFERSON,,,13TH,ST,S,,MADISON,,,,,38.251713582,-85.772647452,0.455,8/7/2019 12:00:00 AM,2148,2,2,0,1,CLEAR,DRY,False,REAR END - ONE VEHICLE TURNING LEFT,REAR END,STRAIGHT & LEVEL,DARK-HWY LIGHTED/ON,,,8/9/2019 8:27:12 AM,False,5047,Accepted,
25449414,0568000,LOUISVILLE METRO POLICE DEPT,Accepted,JEFFERSON,,,MCCREADY,AVE,,,EASTOVER,,,,,38.253636829,-85.674301046,0.055,8/7/2019 12:00:00 AM,1910,2,2,0,0,CLEAR,DRY,True,COLLISION WITH PARKED VEHICLE,SIDESWIPE-SAME DIRECTION,STRAIGHT & LEVEL,DAYLIGHT,,,8/9/2019 8:26:09 AM,False,2673,Accepted,
25449411,0568000,LOUISVILLE METRO POLICE DEPT,Accepted,JEFFERSON,KY0864,,POPLAR LEVEL,RD,,,HESS,,,,,38.211915827,-85.721018288,12.725,8/7/2019 12:00:00 AM,1344,2,2,0,0,CLEAR,DRY,False,ANGLE COLLISION - ONE VEHICLE TURNING LEFT,ANGLE,STRAIGHT & LEVEL,DAYLIGHT,,,8/9/2019 8:25:53 AM,False,6030,Accepted,
25444051,0568000,LOUISVILLE METRO POLICE DEPT,Accepted,JEFFERSON,US0031W,,DIXIE,HWY,,KY0907,VALLEY STATION,,,,,38.107652364,-85.866749717,8.632,8/7/2019 12:00:00 AM,0819,2,2,0,0,CLOUDY,DRY,False,ANGLE COLLISION - ONE VEHICLE TURNING LEFT,ANGLE,STRAIGHT & LEVEL,DAYLIGHT,,,8/8/2019 8:24:28 AM,False,6877,Accepted,
25444078,0568000,LOUISVILLE METRO POLICE DEPT,Accepted,JEFFERSON,,,ORMSBY,AVE,E,KY0061,PRESTON,,,,,38.230998327,-85.750020674,0.309,8/7/2019 12:00:00 AM,0830,2,2,0,0,CLEAR,DRY,False,ANGLE COLLISION - ONE VEHICLE TURNING LEFT,ANGLE,STRAIGHT & LEVEL,DAYLIGHT,,,8/8/2019 8:26:04 AM,False,7116,Accepted,
25444104,0568000,LOUISVILLE METRO POLICE DEPT,Accepted,JEFFERSON,US0031W,,DIXIE,HWY,,,BLANTON,,,,,38.157402368,-85.834006032,12.530,8/7/2019 12:00:00 AM,2129,2,2,0,0,CLEAR,DRY,False,ANGLE COLLISION - ONE VEHICLE TURNING LEFT,ANGLE,STRAIGHT & LEVEL,DARK-HWY LIGHTED/ON,,,8/8/2019 8:27:25 AM,False,5170,Accepted,
25502597,0568000,LOUISVILLE METRO POLICE DEPT,Accepted,JEFFERSON,,,AMHERST,AVE,W,KY1020,SOUTHSIDE,,,,,38.174556087,-85.764564426,0.072,8/7/2019 12:00:00 AM,1142,2,2,0,0,CLEAR,DRY,False,COLLISION WITH PARKED VEHICLE,REAR END,STRAIGHT & LEVEL,DAYLIGHT,,,8/19/2019 8:48:16 AM,False,5221,Accepted,
25449357,0568000,LOUISVILLE METRO POLICE DEPT,Accepted,JEFFERSON,,,13TH,ST,S,,HILL,,,,,38.227598803,-85.776815752,1.719,8/7/2019 12:00:00 AM,1223,2,2,0,0,CLEAR,DRY,False,COLLISION WITH PARKED VEHICLE,SIDESWIPE-OPPOSITE DIRECTION,STRAIGHT & LEVEL,DAYLIGHT,,,8/9/2019 8:22:09 AM,False,5239,Accepted,
25444105,0568000,LOUISVILLE METRO POLICE DEPT,Accepted,JEFFERSON,KY2054,,ALGONQUIN,PKWY,,,COMPTON,,,,,38.213317980,-85.772248330,3.059,8/7/2019 12:00:00 AM,1553,2,1,0,1,CLEAR,DRY,False,COLLISION WITH BICYCLE IN INTERSECTION,SINGLE VEHICLE,STRAIGHT & LEVEL,DAYLIGHT,,,8/8/2019 8:27:29 AM,False,5237,Accepted,
25444070,0568000,LOUISVILLE METRO POLICE DEPT,Accepted,JEFFERSON,US0031E,,BAXTER,AVE,,,LIBERTY,,,,,38.249773716,-85.731705118,16.422,8/7/2019 12:00:00 AM,1446,2,1,0,1,CLEAR,DRY,False,COLLISION WITH BICYCLE IN INTERSECTION,SINGLE VEHICLE,STRAIGHT & LEVEL,DAYLIGHT,,,8/8/2019 8:25:37 AM,False,5124,Accepted,
25502627,0568000,LOUISVILLE METRO POLICE DEPT,Accepted,JEFFERSON,US0060A,,EASTERN,PKWY,,KY0061,PRESTON,,,,,38.214540483,-85.743054098,4.545,8/7/2019 12:00:00 AM,1942,2,2,0,0,CLEAR,DRY,False,ANGLE COLLISION - OTHER,ANGLE,STRAIGHT & LEVEL,DAYLIGHT,,,8/19/2019 8:49:52 AM,False,5123,Accepted,
25444124,0568000,LOUISVILLE METRO POLICE DEPT,Accepted,JEFFERSON,,,FACTORY,LN,,,SERVICE,,,,,38.288991733,-85.511451421,0.052,8/7/2019 12:00:00 AM,1735,2,2,0,0,CLEAR,DRY,False,ANGLE COLLISION - OTHER,ANGLE,STRAIGHT & LEVEL,DAYLIGHT,,,8/8/2019 8:28:36 AM,False,2109,Accepted,
25444090,0568000,LOUISVILLE METRO POLICE DEPT,Accepted,JEFFERSON,,,RIVER PARK,DR,,,36TH,,,,,38.254890792,-85.811360030,0.854,8/7/2019 12:00:00 AM,1126,2,2,0,1,CLEAR,DRY,False,ANGLE COLLISION - OTHER,ANGLE,STRAIGHT & LEVEL,DAYLIGHT,,,8/8/2019 8:26:41 AM,False,5129,Accepted,
25444038,0568000,LOUISVILLE METRO POLICE DEPT,Accepted,JEFFERSON,US0031E,,BARDSTOWN,RD,,,SHERWOOD,,,,,38.231687261,-85.708470882,14.573,8/7/2019 12:00:00 AM,0912,2,2,0,0,CLEAR,DRY,False,ANGLE COLLISION - OTHER,ANGLE,STRAIGHT & LEVEL,DAYLIGHT,,,8/8/2019 8:23:33 AM,False,7281,Accepted,
25444054,0568000,LOUISVILLE METRO POLICE DEPT,Accepted,JEFFERSON,,,TYLER,LN,,,ELEANOR,,,,,38.216500672,-85.679792186,0.672,8/7/2019 12:00:00 AM,0936,2,2,0,0,CLEAR,DRY,False,ANGLE COLLISION - OTHER,ANGLE,STRAIGHT & LEVEL,DAYLIGHT,,,8/8/2019 8:24:37 AM,False,7284,Accepted,
25438858,0568000,LOUISVILLE METRO POLICE DEPT,Accepted,JEFFERSON,,,CYPRESS,ST,,,BURNETT,,,,,38.232336154,-85.798353846,0.381,8/6/2019 12:00:00 AM,1647,2,2,0,0,CLEAR,DRY,False,ANGLE COLLISION - OTHER,ANGLE,STRAIGHT & LEVEL,DAYLIGHT,,,8/7/2019 8:24:46 AM,False,2569,Accepted,
25438840,0568000,LOUISVILLE METRO POLICE DEPT,Accepted,JEFFERSON,,,AIKEN,RD,,,ARNOLD PALMER,,,,,38.270341785,-85.481160775,2.890,8/6/2019 12:00:00 AM,0902,2,2,0,0,CLEAR,DRY,False,ANGLE COLLISION - OTHER,ANGLE,STRAIGHT & HILLCREST,DAYLIGHT,,,8/7/2019 8:23:34 AM,False,7858,Accepted,
25438833,0568000,LOUISVILLE METRO POLICE DEPT,Accepted,JEFFERSON,,,CHESTNUT,ST,W,,ARMORY,,,,,38.249240542,-85.760322843,2.228,8/6/2019 12:00:00 AM,0816,2,2,0,0,CLEAR,DRY,False,ANGLE COLLISION - OTHER,ANGLE,STRAIGHT & LEVEL,DAYLIGHT,,,8/7/2019 8:23:07 AM,False,5187,Accepted,
25459873,0568000,LOUISVILLE METRO POLICE DEPT,Accepted,JEFFERSON,,,BURNETT,AVE,E,,REASOR,,,,,38.219873519,-85.736073431,1.291,8/6/2019 12:00:00 AM,1932,2,2,0,0,CLEAR,DRY,False,ANGLE COLLISION - OTHER,ANGLE,STRAIGHT & LEVEL,DUSK,,,8/12/2019 8:54:26 AM,False,5050,Accepted,
25459841,0568000,LOUISVILLE METRO POLICE DEPT,Accepted,JEFFERSON,,,BROOK,ST,S,,CHESTNUT,,,,,38.248293321,-85.751906552,3.037,8/6/2019 12:00:00 AM,1835,2,2,0,0,CLEAR,DRY,False,ANGLE COLLISION - OTHER,ANGLE,STRAIGHT & LEVEL,DAYLIGHT,,,8/12/2019 8:52:38 AM,False,2403,Accepted,
25438846,0568000,LOUISVILLE METRO POLICE DEPT,Accepted,JEFFERSON,US0031W,6661,DIXIE,HWY,,,UPPER HUNTERS,,,,,38.167700658,-85.828863757,13.228,8/6/2019 12:00:00 AM,1534,1,1,0,0,CLEAR,DRY,False,COLLISION WITH FIXED OBJECT IN INTERSECTION - FIRST EVENT COLLISION 09 - 32,SINGLE VEHICLE,STRAIGHT & LEVEL,DAYLIGHT,,,8/7/2019 8:23:52 AM,False,5224,Accepted,
25438900,0568000,LOUISVILLE METRO POLICE DEPT,Accepted,JEFFERSON,KY1931,,GREENWOOD,RD,,,DAFFODIL,,,,,38.144351913,-85.859679626,2.050,8/6/2019 12:00:00 AM,2132,2,1,0,1,CLOUDY,DRY,False,COLLISION WITH PEDESTRIAN IN INTERSECTION,SINGLE VEHICLE,STRAIGHT & LEVEL,DARK-HWY NOT LIGHTED,,,8/7/2019 8:27:18 AM,False,5212,Accepted,
25433407,0568000,LOUISVILLE METRO POLICE DEPT,Accepted,JEFFERSON,,424,28TH,ST,S,,CEDAR,,,,,38.257241452,-85.796954325,0.264,8/6/2019 12:00:00 AM,2140,2,2,0,0,CLEAR,DRY,True,COLLISION WITH PARKED VEHICLE,SIDESWIPE-OPPOSITE DIRECTION,STRAIGHT & LEVEL,DARK-HWY LIGHTED/ON,,,8/6/2019 8:37:33 AM,False,5254,Accepted,
25438913,0568000,LOUISVILLE METRO POLICE DEPT,Accepted,JEFFERSON,,,MUHAMMAD ALI,BLVD,E,,CLAY,,,,,38.249310064,-85.740763982,0.391,8/6/2019 12:00:00 AM,2142,2,2,0,0,CLEAR,DRY,False,ANGLE COLLISION - ONE VEHICLE TURNING LEFT,ANGLE,STRAIGHT & LEVEL,DARK-HWY LIGHTED/ON,,,8/7/2019 8:28:17 AM,False,5135,Accepted,
25438878,0568000,LOUISVILLE METRO POLICE DEPT,Accepted,JEFFERSON,US0031W,,DIXIE,HWY,,,CRAWFORD,,,,,38.150264527,-85.837178320,12.069,8/6/2019 12:00:00 AM,1630,2,2,0,0,CLEAR,DRY,False,ANGLE COLLISION - ONE VEHICLE TURNING LEFT,ANGLE,STRAIGHT & LEVEL,DAYLIGHT,,,8/7/2019 8:26:07 AM,False,7267,Accepted,
25438905,0568000,LOUISVILLE METRO POLICE DEPT,Accepted,JEFFERSON,,,SPRINGHURST,BLVD,,,CHAMPION FARMS,,,,,38.296626854,-85.560104798,0.212,8/6/2019 12:00:00 AM,1839,2,2,0,0,CLEAR,DRY,False,ANGLE COLLISION - OTHER,ANGLE,STRAIGHT & LEVEL,DAYLIGHT,,,8/7/2019 8:27:44 AM,False,5158,Accepted,
25438864,0568000,LOUISVILLE METRO POLICE DEPT,Accepted,JEFFERSON,,,JEFFERSON,ST,W,,6TH,,,,,38.254199177,-85.760321089,0.454,8/6/2019 12:00:00 AM,0627,3,3,0,0,CLEAR,DRY,False,ANGLE COLLISION - OTHER,ANGLE,STRAIGHT & LEVEL,DAWN,,,8/7/2019 8:25:07 AM,False,7118,Accepted,
25438862,0568000,LOUISVILLE METRO POLICE DEPT,Accepted,JEFFERSON,,,ORMSBY,AVE,W,,6TH,,,,,38.233151773,-85.764022083,0.455,8/6/2019 12:00:00 AM,1458,2,2,0,0,CLEAR,DRY,True,ANGLE COLLISION - OTHER,ANGLE,STRAIGHT & LEVEL,DAYLIGHT,,,8/7/2019 8:25:01 AM,False,5230,Accepted,
25438854,0568000,LOUISVILLE METRO POLICE DEPT,Accepted,JEFFERSON,,,BROWN AUSTIN,RD,,,PIROUETTE,,,,,38.115109475,-85.765234997,0.924,8/6/2019 12:00:00 AM,1731,2,2,0,0,CLEAR,DRY,False,ANGLE COLLISION - OTHER,ANGLE,STRAIGHT & LEVEL,DAYLIGHT,,,8/7/2019 8:24:29 AM,False,7274,Accepted,
25438911,0568000,LOUISVILLE METRO POLICE DEPT,Accepted,JEFFERSON,US0060A,,TAYLOR,BLVD,,,LONGFIELD,,,,,38.198582047,-85.782748730,1.620,8/6/2019 12:00:00 AM,1740,3,3,0,0,CLOUDY,DRY,False,ANGLE COLLISION - OTHER,ANGLE,STRAIGHT & LEVEL,DAYLIGHT,,,8/7/2019 8:28:11 AM,False,5175,Accepted,
25953595,0568000,LOUISVILLE METRO POLICE DEPT,Accepted,JEFFERSON,,,RODMAN,ST,,KY2054,ALGONQUIN,,,,,38.210833735,-85.769641354,0.356,8/6/2019 12:00:00 AM,1448,2,2,0,0,CLEAR,DRY,False,ANGLE COLLISION - OTHER,ANGLE,STRAIGHT & LEVEL,DAYLIGHT,,,11/21/2019 8:26:54 AM,False,7872,Accepted,
25438863,0568000,LOUISVILLE METRO POLICE DEPT,Accepted,JEFFERSON,US0060A,,TAYLOR,BLVD,,,CENTRAL,,,,,38.206301109,-85.776229930,2.290,8/6/2019 12:00:00 AM,1719,3,3,0,1,CLEAR,DRY,False,OPPOSING LEFT TURN,OPPOSING LEFT TURN,STRAIGHT & LEVEL,DAYLIGHT,,,8/7/2019 8:25:03 AM,False,7872,Accepted,
25438880,0568000,LOUISVILLE METRO POLICE DEPT,Accepted,JEFFERSON,KY1747,,HURSTBOURNE,PKWY,,US0031E,BARDSTOWN,,,,,38.168845962,-85.605094558,7.480,8/6/2019 12:00:00 AM,1740,2,2,0,0,CLOUDY,DRY,False,REAR END - ONE VEHICLE TURNING RIGHT,REAR END,STRAIGHT & LEVEL,DAYLIGHT,,,8/7/2019 8:26:12 AM,False,7255,Accepted,
25438883,0568000,LOUISVILLE METRO POLICE DEPT,Accepted,JEFFERSON,US0060,,SHELBYVILLE,RD,,,MOSER,,,,,38.245043174,-85.559232284,8.826,8/6/2019 12:00:00 AM,2217,2,2,0,2,CLOUDY,DRY,False,OPPOSING LEFT TURN,OPPOSING LEFT TURN,STRAIGHT & LEVEL,DARK-HWY LIGHTED/ON,,,8/7/2019 8:26:24 AM,False,7475,Accepted,
25438882,0568000,LOUISVILLE METRO POLICE DEPT,Accepted,JEFFERSON,US0060,,SHELBYVILLE,RD,,,SHELBY STATION,,,,,38.239297165,-85.490232988,12.784,8/6/2019 12:00:00 AM,2215,2,2,0,0,CLOUDY,DRY,True,SIDESWIPE-SAME DIRECTION,SIDESWIPE-SAME DIRECTION,STRAIGHT & LEVEL,DARK-HWY NOT LIGHTED,,,8/7/2019 8:26:21 AM,False,2920,Accepted,
25434421,0568000,LOUISVILLE METRO POLICE DEPT,Accepted,JEFFERSON,KY1447,,WESTPORT,RD,,KY1747,HURSTBOURNE,,,,,38.287648891,-85.572285565,5.242,8/6/2019 12:00:00 AM,0900,2,2,0,0,CLEAR,DRY,False,SIDESWIPE-SAME DIRECTION,SIDESWIPE-SAME DIRECTION,STRAIGHT & LEVEL,DAYLIGHT,,,8/6/2019 11:15:40 AM,False,2969,Accepted,
25438825,0568000,LOUISVILLE METRO POLICE DEPT,Accepted,JEFFERSON,I 0264,,I264 E,,,I 0264,I264 E EXIT17 ON RAMP FROM KY155,,,,,38.223994062,-85.645139714,17.347,8/6/2019 12:00:00 AM,1258,2,2,0,0,CLEAR,DRY,False,SIDESWIPE-SAME DIRECTION,SIDESWIPE-SAME DIRECTION,STRAIGHT & LEVEL,DAYLIGHT,,,8/7/2019 8:22:31 AM,False,7129,Accepted,
25438909,0568000,LOUISVILLE METRO POLICE DEPT,Accepted,JEFFERSON,KY1747,,FERN VALLEY,RD,,KY0864,POPLAR LEVEL,,,,,38.157745504,-85.645820088,4.772,8/6/2019 12:00:00 AM,1946,2,2,0,0,CLEAR,DRY,False,SIDESWIPE-SAME DIRECTION,SIDESWIPE-SAME DIRECTION,STRAIGHT & LEVEL,DAYLIGHT,,,8/7/2019 8:28:00 AM,False,5138,Accepted,
25435152,0568000,LOUISVILLE METRO POLICE DEPT,Accepted,JEFFERSON,KY1747,,HURSTBOURNE,PKWY,N,KY1447,WESTPORT,,,,,38.287632842,-85.572220562,17.040,8/6/2019 12:00:00 AM,1059,2,2,0,0,CLEAR,DRY,False,OTHER INTERSECTION COLLISIONS,REAR END,CURVE & LEVEL,DAYLIGHT,,,8/6/2019 1:15:51 PM,False,6929,Accepted,