IncidentID,AgencyORI,AgencyName,IncidentStatusDesc,County,RdwyNumber,Street,RoadwayName,StreetSfx,StreetDir,IntersectionRdwy,IntersectionRdwyName,BetweenStRdwy1,BetweenStRdwyName1,BetweenStRdwy2,BetweenStRdwyName2,Latitude,Longitude,Milepoint,CollisionDate,CollisionTime,UnitsInvolved,MotorVehiclesInvolved,NumberKilled,NumberInjured,Weather,RdwyConditionCode,HitandRun,DirAnalysisCode,MannerofCollision,RdwyCharacter,LightCondition,RampFromRdwyId,RampToRdwyId,AcceptedDate,IsSecondaryCollision,OwnerBadge,IncidentStatus,
25438822,0568000,LOUISVILLE METRO POLICE DEPT,Accepted,JEFFERSON,,,9TH,ST,S,US0150,BROADWAY,,,,,38.246755804,-85.766737148,0.007,8/6/2019 12:00:00 AM,0750,2,2,0,0,CLEAR,DRY,False,OTHER INTERSECTION COLLISIONS,REAR END,STRAIGHT & LEVEL,DAYLIGHT,,,8/7/2019 8:22:14 AM,False,5168,Accepted,
25438869,0568000,LOUISVILLE METRO POLICE DEPT,Accepted,JEFFERSON,,,WOODLAND,AVE,,,BEECH,,,,,38.234405757,-85.804784811,0.810,8/6/2019 12:00:00 AM,1151,2,2,0,0,CLEAR,DRY,False,SIDESWIPE-SAME DIRECTION,SIDESWIPE-SAME DIRECTION,STRAIGHT & LEVEL,DAYLIGHT,,,8/7/2019 8:25:34 AM,False,5032,Accepted,
25586558,0568000,LOUISVILLE METRO POLICE DEPT,Accepted,JEFFERSON,KY0155,,TAYLORSVILLE,RD,,I 0265,I265 E EXIT23 ON RAMP FROM KY155,,,,,38.189319023,-85.507448965,5.969,8/6/2019 12:00:00 AM,1421,2,2,0,0,CLOUDY,DRY,True,OTHER INTERSECTION COLLISIONS,REAR END,STRAIGHT & LEVEL,DAYLIGHT,,,9/3/2019 12:56:04 PM,False,7764,Accepted,
25438848,0568000,LOUISVILLE METRO POLICE DEPT,Accepted,JEFFERSON,,,MORTON,AVE,,,,,RUBEL,,EDWARD,38.240040249,-85.727982939,0.177,8/6/2019 12:00:00 AM,1308,2,2,0,0,CLEAR,DRY,False,1 VEHICLE PARKED POSITION (NOT PARKING LOT/DRIVEWAY),SIDESWIPE-OPPOSITE DIRECTION,STRAIGHT & LEVEL,DAYLIGHT,,,8/7/2019 8:24:01 AM,False,2230,Accepted,
25555162,0568000,LOUISVILLE METRO POLICE DEPT,Accepted,JEFFERSON,US0060A,1871,BERRY,BLVD,,,,,,,,38.196754580,-85.798933454,0.595,8/6/2019 12:00:00 AM,0510,1,1,0,1,CLEAR,DRY,False,COLLISION WITH FIXED OBJECT NON - INTERSECTION - FIRST EVENT COLLISION 09 - 32 EXCLUDING 16,SINGLE VEHICLE,CURVE & LEVEL,DARK-HWY LIGHTED/ON,,,8/27/2019 3:51:23 PM,False,7720,Accepted,
25438861,0568000,LOUISVILLE METRO POLICE DEPT,Accepted,JEFFERSON,KY0022,,BROWNSBORO,RD,,,,,,,,38.302572409,-85.586623533,3.111,8/6/2019 12:00:00 AM,1500,1,1,0,1,CLOUDY,DRY,False,COLLISION WITH FIXED OBJECT NON - INTERSECTION - FIRST EVENT COLLISION 09 - 32 EXCLUDING 16,SINGLE VEHICLE,CURVE & GRADE,DAYLIGHT,,,8/7/2019 8:24:58 AM,False,7858,Accepted,
25438910,0568000,LOUISVILLE METRO POLICE DEPT,Accepted,JEFFERSON,,5801,FEGENBUSH,LN,,,,,,,,38.166424604,-85.640391493,1.445,8/6/2019 12:00:00 AM,2156,1,1,0,0,CLEAR,DRY,False,RAN OFF ROADWAY (1 VEHICLE WITH/EARTH EMBANKMENT/DITCH),SINGLE VEHICLE,CURVE & LEVEL,DARK-HWY NOT LIGHTED,,,8/7/2019 8:28:09 AM,False,7492,Accepted,
25449362,0568000,LOUISVILLE METRO POLICE DEPT,Accepted,JEFFERSON,KY1065,,OUTER,LOOP,,,ROBBS,,,,,38.137977515,-85.664055106,7.295,8/6/2019 12:00:00 AM,1550,2,2,0,0,CLEAR,DRY,False,OTHER INTERSECTION COLLISIONS,REAR END,STRAIGHT & LEVEL,DAYLIGHT,,,8/9/2019 8:22:29 AM,False,7578,Accepted,
25438847,0568000,LOUISVILLE METRO POLICE DEPT,Accepted,JEFFERSON,US0031W,15300B,DIXIE,HWY,,,,,,,,38.043210598,-85.903082100,3.679,8/6/2019 12:00:00 AM,1545,2,2,0,0,CLEAR,DRY,True,OCCUPANT FELL FROM MOVING VEHICLE,REAR END,STRAIGHT & LEVEL,DAYLIGHT,,,8/7/2019 8:23:58 AM,False,5220,Accepted,
25438842,0568000,LOUISVILLE METRO POLICE DEPT,Accepted,JEFFERSON,KY1631,,CRITTENDEN,DR,,I 0264,I264 E EXIT11 ON RAMP FROM  CRITTENDEN DR,,,,,38.188577582,-85.750712601,0.046,8/6/2019 12:00:00 AM,1147,2,2,0,0,CLEAR,DRY,False,OTHER INTERSECTION COLLISIONS,REAR END,STRAIGHT & LEVEL,DAYLIGHT,,,8/7/2019 8:23:37 AM,False,7319,Accepted,
25438851,0568000,LOUISVILLE METRO POLICE DEPT,Accepted,JEFFERSON,KY1934,,CANE RUN,RD,,,ROCKAWAY,,,,,38.182253326,-85.856739859,7.639,8/6/2019 12:00:00 AM,1521,2,2,0,0,CLEAR,DRY,False,OTHER INTERSECTION COLLISIONS,REAR END,STRAIGHT & LEVEL,DAYLIGHT,,,8/7/2019 8:24:17 AM,False,7267,Accepted,
25438860,0568000,LOUISVILLE METRO POLICE DEPT,Accepted,JEFFERSON,,,GAGEL,AVE,,,ESTATE,,,,,38.172714028,-85.805246900,0.951,8/6/2019 12:00:00 AM,1755,2,2,0,0,CLEAR,DRY,False,OTHER INTERSECTION COLLISIONS,REAR END,STRAIGHT & HILLCREST,DAYLIGHT,,,8/7/2019 8:24:54 AM,False,7183,Accepted,
25438867,0568000,LOUISVILLE METRO POLICE DEPT,Accepted,JEFFERSON,,,ORMSBY,AVE,W,KY1020,2ND,,,,,38.232555821,-85.757387246,0.091,8/6/2019 12:00:00 AM,1803,2,2,0,0,CLEAR,DRY,False,OTHER INTERSECTION COLLISIONS,REAR END,STRAIGHT & LEVEL,DAYLIGHT,,,8/7/2019 8:25:22 AM,False,2499,Accepted,
25438868,0568000,LOUISVILLE METRO POLICE DEPT,Accepted,JEFFERSON,KY1865,,NEW CUT,RD,,,,,,,,38.150606128,-85.776303495,2.997,8/6/2019 12:00:00 AM,1845,2,2,0,0,CLEAR,DRY,False,REAR END IN TRAFFIC LANES BOTH VEHICLES MOVING,REAR END,STRAIGHT & LEVEL,DAYLIGHT,,,8/7/2019 8:25:28 AM,False,7053,Accepted,
25438832,0568000,LOUISVILLE METRO POLICE DEPT,Accepted,JEFFERSON,KY1065,,OUTER,LOOP,,,,,,,,38.126458601,-85.776572688,1.004,8/6/2019 12:00:00 AM,0801,2,2,0,0,CLEAR,DRY,False,REAR END IN TRAFFIC LANES BOTH VEHICLES MOVING,REAR END,STRAIGHT & LEVEL,DAYLIGHT,,,8/7/2019 8:23:04 AM,False,6326,Accepted,
25438866,0568000,LOUISVILLE METRO POLICE DEPT,Accepted,JEFFERSON,I 0065,,I65 N,,,,,,,,,38.092070327,-85.700780516,123.578,8/6/2019 12:00:00 AM,1452,2,2,0,0,CLEAR,DRY,False,REAR END IN TRAFFIC LANES BOTH VEHICLES MOVING,REAR END,STRAIGHT & LEVEL,DAYLIGHT,,,8/7/2019 8:25:14 AM,False,7243,Accepted,
25438877,0568000,LOUISVILLE METRO POLICE DEPT,Accepted,JEFFERSON,I 0064,,I64 E,,,,,,,,,38.248958082,-85.706237129,7.739,8/6/2019 12:00:00 AM,1623,3,3,0,0,CLOUDY,DRY,True,REAR END IN TRAFFIC LANES BOTH VEHICLES MOVING,REAR END,STRAIGHT & LEVEL,DAYLIGHT,,,8/7/2019 8:26:04 AM,False,7570,Accepted,
25444049,0568000,LOUISVILLE METRO POLICE DEPT,Accepted,JEFFERSON,I 0264,,I264 E,,,,,,,,,38.280988323,-85.637398472,22.200,8/6/2019 12:00:00 AM,1558,2,2,0,0,CLEAR,DRY,False,REAR END IN TRAFFIC LANES BOTH VEHICLES MOVING,REAR END,STRAIGHT & LEVEL,DAYLIGHT,,,8/8/2019 8:24:18 AM,False,8278,Accepted,
25444098,0568000,LOUISVILLE METRO POLICE DEPT,Accepted,JEFFERSON,I 0065,,I65 N,,,,,,,,,38.111497713,-85.701394735,124.918,8/6/2019 12:00:00 AM,1259,2,2,0,2,CLOUDY,DRY,False,REAR END IN TRAFFIC LANES BOTH VEHICLES MOVING,REAR END,STRAIGHT & LEVEL,DAYLIGHT,,,8/8/2019 8:27:04 AM,True,4693,Accepted,
25434420,0568000,LOUISVILLE METRO POLICE DEPT,Accepted,JEFFERSON,I 0065,,I65 S,,,,,,,,,38.252444362,-85.746118249,135.887,8/6/2019 12:00:00 AM,0818,2,2,0,0,CLEAR,DRY,False,REAR END IN TRAFFIC LANES BOTH VEHICLES MOVING,REAR END,STRAIGHT & LEVEL,DAYLIGHT,,,8/6/2019 11:15:23 AM,True,7377,Accepted,
25438875,0568000,LOUISVILLE METRO POLICE DEPT,Accepted,JEFFERSON,,2407,DUMESNIL,ST,,,,,23RD,,25TH,38.236793265,-85.794099354,1.444,8/6/2019 12:00:00 AM,1452,5,5,0,0,CLEAR,DRY,False,1 VEHICLE PARKED POSITION (NOT PARKING LOT/DRIVEWAY),SIDESWIPE-SAME DIRECTION,STRAIGHT & LEVEL,DAYLIGHT,,,8/7/2019 8:25:56 AM,False,5229,Accepted,
25438891,0568000,LOUISVILLE METRO POLICE DEPT,Accepted,JEFFERSON,,240,PETERSON,AVE,S,,,,,,,38.251867323,-85.697638590,0.148,8/6/2019 12:00:00 AM,1850,2,2,0,0,CLEAR,DRY,False,1 VEHICLE PARKED POSITION (NOT PARKING LOT/DRIVEWAY),SIDESWIPE-SAME DIRECTION,STRAIGHT & LEVEL,DAYLIGHT,,,8/7/2019 8:26:59 AM,False,5122,Accepted,
25438857,0568000,LOUISVILLE METRO POLICE DEPT,Accepted,JEFFERSON,,234,BURNETT,AVE,E,,,,,,,38.226725547,-85.756302126,0.022,8/6/2019 12:00:00 AM,0459,3,3,0,0,CLEAR,DRY,False,1 VEHICLE PARKED POSITION (NOT PARKING LOT/DRIVEWAY),SIDESWIPE-OPPOSITE DIRECTION,STRAIGHT & LEVEL,DARK-HWY LIGHTED/ON,,,8/7/2019 8:24:43 AM,False,7344,Accepted,
25438831,0568000,LOUISVILLE METRO POLICE DEPT,Accepted,JEFFERSON,,,SPRING,ST,S,,,,,,,38.251875925,-85.718886422,0.057,8/6/2019 12:00:00 AM,1213,2,2,0,0,CLEAR,DRY,False,REAR END IN TRAFFIC LANES BOTH VEHICLES MOVING,REAR END,STRAIGHT & LEVEL,DAYLIGHT,,,8/7/2019 8:23:00 AM,False,7034,Accepted,
25438853,0568000,LOUISVILLE METRO POLICE DEPT,Accepted,JEFFERSON,I 0264,,I264 E,,,,,I 0264,I264 E EXIT22 OFF RAMP TO US42,I 0264,I264 E EXIT22 ON RAMP FROM US42,38.279760945,-85.636016411,22.087,8/6/2019 12:00:00 AM,1646,4,4,0,0,CLEAR,DRY,False,REAR END IN TRAFFIC LANES BOTH VEHICLES MOVING,REAR END,STRAIGHT & LEVEL,DAYLIGHT,,,8/7/2019 8:24:25 AM,False,2969,Accepted,
25434419,0568000,LOUISVILLE METRO POLICE DEPT,Accepted,JEFFERSON,US0150,,BROADWAY,,W,,,KY1020,2ND,KY1020,3RD,38.245908494,-85.755445339,2.539,8/6/2019 12:00:00 AM,0845,2,2,0,0,CLEAR,DRY,False,REAR END IN TRAFFIC LANES BOTH VEHICLES MOVING,REAR END,STRAIGHT & LEVEL,DAYLIGHT,,,8/6/2019 11:15:12 AM,False,2406,Accepted,
25435151,0568000,LOUISVILLE METRO POLICE DEPT,Accepted,JEFFERSON,I 0264,,I264 W,,,,,I 0264,I264 W EXIT18 ON RAMP FROM KY1932,I 0264,I264 W EXIT17B OFF RAMP TO KY155 N,38.226008521,-85.641358800,17.580,8/6/2019 12:00:00 AM,1040,2,2,0,1,CLOUDY,DRY,False,REAR END IN TRAFFIC LANES BOTH VEHICLES MOVING,REAR END,STRAIGHT & LEVEL,DAYLIGHT,,,8/6/2019 1:15:39 PM,False,7129,Accepted,
25586553,0568000,LOUISVILLE METRO POLICE DEPT,Accepted,JEFFERSON,I 0264,,I264 W,,,,,,,,,38.203616889,-85.684394760,14.783,8/6/2019 12:00:00 AM,1640,2,2,0,0,CLEAR,DRY,False,REAR END IN TRAFFIC LANES BOTH VEHICLES MOVING,REAR END,CURVE & LEVEL,DAYLIGHT,,,9/3/2019 12:55:48 PM,False,7764,Accepted,
25459936,0568000,LOUISVILLE METRO POLICE DEPT,Accepted,JEFFERSON,,4128,INDIAN,TRL,E,,,,,,,38.173691012,-85.682262502,1.414,8/6/2019 12:00:00 AM,1802,2,2,0,0,CLEAR,DRY,False,REAR END IN TRAFFIC LANES BOTH VEHICLES MOVING,REAR END,CURVE & LEVEL,DAYLIGHT,,,8/12/2019 8:58:36 AM,False,5001,Accepted,
25438856,0568000,LOUISVILLE METRO POLICE DEPT,Accepted,JEFFERSON,I 0264,,I264 E,,,,,,,,,38.231236403,-85.630653019,18.282,8/6/2019 12:00:00 AM,1644,2,2,0,0,CLEAR,DRY,False,REAR END IN TRAFFIC LANES BOTH VEHICLES MOVING,REAR END,STRAIGHT & LEVEL,DAYLIGHT,,,8/7/2019 8:24:38 AM,False,7243,Accepted,
25438888,0568000,LOUISVILLE METRO POLICE DEPT,Accepted,JEFFERSON,KY1819,,BILLTOWN,RD,,,,,MARY DELL,KY1065,LOVERS,38.167778055,-85.570399069,7.239,8/6/2019 12:00:00 AM,1308,3,3,0,3,CLEAR,DRY,False,HEAD-ON COLLISION,HEAD ON,STRAIGHT & LEVEL,DAYLIGHT,,,8/7/2019 8:26:50 AM,False,6494,Accepted,
25438872,0568000,LOUISVILLE METRO POLICE DEPT,Accepted,JEFFERSON,KY1020,,2ND,ST,S,,,,LEE,,BLOOM,38.222093057,-85.759227066,10.446,8/6/2019 12:00:00 AM,1147,2,2,0,0,CLEAR,DRY,False,SIDESWIPE COLLISION - SAME DIRECTION,SIDESWIPE-SAME DIRECTION,STRAIGHT & LEVEL,DAYLIGHT,,,8/7/2019 8:25:45 AM,False,7418,Accepted,
25438870,0568000,LOUISVILLE METRO POLICE DEPT,Accepted,JEFFERSON,I 0265,,I265 E,,,,,,,,,38.196506453,-85.508014786,23.664,8/6/2019 12:00:00 AM,1944,2,2,0,0,CLOUDY,DRY,True,SIDESWIPE COLLISION - SAME DIRECTION,SIDESWIPE-SAME DIRECTION,STRAIGHT & LEVEL,DUSK,,,8/7/2019 8:25:38 AM,False,7255,Accepted,
25433446,0568000,LOUISVILLE METRO POLICE DEPT,Accepted,JEFFERSON,KY1020,,2ND,ST,S,,,,JEFFERSON,US0031E,MARKET,38.253680053,-85.753630034,12.642,8/6/2019 12:00:00 AM,0650,2,2,0,0,CLEAR,DRY,False,SIDESWIPE COLLISION - SAME DIRECTION,SIDESWIPE-SAME DIRECTION,STRAIGHT & LEVEL,DAYLIGHT,,,8/6/2019 8:42:44 AM,False,2406,Accepted,
25459851,0568000,LOUISVILLE METRO POLICE DEPT,Accepted,JEFFERSON,KY2053,,THIXTON,LN,,,,,VERNETTA,,OAK GROVE,38.092192875,-85.592686985,5.322,8/6/2019 12:00:00 AM,1733,2,2,0,0,CLEAR,DRY,False,SIDESWIPE COLLISION - SAME DIRECTION,SIDESWIPE-SAME DIRECTION,STRAIGHT & LEVEL,DAYLIGHT,,,8/12/2019 8:53:19 AM,False,7278,Accepted,
25438899,0568000,LOUISVILLE METRO POLICE DEPT,Accepted,JEFFERSON,KY0864,,POPLAR LEVEL,RD,,,,,LAMMERS,,EMERALD,38.159922345,-85.667336650,7.833,8/6/2019 12:00:00 AM,2126,2,2,0,0,CLEAR,DRY,True,SIDESWIPE COLLISION - SAME DIRECTION,SIDESWIPE-SAME DIRECTION,STRAIGHT & LEVEL,DARK-HWY LIGHTED/ON,,,8/7/2019 8:27:15 AM,False,7431,Accepted,
25438850,0568000,LOUISVILLE METRO POLICE DEPT,Accepted,JEFFERSON,US0150,,BROADWAY,,W,,,KY1020,2ND,,1ST,38.245737047,-85.754058949,2.617,8/6/2019 12:00:00 AM,1539,2,2,0,0,CLEAR,DRY,False,SIDESWIPE COLLISION - SAME DIRECTION,SIDESWIPE-SAME DIRECTION,STRAIGHT & LEVEL,DAYLIGHT,,,8/7/2019 8:24:14 AM,False,7377,Accepted,
25438852,0568000,LOUISVILLE METRO POLICE DEPT,Accepted,JEFFERSON,I 0265,,I265 N,,,,,,,,,38.219161243,-85.505852925,25.233,8/6/2019 12:00:00 AM,1319,2,2,0,0,CLEAR,DRY,True,SIDESWIPE COLLISION - SAME DIRECTION,SIDESWIPE-SAME DIRECTION,STRAIGHT & LEVEL,DAYLIGHT,,,8/7/2019 8:24:22 AM,False,7858,Accepted,
25438859,0568000,LOUISVILLE METRO POLICE DEPT,Accepted,JEFFERSON,KY1747,,FERN VALLEY,RD,,,,,,,,38.157417158,-85.715829031,0.917,8/6/2019 12:00:00 AM,0956,2,2,0,0,CLOUDY,DRY,False,SIDESWIPE COLLISION - SAME DIRECTION,SIDESWIPE-SAME DIRECTION,STRAIGHT & HILLCREST,DAYLIGHT,,,8/7/2019 8:24:50 AM,False,4693,Accepted,
25444095,0568000,LOUISVILLE METRO POLICE DEPT,Accepted,JEFFERSON,,,RIVER,RD,,,,,,,,38.261108251,-85.739344185,0.432,8/6/2019 12:00:00 AM,1830,2,2,0,0,CLEAR,DRY,True,SIDESWIPE COLLISION - OPPOSITE DIRECTION,SIDESWIPE-OPPOSITE DIRECTION,CURVE & LEVEL,DAYLIGHT,,,8/8/2019 8:26:54 AM,False,2404,Accepted,
25438828,0568000,LOUISVILLE METRO POLICE DEPT,Accepted,JEFFERSON,KY0907,,3RD ST,RD,,,,,ARNOLDTOWN,KY2055,MANSLICK,38.125423565,-85.796647587,4.474,8/6/2019 12:00:00 AM,1049,2,2,0,0,CLEAR,DRY,True,SIDESWIPE COLLISION - OPPOSITE DIRECTION,SIDESWIPE-OPPOSITE DIRECTION,CURVE & LEVEL,DAYLIGHT,,,8/7/2019 8:22:49 AM,False,6326,Accepted,
25438829,0568000,LOUISVILLE METRO POLICE DEPT,Accepted,JEFFERSON,I 0264,,I264 W,,,,,,,,,38.288783284,-85.647892399,22.889,8/6/2019 12:00:00 AM,1222,2,2,0,0,CLEAR,DRY,True,1 VEHICLE ENTERING/LEAVING ENTRANCE,ANGLE,STRAIGHT & LEVEL,DAYLIGHT,,,8/7/2019 8:22:53 AM,False,7433,Accepted,
25438871,0568000,LOUISVILLE METRO POLICE DEPT,Accepted,JEFFERSON,,,SPRINGHURST,BLVD,,,,,,,,38.302101818,-85.559365993,0.609,8/6/2019 12:00:00 AM,1514,2,2,0,0,CLEAR,DRY,False,1 VEHICLE ENTERING/LEAVING ENTRANCE,ANGLE,CURVE & LEVEL,DAYLIGHT,,,8/7/2019 8:25:42 AM,False,7858,Accepted,
25444061,0568000,LOUISVILLE METRO POLICE DEPT,Accepted,JEFFERSON,I 0065,,I65 N,,,,,,,,,38.110678073,-85.701278079,124.862,8/6/2019 12:00:00 AM,1259,3,3,0,3,CLEAR,DRY,True,1 VEHICLE ENTERING/LEAVING ENTRANCE,ANGLE,STRAIGHT & LEVEL,DAYLIGHT,,,8/8/2019 8:24:59 AM,False,8278,Accepted,
25751187,0568000,LOUISVILLE METRO POLICE DEPT,Accepted,JEFFERSON,,2000,LYTLE,ST,,,,,,,,38.267389745,-85.782949822,0.646,8/6/2019 12:00:00 AM,0851,2,2,0,0,CLEAR,DRY,False,1 VEHICLE ENTERING/LEAVING ENTRANCE,ANGLE,STRAIGHT & LEVEL,DAYLIGHT,,,10/9/2019 9:56:33 AM,False,5108,Accepted,
25444081,0568000,LOUISVILLE METRO POLICE DEPT,Accepted,JEFFERSON,,,PARK,RD,S,,,,,,,38.117896756,-85.678138407,0.050,8/6/2019 12:00:00 AM,1517,4,4,0,1,CLOUDY,DRY,False,1 VEHICLE ENTERING/LEAVING ENTRANCE,ANGLE,STRAIGHT & LEVEL,DAYLIGHT,,,8/8/2019 8:26:13 AM,False,4693,Accepted,
25438901,0568000,LOUISVILLE METRO POLICE DEPT,Accepted,JEFFERSON,,,KENTUCKY,AVE,,,,US0031E,BARDSTOWN,,SHELBY,38.159762207,-85.591689166,0.016,8/6/2019 12:00:00 AM,1500,2,2,0,0,CLEAR,DRY,False,1 VEHICLE ENTERING/LEAVING ENTRANCE,ANGLE,STRAIGHT & GRADE,DAYLIGHT,,,8/7/2019 8:27:24 AM,False,6494,Accepted,
25438884,0568000,LOUISVILLE METRO POLICE DEPT,Accepted,JEFFERSON,US0060,,FRANKFORT,AVE,,,,,,,,38.256398079,-85.715430725,0.233,8/6/2019 12:00:00 AM,1902,2,2,0,0,CLEAR,DRY,False,1 VEHICLE ENTERING/LEAVING ENTRANCE,ANGLE,STRAIGHT & LEVEL,DAYLIGHT,,,8/7/2019 8:26:30 AM,False,6813,Accepted,
25438865,0568000,LOUISVILLE METRO POLICE DEPT,Accepted,JEFFERSON,,,FLOYD,ST,S,,,,BRANDEIS,,BLOOM,38.219859129,-85.754180813,2.460,8/6/2019 12:00:00 AM,1403,2,2,0,0,CLEAR,DRY,False,1 VEHICLE ENTERING/LEAVING ENTRANCE,ANGLE,STRAIGHT & LEVEL,DAYLIGHT,,,8/7/2019 8:25:10 AM,False,7418,Accepted,
25438843,0568000,LOUISVILLE METRO POLICE DEPT,Accepted,JEFFERSON,,,CHESTNUT,ST,W,,,,,,,38.252945367,-85.794544146,0.348,8/6/2019 12:00:00 AM,1445,2,2,0,0,CLEAR,DRY,False,1 VEHICLE ENTERING/LEAVING ENTRANCE,ANGLE,STRAIGHT & LEVEL,DAYLIGHT,,,8/7/2019 8:23:40 AM,False,7988,Accepted,
25444111,0568000,LOUISVILLE METRO POLICE DEPT,Accepted,JEFFERSON,KY1747,4003,FERN VALLEY,RD,,,,,,,,38.157810117,-85.687598243,2.449,8/6/2019 12:00:00 AM,0752,2,2,0,0,CLEAR,DRY,False,OTHER ROADWAY OR MID-BLOCK COLLISION,REAR END,STRAIGHT & LEVEL,DAYLIGHT,,,8/8/2019 8:27:57 AM,False,7348,Accepted,
25438876,0568000,LOUISVILLE METRO POLICE DEPT,Accepted,JEFFERSON,US0031W,10501,DIXIE,HWY,,,,,,,,38.102598779,-85.869470000,8.095,8/6/2019 12:00:00 AM,2100,2,1,0,1,CLEAR,DRY,True,COLLISION IN PARKING LOT,SINGLE VEHICLE,STRAIGHT & LEVEL,DARK-HWY LIGHTED/ON,,,8/7/2019 8:26:01 AM,False,5033,Accepted,
25435156,0568000,LOUISVILLE METRO POLICE DEPT,Accepted,JEFFERSON,,3165,2ND,ST,S,,,,,,,38.203624168,-85.763176316,2.358,8/6/2019 12:00:00 AM,1225,2,2,0,0,CLEAR,DRY,True,COLLISION IN PARKING LOT,BACKING,STRAIGHT & LEVEL,DAYLIGHT,,,8/6/2019 1:16:18 PM,False,7872,Accepted,
25438881,0568000,LOUISVILLE METRO POLICE DEPT,Accepted,JEFFERSON,KY0841,,,,,,,,,,,38.093859633,-85.874836538,0.305,8/6/2019 12:00:00 AM,1449,2,2,0,0,CLEAR,DRY,False,OTHER RAMP RELATED COLLISIONS NOT LISTED ABOVE,REAR END,STRAIGHT & LEVEL,DAYLIGHT,KY0841,US31W,8/7/2019 8:26:17 AM,False,7234,Accepted,
25438879,0568000,LOUISVILLE METRO POLICE DEPT,Accepted,JEFFERSON,I 0265,,,,,,,,,,,38.139365441,-85.582225265,0.403,8/6/2019 12:00:00 AM,2113,2,2,0,0,CLOUDY,DRY,False,OTHER RAMP RELATED COLLISIONS NOT LISTED ABOVE,REAR END,STRAIGHT & LEVEL,DARK-HWY LIGHTED/ON,I 0265,US31E,8/7/2019 8:26:09 AM,False,7255,Accepted,
25459876,0568000,LOUISVILLE METRO POLICE DEPT,Accepted,JEFFERSON,I 0264,,,,,,,,,,,38.196221027,-85.707606840,0.240,8/6/2019 12:00:00 AM,0745,2,2,0,0,CLEAR,DRY,False,OTHER RAMP RELATED COLLISIONS NOT LISTED ABOVE,REAR END,CURVE & GRADE,DAYLIGHT,I 0264,KY0864,8/12/2019 8:54:40 AM,False,2532,Accepted,
25438827,0568000,LOUISVILLE METRO POLICE DEPT,Accepted,JEFFERSON,,4200,ALGONQUIN,PKWY,,,,,,,,38.232410000,-85.828197410,0.518,8/6/2019 12:00:00 AM,1411,2,2,0,0,CLEAR,DRY,False,OTHER ROADWAY OR MID-BLOCK COLLISION,REAR END,CURVE & LEVEL,DAYLIGHT,,,8/7/2019 8:22:44 AM,False,2569,Accepted,
25433410,0568000,LOUISVILLE METRO POLICE DEPT,Accepted,JEFFERSON,KY1931,7353,ST ANDREWS CHURCH,RD,,,,,,,,38.153923530,-85.803722496,5.341,8/5/2019 12:00:00 AM,0840,2,2,0,0,CLEAR,DRY,False,OTHER ROADWAY OR MID-BLOCK COLLISION,OPPOSING LEFT TURN,STRAIGHT & LEVEL,DAYLIGHT,,,8/6/2019 8:37:46 AM,False,7267,Accepted,
25433411,0568000,LOUISVILLE METRO POLICE DEPT,Accepted,JEFFERSON,I 0065,,,,,,,,,,,38.157418175,-85.716356924,0.481,8/5/2019 12:00:00 AM,1804,2,2,0,0,CLEAR,DRY,False,OTHER RAMP RELATED COLLISIONS NOT LISTED ABOVE,REAR END,CURVE & HILLCREST,DAYLIGHT,I 0065,KY1631,8/6/2019 8:37:50 AM,False,4693,Accepted,
25433413,0568000,LOUISVILLE METRO POLICE DEPT,Accepted,JEFFERSON,I 0065,,,,,,,,,,,38.109386537,-85.700943993,0.017,8/5/2019 12:00:00 AM,1735,2,2,0,0,CLEAR,DRY,False,OTHER RAMP RELATED COLLISIONS NOT LISTED ABOVE,REAR END,CURVE & LEVEL,DAYLIGHT,I 0065,I 0265,8/6/2019 8:37:55 AM,False,7991,Accepted,
25427946,0568000,LOUISVILLE METRO POLICE DEPT,Accepted,JEFFERSON,,2106,BUECHEL BANK,RD,,,,,,,,38.189447290,-85.647816764,0.202,8/5/2019 12:00:00 AM,0400,2,2,0,0,CLEAR,DRY,True,COLLISION IN PARKING LOT,REAR TO REAR,STRAIGHT & LEVEL,DARK-HWY LIGHTED/ON,,,8/5/2019 8:51:59 AM,False,5207,Accepted,
25435154,0568000,LOUISVILLE METRO POLICE DEPT,Accepted,JEFFERSON,,409,MUHAMMAD ALI,BLVD,E,,,,,,,38.249895974,-85.745945454,0.676,8/5/2019 12:00:00 AM,1725,2,2,0,0,CLEAR,DRY,True,COLLISION IN PARKING LOT,BACKING,STRAIGHT & LEVEL,DAYLIGHT,,,8/6/2019 1:16:07 PM,False,2403,Accepted,
25433356,0568000,LOUISVILLE METRO POLICE DEPT,Accepted,JEFFERSON,US0060,2514,FRANKFORT,AVE,,,,,,,,38.253993854,-85.697958875,1.218,8/5/2019 12:00:00 AM,1035,1,1,0,0,CLEAR,DRY,False,COLLISION IN PARKING LOT,SINGLE VEHICLE,STRAIGHT & LEVEL,DAYLIGHT,,,8/6/2019 8:33:44 AM,False,5112,Accepted,
25444062,0568000,LOUISVILLE METRO POLICE DEPT,Accepted,JEFFERSON,I 0065,,I65 N,,,,,,,,,38.217989879,-85.752128957,133.310,8/5/2019 12:00:00 AM,0831,2,2,0,0,CLEAR,DRY,False,OTHER ROADWAY OR MID-BLOCK COLLISION,REAR END,STRAIGHT & LEVEL,DAYLIGHT,,,8/8/2019 8:25:03 AM,False,7772,Accepted,