IncidentID,AgencyORI,AgencyName,IncidentStatusDesc,County,RdwyNumber,Street,RoadwayName,StreetSfx,StreetDir,IntersectionRdwy,IntersectionRdwyName,BetweenStRdwy1,BetweenStRdwyName1,BetweenStRdwy2,BetweenStRdwyName2,Latitude,Longitude,Milepoint,CollisionDate,CollisionTime,UnitsInvolved,MotorVehiclesInvolved,NumberKilled,NumberInjured,Weather,RdwyConditionCode,HitandRun,DirAnalysisCode,MannerofCollision,RdwyCharacter,LightCondition,RampFromRdwyId,RampToRdwyId,AcceptedDate,IsSecondaryCollision,OwnerBadge,IncidentStatus,
25429822,0568000,LOUISVILLE METRO POLICE DEPT,Accepted,JEFFERSON,I 0264,,I264 W,,,,,,,,,38.230726595,-85.632171340,18.174,8/5/2019 12:00:00 AM,0856,2,2,0,0,CLEAR,DRY,False,OTHER ROADWAY OR MID-BLOCK COLLISION,REAR END,STRAIGHT & LEVEL,DAYLIGHT,,,8/5/2019 1:41:47 PM,True,4903,Accepted,
25449375,0568000,LOUISVILLE METRO POLICE DEPT,Accepted,JEFFERSON,I 0265,,I265 E,,,,,,,,,38.111415120,-85.688348071,11.001,8/5/2019 12:00:00 AM,1725,4,4,0,0,CLEAR,DRY,False,OTHER ROADWAY OR MID-BLOCK COLLISION,REAR END,STRAIGHT & GRADE,DAYLIGHT,,,8/9/2019 8:23:16 AM,False,8278,Accepted,
25477620,0568000,LOUISVILLE METRO POLICE DEPT,Accepted,JEFFERSON,I 0264,,I264 W,,,,,,,,,38.230590186,-85.632431006,18.157,8/5/2019 12:00:00 AM,0856,2,1,0,0,CLEAR,DRY,False,OTHER ROADWAY OR MID-BLOCK COLLISION,REAR END,STRAIGHT & LEVEL,DAYLIGHT,,,8/15/2019 1:03:47 PM,False,4903,Accepted,
25433423,0568000,LOUISVILLE METRO POLICE DEPT,Accepted,JEFFERSON,,,STONEGATE MANOR,DR,,,,,,,,38.081897479,-85.885100070,0.162,8/5/2019 12:00:00 AM,1102,2,2,0,0,CLEAR,DRY,False,VEHICLE BACKING NON INTERSECTION,BACKING,STRAIGHT & LEVEL,DAYLIGHT,,,8/6/2019 8:38:39 AM,False,6326,Accepted,
25433393,0568000,LOUISVILLE METRO POLICE DEPT,Accepted,JEFFERSON,,,28TH,ST,S,,,,,,,38.249462630,-85.798351135,0.792,8/5/2019 12:00:00 AM,1400,2,2,0,0,CLEAR,DRY,False,1 VEHICLE ENTERING/LEAVING ENTRANCE,ANGLE,STRAIGHT & LEVEL,DAYLIGHT,,,8/6/2019 8:36:27 AM,False,7988,Accepted,
25433417,0568000,LOUISVILLE METRO POLICE DEPT,Accepted,JEFFERSON,,,SOUTH,ST,,,,KY2054,ALGONQUIN,,EUCLID,38.218412355,-85.777125935,0.082,8/5/2019 12:00:00 AM,1855,2,2,0,0,CLEAR,DRY,False,1 VEHICLE ENTERING/LEAVING ENTRANCE,ANGLE,STRAIGHT & LEVEL,DAYLIGHT,,,8/6/2019 8:38:14 AM,False,7422,Accepted,
25433371,0568000,LOUISVILLE METRO POLICE DEPT,Accepted,JEFFERSON,,,RANGELAND,RD,,,,KY0864,POPLAR LEVEL,,LAGOONA,38.167351075,-85.680623104,0.056,8/5/2019 12:00:00 AM,0759,2,2,0,2,CLEAR,DRY,False,1 VEHICLE ENTERING/LEAVING ENTRANCE,ANGLE,STRAIGHT & LEVEL,DAYLIGHT,,,8/6/2019 8:35:07 AM,False,7121,Accepted,
25433374,0568000,LOUISVILLE METRO POLICE DEPT,Accepted,JEFFERSON,,,18TH,ST,S,,,,,,,38.257791462,-85.780028412,0.093,8/5/2019 12:00:00 AM,1654,2,2,0,0,CLEAR,DRY,True,1 VEHICLE ENTERING/LEAVING ENTRANCE,ANGLE,STRAIGHT & LEVEL,DAYLIGHT,,,8/6/2019 8:35:15 AM,False,7988,Accepted,
25433404,0568000,LOUISVILLE METRO POLICE DEPT,Accepted,JEFFERSON,KY1865,,NEW CUT,RD,,,,KY1065,OUTER,,STAR,38.127833396,-85.775497980,1.369,8/5/2019 12:00:00 AM,2210,2,2,0,0,CLEAR,DRY,False,1 VEHICLE ENTERING/LEAVING ENTRANCE,ANGLE,STRAIGHT & LEVEL,DARK-HWY NOT LIGHTED,,,8/6/2019 8:37:18 AM,False,7957,Accepted,
25444110,0568000,LOUISVILLE METRO POLICE DEPT,Accepted,JEFFERSON,KY1065,,OUTER,LOOP,,,,,,,,38.138859242,-85.655815840,7.753,8/5/2019 12:00:00 AM,1647,3,3,0,1,CLOUDY,DRY,False,1 VEHICLE ENTERING/LEAVING ENTRANCE,ANGLE,STRAIGHT & GRADE,DAYLIGHT,,,8/8/2019 8:27:51 AM,False,7348,Accepted,
25433402,0568000,LOUISVILLE METRO POLICE DEPT,Accepted,JEFFERSON,KY1020,,3RD,ST,S,,,,ORMSBY,,PARK,38.231827227,-85.759193945,11.110,8/5/2019 12:00:00 AM,1034,2,2,0,0,CLEAR,DRY,False,SIDESWIPE COLLISION - SAME DIRECTION,SIDESWIPE-SAME DIRECTION,STRAIGHT & LEVEL,DAYLIGHT,,,8/6/2019 8:37:09 AM,False,7418,Accepted,
25433418,0568000,LOUISVILLE METRO POLICE DEPT,Accepted,JEFFERSON,KY1065,,OUTER,LOOP,,,,,,,,38.138455872,-85.685920216,6.098,8/5/2019 12:00:00 AM,1501,2,2,0,0,CLOUDY,DRY,True,SIDESWIPE COLLISION - SAME DIRECTION,SIDESWIPE-SAME DIRECTION,STRAIGHT & LEVEL,DAYLIGHT,,,8/6/2019 8:38:18 AM,False,4693,Accepted,
25438902,0568000,LOUISVILLE METRO POLICE DEPT,Accepted,JEFFERSON,I 0264,,I264 E,,,,,I 0065,I264 E EXIT12 ON RAMP,I 0264,I264 E EXIT14 OFF RAMP TO KY864,38.192183413,-85.713083478,12.996,8/5/2019 12:00:00 AM,1834,2,2,0,0,CLEAR,DRY,True,SIDESWIPE COLLISION - SAME DIRECTION,SIDESWIPE-SAME DIRECTION,STRAIGHT & LEVEL,DAYLIGHT,,,8/7/2019 8:27:27 AM,False,5053,Accepted,
25433394,0568000,LOUISVILLE METRO POLICE DEPT,Accepted,JEFFERSON,KY2845,5910,MANSLICK,RD,E,,,,,,,38.120790321,-85.651900199,1.598,8/5/2019 12:00:00 AM,0934,2,2,0,0,CLEAR,DRY,False,SIDESWIPE COLLISION - OPPOSITE DIRECTION,SIDESWIPE-OPPOSITE DIRECTION,STRAIGHT & LEVEL,DAYLIGHT,,,8/6/2019 8:36:31 AM,False,7379,Accepted,
25433389,0568000,LOUISVILLE METRO POLICE DEPT,Accepted,JEFFERSON,I 0065,,I65 S,,,,,,,,,38.236695391,-85.752238613,134.618,8/5/2019 12:00:00 AM,1645,2,2,0,0,CLEAR,DRY,False,SIDESWIPE COLLISION - SAME DIRECTION,SIDESWIPE-SAME DIRECTION,STRAIGHT & LEVEL,DAYLIGHT,,,8/6/2019 8:36:11 AM,False,7243,Accepted,
25433380,0568000,LOUISVILLE METRO POLICE DEPT,Accepted,JEFFERSON,,,BROADWAY,,W,,,,28TH,,27TH,38.249575322,-85.797229844,0.437,8/5/2019 12:00:00 AM,1539,2,2,0,0,CLEAR,DRY,False,SIDESWIPE COLLISION - SAME DIRECTION,SIDESWIPE-SAME DIRECTION,STRAIGHT & LEVEL,DAYLIGHT,,,8/6/2019 8:35:49 AM,False,7479,Accepted,
25433409,0568000,LOUISVILLE METRO POLICE DEPT,Accepted,JEFFERSON,KY1931,,MANSLICK,RD,,,CRUMS,,,,,38.189231111,-85.801267210,7.921,8/5/2019 12:00:00 AM,1749,2,2,0,1,CLEAR,DRY,True,HEAD-ON COLLISION,HEAD ON,STRAIGHT & GRADE,DAYLIGHT,,,8/6/2019 8:37:41 AM,False,7402,Accepted,
25433382,0568000,LOUISVILLE METRO POLICE DEPT,Accepted,JEFFERSON,,,INDIAN,TRL,E,,,,LODEMA,KY0864,POPLAR LEVEL,38.171355641,-85.685547328,1.167,8/5/2019 12:00:00 AM,1142,2,2,0,0,CLEAR,DRY,False,REAR END IN TRAFFIC LANES BOTH VEHICLES MOVING,REAR END,STRAIGHT & LEVEL,DAYLIGHT,,,8/6/2019 8:35:56 AM,False,7451,Accepted,
25438845,0568000,LOUISVILLE METRO POLICE DEPT,Accepted,JEFFERSON,I 0064,,I64 E,,,,,,,,,38.236844054,-85.619569816,12.671,8/5/2019 12:00:00 AM,1718,2,2,0,0,CLEAR,DRY,False,REAR END IN TRAFFIC LANES BOTH VEHICLES MOVING,REAR END,STRAIGHT & HILLCREST,DAYLIGHT,,,8/7/2019 8:23:48 AM,False,7858,Accepted,
25444060,0568000,LOUISVILLE METRO POLICE DEPT,Accepted,JEFFERSON,,,GRINSTEAD,DR,,,,,,,,38.247562144,-85.700338760,0.156,8/5/2019 12:00:00 AM,1622,2,2,0,0,CLEAR,DRY,False,REAR END IN TRAFFIC LANES BOTH VEHICLES MOVING,REAR END,STRAIGHT & LEVEL,DAYLIGHT,,,8/8/2019 8:24:55 AM,False,8278,Accepted,
25433365,0568000,LOUISVILLE METRO POLICE DEPT,Accepted,JEFFERSON,,,HUBBARDS,LN,N,,,,,,,38.268872367,-85.649426194,1.370,8/5/2019 12:00:00 AM,1343,2,2,0,0,CLEAR,DRY,False,REAR END IN TRAFFIC LANES BOTH VEHICLES MOVING,REAR END,CURVE & LEVEL,DAYLIGHT,,,8/6/2019 8:34:13 AM,False,5112,Accepted,
25433428,0568000,LOUISVILLE METRO POLICE DEPT,Accepted,JEFFERSON,,,JEFFERSON,ST,W,,,,6TH,,7TH,38.254230038,-85.760704067,0.440,8/5/2019 12:00:00 AM,1414,2,2,0,0,CLEAR,DRY,True,1 VEHICLE PARKED POSITION (NOT PARKING LOT/DRIVEWAY),BACKING,STRAIGHT & LEVEL,DAYLIGHT,,,8/6/2019 8:38:57 AM,False,5173,Accepted,
25433401,0568000,LOUISVILLE METRO POLICE DEPT,Accepted,JEFFERSON,,3027,RIVER PARK,DR,,,,,,,,38.253809440,-85.801982446,1.371,8/5/2019 12:00:00 AM,2020,2,2,0,0,CLEAR,DRY,True,1 VEHICLE PARKED POSITION (NOT PARKING LOT/DRIVEWAY),SIDESWIPE-SAME DIRECTION,STRAIGHT & LEVEL,DAYLIGHT,,,8/6/2019 8:37:05 AM,False,7253,Accepted,
25438824,0568000,LOUISVILLE METRO POLICE DEPT,Accepted,JEFFERSON,US0031E,,MAIN,ST,E,,,,CAMPBELL,,WENZEL,38.254272422,-85.734885117,16.870,8/5/2019 12:00:00 AM,1857,2,2,0,0,CLEAR,DRY,True,1 VEHICLE PARKED POSITION (NOT PARKING LOT/DRIVEWAY),SIDESWIPE-SAME DIRECTION,STRAIGHT & LEVEL,DAYLIGHT,,,8/7/2019 8:22:27 AM,False,2403,Accepted,
25427884,0568000,LOUISVILLE METRO POLICE DEPT,Accepted,JEFFERSON,,,MISTY,LN,,,,,,,,38.130871124,-85.876805229,0.012,8/5/2019 12:00:00 AM,0028,3,3,0,0,CLEAR,DRY,False,1 VEHICLE PARKED POSITION (NOT PARKING LOT/DRIVEWAY),ANGLE,STRAIGHT & LEVEL,DARK-HWY LIGHTED/ON,,,8/5/2019 8:47:54 AM,False,5170,Accepted,
25433376,0568000,LOUISVILLE METRO POLICE DEPT,Accepted,JEFFERSON,KY1931,,MANSLICK,RD,,,,,,,,38.167540653,-85.797265638,6.357,8/5/2019 12:00:00 AM,1654,3,3,0,3,CLEAR,DRY,False,REAR END IN TRAFFIC LANES BOTH VEHICLES MOVING,REAR END,STRAIGHT & LEVEL,DAYLIGHT,,,8/6/2019 8:35:30 AM,False,7234,Accepted,
25433378,0568000,LOUISVILLE METRO POLICE DEPT,Accepted,JEFFERSON,,,STRAWBERRY,LN,,,,,,,,38.158854599,-85.763724334,0.072,8/5/2019 12:00:00 AM,1357,2,2,0,0,CLEAR,DRY,False,REAR END IN TRAFFIC LANES BOTH VEHICLES MOVING,REAR END,STRAIGHT & LEVEL,DAYLIGHT,,,8/6/2019 8:35:42 AM,False,7234,Accepted,
25433385,0568000,LOUISVILLE METRO POLICE DEPT,Accepted,JEFFERSON,I 0264,,I264 E,,,,,I 0264,I264 E EXIT5A OFF RAMP TO KY1934,I 0264,I264 E EXIT5 RAMP KY1934,38.208958824,-85.827672316,5.059,8/5/2019 12:00:00 AM,1702,2,2,0,0,CLEAR,DRY,False,REAR END IN TRAFFIC LANES BOTH VEHICLES MOVING,REAR END,CURVE & LEVEL,DAYLIGHT,,,8/6/2019 8:36:04 AM,False,7381,Accepted,
25433392,0568000,LOUISVILLE METRO POLICE DEPT,Accepted,JEFFERSON,US0031W,,DIXIE,HWY,,,,,,,,38.164165487,-85.830534362,13.030,8/5/2019 12:00:00 AM,1014,2,2,0,0,CLEAR,DRY,False,REAR END IN TRAFFIC LANES BOTH VEHICLES MOVING,REAR END,STRAIGHT & LEVEL,DAYLIGHT,,,8/6/2019 8:36:24 AM,False,7234,Accepted,
25428369,0568000,LOUISVILLE METRO POLICE DEPT,Accepted,JEFFERSON,I 0065,,I65 N,,,,,,,,,38.235896746,-85.751770841,134.565,8/5/2019 12:00:00 AM,0758,2,2,0,0,CLEAR,DRY,False,REAR END IN TRAFFIC LANES BOTH VEHICLES MOVING,REAR END,STRAIGHT & LEVEL,DAYLIGHT,,,8/5/2019 9:41:50 AM,False,4903,Accepted,
25438885,0568000,LOUISVILLE METRO POLICE DEPT,Accepted,JEFFERSON,I 0265,,I265 N,,,I 0265,I265 N EXIT27 OFF RAMP TO US60,,,,,38.238740972,-85.503953793,26.589,8/5/2019 12:00:00 AM,1000,1,1,0,0,CLEAR,DRY,False,OTHER INTERSECTION COLLISIONS,SINGLE VEHICLE,STRAIGHT & LEVEL,DAYLIGHT,,,8/7/2019 8:26:35 AM,False,7720,Accepted,
25433420,0568000,LOUISVILLE METRO POLICE DEPT,Accepted,JEFFERSON,KY1065,,OUTER,LOOP,,,SMYRNA,,,,,38.137957701,-85.641917473,8.514,8/5/2019 12:00:00 AM,1848,2,2,0,0,CLEAR,DRY,False,OTHER INTERSECTION COLLISIONS,REAR END,STRAIGHT & LEVEL,DAYLIGHT,,,8/6/2019 8:38:26 AM,False,5138,Accepted,
25429845,0568000,LOUISVILLE METRO POLICE DEPT,Accepted,JEFFERSON,,5800,WATTERSON,TRL,S,,,,,,,38.163665820,-85.613225610,1.415,8/5/2019 12:00:00 AM,1215,1,1,0,1,CLEAR,DRY,False,COLLISION WITH FIXED OBJECT NON - INTERSECTION - FIRST EVENT COLLISION 09 - 32 EXCLUDING 16,SINGLE VEHICLE,CURVE & GRADE,DAYLIGHT,,,8/5/2019 1:43:20 PM,False,7338,Accepted,
25433406,0568000,LOUISVILLE METRO POLICE DEPT,Accepted,JEFFERSON,I 0065,,I65 S,,,,,,,,,38.202027854,-85.736429351,131.638,8/5/2019 12:00:00 AM,2030,1,1,0,1,CLEAR,DRY,False,COLLISION WITH FIXED OBJECT NON - INTERSECTION - FIRST EVENT COLLISION 09 - 32 EXCLUDING 16,SINGLE VEHICLE,STRAIGHT & LEVEL,DUSK,,,8/6/2019 8:37:28 AM,False,5175,Accepted,
25430542,0564500,PROSPECT POLICE DEPARTMENT,Accepted,JEFFERSON,KY0841,,GENE SNYDER,FWY,,,,,,,,38.318646749,-85.602468661,35.878,8/5/2019 12:00:00 AM,0120,1,1,0,1,CLEAR,DRY,False,COLLISION WITH FIXED OBJECT NON - INTERSECTION - FIRST EVENT COLLISION 09 - 32 EXCLUDING 16,SINGLE VEHICLE,STRAIGHT & LEVEL,DARK-HWY LIGHTED/ON,,,8/5/2019 3:41:04 PM,False,1153,Accepted,
25433398,0568000,LOUISVILLE METRO POLICE DEPT,Accepted,JEFFERSON,,,4TH,ST,S,,,,ORMSBY,,PARK,38.232700024,-85.760733360,1.666,8/5/2019 12:00:00 AM,1055,2,2,0,0,CLEAR,DRY,False,1 VEHICLE PARKED POSITION (NOT PARKING LOT/DRIVEWAY),SIDESWIPE-SAME DIRECTION,STRAIGHT & LEVEL,DAYLIGHT,,,8/6/2019 8:36:49 AM,False,7418,Accepted,
25433399,0568000,LOUISVILLE METRO POLICE DEPT,Accepted,JEFFERSON,,4301,EDGIN,AVE,,,,,,,,38.186434573,-85.829299765,0.116,8/5/2019 12:00:00 AM,1441,2,2,0,0,CLEAR,DRY,False,1 VEHICLE PARKED POSITION (NOT PARKING LOT/DRIVEWAY),SIDESWIPE-SAME DIRECTION,STRAIGHT & LEVEL,DAYLIGHT,,,8/6/2019 8:36:53 AM,False,7420,Accepted,
25433388,0568000,LOUISVILLE METRO POLICE DEPT,Accepted,JEFFERSON,,,3RD,ST,S,KY1020,TENNY,,,,,38.176919776,-85.767048587,1.511,8/5/2019 12:00:00 AM,1548,2,2,0,0,CLEAR,DRY,False,OTHER INTERSECTION COLLISIONS,REAR END,STRAIGHT & LEVEL,DAYLIGHT,,,8/6/2019 8:36:08 AM,False,7978,Accepted,
25433391,0568000,LOUISVILLE METRO POLICE DEPT,Accepted,JEFFERSON,KY1065,,SEATONVILLE,RD,,KY1065,LOVERS,,,,,38.150845059,-85.582194506,12.150,8/5/2019 12:00:00 AM,0854,2,2,0,0,CLEAR,DRY,False,OTHER INTERSECTION COLLISIONS,REAR END,STRAIGHT & GRADE,DAYLIGHT,,,8/6/2019 8:36:20 AM,False,6494,Accepted,
25433421,0568000,LOUISVILLE METRO POLICE DEPT,Accepted,JEFFERSON,KY1747,,FERN VALLEY,RD,,KY0864,POPLAR LEVEL,,,,,38.157801663,-85.645893647,4.767,8/5/2019 12:00:00 AM,1945,2,2,0,0,CLEAR,DRY,True,OTHER INTERSECTION COLLISIONS,REAR END,STRAIGHT & LEVEL,DAYLIGHT,,,8/6/2019 8:38:30 AM,False,7415,Accepted,
25438830,0568000,LOUISVILLE METRO POLICE DEPT,Accepted,JEFFERSON,I 0065,,I65 S,,,I 0065,I65 S EXIT136C OFF RAMP TO  E JEFFERSON ST,,,,,38.252311030,-85.747322296,135.843,8/5/2019 12:00:00 AM,0840,3,3,0,0,CLEAR,DRY,False,OTHER INTERSECTION COLLISIONS,REAR END,CURVE & LEVEL,DAYLIGHT,,,8/7/2019 8:22:56 AM,False,2403,Accepted,
25433379,0568000,LOUISVILLE METRO POLICE DEPT,Accepted,JEFFERSON,KY1703,,NEWBURG,RD,,,MEADOWCREEK,,,,,38.198788365,-85.683336163,1.876,8/5/2019 12:00:00 AM,0844,2,2,0,1,CLEAR,DRY,False,OTHER INTERSECTION COLLISIONS,REAR END,STRAIGHT & LEVEL,DAYLIGHT,,,8/6/2019 8:35:45 AM,False,7319,Accepted,
25429837,0568000,LOUISVILLE METRO POLICE DEPT,Accepted,JEFFERSON,KY1065,,OUTER,LOOP,,KY0061,PRESTON,,,,,38.138309646,-85.686818995,6.066,8/5/2019 12:00:00 AM,0721,2,2,0,0,CLEAR,DRY,False,OTHER INTERSECTION COLLISIONS,REAR END,CURVE & LEVEL,DAWN,,,8/5/2019 1:42:42 PM,False,7269,Accepted,
25433431,0568000,LOUISVILLE METRO POLICE DEPT,Accepted,JEFFERSON,,7450,JEFFERSON,BLVD,,,BATES,,,,,38.140124496,-85.675160505,0.162,8/5/2019 12:00:00 AM,2152,2,2,0,0,CLEAR,DRY,True,OTHER INTERSECTION COLLISIONS,REAR END,STRAIGHT & LEVEL,DARK (UNKNOWN ROADWAY LIGHTING),,,8/6/2019 8:39:22 AM,False,5184,Accepted,
25433408,0568000,LOUISVILLE METRO POLICE DEPT,Accepted,JEFFERSON,US0031E,,BARDSTOWN,RD,,I 0265,I265 E EXIT17 OFF RAMP TO US31E,,,,,38.138707954,-85.581747042,4.707,8/5/2019 12:00:00 AM,1817,2,2,0,0,CLEAR,DRY,False,OTHER INTERSECTION COLLISIONS,REAR END,STRAIGHT & LEVEL,DAYLIGHT,,,8/6/2019 8:37:37 AM,False,7278,Accepted,
25433405,0568000,LOUISVILLE METRO POLICE DEPT,Accepted,JEFFERSON,,,CHESTNUT,ST,W,,ROY WILKINS,,,,,38.249861620,-85.766156076,1.919,8/5/2019 12:00:00 AM,1850,2,2,0,0,CLEAR,DRY,False,OTHER INTERSECTION COLLISIONS,REAR END,STRAIGHT & LEVEL,DAYLIGHT,,,8/6/2019 8:37:24 AM,False,5187,Accepted,
25433367,0568000,LOUISVILLE METRO POLICE DEPT,Accepted,JEFFERSON,,,1ST,ST,S,,JEFFERSON,,,,,38.253272272,-85.752101488,0.191,8/5/2019 12:00:00 AM,1534,2,2,0,0,CLEAR,DRY,False,SIDESWIPE-SAME DIRECTION,SIDESWIPE-SAME DIRECTION,STRAIGHT & LEVEL,DAYLIGHT,,,8/6/2019 8:34:17 AM,False,2403,Accepted,
25438835,0568000,LOUISVILLE METRO POLICE DEPT,Accepted,JEFFERSON,KY1747,,HURSTBOURNE,PKWY,N,,EDEN,,,,,38.247375786,-85.577276531,13.570,8/5/2019 12:00:00 AM,1451,2,2,0,0,CLEAR,DRY,False,SIDESWIPE-SAME DIRECTION,SIDESWIPE-SAME DIRECTION,STRAIGHT & LEVEL,DAYLIGHT,,,8/7/2019 8:23:17 AM,False,7858,Accepted,
25433361,0568000,LOUISVILLE METRO POLICE DEPT,Accepted,JEFFERSON,KY1934,,CANE RUN,RD,,KY2051,LEES,,,,,38.183886626,-85.855329442,7.725,8/5/2019 12:00:00 AM,1306,2,2,0,1,CLEAR,DRY,True,SIDESWIPE-SAME DIRECTION,SIDESWIPE-SAME DIRECTION,STRAIGHT & LEVEL,DAYLIGHT,,,8/6/2019 8:34:07 AM,False,7205,Accepted,
25433433,0568000,LOUISVILLE METRO POLICE DEPT,Accepted,JEFFERSON,,,3RD,ST,S,,KENWOOD,,,,,38.161287353,-85.772323421,2.666,8/5/2019 12:00:00 AM,1906,2,2,0,0,CLEAR,DRY,True,OPPOSITE DIRECTION - BOTH VEHICLES GOING STRAIGHT AHEAD,SIDESWIPE-OPPOSITE DIRECTION,STRAIGHT & LEVEL,DAYLIGHT,,,8/6/2019 8:39:35 AM,False,5196,Accepted,
25433377,0568000,LOUISVILLE METRO POLICE DEPT,Accepted,JEFFERSON,,,WILSON,AVE,,,28TH,,,,,38.232289513,-85.800873293,1.460,8/5/2019 12:00:00 AM,1645,3,3,0,0,CLEAR,DRY,False,OPPOSITE DIRECTION - BOTH VEHICLES GOING STRAIGHT AHEAD,SIDESWIPE-OPPOSITE DIRECTION,STRAIGHT & LEVEL,DAYLIGHT,,,8/6/2019 8:35:35 AM,False,7326,Accepted,
25433426,0568000,LOUISVILLE METRO POLICE DEPT,Accepted,JEFFERSON,,,GLEN LAKES,DR,,,FLAT ROCK,,,,,38.239934206,-85.444532807,0.403,8/5/2019 12:00:00 AM,1827,2,2,0,0,CLEAR,DRY,False,OPPOSITE DIRECTION - BOTH VEHICLES GOING STRAIGHT AHEAD,SIDESWIPE-OPPOSITE DIRECTION,STRAIGHT & LEVEL,DAYLIGHT,,,8/6/2019 8:38:51 AM,False,6334,Accepted,
25433414,0568000,LOUISVILLE METRO POLICE DEPT,Accepted,JEFFERSON,KY1065,,OUTER,LOOP,,,MINOR,,,,,38.136249711,-85.697117472,5.469,8/5/2019 12:00:00 AM,1516,2,2,0,0,CLOUDY,DRY,False,OPPOSING LEFT TURN,OPPOSING LEFT TURN,STRAIGHT & LEVEL,DAYLIGHT,,,8/6/2019 8:37:59 AM,False,4693,Accepted,
25429836,0568000,LOUISVILLE METRO POLICE DEPT,Accepted,JEFFERSON,KY1020,,SOUTHSIDE,DR,,,AMHERST,,,,,38.174432860,-85.764703771,7.202,8/5/2019 12:00:00 AM,0817,2,2,0,1,CLOUDY,DRY,True,ANGLE COLLISION - OTHER,ANGLE,STRAIGHT & LEVEL,DAYLIGHT,,,8/5/2019 1:42:37 PM,False,7204,Accepted,
25433390,0568000,LOUISVILLE METRO POLICE DEPT,Accepted,JEFFERSON,,,HENDRIK,DR,,,WATTERSON,,,,,38.183881532,-85.608029176,0.193,8/5/2019 12:00:00 AM,1715,2,2,0,0,CLEAR,DRY,False,REAR END - ONE VEHICLE TURNING LEFT,REAR END,STRAIGHT & LEVEL,DAYLIGHT,,,8/6/2019 8:36:15 AM,False,7338,Accepted,
25433397,0568000,LOUISVILLE METRO POLICE DEPT,Accepted,JEFFERSON,KY2048,,CANNONS,LN,,,DUTCHMANS,,,,,38.226359497,-85.650654886,0.511,8/5/2019 12:00:00 AM,1918,2,2,0,0,CLEAR,DRY,False,ANGLE COLLISION - ONE VEHICLE TURNING LEFT,ANGLE,STRAIGHT & LEVEL,DAYLIGHT,,,8/6/2019 8:36:44 AM,False,7916,Accepted,
25751189,0568000,LOUISVILLE METRO POLICE DEPT,Accepted,JEFFERSON,,,20TH,ST,S,,MUHAMMAD ALI,,,,,38.254163623,-85.784751180,0.385,8/5/2019 12:00:00 AM,1626,2,2,0,0,CLEAR,DRY,True,ANGLE COLLISION - ONE VEHICLE TURNING LEFT,ANGLE,STRAIGHT & LEVEL,DAYLIGHT,,,10/9/2019 9:57:12 AM,False,5108,Accepted,
25433403,0568000,LOUISVILLE METRO POLICE DEPT,Accepted,JEFFERSON,US0060,,SHELBYVILLE,RD,,,HOLLEY,,,,,38.248284517,-85.600129771,6.589,8/5/2019 12:00:00 AM,1737,2,2,0,0,CLEAR,DRY,False,ANGLE COLLISION - ONE VEHICLE TURNING LEFT,ANGLE,STRAIGHT & LEVEL,DAYLIGHT,,,8/6/2019 8:37:13 AM,False,5228,Accepted,
25433424,0568000,LOUISVILLE METRO POLICE DEPT,Accepted,JEFFERSON,US0031W,,DIXIE,HWY,,,BARRETT,,,,,38.102966166,-85.869651950,8.275,8/5/2019 12:00:00 AM,0726,2,1,0,0,FOG,DRY,False,COLLISION WITH PEDESTRIAN IN INTERSECTION,SINGLE VEHICLE,STRAIGHT & LEVEL,DAYLIGHT,,,8/6/2019 8:38:43 AM,False,6326,Accepted,
25433457,0568000,LOUISVILLE METRO POLICE DEPT,Accepted,JEFFERSON,,,6TH,ST,S,,JEFFERSON,,,,,38.254239222,-85.760322212,0.191,8/5/2019 12:00:00 AM,2001,2,1,0,0,CLEAR,DRY,False,COLLISION WITH BICYCLE IN INTERSECTION,SINGLE VEHICLE,STRAIGHT & LEVEL,DUSK,,,8/6/2019 8:45:02 AM,False,7111,Accepted,
25427894,0568000,LOUISVILLE METRO POLICE DEPT,Accepted,JEFFERSON,KY1020,,2ND,ST,S,,CARDINAL,,,,,38.220418263,-85.759806598,10.322,8/5/2019 12:00:00 AM,0002,2,2,0,1,CLEAR,DRY,False,ANGLE COLLISION - OTHER,ANGLE,STRAIGHT & LEVEL,DARK-HWY LIGHTED/ON,,,8/5/2019 8:48:26 AM,False,5123,Accepted,
25427850,0568000,LOUISVILLE METRO POLICE DEPT,Accepted,JEFFERSON,,,MARKET,ST,W,,32ND,,,,,38.260676754,-85.804508368,0.979,8/5/2019 12:00:00 AM,0017,2,2,0,2,CLEAR,DRY,False,ANGLE COLLISION - OTHER,ANGLE,STRAIGHT & LEVEL,DARK-HWY LIGHTED/ON,,,8/5/2019 8:46:34 AM,False,7343,Accepted,
25433419,0568000,LOUISVILLE METRO POLICE DEPT,Accepted,JEFFERSON,,,INTERCHANGE,DR,,,ANTONIA,,,,,38.095279368,-85.672056360,0.665,8/5/2019 12:00:00 AM,1708,2,2,0,0,CLOUDY,DRY,False,ANGLE COLLISION - OTHER,ANGLE,CURVE & LEVEL,DAYLIGHT,,,8/6/2019 8:38:22 AM,False,4693,Accepted,
25433395,0568000,LOUISVILLE METRO POLICE DEPT,Accepted,JEFFERSON,KY0913,,BLANKENBAKER,PKWY,,KY0913C,BLANKENBAKER ACCESS,,,,,38.196174239,-85.548186717,0.610,8/5/2019 12:00:00 AM,1535,2,2,0,2,CLEAR,DRY,False,ANGLE COLLISION - OTHER,ANGLE,STRAIGHT & GRADE,DAYLIGHT,,,8/6/2019 8:36:34 AM,False,6494,Accepted,