IncidentID,AgencyORI,AgencyName,IncidentStatusDesc,County,RdwyNumber,Street,RoadwayName,StreetSfx,StreetDir,IntersectionRdwy,IntersectionRdwyName,BetweenStRdwy1,BetweenStRdwyName1,BetweenStRdwy2,BetweenStRdwyName2,Latitude,Longitude,Milepoint,CollisionDate,CollisionTime,UnitsInvolved,MotorVehiclesInvolved,NumberKilled,NumberInjured,Weather,RdwyConditionCode,HitandRun,DirAnalysisCode,MannerofCollision,RdwyCharacter,LightCondition,RampFromRdwyId,RampToRdwyId,AcceptedDate,IsSecondaryCollision,OwnerBadge,IncidentStatus,
25433425,0568000,LOUISVILLE METRO POLICE DEPT,Accepted,JEFFERSON,,,ACME,WAY,,,BAY PINE,,,,,38.130016285,-85.647893148,0.360,8/5/2019 12:00:00 AM,1211,2,2,0,0,CLOUDY,DRY,False,ANGLE COLLISION - OTHER,ANGLE,STRAIGHT & LEVEL,DAYLIGHT,,,8/6/2019 8:38:47 AM,False,4693,Accepted,
25434615,0560600,WEST BUECHEL POLICE DEPT.,Accepted,JEFFERSON,KY2052,,SHEPHERDSVILLE,RD,,,ST FRANCIS,,,,,38.193737669,-85.660979273,3.819,8/5/2019 12:00:00 AM,1435,2,2,0,1,CLEAR,DRY,False,ANGLE COLLISION - OTHER,ANGLE,STRAIGHT & GRADE,DAYLIGHT,,,8/6/2019 11:48:38 AM,False,1272,Accepted,
25427892,0568000,LOUISVILLE METRO POLICE DEPT,Accepted,JEFFERSON,KY0155,,TAYLORSVILLE,RD,,US0031E,BARDSTOWN,,,,,38.223314933,-85.683589937,16.477,8/4/2019 12:00:00 AM,1306,3,3,0,0,CLEAR,DRY,True,ANGLE COLLISION - OTHER,ANGLE,STRAIGHT & LEVEL,DAYLIGHT,,,8/5/2019 8:48:20 AM,False,7740,Accepted,
25427970,0568000,LOUISVILLE METRO POLICE DEPT,Accepted,JEFFERSON,,,MUD,LN,,,ANTLE,,,,,38.088377455,-85.669991158,0.430,8/4/2019 12:00:00 AM,1245,2,2,0,0,CLEAR,DRY,False,ANGLE COLLISION - OTHER,ANGLE,STRAIGHT & LEVEL,DAYLIGHT,,,8/5/2019 8:53:39 AM,False,7442,Accepted,
25449422,0568000,LOUISVILLE METRO POLICE DEPT,Accepted,JEFFERSON,US0031E,,BARDSTOWN,RD,,KY1065,BEULAH CHURCH,,,,,38.149937353,-85.587250905,5.561,8/4/2019 12:00:00 AM,1845,2,2,0,0,CLEAR,DRY,False,ANGLE COLLISION - OTHER,ANGLE,STRAIGHT & GRADE,DAWN,,,8/9/2019 8:26:49 AM,False,5169,Accepted,
25427941,0568000,LOUISVILLE METRO POLICE DEPT,Accepted,JEFFERSON,KY1931,4602,GREENWOOD,RD,,US0031W,DIXIE,,,,,38.143561695,-85.840836972,3.076,8/4/2019 12:00:00 AM,1215,3,3,0,2,CLEAR,DRY,False,ANGLE COLLISION - OTHER,ANGLE,STRAIGHT & LEVEL,DAYLIGHT,,,8/5/2019 8:51:28 AM,True,7485,Accepted,
25427876,0568000,LOUISVILLE METRO POLICE DEPT,Accepted,JEFFERSON,US0150,,BROADWAY,,W,,15TH,,,,,38.248226093,-85.776584656,1.378,8/4/2019 12:00:00 AM,2331,2,1,0,1,CLEAR,DRY,False,COLLISION WITH PEDESTRIAN IN INTERSECTION,SINGLE VEHICLE,STRAIGHT & LEVEL,DARK-HWY LIGHTED/ON,,,8/5/2019 8:47:12 AM,False,7408,Accepted,
25444039,0568000,LOUISVILLE METRO POLICE DEPT,Accepted,JEFFERSON,US0031W,,DIXIE,HWY,,,KATHERINE STATION,,,,,38.005922951,-85.936806114,0.452,8/4/2019 12:00:00 AM,1405,1,1,0,1,CLEAR,DRY,False,NON-COLLISION OBJECT COLLISION,SINGLE VEHICLE,STRAIGHT & LEVEL,DAYLIGHT,,,8/8/2019 8:23:38 AM,False,7336,Accepted,
25427890,0568000,LOUISVILLE METRO POLICE DEPT,Accepted,JEFFERSON,KY0061,,PRESTON,HWY,,,HART,,,,,38.199377082,-85.732708386,8.902,8/4/2019 12:00:00 AM,1501,2,2,0,2,CLEAR,DRY,False,ANGLE COLLISION - ONE VEHICLE TURNING LEFT,ANGLE,STRAIGHT & LEVEL,DAYLIGHT,,,8/5/2019 8:48:15 AM,False,7898,Accepted,
25427880,0568000,LOUISVILLE METRO POLICE DEPT,Accepted,JEFFERSON,,,PETERSBURG,RD,,,INDIAN,,,,,38.184034442,-85.665967073,0.502,8/4/2019 12:00:00 AM,1844,5,5,0,1,CLEAR,DRY,False,COLLISION WITH PARKED VEHICLE,SIDESWIPE-SAME DIRECTION,STRAIGHT & LEVEL,DAYLIGHT,,,8/5/2019 8:47:27 AM,False,7341,Accepted,
25427981,0568000,LOUISVILLE METRO POLICE DEPT,Accepted,JEFFERSON,US0031E,,BARDSTOWN,RD,,,HEATHER,,,,,38.205708846,-85.666576514,11.561,8/4/2019 12:00:00 AM,1215,2,2,0,0,CLEAR,DRY,False,OPPOSING LEFT TURN,OPPOSING LEFT TURN,STRAIGHT & LEVEL,DAYLIGHT,,,8/5/2019 8:54:00 AM,False,7224,Accepted,
25427897,0568000,LOUISVILLE METRO POLICE DEPT,Accepted,JEFFERSON,US0031W,,DIXIE,HWY,,KY1931,GREENWOOD,,,,,38.143600169,-85.839632243,11.681,8/4/2019 12:00:00 AM,0559,2,2,0,0,CLEAR,DRY,False,OPPOSING LEFT TURN,OPPOSING LEFT TURN,STRAIGHT & LEVEL,DAWN,,,8/5/2019 8:48:37 AM,False,7365,Accepted,
25427883,0568000,LOUISVILLE METRO POLICE DEPT,Accepted,JEFFERSON,US0031E,,BARDSTOWN,RD,,,CEDARLOOK,,,,,38.146910066,-85.585832291,5.323,8/4/2019 12:00:00 AM,1231,2,2,0,0,CLEAR,DRY,False,SIDESWIPE-SAME DIRECTION,SIDESWIPE-SAME DIRECTION,STRAIGHT & LEVEL,DAYLIGHT,,,8/5/2019 8:47:50 AM,False,5222,Accepted,
25427899,0568000,LOUISVILLE METRO POLICE DEPT,Accepted,JEFFERSON,KY1020,,NATIONAL,TPKE,,KY0841,KY841 CROSSOVER KY1020,,,,,38.118420717,-85.748075990,3.118,8/4/2019 12:00:00 AM,1500,2,2,0,0,CLEAR,DRY,False,SIDESWIPE-SAME DIRECTION,SIDESWIPE-SAME DIRECTION,STRAIGHT & LEVEL,DAYLIGHT,,,8/5/2019 8:48:49 AM,False,7373,Accepted,
25427939,0568000,LOUISVILLE METRO POLICE DEPT,Accepted,JEFFERSON,US0150,,BROADWAY,,W,,5TH,,,,,38.246301399,-85.760065356,2.298,8/4/2019 12:00:00 AM,1314,2,2,0,0,CLEAR,DRY,False,SIDESWIPE-SAME DIRECTION,SIDESWIPE-SAME DIRECTION,STRAIGHT & LEVEL,DAYLIGHT,,,8/5/2019 8:51:21 AM,False,7345,Accepted,
25427984,0568000,LOUISVILLE METRO POLICE DEPT,Accepted,JEFFERSON,,,26TH,ST,S,,BROADWAY,,,,,38.249447701,-85.794874895,0.782,8/4/2019 12:00:00 AM,1742,2,2,0,0,CLEAR,DRY,False,OTHER INTERSECTION COLLISIONS,REAR END,STRAIGHT & LEVEL,DUSK,,,8/5/2019 8:54:03 AM,False,7408,Accepted,
25427959,0568000,LOUISVILLE METRO POLICE DEPT,Accepted,JEFFERSON,,,INDIAN,TRL,E,,JENNINGS,,,,,38.178368881,-85.676650988,1.866,8/4/2019 12:00:00 AM,0346,2,2,0,0,CLEAR,DRY,False,OTHER INTERSECTION COLLISIONS,REAR END,STRAIGHT & LEVEL,DARK-HWY LIGHTED/ON,,,8/5/2019 8:53:05 AM,False,7341,Accepted,
25444075,0568000,LOUISVILLE METRO POLICE DEPT,Accepted,JEFFERSON,KY0864,,LOGAN,ST,,,KENTUCKY,,,,,38.236229220,-85.739375798,14.828,8/4/2019 12:00:00 AM,1520,2,2,0,0,CLEAR,DRY,False,SIDESWIPE-SAME DIRECTION,SIDESWIPE-SAME DIRECTION,STRAIGHT & LEVEL,DAYLIGHT,,,8/8/2019 8:25:56 AM,False,7116,Accepted,
25427963,0568000,LOUISVILLE METRO POLICE DEPT,Accepted,JEFFERSON,KY1447,9620,WESTPORT,RD,,,,,,,,38.287476624,-85.572648230,5.238,8/4/2019 12:00:00 AM,0448,1,1,0,1,CLEAR,DRY,False,COLLISION WITH FIXED OBJECT NON - INTERSECTION - FIRST EVENT COLLISION 09 - 32 EXCLUDING 16,SINGLE VEHICLE,STRAIGHT & HILLCREST,DARK (UNKNOWN ROADWAY LIGHTING),,,8/5/2019 8:53:23 AM,False,5004,Accepted,
25449445,0568000,LOUISVILLE METRO POLICE DEPT,Accepted,JEFFERSON,,4601,ROXANN,BLVD,,,,,,,,38.181662233,-85.627919088,0.002,8/4/2019 12:00:00 AM,2051,1,1,0,1,CLEAR,OTHER,False,COLLISION WITH FIXED OBJECT NON - INTERSECTION - FIRST EVENT COLLISION 09 - 32 EXCLUDING 16,SINGLE VEHICLE,STRAIGHT & LEVEL,OTHER,,,8/9/2019 8:28:19 AM,False,7200,Accepted,
25427966,0568000,LOUISVILLE METRO POLICE DEPT,Accepted,JEFFERSON,,4600,INDIAN,TRL,E,,,,,,,38.178421105,-85.676680039,1.863,8/4/2019 12:00:00 AM,0247,1,1,0,0,CLEAR,DRY,False,COLLISION WITH FIXED OBJECT NON - INTERSECTION - FIRST EVENT COLLISION 09 - 32 EXCLUDING 16,SINGLE VEHICLE,STRAIGHT & LEVEL,DARK-HWY LIGHTED/ON,,,8/5/2019 8:53:31 AM,False,7283,Accepted,
25427909,0568000,LOUISVILLE METRO POLICE DEPT,Accepted,JEFFERSON,I 0065,,I65 N,,,,,,,,,38.166442887,-85.720743981,128.918,8/4/2019 12:00:00 AM,0730,1,1,0,0,CLEAR,DRY,False,COLLISION WITH FIXED OBJECT NON - INTERSECTION - FIRST EVENT COLLISION 09 - 32 EXCLUDING 16,SINGLE VEHICLE,STRAIGHT & GRADE,DAYLIGHT,,,8/5/2019 8:49:31 AM,False,5130,Accepted,
25427945,0568000,LOUISVILLE METRO POLICE DEPT,Accepted,JEFFERSON,KY1747,,FERN VALLEY,RD,,KY0061,PRESTON,,,,,38.156741260,-85.697117099,1.923,8/4/2019 12:00:00 AM,1745,2,2,0,0,CLEAR,DRY,True,OTHER INTERSECTION COLLISIONS,REAR END,STRAIGHT & LEVEL,DAYLIGHT,,,8/5/2019 8:51:52 AM,False,5026,Accepted,
25427980,0568000,LOUISVILLE METRO POLICE DEPT,Accepted,JEFFERSON,KY0155,,TAYLORSVILLE,RD,,,MCMAHAN,,,,,38.219470262,-85.619531874,12.987,8/4/2019 12:00:00 AM,1950,2,2,0,0,CLEAR,DRY,False,OTHER INTERSECTION COLLISIONS,REAR END,STRAIGHT & LEVEL,DAYLIGHT,,,8/5/2019 8:53:57 AM,False,5019,Accepted,
25427949,0568000,LOUISVILLE METRO POLICE DEPT,Accepted,JEFFERSON,KY1065,,LOVERS,LN,,,,,ROCKY,,FERN CREEK,38.158955252,-85.572068336,13.182,8/4/2019 12:00:00 AM,0630,1,1,0,0,CLEAR,DRY,False,COLLISION WITH ANIMAL NON INTERSECTION,SINGLE VEHICLE,STRAIGHT & LEVEL,DAYLIGHT,,,8/5/2019 8:52:20 AM,False,5222,Accepted,
25427954,0568000,LOUISVILLE METRO POLICE DEPT,Accepted,JEFFERSON,KY1934,4060,CANE RUN,RD,,,,,,,,38.204716560,-85.830378506,9.716,8/4/2019 12:00:00 AM,1610,2,1,0,0,CLEAR,DRY,True,COLLISION WITH PEDESTRIAN NON - INTERSECTION,SINGLE VEHICLE,STRAIGHT & LEVEL,DAYLIGHT,,,8/5/2019 8:52:45 AM,False,5202,Accepted,
25427906,0568000,LOUISVILLE METRO POLICE DEPT,Accepted,JEFFERSON,,,28TH,ST,S,,MAGAZINE,,,,,38.252033566,-85.797851812,0.625,8/4/2019 12:00:00 AM,2130,1,1,0,0,CLEAR,DRY,True,OTHER INTERSECTION COLLISIONS,SINGLE VEHICLE,STRAIGHT & LEVEL,DAYLIGHT,,,8/5/2019 8:49:15 AM,False,7416,Accepted,
25427948,0568000,LOUISVILLE METRO POLICE DEPT,Accepted,JEFFERSON,I 0065,,,,,I 0065,I65 N,,,,,38.119165102,-85.701501493,0.637,8/4/2019 12:00:00 AM,1055,1,1,0,1,CLEAR,DRY,False,OTHER INTERSECTION COLLISIONS,SINGLE VEHICLE,CURVE & LEVEL,DAYLIGHT,,,8/5/2019 8:52:15 AM,False,5026,Accepted,
25449454,0568000,LOUISVILLE METRO POLICE DEPT,Accepted,JEFFERSON,,,ROY WILKINS,AVE,,US0150,BROADWAY,,,,,38.246822808,-85.766357365,0.730,8/4/2019 12:00:00 AM,2215,2,2,0,0,CLEAR,DRY,False,OTHER INTERSECTION COLLISIONS,REAR END,STRAIGHT & LEVEL,DARK-HWY LIGHTED/ON,,,8/9/2019 8:28:29 AM,False,5047,Accepted,
25427957,0568000,LOUISVILLE METRO POLICE DEPT,Accepted,JEFFERSON,KY1865,5440,NEW CUT,RD,,,,,,,,38.148178388,-85.775847266,2.831,8/4/2019 12:00:00 AM,1528,2,2,0,0,CLEAR,DRY,False,REAR END IN TRAFFIC LANES BOTH VEHICLES MOVING,REAR END,STRAIGHT & LEVEL,DAYLIGHT,,,8/5/2019 8:52:57 AM,False,7427,Accepted,
25444116,0568000,LOUISVILLE METRO POLICE DEPT,Accepted,JEFFERSON,KY1865,,NEW CUT,RD,,,,,,,,38.126402826,-85.776119959,1.263,8/4/2019 12:00:00 AM,2231,2,2,0,2,CLEAR,DRY,False,REAR END IN TRAFFIC LANES BOTH VEHICLES MOVING,REAR END,STRAIGHT & HILLCREST,DARK-HWY LIGHTED/ON,,,8/8/2019 8:28:13 AM,False,7244,Accepted,
25427928,0568000,LOUISVILLE METRO POLICE DEPT,Accepted,JEFFERSON,KY0864,,POPLAR LEVEL,RD,,,,,,,,38.167337955,-85.681702841,8.885,8/4/2019 12:00:00 AM,1410,2,2,0,0,CLEAR,DRY,False,REAR END IN TRAFFIC LANES BOTH VEHICLES MOVING,REAR END,STRAIGHT & GRADE,DAYLIGHT,,,8/5/2019 8:50:25 AM,False,5130,Accepted,
25434431,0568000,LOUISVILLE METRO POLICE DEPT,Accepted,JEFFERSON,KY1020,,2ND,ST,S,,,,,,,38.245838081,-85.755048886,12.097,8/4/2019 12:00:00 AM,0835,2,2,0,0,CLEAR,DRY,False,REAR END IN TRAFFIC LANES BOTH VEHICLES MOVING,REAR END,STRAIGHT & LEVEL,DAYLIGHT,,,8/6/2019 11:17:33 AM,False,7866,Accepted,
25427908,0568000,LOUISVILLE METRO POLICE DEPT,Accepted,JEFFERSON,,601,WOODLAWN,AVE,W,,,,,,,38.182270248,-85.771380857,0.491,8/4/2019 12:00:00 AM,1305,2,2,0,0,CLEAR,DRY,False,1 VEHICLE PARKED POSITION (NOT PARKING LOT/DRIVEWAY),BACKING,STRAIGHT & LEVEL,DAYLIGHT,,,8/5/2019 8:49:25 AM,False,7262,Accepted,
25477029,0568000,LOUISVILLE METRO POLICE DEPT,Accepted,JEFFERSON,,7103,RAINBOW,DR,,,,,,,,38.053617654,-85.896842918,0.050,8/4/2019 12:00:00 AM,2136,3,1,0,0,CLEAR,DRY,True,1 VEHICLE PARKED POSITION (NOT PARKING LOT/DRIVEWAY),ANGLE,STRAIGHT & LEVEL,DARK-HWY LIGHTED/OFF,,,8/15/2019 10:51:33 AM,False,7277,Accepted,
25427888,0568000,LOUISVILLE METRO POLICE DEPT,Accepted,JEFFERSON,,6206,TIARA,CT,,,,,,,,38.135766344,-85.646110692,0.046,8/4/2019 12:00:00 AM,1501,2,2,0,0,CLEAR,DRY,False,1 VEHICLE PARKED POSITION (NOT PARKING LOT/DRIVEWAY),ANGLE,STRAIGHT & LEVEL,DAYLIGHT,,,8/5/2019 8:48:05 AM,False,7127,Accepted,
25427929,0568000,LOUISVILLE METRO POLICE DEPT,Accepted,JEFFERSON,KY1020,1348,2ND,ST,S,,,,MAGNOLIA,,ORMSBY,38.230659945,-85.757751439,11.042,8/4/2019 12:00:00 AM,0251,2,2,0,0,CLEAR,DRY,False,1 VEHICLE PARKED POSITION (NOT PARKING LOT/DRIVEWAY),REAR END,STRAIGHT & LEVEL,DARK (UNKNOWN ROADWAY LIGHTING),,,8/5/2019 8:50:34 AM,False,5111,Accepted,
25427875,0568000,LOUISVILLE METRO POLICE DEPT,Accepted,JEFFERSON,,2534,ROWAN,ST,,,,,,,,38.261826225,-85.790811039,1.226,8/4/2019 12:00:00 AM,2317,2,2,0,0,CLEAR,DRY,False,1 VEHICLE PARKED POSITION (NOT PARKING LOT/DRIVEWAY),SIDESWIPE-SAME DIRECTION,STRAIGHT & LEVEL,OTHER,,,8/5/2019 8:47:07 AM,False,7173,Accepted,
25444042,0568000,LOUISVILLE METRO POLICE DEPT,Accepted,JEFFERSON,US0031W,10608,DIXIE,HWY,,,,,,,,38.100464813,-85.871122993,8.083,8/4/2019 12:00:00 AM,1325,2,2,0,0,CLEAR,DRY,False,REAR END IN TRAFFIC LANES BOTH VEHICLES MOVING,REAR END,STRAIGHT & LEVEL,DAYLIGHT,,,8/8/2019 8:23:55 AM,False,7336,Accepted,
25427881,0568000,LOUISVILLE METRO POLICE DEPT,Accepted,JEFFERSON,,,BICKNELL,AVE,,KY1865,TAYLOR,,,,,38.183109036,-85.783761508,0.286,8/4/2019 12:00:00 AM,1825,2,2,0,0,CLEAR,DRY,False,HEAD-ON COLLISION,HEAD ON,STRAIGHT & LEVEL,DAYLIGHT,,,8/5/2019 8:47:38 AM,False,7402,Accepted,
25427938,0568000,LOUISVILLE METRO POLICE DEPT,Accepted,JEFFERSON,,4505,MUD,LN,,,,,,,,38.088476697,-85.684243120,1.223,8/4/2019 12:00:00 AM,1604,2,2,0,0,CLEAR,DRY,False,SIDESWIPE COLLISION - SAME DIRECTION,SIDESWIPE-SAME DIRECTION,STRAIGHT & LEVEL,DAYLIGHT,,,8/5/2019 8:51:16 AM,False,7442,Accepted,
25443219,0560400,SHIVELY POLICE DEPARTMENT,Accepted,JEFFERSON,I 0264,,I264 W,,,,,,,,,38.202894341,-85.827349814,5.453,8/4/2019 12:00:00 AM,0104,2,2,0,0,CLEAR,DRY,False,SIDESWIPE COLLISION - SAME DIRECTION,SIDESWIPE-SAME DIRECTION,STRAIGHT & GRADE,DARK-HWY LIGHTED/ON,,,8/8/2019 2:37:23 AM,False,7118,Accepted,
25427974,0568000,LOUISVILLE METRO POLICE DEPT,Accepted,JEFFERSON,,,4TH,ST,S,,,,,,,38.217249471,-85.763473642,2.742,8/4/2019 12:00:00 AM,1539,2,2,0,0,CLEAR,DRY,False,1 VEHICLE ENTERING/LEAVING ENTRANCE,ANGLE,STRAIGHT & LEVEL,DAYLIGHT,,,8/5/2019 8:53:46 AM,False,7390,Accepted,
25427988,0568000,LOUISVILLE METRO POLICE DEPT,Accepted,JEFFERSON,KY0022,,BROWNSBORO,RD,,,,,SUMMIT PLAZA,,SIMCOE,38.306973949,-85.575370216,3.875,8/4/2019 12:00:00 AM,1742,2,2,0,0,CLEAR,DRY,False,VEHICLE BACKING NON INTERSECTION,BACKING,STRAIGHT & LEVEL,DAYLIGHT,,,8/5/2019 8:54:14 AM,False,7751,Accepted,
25427895,0568000,LOUISVILLE METRO POLICE DEPT,Accepted,JEFFERSON,,,VIRGINIA,AVE,,,,,36TH,,38TH,38.239791447,-85.815325558,1.056,8/4/2019 12:00:00 AM,1456,2,2,0,0,CLEAR,DRY,False,1 VEHICLE ENTERING/LEAVING ENTRANCE,ANGLE,CURVE & GRADE,DAYLIGHT,,,8/5/2019 8:48:30 AM,False,7328,Accepted,
25427977,0568000,LOUISVILLE METRO POLICE DEPT,Accepted,JEFFERSON,,,REAMERS,RD,,,,,,,,38.295297537,-85.488553477,0.993,8/4/2019 12:00:00 AM,1332,2,2,0,1,CLEAR,DRY,False,1 VEHICLE ENTERING/LEAVING ENTRANCE,ANGLE,CURVE & GRADE,DAYLIGHT,,,8/5/2019 8:53:54 AM,False,7899,Accepted,
25444113,0568000,LOUISVILLE METRO POLICE DEPT,Accepted,JEFFERSON,KY1065,7201,OUTER,LOOP,,,,,,,,38.137381359,-85.629660185,9.184,8/4/2019 12:00:00 AM,1840,2,2,0,0,CLEAR,DRY,False,COLLISION IN PARKING LOT,BACKING,STRAIGHT & LEVEL,DAYLIGHT,,,8/8/2019 8:28:03 AM,False,7915,Accepted,
25427950,0568000,LOUISVILLE METRO POLICE DEPT,Accepted,JEFFERSON,,6807,BROOKLAWN,DR,,,,,,,,38.154987504,-85.817564931,0.234,8/4/2019 12:00:00 AM,2111,2,2,0,0,CLEAR,DRY,False,COLLISION IN PARKING LOT,BACKING,STRAIGHT & LEVEL,DARK (UNKNOWN ROADWAY LIGHTING),,,8/5/2019 8:52:29 AM,False,7365,Accepted,
25427905,0568000,LOUISVILLE METRO POLICE DEPT,Accepted,JEFFERSON,,3706,DIANN MARIE,RD,,,,,,,,38.299776895,-85.545067242,0.162,8/4/2019 12:00:00 AM,0609,2,2,0,0,CLEAR,DRY,True,COLLISION IN PARKING LOT,SIDESWIPE-SAME DIRECTION,,DAWN,,,8/5/2019 8:49:12 AM,False,7159,Accepted,
25427889,0568000,LOUISVILLE METRO POLICE DEPT,Accepted,JEFFERSON,,,LOWER RIVER,RD,,,,,,,,38.098145908,-85.892165111,1.169,8/4/2019 12:00:00 AM,1506,2,2,0,0,CLEAR,DRY,True,OTHER ROADWAY OR MID-BLOCK COLLISION,REAR END,STRAIGHT & LEVEL,DAYLIGHT,,,8/5/2019 8:48:11 AM,False,7224,Accepted,
25427882,0568000,LOUISVILLE METRO POLICE DEPT,Accepted,JEFFERSON,,,PARK,RD,S,,,,LAMPTON,,OLD SOUTH PARK,38.115999861,-85.708126262,1.832,8/4/2019 12:00:00 AM,1620,2,2,0,0,CLEAR,DRY,False,OTHER ROADWAY OR MID-BLOCK COLLISION,REAR END,CURVE & LEVEL,DAYLIGHT,,,8/5/2019 8:47:44 AM,False,2324,Accepted,
25427901,0568000,LOUISVILLE METRO POLICE DEPT,Accepted,JEFFERSON,,6601,PRICE,LN,,,,,,,,38.104457910,-85.638863396,0.648,8/4/2019 12:00:00 AM,0657,1,1,0,0,CLEAR,WET,False,OTHER ROADWAY OR MID-BLOCK COLLISION,SINGLE VEHICLE,STRAIGHT & LEVEL,DAWN,,,8/5/2019 8:48:54 AM,False,2324,Accepted,
25427961,0568000,LOUISVILLE METRO POLICE DEPT,Accepted,JEFFERSON,,8403,FERNDALE,RD,,,,,,,,38.155804671,-85.604739542,0.809,8/4/2019 12:00:00 AM,1802,2,2,0,4,CLEAR,DRY,False,OTHER ROADWAY OR MID-BLOCK COLLISION,OPPOSING LEFT TURN,STRAIGHT & LEVEL,DAYLIGHT,,,8/5/2019 8:53:15 AM,False,5233,Accepted,
25427810,0568000,LOUISVILLE METRO POLICE DEPT,Accepted,JEFFERSON,KY1447,,WESTPORT,RD,,,,,COLLINS,,NORTHUMBERLAND,38.304311740,-85.523839208,8.053,8/3/2019 12:00:00 AM,1816,3,3,0,0,CLEAR,DRY,True,OTHER ROADWAY OR MID-BLOCK COLLISION,REAR END,STRAIGHT & LEVEL,DAYLIGHT,,,8/5/2019 8:46:16 AM,False,7751,Accepted,
25427912,0568000,LOUISVILLE METRO POLICE DEPT,Accepted,JEFFERSON,KY1747,,FERN VALLEY,RD,,,,I 0065,I65 N EXIT128 OFF RAMP TO KY1631,I 0065,I65 S EXIT128 ON RAMP FROM KY1631 W,38.157488928,-85.716905584,0.834,8/3/2019 12:00:00 AM,1823,2,2,0,1,CLEAR,DRY,False,OTHER ROADWAY OR MID-BLOCK COLLISION,REAR END,STRAIGHT & LEVEL,DAYLIGHT,,,8/5/2019 8:49:38 AM,False,2324,Accepted,
25427682,0568000,LOUISVILLE METRO POLICE DEPT,Accepted,JEFFERSON,,5003,QUAIL HOLLOW,RD,,,,,,,,38.179728704,-85.694329366,0.045,8/3/2019 12:00:00 AM,0100,2,2,0,0,CLEAR,DRY,True,COLLISION IN PARKING LOT,ANGLE,STRAIGHT & LEVEL,DARK-HWY LIGHTED/ON,,,8/5/2019 8:39:26 AM,False,2796,Accepted,
25424282,0566900,LOUISVILLE AIRPORT POLICE,Accepted,JEFFERSON,,600,TERMINAL,DR,,,,,,,,38.186448929,-85.742053165,0.289,8/3/2019 12:00:00 AM,1423,2,2,0,0,CLEAR,DRY,True,COLLISION IN PARKING LOT,ANGLE,STRAIGHT & LEVEL,DAYLIGHT,,,8/4/2019 7:19:41 AM,False,5871,Accepted,
25427964,0568000,LOUISVILLE METRO POLICE DEPT,Accepted,JEFFERSON,US0060A,1715,BERRY,BLVD,,,,,,,,38.196902371,-85.794026113,0.710,8/3/2019 12:00:00 AM,0220,2,2,0,0,CLEAR,DRY,True,COLLISION IN PARKING LOT,REAR END,STRAIGHT & LEVEL,,,,8/5/2019 8:53:27 AM,False,5052,Accepted,
25432070,0560400,SHIVELY POLICE DEPARTMENT,Accepted,JEFFERSON,I 0264,,,,,,,,,,,38.186944640,-85.811611799,0.393,8/3/2019 12:00:00 AM,1351,2,2,0,0,CLEAR,DRY,False,OTHER RAMP RELATED COLLISIONS NOT LISTED ABOVE,REAR END,STRAIGHT & HILLCREST,DAYLIGHT,I 0264,US31W N,8/5/2019 11:52:28 PM,False,7103,Accepted,
25427952,0568000,LOUISVILLE METRO POLICE DEPT,Accepted,JEFFERSON,I 0065,,,,,,,,,,,38.248296978,-85.751871561,0.003,8/3/2019 12:00:00 AM,0148,2,2,0,0,CLEAR,DRY,False,OTHER RAMP RELATED COLLISIONS NOT LISTED ABOVE,SIDESWIPE-SAME DIRECTION,STRAIGHT & LEVEL,DARK-HWY LIGHTED/ON,I 0065,S BROOK ST,8/5/2019 8:52:37 AM,False,5047,Accepted,
25427944,0568000,LOUISVILLE METRO POLICE DEPT,Accepted,JEFFERSON,I 0264,,,,,,,,,,,38.187036700,-85.785844922,0.176,8/3/2019 12:00:00 AM,0843,1,1,0,1,CLEAR,DRY,False,OTHER RAMP RELATED COLLISIONS NOT LISTED ABOVE,SINGLE VEHICLE,CURVE & GRADE,DAYLIGHT,I 0264,KY1865,8/5/2019 8:51:47 AM,False,7249,Accepted,
25427684,0568000,LOUISVILLE METRO POLICE DEPT,Accepted,JEFFERSON,I 0264,,,,,,,,,,,38.194690023,-85.707715922,0.290,8/3/2019 12:00:00 AM,1600,2,2,0,0,CLEAR,DRY,False,OTHER RAMP RELATED COLLISIONS NOT LISTED ABOVE,REAR END,STRAIGHT & LEVEL,DAYLIGHT,I 0264,KY0864,8/5/2019 8:39:35 AM,False,7879,Accepted,
25427956,0568000,LOUISVILLE METRO POLICE DEPT,Accepted,JEFFERSON,,1024,WATTERSON,TRL,,,,,,,,38.183859550,-85.602818264,1.290,8/3/2019 12:00:00 AM,2002,2,2,0,0,CLEAR,DRY,False,1 VEHICLE ENTERING/LEAVING ENTRANCE,ANGLE,STRAIGHT & LEVEL,DUSK,,,8/5/2019 8:52:55 AM,False,7330,Accepted,
25477024,0568000,LOUISVILLE METRO POLICE DEPT,Accepted,JEFFERSON,US0031E,,BARDSTOWN,RD,,,,,,,,38.131588540,-85.578244408,4.170,8/3/2019 12:00:00 AM,1634,2,1,0,0,CLEAR,DRY,False,OTHER ROADWAY OR MID-BLOCK COLLISION,REAR END,STRAIGHT & LEVEL,DAYLIGHT,,,8/15/2019 10:48:19 AM,True,5233,Accepted,