IncidentID,AgencyORI,AgencyName,IncidentStatusDesc,County,RdwyNumber,Street,RoadwayName,StreetSfx,StreetDir,IntersectionRdwy,IntersectionRdwyName,BetweenStRdwy1,BetweenStRdwyName1,BetweenStRdwy2,BetweenStRdwyName2,Latitude,Longitude,Milepoint,CollisionDate,CollisionTime,UnitsInvolved,MotorVehiclesInvolved,NumberKilled,NumberInjured,Weather,RdwyConditionCode,HitandRun,DirAnalysisCode,MannerofCollision,RdwyCharacter,LightCondition,RampFromRdwyId,RampToRdwyId,AcceptedDate,IsSecondaryCollision,OwnerBadge,IncidentStatus,
25427920,0568000,LOUISVILLE METRO POLICE DEPT,Accepted,JEFFERSON,US0031W,17700,DIXIE,HWY,,,,,,,,38.001621442,-85.941907975,0.047,8/3/2019 12:00:00 AM,0745,2,2,0,0,CLEAR,DRY,True,SIDESWIPE COLLISION - SAME DIRECTION,SIDESWIPE-SAME DIRECTION,STRAIGHT & HILLCREST,DAYLIGHT,,,8/5/2019 8:49:56 AM,False,2936,Accepted,
25427691,0568000,LOUISVILLE METRO POLICE DEPT,Accepted,JEFFERSON,,555,NORTHWESTERN,PKWY,,,,,,,,38.268136534,-85.824158556,2.694,8/3/2019 12:00:00 AM,1147,2,2,0,1,CLEAR,DRY,False,HEAD-ON COLLISION,HEAD ON,STRAIGHT & LEVEL,DAYLIGHT,,,8/5/2019 8:40:12 AM,False,5161,Accepted,
25427870,0568000,LOUISVILLE METRO POLICE DEPT,Accepted,JEFFERSON,I 0065,,I65 S,,,,,,,,,38.165260666,-85.721220056,128.837,8/3/2019 12:00:00 AM,1453,1,1,0,0,CLEAR,DRY,False,OTHER COLLISIONS ON SHOULDER,SINGLE VEHICLE,STRAIGHT & LEVEL,DAYLIGHT,,,8/5/2019 8:46:58 AM,False,2796,Accepted,
25444114,0568000,LOUISVILLE METRO POLICE DEPT,Accepted,JEFFERSON,KY1020,,3RD,ST,S,US0060A,WINKLER,,,,,38.209691319,-85.763073053,9.833,8/3/2019 12:00:00 AM,0530,2,2,0,1,CLEAR,DRY,False,HEAD-ON COLLISION,HEAD ON,STRAIGHT & LEVEL,DARK-HWY LIGHTED/ON,,,8/8/2019 8:28:06 AM,False,5127,Accepted,
25433415,0568000,LOUISVILLE METRO POLICE DEPT,Accepted,JEFFERSON,I 0065,,I65 S,,,,,,,,,38.196676329,-85.733763684,131.235,8/3/2019 12:00:00 AM,1111,3,3,0,1,CLEAR,DRY,False,REAR END IN TRAFFIC LANES BOTH VEHICLES MOVING,REAR END,CURVE & HILLCREST,DAYLIGHT,,,8/6/2019 8:38:03 AM,False,7251,Accepted,
25427874,0568000,LOUISVILLE METRO POLICE DEPT,Accepted,JEFFERSON,I 0065,,I65 N,,,,,,,,,38.212315596,-85.752860046,132.914,8/3/2019 12:00:00 AM,0147,2,2,0,0,CLOUDY,DRY,True,SIDESWIPE COLLISION - SAME DIRECTION,SIDESWIPE-SAME DIRECTION,STRAIGHT & LEVEL,DARK-HWY LIGHTED/ON,,,8/5/2019 8:47:04 AM,False,5008,Accepted,
25427737,0568000,LOUISVILLE METRO POLICE DEPT,Accepted,JEFFERSON,,3125,RIVER,RD,,,,,,,,38.280840316,-85.694437260,0.174,8/3/2019 12:00:00 AM,0138,2,2,0,0,CLEAR,DRY,True,1 VEHICLE PARKED POSITION (NOT PARKING LOT/DRIVEWAY),SIDESWIPE-OPPOSITE DIRECTION,STRAIGHT & LEVEL,DARK-HWY LIGHTED/ON,,,8/5/2019 8:43:34 AM,False,5104,Accepted,
25444041,0568000,LOUISVILLE METRO POLICE DEPT,Accepted,JEFFERSON,,3604,MUHAMMAD ALI,BLVD,W,,,,,,,38.257146943,-85.811323676,3.231,8/3/2019 12:00:00 AM,1753,3,3,0,0,CLEAR,DRY,False,1 VEHICLE PARKED POSITION (NOT PARKING LOT/DRIVEWAY),REAR END,STRAIGHT & LEVEL,DAYLIGHT,,,8/8/2019 8:23:50 AM,False,7387,Accepted,
25427942,0568000,LOUISVILLE METRO POLICE DEPT,Accepted,JEFFERSON,,,ELLWOOD,AVE,,,,KY1703,BAXTER,US0031E,BARDSTOWN,38.237274953,-85.720799470,0.065,8/3/2019 12:00:00 AM,1844,2,2,0,0,CLEAR,DRY,True,1 VEHICLE PARKED POSITION (NOT PARKING LOT/DRIVEWAY),SIDESWIPE-SAME DIRECTION,STRAIGHT & LEVEL,DAYLIGHT,,,8/5/2019 8:51:35 AM,False,7900,Accepted,
25427926,0568000,LOUISVILLE METRO POLICE DEPT,Accepted,JEFFERSON,,3675,LENTZ,AVE,,,,,,,,38.191405567,-85.785990710,0.344,8/3/2019 12:00:00 AM,1402,2,2,0,0,CLEAR,DRY,False,1 VEHICLE PARKED POSITION (NOT PARKING LOT/DRIVEWAY),REAR END,STRAIGHT & LEVEL,DAYLIGHT,,,8/5/2019 8:50:19 AM,False,7249,Accepted,
25427932,0568000,LOUISVILLE METRO POLICE DEPT,Accepted,JEFFERSON,,2063,SHERWOOD,AVE,,,,US0031E,BARDSTOWN,,CHEROKEE,38.232641592,-85.706233300,0.294,8/3/2019 12:00:00 AM,1824,2,2,0,0,CLEAR,DRY,True,1 VEHICLE PARKED POSITION (NOT PARKING LOT/DRIVEWAY),SIDESWIPE-SAME DIRECTION,CURVE & LEVEL,DAYLIGHT,,,8/5/2019 8:50:56 AM,False,2670,Accepted,
25427934,0568000,LOUISVILLE METRO POLICE DEPT,Accepted,JEFFERSON,,1310,BROOK,ST,S,,,,,,,38.230978923,-85.754356703,1.833,8/3/2019 12:00:00 AM,1304,4,4,0,0,CLEAR,DRY,False,1 VEHICLE PARKED POSITION (NOT PARKING LOT/DRIVEWAY),HEAD ON,STRAIGHT & LEVEL,DAYLIGHT,,,8/5/2019 8:51:00 AM,False,7455,Accepted,
25427786,0568000,LOUISVILLE METRO POLICE DEPT,Accepted,JEFFERSON,,,SHERWOOD,AVE,,,,US0031E,BARDSTOWN,,FERNWOOD,38.231331924,-85.709053561,0.112,8/3/2019 12:00:00 AM,0800,2,2,0,0,CLEAR,DRY,True,1 VEHICLE PARKED POSITION (NOT PARKING LOT/DRIVEWAY),SIDESWIPE-SAME DIRECTION,STRAIGHT & LEVEL,DAYLIGHT,,,8/5/2019 8:45:21 AM,False,2100,Accepted,
25427724,0568000,LOUISVILLE METRO POLICE DEPT,Accepted,JEFFERSON,I 0065,,I65 S,,,,,,,,,38.196671228,-85.733755930,131.235,8/3/2019 12:00:00 AM,0921,2,2,0,0,CLEAR,DRY,False,REAR END IN TRAFFIC LANES BOTH VEHICLES MOVING,REAR END,STRAIGHT & LEVEL,DAYLIGHT,,,8/5/2019 8:43:09 AM,False,7251,Accepted,
25427687,0568000,LOUISVILLE METRO POLICE DEPT,Accepted,JEFFERSON,US0031E,,BARDSTOWN,RD,,,,,,,,38.131735073,-85.578351001,4.162,8/3/2019 12:00:00 AM,1633,2,2,0,0,CLEAR,DRY,False,REAR END IN TRAFFIC LANES BOTH VEHICLES MOVING,REAR END,STRAIGHT & LEVEL,DAYLIGHT,,,8/5/2019 8:39:49 AM,False,5233,Accepted,
25427898,0568000,LOUISVILLE METRO POLICE DEPT,Accepted,JEFFERSON,KY0061,,PRESTON,HWY,,,CLAY,,,,,38.143182038,-85.689312270,4.307,8/3/2019 12:00:00 AM,1551,2,2,0,0,CLEAR,DRY,False,OTHER INTERSECTION COLLISIONS,REAR END,STRAIGHT & LEVEL,DAYLIGHT,,,8/5/2019 8:48:41 AM,False,5026,Accepted,
25427692,0568000,LOUISVILLE METRO POLICE DEPT,Accepted,JEFFERSON,KY0864,,POPLAR LEVEL,RD,,KY3069,SANITA,,,,,38.192622656,-85.706121310,11.100,8/3/2019 12:00:00 AM,0447,2,2,0,0,CLEAR,DRY,False,OTHER INTERSECTION COLLISIONS,REAR END,STRAIGHT & GRADE,DARK-HWY LIGHTED/ON,,,8/5/2019 8:40:21 AM,False,7419,Accepted,
25427972,0568000,LOUISVILLE METRO POLICE DEPT,Accepted,JEFFERSON,,,SIX MILE,LN,,,LODGE,,,,,38.197730033,-85.630357263,1.301,8/3/2019 12:00:00 AM,1720,2,2,0,0,CLEAR,DRY,False,OTHER INTERSECTION COLLISIONS,REAR END,STRAIGHT & LEVEL,DAYLIGHT,,,8/5/2019 8:53:43 AM,False,7864,Accepted,
25427962,0568000,LOUISVILLE METRO POLICE DEPT,Accepted,JEFFERSON,US0060A,,TAYLOR,BLVD,,,LONGFIELD,,,,,38.198601880,-85.782735221,1.619,8/3/2019 12:00:00 AM,2130,2,2,0,0,CLEAR,DRY,False,OTHER INTERSECTION COLLISIONS,REAR END,STRAIGHT & LEVEL,DARK-HWY LIGHTED/ON,,,8/5/2019 8:53:19 AM,False,7713,Accepted,
25427780,0568000,LOUISVILLE METRO POLICE DEPT,Accepted,JEFFERSON,,,SHANKS,LN,,KY1934,CANE RUN,,,,,38.195399166,-85.842630822,0.008,8/3/2019 12:00:00 AM,1245,2,2,0,0,CLEAR,DRY,False,OTHER INTERSECTION COLLISIONS,REAR END,STRAIGHT & LEVEL,DAYLIGHT,,,8/5/2019 8:45:04 AM,False,5202,Accepted,
25427902,0568000,LOUISVILLE METRO POLICE DEPT,Accepted,JEFFERSON,US0060A,,LEXINGTON,RD,,,BAUER,,,,,38.251672336,-85.660957086,10.336,8/3/2019 12:00:00 AM,1650,2,2,0,0,CLOUDY,DRY,False,OTHER INTERSECTION COLLISIONS,REAR END,STRAIGHT & LEVEL,DAYLIGHT,,,8/5/2019 8:48:58 AM,False,7793,Accepted,
25427778,0568000,LOUISVILLE METRO POLICE DEPT,Accepted,JEFFERSON,KY0061,,PRESTON,HWY,,,GRADE,,,,,38.180242144,-85.718624003,7.366,8/3/2019 12:00:00 AM,1532,2,2,0,0,CLEAR,DRY,False,OTHER INTERSECTION COLLISIONS,REAR END,STRAIGHT & LEVEL,DAYLIGHT,,,8/5/2019 8:44:58 AM,False,7250,Accepted,
25427702,0568000,LOUISVILLE METRO POLICE DEPT,Accepted,JEFFERSON,KY1065,,OUTER,LOOP,,KY0864,FEGENBUSH,,,,,38.138559981,-85.615663132,10.009,8/3/2019 12:00:00 AM,1209,2,2,0,0,CLOUDY,DRY,False,OTHER INTERSECTION COLLISIONS,REAR END,CURVE & LEVEL,DAYLIGHT,,,8/5/2019 8:41:42 AM,False,6937,Accepted,
25427712,0568000,LOUISVILLE METRO POLICE DEPT,Accepted,JEFFERSON,KY1020,10717,NATIONAL,TPKE,,,,,ALMA LYNN,,COOGLE,38.094955458,-85.734866123,1.173,8/3/2019 12:00:00 AM,0602,1,1,0,0,CLEAR,DRY,False,COLLISION WITH FIXED OBJECT NON - INTERSECTION - FIRST EVENT COLLISION 09 - 32 EXCLUDING 16,SINGLE VEHICLE,STRAIGHT & LEVEL,DAWN,,,8/5/2019 8:42:31 AM,False,7649,Accepted,
25427728,0568000,LOUISVILLE METRO POLICE DEPT,Accepted,JEFFERSON,KY0864,,CEDAR CREEK,RD,,,,KY2053,MT WASHINGTON,,REMEMBRANCE,38.088435100,-85.622991160,0.437,8/3/2019 12:00:00 AM,0800,1,1,0,0,CLEAR,DRY,False,COLLISION WITH FIXED OBJECT NON - INTERSECTION - FIRST EVENT COLLISION 09 - 32 EXCLUDING 16,SINGLE VEHICLE,STRAIGHT & LEVEL,DAYLIGHT,,,8/5/2019 8:43:14 AM,False,6878,Accepted,
25427976,0568000,LOUISVILLE METRO POLICE DEPT,Accepted,JEFFERSON,US0150,,BROADWAY,,E,,,,,,,38.245233241,-85.746651257,3.017,8/3/2019 12:00:00 AM,1815,1,1,0,0,CLOUDY,DRY,False,COLLISION WITH FIXED OBJECT NON - INTERSECTION - FIRST EVENT COLLISION 09 - 32 EXCLUDING 16,SINGLE VEHICLE,STRAIGHT & LEVEL,DAYLIGHT,,,8/5/2019 8:53:50 AM,False,7239,Accepted,
25427708,0568000,LOUISVILLE METRO POLICE DEPT,Accepted,JEFFERSON,I 0071,,I71 S,,,,,,,I 0071,I71 S EXIT5 RAMP TO I264 W,38.295899135,-85.627732611,6.205,8/3/2019 12:00:00 AM,0616,1,1,0,1,CLEAR,DRY,False,RAN OFF ROADWAY (1 VEHICLE WITH/EARTH EMBANKMENT/DITCH),SINGLE VEHICLE,CURVE & LEVEL,DAWN,,,8/5/2019 8:42:12 AM,False,7159,Accepted,
25433373,0568000,LOUISVILLE METRO POLICE DEPT,Accepted,JEFFERSON,US0031E,,BARDSTOWN,RD,,,GRINSTEAD,,,,,38.238407378,-85.720974063,15.423,8/3/2019 12:00:00 AM,2335,3,3,0,0,CLEAR,DRY,True,SIDESWIPE-SAME DIRECTION,SIDESWIPE-SAME DIRECTION,STRAIGHT & LEVEL,DARK-HWY LIGHTED/ON,,,8/6/2019 8:35:11 AM,False,5152,Accepted,
25427785,0568000,LOUISVILLE METRO POLICE DEPT,Accepted,JEFFERSON,,,VAUGHN MILL,RD,,KY1065,OUTER,,,,,38.137310425,-85.628400660,0.574,8/3/2019 12:00:00 AM,0907,2,2,0,0,CLEAR,DRY,False,SIDESWIPE-SAME DIRECTION,SIDESWIPE-SAME DIRECTION,STRAIGHT & LEVEL,DAYLIGHT,,,8/5/2019 8:45:14 AM,False,6937,Accepted,
25427878,0568000,LOUISVILLE METRO POLICE DEPT,Accepted,JEFFERSON,KY0907,,VALLEY STATION,RD,,,DEERING,,,,,38.105725887,-85.861444044,0.325,8/3/2019 12:00:00 AM,1914,2,2,0,0,CLEAR,DRY,False,SIDESWIPE-SAME DIRECTION,SIDESWIPE-SAME DIRECTION,STRAIGHT & LEVEL,DAYLIGHT,,,8/5/2019 8:47:19 AM,False,5170,Accepted,
25427937,0568000,LOUISVILLE METRO POLICE DEPT,Accepted,JEFFERSON,I 0065,,I65 N,,,I 0065,I65 N EXIT134B OFF RAMP TO  WOODBINE ST,,,,,38.226429595,-85.751499920,133.920,8/3/2019 12:00:00 AM,0144,2,2,0,0,CLEAR,DRY,True,SIDESWIPE-SAME DIRECTION,SIDESWIPE-SAME DIRECTION,STRAIGHT & LEVEL,DARK-HWY LIGHTED/ON,,,8/5/2019 8:51:12 AM,False,5123,Accepted,
25444091,0568000,LOUISVILLE METRO POLICE DEPT,Accepted,JEFFERSON,KY1020,,SOUTHERN,PKWY,,,FLORENCE,,,,,38.191142517,-85.766740694,8.483,8/3/2019 12:00:00 AM,2249,2,2,0,0,CLEAR,DRY,False,SIDESWIPE-SAME DIRECTION,SIDESWIPE-SAME DIRECTION,STRAIGHT & LEVEL,DARK-HWY LIGHTED/ON,,,8/8/2019 8:26:44 AM,False,7462,Accepted,
25427947,0568000,LOUISVILLE METRO POLICE DEPT,Accepted,JEFFERSON,US0031W,,DIXIE,HWY,,,ALLSTON,,,,,38.219847267,-85.793957490,17.397,8/3/2019 12:00:00 AM,1226,2,2,0,0,CLEAR,DRY,True,OPPOSING LEFT TURN,OPPOSING LEFT TURN,STRAIGHT & LEVEL,DAYLIGHT,,,8/5/2019 8:52:05 AM,False,5002,Accepted,
25427931,0568000,LOUISVILLE METRO POLICE DEPT,Accepted,JEFFERSON,KY0155,,TAYLORSVILLE,RD,,,POPE LICK,,,,,38.190807173,-85.486884560,4.874,8/3/2019 12:00:00 AM,1805,2,2,0,0,CLEAR,DRY,False,OPPOSING LEFT TURN,OPPOSING LEFT TURN,STRAIGHT & LEVEL,DAYLIGHT,,,8/5/2019 8:50:44 AM,False,6878,Accepted,
25427833,0568000,LOUISVILLE METRO POLICE DEPT,Accepted,JEFFERSON,KY1865,,NEW CUT,RD,,KY1142,PALATKA,,,,,38.150799537,-85.776370190,3.009,8/3/2019 12:00:00 AM,2302,2,2,0,0,CLEAR,DRY,False,OPPOSING LEFT TURN,OPPOSING LEFT TURN,STRAIGHT & LEVEL,DARK-HWY LIGHTED/ON,,,8/5/2019 8:46:25 AM,False,7362,Accepted,
25427896,0568000,LOUISVILLE METRO POLICE DEPT,Accepted,JEFFERSON,US0060,,SHELBYVILLE,RD,,,GABLEWOOD,,,,,38.238350912,-85.485326897,13.062,8/3/2019 12:00:00 AM,1959,2,2,0,0,CLEAR,DRY,False,REAR END - ONE VEHICLE TURNING RIGHT,REAR END,STRAIGHT & LEVEL,DAYLIGHT,,,8/5/2019 8:48:34 AM,False,5007,Accepted,
25427918,0568000,LOUISVILLE METRO POLICE DEPT,Accepted,JEFFERSON,KY1631,,CRITTENDEN,DR,,,PHILLIPS,,,,,38.192252533,-85.750886865,0.302,8/3/2019 12:00:00 AM,2043,2,2,0,0,CLEAR,DRY,False,REAR END - ONE VEHICLE TURNING LEFT,REAR END,STRAIGHT & LEVEL,DAYLIGHT,,,8/5/2019 8:49:50 AM,False,5052,Accepted,
25433357,0568000,LOUISVILLE METRO POLICE DEPT,Accepted,JEFFERSON,,,JEFFERSON,ST,W,,4TH,,,,,38.253836555,-85.757013994,0.273,8/3/2019 12:00:00 AM,0900,2,2,0,0,CLEAR,DRY,False,ANGLE COLLISION - OTHER,ANGLE,STRAIGHT & LEVEL,DAYLIGHT,,,8/6/2019 8:33:52 AM,False,2854,Accepted,
25524849,0568000,LOUISVILLE METRO POLICE DEPT,Accepted,JEFFERSON,,,BROADWAY,,W,,28TH,,,,,38.249550038,-85.798265805,0.548,8/3/2019 12:00:00 AM,1457,2,2,0,0,CLEAR,DRY,False,ANGLE COLLISION - OTHER,ANGLE,STRAIGHT & LEVEL,DAYLIGHT,,,8/21/2019 8:34:20 AM,False,7947,Accepted,
25481361,0568000,LOUISVILLE METRO POLICE DEPT,Accepted,JEFFERSON,KY1932,,BRECKENRIDGE,LN,,,MANNER DALE,,,,,38.202569151,-85.622407730,1.499,8/3/2019 12:00:00 AM,1355,2,2,0,1,CLEAR,DRY,False,ANGLE COLLISION - OTHER,ANGLE,STRAIGHT & LEVEL,DAYLIGHT,,,8/16/2019 8:37:12 AM,False,2429,Accepted,
25427695,0568000,LOUISVILLE METRO POLICE DEPT,Accepted,JEFFERSON,,,SHANKS,LN,,,OBOE,,,,,38.198585400,-85.849644850,0.431,8/3/2019 12:00:00 AM,1638,2,2,0,0,CLEAR,DRY,True,COLLISION WITH PARKED VEHICLE,SIDESWIPE-SAME DIRECTION,STRAIGHT & LEVEL,DAYLIGHT,,,8/5/2019 8:40:58 AM,False,5208,Accepted,
25427955,0568000,LOUISVILLE METRO POLICE DEPT,Accepted,JEFFERSON,,,JENNINGS,LN,,,INDIAN,,,,,38.178350411,-85.676703735,1.121,8/3/2019 12:00:00 AM,2300,2,2,0,0,CLEAR,DRY,False,ANGLE COLLISION - ONE VEHICLE TURNING LEFT,ANGLE,STRAIGHT & LEVEL,DARK-HWY LIGHTED/ON,,,8/5/2019 8:52:49 AM,False,7572,Accepted,
25427709,0568000,LOUISVILLE METRO POLICE DEPT,Accepted,JEFFERSON,,3311,MARKET,ST,W,,34TH,,,,,38.260946617,-85.806737598,1.114,8/3/2019 12:00:00 AM,0723,4,4,0,0,CLEAR,DRY,True,COLLISION WITH PARKED VEHICLE,ANGLE,STRAIGHT & LEVEL,DAYLIGHT,,,8/5/2019 8:42:17 AM,False,5161,Accepted,
25427797,0568000,LOUISVILLE METRO POLICE DEPT,Accepted,JEFFERSON,KY1747,,FERN VALLEY,RD,,,INDUSTRIAL,,,,,38.156987436,-85.708073186,1.325,8/3/2019 12:00:00 AM,1223,1,1,0,1,CLEAR,OIL,False,NON-COLLISION OBJECT COLLISION,SINGLE VEHICLE,STRAIGHT & LEVEL,DAYLIGHT,,,8/5/2019 8:45:55 AM,False,7127,Accepted,
25427690,0568000,LOUISVILLE METRO POLICE DEPT,Accepted,JEFFERSON,KY1065,,OUTER,LOOP,,,SHEPHERDSVILLE,,,,,38.138995811,-85.657608493,7.657,8/3/2019 12:00:00 AM,0330,2,2,0,1,CLEAR,DRY,False,ANGLE COLLISION - OTHER,ANGLE,STRAIGHT & LEVEL,DARK-HWY LIGHTED/ON,,,8/5/2019 8:40:01 AM,False,5115,Accepted,
25427698,0568000,LOUISVILLE METRO POLICE DEPT,Accepted,JEFFERSON,,,MILLERS,LN,,KY2051,CAMP GROUND,,,,,38.215437420,-85.817945517,1.217,8/3/2019 12:00:00 AM,1333,2,2,0,2,CLEAR,DRY,False,ANGLE COLLISION - OTHER,ANGLE,STRAIGHT & LEVEL,DAYLIGHT,,,8/5/2019 8:41:30 AM,False,5208,Accepted,
25449438,0568000,LOUISVILLE METRO POLICE DEPT,Accepted,JEFFERSON,,,MUHAMMAD ALI,BLVD,W,,ROY WILKINS,,,,,38.252052380,-85.765711285,0.722,8/3/2019 12:00:00 AM,2339,2,2,0,2,CLEAR,DRY,False,ANGLE COLLISION - OTHER,ANGLE,STRAIGHT & LEVEL,DARK-HWY LIGHTED/ON,,,8/9/2019 8:28:10 AM,False,5047,Accepted,
25427844,0568000,LOUISVILLE METRO POLICE DEPT,Accepted,JEFFERSON,,,SIX MILE,LN,,,HUNSINGER,,,,,38.199462901,-85.619818555,1.911,8/3/2019 12:00:00 AM,1824,2,2,0,0,CLEAR,DRY,False,ANGLE COLLISION - OTHER,ANGLE,STRAIGHT & LEVEL,DAYLIGHT,,,8/5/2019 8:46:29 AM,False,7864,Accepted,
25427877,0568000,LOUISVILLE METRO POLICE DEPT,Accepted,JEFFERSON,,,SMYRNA,PKWY,,,THEILER,,,,,38.114547067,-85.644004583,1.620,8/3/2019 12:00:00 AM,1830,2,2,0,0,CLEAR,DRY,False,ANGLE COLLISION - OTHER,ANGLE,STRAIGHT & LEVEL,DAYLIGHT,,,8/5/2019 8:47:15 AM,False,7442,Accepted,
25444074,0568000,LOUISVILLE METRO POLICE DEPT,Accepted,JEFFERSON,KY1931,,MANSLICK,RD,,,CONN,,,,,38.196084173,-85.799086177,8.451,8/3/2019 12:00:00 AM,2201,2,2,0,2,CLEAR,DRY,False,ANGLE COLLISION - OTHER,ANGLE,STRAIGHT & LEVEL,DARK-HWY LIGHTED/ON,,,8/8/2019 8:25:52 AM,False,7462,Accepted,
25427958,0568000,LOUISVILLE METRO POLICE DEPT,Accepted,JEFFERSON,,,HIGHLAND,AVE,,,BARRET,,,,,38.238673204,-85.727582792,0.524,8/3/2019 12:00:00 AM,1754,2,2,0,0,CLEAR,DRY,False,ANGLE COLLISION - OTHER,ANGLE,STRAIGHT & LEVEL,DAYLIGHT,,,8/5/2019 8:53:01 AM,False,7900,Accepted,
25427730,0568000,LOUISVILLE METRO POLICE DEPT,Accepted,JEFFERSON,,,POPE,ST,,US0060,FRANKFORT,,,,,38.256798634,-85.716658342,0.232,8/3/2019 12:00:00 AM,1229,2,2,0,0,CLEAR,DRY,False,ANGLE COLLISION - OTHER,ANGLE,STRAIGHT & LEVEL,DAYLIGHT,,,8/5/2019 8:43:17 AM,False,7128,Accepted,
25427769,0568000,LOUISVILLE METRO POLICE DEPT,Accepted,JEFFERSON,,,CHESTNUT,ST,W,KY1020,2ND,,,,,38.248561098,-85.754603579,2.544,8/3/2019 12:00:00 AM,1608,2,2,0,0,CLEAR,DRY,False,ANGLE COLLISION - OTHER,ANGLE,STRAIGHT & LEVEL,DAYLIGHT,,,8/5/2019 8:44:46 AM,False,7345,Accepted,
25435155,0568000,LOUISVILLE METRO POLICE DEPT,Accepted,JEFFERSON,KY0061,,PRESTON,ST,S,US0031E,MARKET,,,,,38.254081425,-85.746082066,12.869,8/3/2019 12:00:00 AM,1500,2,2,0,0,CLEAR,DRY,False,ANGLE COLLISION - OTHER,ANGLE,STRAIGHT & LEVEL,DAYLIGHT,,,8/6/2019 1:16:13 PM,False,7058,Accepted,
25433369,0568000,LOUISVILLE METRO POLICE DEPT,Accepted,JEFFERSON,US0031E,,BARDSTOWN,RD,,,GRINSTEAD,,,,,38.238407322,-85.721000300,15.422,8/3/2019 12:00:00 AM,2251,2,2,0,0,CLEAR,DRY,False,ANGLE COLLISION - OTHER,ANGLE,STRAIGHT & LEVEL,DARK-HWY LIGHTED/ON,,,8/6/2019 8:34:46 AM,False,5152,Accepted,
25427753,0568000,LOUISVILLE METRO POLICE DEPT,Accepted,JEFFERSON,KY2251,,BARDSTOWN,RD,,,BUECHEL BANK,,,,,38.192398709,-85.647585086,0.226,8/2/2019 12:00:00 AM,0829,2,2,0,0,CLEAR,DRY,False,ANGLE COLLISION - OTHER,ANGLE,STRAIGHT & LEVEL,DAYLIGHT,,,8/5/2019 8:43:58 AM,False,7366,Accepted,
25427761,0568000,LOUISVILLE METRO POLICE DEPT,Accepted,JEFFERSON,KY1065,,OUTER,LOOP,,KY6162,MINOR,,,,,38.136499019,-85.713372982,4.564,8/2/2019 12:00:00 AM,2247,2,2,0,0,CLEAR,DRY,False,ANGLE COLLISION - OTHER,ANGLE,STRAIGHT & LEVEL,DARK-HWY LIGHTED/ON,,,8/5/2019 8:44:21 AM,False,7016,Accepted,
25417508,0568000,LOUISVILLE METRO POLICE DEPT,Accepted,JEFFERSON,KY1747,,HURSTBOURNE,PKWY,,,HAMES,,,,,38.166768929,-85.606589926,7.316,8/2/2019 12:00:00 AM,0330,2,2,0,0,CLEAR,DRY,False,ANGLE COLLISION - OTHER,ANGLE,STRAIGHT & LEVEL,DARK-HWY LIGHTED/OFF,,,8/2/2019 8:18:55 AM,False,7415,Accepted,
25427669,0568000,LOUISVILLE METRO POLICE DEPT,Accepted,JEFFERSON,US0060A,,WINKLER,AVE,,,6TH,,,,,38.210705648,-85.767990855,2.874,8/2/2019 12:00:00 AM,1604,2,2,0,0,CLEAR,DRY,False,ANGLE COLLISION - OTHER,ANGLE,STRAIGHT & LEVEL,DAYLIGHT,,,8/5/2019 8:38:26 AM,False,7455,Accepted,
25427636,0568000,LOUISVILLE METRO POLICE DEPT,Accepted,JEFFERSON,KY1065,,BEULAH CHURCH,RD,,,MARY SUE,,,,,38.138625242,-85.606613472,10.400,8/2/2019 12:00:00 AM,1157,2,2,0,0,CLEAR,DRY,False,ANGLE COLLISION - OTHER,ANGLE,CURVE & LEVEL,DAYLIGHT,,,8/5/2019 8:36:31 AM,False,2017,Accepted,
25427705,0568000,LOUISVILLE METRO POLICE DEPT,Accepted,JEFFERSON,,,26TH,ST,N,KY3064,PORTLAND,,,,,38.271053477,-85.789926956,0.748,8/2/2019 12:00:00 AM,0850,2,2,0,0,CLEAR,DRY,False,ANGLE COLLISION - OTHER,ANGLE,STRAIGHT & LEVEL,DAYLIGHT,,,8/5/2019 8:41:52 AM,False,7271,Accepted,
25427632,0568000,LOUISVILLE METRO POLICE DEPT,Accepted,JEFFERSON,KY0022,,BROWNSBORO,RD,,I 0265,I265 S EXIT34 OFF RAMP TO KY22,,,,,38.308941030,-85.573249043,4.082,8/2/2019 12:00:00 AM,1327,2,2,0,0,CLEAR,DRY,False,ANGLE COLLISION - OTHER,ANGLE,CURVE & GRADE,DAYLIGHT,,,8/5/2019 8:36:14 AM,False,7313,Accepted,
25502651,0568000,LOUISVILLE METRO POLICE DEPT,Accepted,JEFFERSON,,,38TH,ST,S,,GREENWOOD,,,,,38.243713385,-85.816181961,1.215,8/2/2019 12:00:00 AM,1449,2,2,0,0,CLEAR,DRY,False,ANGLE COLLISION - OTHER,ANGLE,STRAIGHT & LEVEL,DAYLIGHT,,,8/19/2019 8:51:49 AM,False,7329,Accepted,
25427656,0568000,LOUISVILLE METRO POLICE DEPT,Accepted,JEFFERSON,,,ANTONIA,WAY,,,MUD,,,,,38.092431344,-85.670503981,0.237,8/2/2019 12:00:00 AM,1611,2,2,0,0,CLEAR,DRY,False,ANGLE COLLISION - OTHER,ANGLE,STRAIGHT & LEVEL,DAYLIGHT,,,8/5/2019 8:37:45 AM,False,7442,Accepted,
25427629,0568000,LOUISVILLE METRO POLICE DEPT,Accepted,JEFFERSON,KY1865,,NEW CUT,RD,,,SOUTHERN,,,,,38.169813863,-85.781225701,4.342,8/2/2019 12:00:00 AM,1201,2,1,0,1,CLEAR,DRY,False,COLLISION WITH BICYCLE IN INTERSECTION,SINGLE VEHICLE,STRAIGHT & LEVEL,DAYLIGHT,,,8/5/2019 8:36:03 AM,False,7424,Accepted,