IncidentID,AgencyORI,AgencyName,IncidentStatusDesc,County,RdwyNumber,Street,RoadwayName,StreetSfx,StreetDir,IntersectionRdwy,IntersectionRdwyName,BetweenStRdwy1,BetweenStRdwyName1,BetweenStRdwy2,BetweenStRdwyName2,Latitude,Longitude,Milepoint,CollisionDate,CollisionTime,UnitsInvolved,MotorVehiclesInvolved,NumberKilled,NumberInjured,Weather,RdwyConditionCode,HitandRun,DirAnalysisCode,MannerofCollision,RdwyCharacter,LightCondition,RampFromRdwyId,RampToRdwyId,AcceptedDate,IsSecondaryCollision,OwnerBadge,IncidentStatus,
25417497,0568000,LOUISVILLE METRO POLICE DEPT,Accepted,JEFFERSON,US0031E,,BARDSTOWN,RD,,,CREWS,,,,,38.180522533,-85.625643919,8.615,8/2/2019 12:00:00 AM,0348,2,2,0,1,CLEAR,DRY,False,COLLISION WITH PARKED VEHICLE,REAR END,STRAIGHT & LEVEL,DARK (UNKNOWN ROADWAY LIGHTING),,,8/2/2019 8:18:28 AM,False,7492,Accepted,
25427665,0568000,LOUISVILLE METRO POLICE DEPT,Accepted,JEFFERSON,KY1020,,3RD,ST,S,,OAK,,,,,38.234876766,-85.758841237,11.307,8/2/2019 12:00:00 AM,0921,2,2,0,0,CLEAR,DRY,False,ANGLE COLLISION - ONE VEHICLE TURNING LEFT,ANGLE,STRAIGHT & LEVEL,DAYLIGHT,,,8/5/2019 8:38:11 AM,False,7495,Accepted,
25427758,0568000,LOUISVILLE METRO POLICE DEPT,Accepted,JEFFERSON,,,MCMAHAN,BLVD,,,MARTHA,,,,,38.217653822,-85.619667701,0.130,8/2/2019 12:00:00 AM,1645,2,2,0,0,CLEAR,DRY,False,ANGLE COLLISION - ONE VEHICLE TURNING LEFT,ANGLE,STRAIGHT & LEVEL,DAYLIGHT,,,8/5/2019 8:44:14 AM,False,2429,Accepted,
25427885,0568000,LOUISVILLE METRO POLICE DEPT,Accepted,JEFFERSON,,,MERIWETHER,AVE,,,SHELBY,,,,,38.228430293,-85.742537564,0.036,8/2/2019 12:00:00 AM,2015,2,2,0,0,CLEAR,DRY,False,COLLISION WITH PARKED VEHICLE,SIDESWIPE-SAME DIRECTION,STRAIGHT & LEVEL,DUSK,,,8/5/2019 8:47:58 AM,False,5123,Accepted,
25444037,0568000,LOUISVILLE METRO POLICE DEPT,Accepted,JEFFERSON,,,RIVER PARK,DR,,I 0264,I264 E EXIT2 ON RAMP FROM  RIVER PARK DR,,,,,38.254336731,-85.806401634,1.127,8/2/2019 12:00:00 AM,1100,3,3,0,2,CLEAR,DRY,False,ANGLE COLLISION - OTHER,ANGLE,STRAIGHT & LEVEL,DAYLIGHT,,,8/8/2019 8:23:29 AM,False,5129,Accepted,
25427943,0568000,LOUISVILLE METRO POLICE DEPT,Accepted,JEFFERSON,US0031W,,DIXIE,HWY,,,HAROLD,,,,,38.218723790,-85.794394379,17.276,8/2/2019 12:00:00 AM,1712,2,2,0,0,CLEAR,DRY,False,REAR END - ONE VEHICLE TURNING LEFT,REAR END,STRAIGHT & LEVEL,DAYLIGHT,,,8/5/2019 8:51:41 AM,False,5002,Accepted,
25427759,0568000,LOUISVILLE METRO POLICE DEPT,Accepted,JEFFERSON,KY0864,,POPLAR LEVEL,RD,,KY2052,SHEPHERDSVILLE,,,,,38.160087455,-85.659978908,7.418,8/2/2019 12:00:00 AM,1713,2,2,0,2,CLEAR,DRY,False,OPPOSING LEFT TURN,OPPOSING LEFT TURN,STRAIGHT & LEVEL,DAYLIGHT,,,8/5/2019 8:44:18 AM,False,7366,Accepted,
25427688,0568000,LOUISVILLE METRO POLICE DEPT,Accepted,JEFFERSON,KY1931,,GREENWOOD,RD,,US0031W,DIXIE,,,,,38.143600169,-85.839632243,3.130,8/2/2019 12:00:00 AM,2302,2,2,0,0,CLEAR,DRY,False,OPPOSING LEFT TURN,OPPOSING LEFT TURN,STRAIGHT & LEVEL,DARK-HWY LIGHTED/ON,,,8/5/2019 8:39:54 AM,False,7365,Accepted,
25427711,0568000,LOUISVILLE METRO POLICE DEPT,Accepted,JEFFERSON,US0031E,,BARDSTOWN,RD,,,RICHLAND,,,,,38.189778470,-85.642669997,9.786,8/2/2019 12:00:00 AM,2142,2,2,0,0,CLEAR,DRY,False,OPPOSITE DIRECTION - BOTH VEHICLES GOING STRAIGHT AHEAD,SIDESWIPE-OPPOSITE DIRECTION,STRAIGHT & LEVEL,DARK-HWY LIGHTED/ON,,,8/5/2019 8:42:26 AM,False,7830,Accepted,
25427700,0568000,LOUISVILLE METRO POLICE DEPT,Accepted,JEFFERSON,KY3084,,OLD HENRY,RD,,,AVOCA,,,,,38.260426678,-85.516043722,0.022,8/2/2019 12:00:00 AM,1717,2,2,0,0,CLEAR,DRY,False,OPPOSING LEFT TURN,OPPOSING LEFT TURN,STRAIGHT & LEVEL,DAYLIGHT,,,8/5/2019 8:41:36 AM,False,7751,Accepted,
25427670,0568000,LOUISVILLE METRO POLICE DEPT,Accepted,JEFFERSON,,,FURMAN,BLVD,,,ARGYLE,,,,,38.218781816,-85.645760650,0.170,8/2/2019 12:00:00 AM,1347,2,2,0,0,CLEAR,DRY,False,SIDESWIPE-SAME DIRECTION,SIDESWIPE-SAME DIRECTION,STRAIGHT & LEVEL,DAYLIGHT,,,8/5/2019 8:38:31 AM,False,5191,Accepted,
25427626,0568000,LOUISVILLE METRO POLICE DEPT,Accepted,JEFFERSON,US0031W,,22ND,ST,S,,CHESTNUT,,,,,38.252245653,-85.787677221,19.769,8/2/2019 12:00:00 AM,1414,2,2,0,0,CLEAR,DRY,False,SIDESWIPE-SAME DIRECTION,SIDESWIPE-SAME DIRECTION,STRAIGHT & LEVEL,DAYLIGHT,,,8/5/2019 8:35:51 AM,False,7220,Accepted,
25427643,0568000,LOUISVILLE METRO POLICE DEPT,Accepted,JEFFERSON,I 0065,,I65 S,,,I 0065,I65 S EXIT136C OFF RAMP TO  E JEFFERSON ST,,,,,38.249861606,-85.751806465,135.548,8/2/2019 12:00:00 AM,1637,2,2,0,0,CLEAR,DRY,False,SIDESWIPE-SAME DIRECTION,SIDESWIPE-SAME DIRECTION,CURVE & LEVEL,DAYLIGHT,,,8/5/2019 8:36:59 AM,False,7463,Accepted,
25427666,0568000,LOUISVILLE METRO POLICE DEPT,Accepted,JEFFERSON,,,CENTRAL,AVE,,KY1631,CRITTENDEN,,,,,38.202957330,-85.750711771,0.002,8/2/2019 12:00:00 AM,1017,2,2,0,0,CLEAR,DRY,False,VEHICLE BACKING IN INTERSECTION,BACKING,STRAIGHT & LEVEL,DAYLIGHT,,,8/5/2019 8:38:15 AM,False,7251,Accepted,
25427624,0568000,LOUISVILLE METRO POLICE DEPT,Accepted,JEFFERSON,,,7TH,ST,S,,HILL,,,,,38.226758388,-85.769004558,0.658,8/2/2019 12:00:00 AM,1359,2,2,0,0,CLEAR,DRY,False,SIDESWIPE-SAME DIRECTION,SIDESWIPE-SAME DIRECTION,STRAIGHT & LEVEL,DAYLIGHT,,,8/5/2019 8:35:33 AM,False,5239,Accepted,
25421590,0566900,LOUISVILLE AIRPORT POLICE,Accepted,JEFFERSON,,,CRITTENDEN,DR,,,CRITTENDEN DR CONN,,,,,38.171583822,-85.749750103,1.815,8/2/2019 12:00:00 AM,1730,2,2,0,0,CLEAR,DRY,False,SIDESWIPE-SAME DIRECTION,SIDESWIPE-SAME DIRECTION,CURVE & LEVEL,DAYLIGHT,,,8/3/2019 7:45:27 AM,False,5870,Accepted,
25433458,0568000,LOUISVILLE METRO POLICE DEPT,Accepted,JEFFERSON,,,JEFFERSON,BLVD,,,BATES,,,,,38.140172818,-85.675017178,0.156,8/2/2019 12:00:00 AM,1545,2,2,0,1,CLOUDY,DRY,False,SIDESWIPE-SAME DIRECTION,SIDESWIPE-SAME DIRECTION,STRAIGHT & LEVEL,DAYLIGHT,,,8/6/2019 8:45:14 AM,False,2583,Accepted,
25552434,0568000,LOUISVILLE METRO POLICE DEPT,Accepted,JEFFERSON,,,7TH,ST,S,,HILL,,,,,38.226754851,-85.769017381,0.657,8/2/2019 12:00:00 AM,1115,2,2,0,1,CLEAR,DRY,False,SIDESWIPE-SAME DIRECTION,SIDESWIPE-SAME DIRECTION,STRAIGHT & LEVEL,DAYLIGHT,,,8/27/2019 8:21:44 AM,False,7168,Accepted,
25746717,0568000,LOUISVILLE METRO POLICE DEPT,Accepted,JEFFERSON,KY1934,,CANE RUN,RD,,KY2049,CRUMS,,,,,38.199540946,-85.837211040,9.202,8/2/2019 12:00:00 AM,1721,3,3,0,0,CLEAR,DRY,False,OTHER INTERSECTION COLLISIONS,REAR TO REAR,STRAIGHT & LEVEL,DAYLIGHT,,,10/8/2019 12:24:19 PM,False,5208,Accepted,
25444043,0568000,LOUISVILLE METRO POLICE DEPT,Accepted,JEFFERSON,,,34TH,ST,S,,MARKET,,,,,38.260932314,-85.806881016,0.089,8/2/2019 12:00:00 AM,1000,1,1,0,0,CLEAR,DRY,True,OTHER INTERSECTION COLLISIONS,SINGLE VEHICLE,STRAIGHT & LEVEL,DAYLIGHT,,,8/8/2019 8:23:59 AM,False,5129,Accepted,
25444069,0568000,LOUISVILLE METRO POLICE DEPT,Accepted,JEFFERSON,,7624,BUENA VISTA,CT,,,,,,,,38.138500964,-85.662974034,0.026,8/2/2019 12:00:00 AM,2237,1,1,0,1,CLEAR,DRY,False,COLLISION WITH FIXED OBJECT NON - INTERSECTION - FIRST EVENT COLLISION 09 - 32 EXCLUDING 16,SINGLE VEHICLE,CURVE & LEVEL,DARK-HWY NOT LIGHTED,,,8/8/2019 8:25:34 AM,False,5198,Accepted,
25427738,0568000,LOUISVILLE METRO POLICE DEPT,Accepted,JEFFERSON,KY1065,,BEULAH CHURCH,RD,,,FERNVIEW,,,,,38.146917448,-85.595533229,11.329,8/2/2019 12:00:00 AM,1910,2,2,0,0,CLOUDY,DRY,False,OTHER INTERSECTION COLLISIONS,REAR END,STRAIGHT & GRADE,DAYLIGHT,,,8/5/2019 8:43:37 AM,False,5141,Accepted,
25427793,0568000,LOUISVILLE METRO POLICE DEPT,Accepted,JEFFERSON,,,3RD,ST,S,,KENWOOD,,,,,38.161290539,-85.772315356,2.666,8/2/2019 12:00:00 AM,1824,2,2,0,0,CLEAR,DRY,False,OTHER INTERSECTION COLLISIONS,REAR END,STRAIGHT & LEVEL,DAYLIGHT,,,8/5/2019 8:45:45 AM,False,7427,Accepted,
25427637,0568000,LOUISVILLE METRO POLICE DEPT,Accepted,JEFFERSON,,,BARRET,AVE,,,INNIS,,,,,38.238466604,-85.729755184,0.788,8/2/2019 12:00:00 AM,1102,2,2,0,0,CLEAR,DRY,False,OTHER INTERSECTION COLLISIONS,REAR END,STRAIGHT & LEVEL,DAYLIGHT,,,8/5/2019 8:36:38 AM,False,5020,Accepted,
25427651,0568000,LOUISVILLE METRO POLICE DEPT,Accepted,JEFFERSON,,,PHILLIPS,LN,,,FONTAINE,,,,,38.196329715,-85.734512850,1.096,8/2/2019 12:00:00 AM,1000,2,2,0,0,CLEAR,DRY,False,OTHER INTERSECTION COLLISIONS,REAR END,STRAIGHT & LEVEL,DAYLIGHT,,,8/5/2019 8:37:31 AM,False,7251,Accepted,
25427653,0568000,LOUISVILLE METRO POLICE DEPT,Accepted,JEFFERSON,,,GRADE,LN,,KY1065,OUTER,,,,,38.129896495,-85.737707846,0.046,8/2/2019 12:00:00 AM,1536,2,2,0,0,CLOUDY,DRY,False,OTHER INTERSECTION COLLISIONS,REAR END,CURVE & LEVEL,DAYLIGHT,,,8/5/2019 8:37:36 AM,False,2324,Accepted,
25427734,0568000,LOUISVILLE METRO POLICE DEPT,Accepted,JEFFERSON,KY0061,,PRESTON,HWY,,,VINEWOOD,,,,,38.166575957,-85.704259334,6.121,8/2/2019 12:00:00 AM,2157,2,2,0,0,CLEAR,DRY,False,OTHER INTERSECTION COLLISIONS,REAR END,STRAIGHT & LEVEL,DARK-HWY LIGHTED/ON,,,8/5/2019 8:43:29 AM,False,7206,Accepted,
25427707,0568000,LOUISVILLE METRO POLICE DEPT,Accepted,JEFFERSON,KY0155,,TAYLORSVILLE,RD,,KY1932,BRECKENRIDGE,,,,,38.220075706,-85.630838404,13.608,8/2/2019 12:00:00 AM,2021,2,2,0,0,CLEAR,DRY,False,OTHER INTERSECTION COLLISIONS,REAR END,STRAIGHT & LEVEL,DAYLIGHT,,,8/5/2019 8:42:07 AM,False,7830,Accepted,
25427616,0568000,LOUISVILLE METRO POLICE DEPT,Accepted,JEFFERSON,,,26TH,ST,S,,CHESTNUT,,,,,38.253102954,-85.794523899,0.529,8/2/2019 12:00:00 AM,1056,3,3,0,0,CLEAR,DRY,False,OTHER INTERSECTION COLLISIONS,REAR END,STRAIGHT & LEVEL,DAYLIGHT,,,8/5/2019 8:35:07 AM,False,7220,Accepted,
25427659,0568000,LOUISVILLE METRO POLICE DEPT,Accepted,JEFFERSON,,,VIRGINIA,AVE,,,32ND,,,,,38.238672539,-85.806943094,0.585,8/2/2019 12:00:00 AM,1136,3,3,0,0,CLEAR,DRY,True,OTHER INTERSECTION COLLISIONS,REAR END,STRAIGHT & LEVEL,DAYLIGHT,,,8/5/2019 8:37:50 AM,False,5247,Accepted,
25427622,0568000,LOUISVILLE METRO POLICE DEPT,Accepted,JEFFERSON,KY1631,,CRITTENDEN,DR,,,,,DAKOTA,,HURON,38.194550416,-85.750940042,0.405,8/2/2019 12:00:00 AM,1000,2,1,0,1,CLEAR,DRY,False,COLLISION WITH BICYCLIST NON INTERSECTION,SINGLE VEHICLE,STRAIGHT & LEVEL,DAYLIGHT,,,8/5/2019 8:35:22 AM,False,2927,Accepted,
25427679,0568000,LOUISVILLE METRO POLICE DEPT,Accepted,JEFFERSON,KY1065,,OUTER,LOOP,,,,I 0065,I65 N EXIT127 ON RAMP FROM KY1065,I 0065,I65 N EXIT127 OFF RAMP TO KY1065,38.136481471,-85.700648647,5.266,8/2/2019 12:00:00 AM,1643,2,2,0,0,CLEAR,DRY,False,REAR END IN TRAFFIC LANES BOTH VEHICLES MOVING,REAR END,STRAIGHT & LEVEL,DAYLIGHT,,,8/5/2019 8:39:13 AM,False,2324,Accepted,
25427635,0568000,LOUISVILLE METRO POLICE DEPT,Accepted,JEFFERSON,,,DIXIE,HWY,,,,,,,,38.248768390,-85.782215844,0.015,8/2/2019 12:00:00 AM,1513,2,2,0,0,CLEAR,DRY,False,REAR END IN TRAFFIC LANES BOTH VEHICLES MOVING,REAR END,STRAIGHT & GRADE,DAYLIGHT,,,8/5/2019 8:36:26 AM,False,7357,Accepted,
25427613,0568000,LOUISVILLE METRO POLICE DEPT,Accepted,JEFFERSON,KY1747,,HURSTBOURNE,PKWY,S,,,,,,,38.193265151,-85.604890002,9.200,8/2/2019 12:00:00 AM,1149,2,2,0,0,CLOUDY,DRY,False,REAR END IN TRAFFIC LANES BOTH VEHICLES MOVING,REAR END,STRAIGHT & LEVEL,DAYLIGHT,,,8/5/2019 8:35:03 AM,False,7307,Accepted,
25427661,0568000,LOUISVILLE METRO POLICE DEPT,Accepted,JEFFERSON,KY1934,4136,CANE RUN,RD,,,,,,,,38.203282779,-85.832255092,9.575,8/2/2019 12:00:00 AM,1715,2,2,0,0,CLEAR,DRY,False,REAR END IN TRAFFIC LANES BOTH VEHICLES MOVING,REAR END,STRAIGHT & LEVEL,DAYLIGHT,,,8/5/2019 8:38:01 AM,False,5202,Accepted,
25427668,0568000,LOUISVILLE METRO POLICE DEPT,Accepted,JEFFERSON,US0031W,2133,DIXIE,HWY,,,,,,,,38.217290949,-85.795009100,17.172,8/2/2019 12:00:00 AM,0720,2,2,0,0,CLEAR,DRY,False,REAR END IN TRAFFIC LANES BOTH VEHICLES MOVING,REAR END,STRAIGHT & LEVEL,DAYLIGHT,,,8/5/2019 8:38:22 AM,False,5002,Accepted,
25427646,0568000,LOUISVILLE METRO POLICE DEPT,Accepted,JEFFERSON,KY1447,,WESTPORT,RD,,,,,,,,38.297468181,-85.548527562,6.663,8/2/2019 12:00:00 AM,1706,2,2,0,1,CLEAR,DRY,False,REAR END IN TRAFFIC LANES BOTH VEHICLES MOVING,REAR END,STRAIGHT & LEVEL,DAYLIGHT,,,8/5/2019 8:37:12 AM,False,2346,Accepted,
25427645,0568000,LOUISVILLE METRO POLICE DEPT,Accepted,JEFFERSON,I 0264,,I264 E,,,,,,,,,38.218662942,-85.656641051,16.621,8/2/2019 12:00:00 AM,1647,2,2,0,0,CLEAR,DRY,False,REAR END IN TRAFFIC LANES BOTH VEHICLES MOVING,REAR END,STRAIGHT & LEVEL,DAYLIGHT,,,8/5/2019 8:37:07 AM,False,7284,Accepted,
25427623,0568000,LOUISVILLE METRO POLICE DEPT,Accepted,JEFFERSON,I 0065,,I65 N,,,,,I 0065,I65 N EXIT136A OFF RAMP TO  S BROOK ST,I 0065,I65 N EXIT135 ON RAMP FROM  E SAINT CATHERINE ST,38.242087633,-85.752692199,135.007,8/2/2019 12:00:00 AM,0828,2,2,0,0,CLEAR,DRY,False,REAR END IN TRAFFIC LANES BOTH VEHICLES MOVING,REAR END,CURVE & LEVEL,DAYLIGHT,,,8/5/2019 8:35:28 AM,False,7058,Accepted,
25427689,0568000,LOUISVILLE METRO POLICE DEPT,Accepted,JEFFERSON,I 0264,,I264 E,,,,,,,,,38.189967596,-85.762962715,10.256,8/2/2019 12:00:00 AM,0745,2,2,0,0,CLEAR,DRY,True,REAR END IN TRAFFIC LANES BOTH VEHICLES MOVING,REAR END,STRAIGHT & LEVEL,DAYLIGHT,,,8/5/2019 8:39:57 AM,False,7360,Accepted,
25427673,0568000,LOUISVILLE METRO POLICE DEPT,Accepted,JEFFERSON,I 0065,,I65 N,,,,,I 0065,I65 N EXIT128 ON RAMP FROM KY1631,I 0065,I65 N EXIT130 OFF RAMP TO KY61,38.168641342,-85.720518995,129.070,8/2/2019 12:00:00 AM,0740,2,2,0,0,CLOUDY,DRY,False,REAR END IN TRAFFIC LANES BOTH VEHICLES MOVING,REAR END,STRAIGHT & LEVEL,DAYLIGHT,,,8/5/2019 8:38:45 AM,False,7473,Accepted,
25427681,0568000,LOUISVILLE METRO POLICE DEPT,Accepted,JEFFERSON,KY1020,,NATIONAL,TPKE,,,,,,,,38.147129335,-85.759214345,5.165,8/2/2019 12:00:00 AM,1529,2,2,0,0,CLEAR,DRY,False,REAR END IN TRAFFIC LANES BOTH VEHICLES MOVING,REAR END,STRAIGHT & LEVEL,DAYLIGHT,,,8/5/2019 8:39:22 AM,False,7234,Accepted,
25444058,0568000,LOUISVILLE METRO POLICE DEPT,Accepted,JEFFERSON,KY0022,,BROWNSBORO,RD,,,,,NORTON HEALTHCARE,I 0265,I265 N EXIT34 ON RAMP FROM KY22 W,38.310810407,-85.570547293,4.249,8/2/2019 12:00:00 AM,1125,2,2,0,0,CLEAR,DRY,False,REAR END IN TRAFFIC LANES BOTH VEHICLES MOVING,REAR END,STRAIGHT & LEVEL,DAYLIGHT,,,8/8/2019 8:24:46 AM,False,2030,Accepted,
25444065,0568000,LOUISVILLE METRO POLICE DEPT,Accepted,JEFFERSON,I 0264,,I264 E,,,,,,,,,38.224415884,-85.644213107,17.406,8/2/2019 12:00:00 AM,1638,2,2,0,0,CLEAR,DRY,False,REAR END IN TRAFFIC LANES BOTH VEHICLES MOVING,REAR END,STRAIGHT & LEVEL,DAYLIGHT,,,8/8/2019 8:25:10 AM,False,8278,Accepted,
25427788,0568000,LOUISVILLE METRO POLICE DEPT,Accepted,JEFFERSON,I 0264,,I264 E,,,,,,,,,38.189809684,-85.749535310,10.988,8/2/2019 12:00:00 AM,1718,2,2,0,0,CLEAR,DRY,False,REAR END IN TRAFFIC LANES BOTH VEHICLES MOVING,REAR END,STRAIGHT & LEVEL,DAYLIGHT,,,8/5/2019 8:45:28 AM,False,7243,Accepted,
25427744,0568000,LOUISVILLE METRO POLICE DEPT,Accepted,JEFFERSON,,5013,4TH,ST,S,,,,,,,38.173953282,-85.769124533,4.489,8/2/2019 12:00:00 AM,0500,2,2,0,0,CLEAR,DRY,True,1 VEHICLE PARKED POSITION (NOT PARKING LOT/DRIVEWAY),SIDESWIPE-SAME DIRECTION,STRAIGHT & LEVEL,DAYLIGHT,,,8/5/2019 8:43:45 AM,False,7360,Accepted,
25427634,0568000,LOUISVILLE METRO POLICE DEPT,Accepted,JEFFERSON,,1333,HULL,ST,,,,,,,,38.249545939,-85.725720258,0.345,8/2/2019 12:00:00 AM,1228,2,2,0,0,CLEAR,DRY,True,1 VEHICLE PARKED POSITION (NOT PARKING LOT/DRIVEWAY),BACKING,STRAIGHT & GRADE,DAYLIGHT,,,8/5/2019 8:36:23 AM,False,7900,Accepted,
25427619,0568000,LOUISVILLE METRO POLICE DEPT,Accepted,JEFFERSON,,106,POPE,ST,,,,,ARLINGTON,,CHARLTON,38.254075222,-85.718057701,0.435,8/2/2019 12:00:00 AM,0900,2,2,0,0,CLEAR,DRY,True,1 VEHICLE PARKED POSITION (NOT PARKING LOT/DRIVEWAY),SIDESWIPE-SAME DIRECTION,STRAIGHT & GRADE,DAYLIGHT,,,8/5/2019 8:35:17 AM,False,2413,Accepted,
25417496,0568000,LOUISVILLE METRO POLICE DEPT,Accepted,JEFFERSON,KY1020,1426,2ND,ST,S,,,,HILL,,BURNETT,38.226241779,-85.758494260,10.735,8/2/2019 12:00:00 AM,0108,2,2,0,0,CLEAR,DRY,True,1 VEHICLE PARKED POSITION (NOT PARKING LOT/DRIVEWAY),SIDESWIPE-SAME DIRECTION,STRAIGHT & LEVEL,DARK-HWY LIGHTED/ON,,,8/2/2019 8:18:26 AM,False,7435,Accepted,
25427710,0568000,LOUISVILLE METRO POLICE DEPT,Accepted,JEFFERSON,,2029,GRASMERE,DR,,,,,SPRING,,GRASMERE,38.228228717,-85.696575586,0.145,8/2/2019 12:00:00 AM,2030,2,2,0,0,CLEAR,DRY,False,1 VEHICLE PARKED POSITION (NOT PARKING LOT/DRIVEWAY),REAR END,CURVE & GRADE,DAYLIGHT,,,8/5/2019 8:42:22 AM,False,2670,Accepted,
25427763,0568000,LOUISVILLE METRO POLICE DEPT,Accepted,JEFFERSON,,4712,BURKLEY,AVE,,,,,,,,38.180023527,-85.768480905,0.049,8/2/2019 12:00:00 AM,0100,2,2,0,0,CLEAR,DRY,True,1 VEHICLE PARKED POSITION (NOT PARKING LOT/DRIVEWAY),REAR END,STRAIGHT & LEVEL,DARK (UNKNOWN ROADWAY LIGHTING),,,8/5/2019 8:44:33 AM,False,7360,Accepted,
25427911,0568000,LOUISVILLE METRO POLICE DEPT,Accepted,JEFFERSON,,2936,GRINSTEAD,DR,,,,,,,,38.252829062,-85.684937197,1.115,8/2/2019 12:00:00 AM,2322,3,3,0,0,CLEAR,DRY,False,1 VEHICLE PARKED POSITION (NOT PARKING LOT/DRIVEWAY),REAR END,STRAIGHT & LEVEL,DARK-HWY LIGHTED/ON,,,8/5/2019 8:49:35 AM,False,5029,Accepted,
25427775,0568000,LOUISVILLE METRO POLICE DEPT,Accepted,JEFFERSON,,,WILDWOOD,DR,,,,,,,,38.128067817,-85.709417430,0.015,8/2/2019 12:00:00 AM,1850,2,2,0,0,CLEAR,DRY,True,1 VEHICLE PARKED POSITION (NOT PARKING LOT/DRIVEWAY),SIDESWIPE-SAME DIRECTION,STRAIGHT & LEVEL,DAYLIGHT,,,8/5/2019 8:44:55 AM,False,7016,Accepted,
25449354,0568000,LOUISVILLE METRO POLICE DEPT,Accepted,JEFFERSON,,,DOUGLASS,BLVD,,,,,,,,38.224622488,-85.693866640,0.562,8/2/2019 12:00:00 AM,1730,2,2,0,0,CLEAR,DRY,False,1 VEHICLE PARKED POSITION (NOT PARKING LOT/DRIVEWAY),SIDESWIPE-SAME DIRECTION,STRAIGHT & LEVEL,DAYLIGHT,,,8/9/2019 8:21:56 AM,False,7793,Accepted,
25427772,0568000,LOUISVILLE METRO POLICE DEPT,Accepted,JEFFERSON,,1122,GARVIN,PL,,,,,OAK,,BERTRAND,38.235921143,-85.761962809,0.202,8/2/2019 12:00:00 AM,2254,2,2,0,0,CLEAR,DRY,False,SIDESWIPE COLLISION - SAME DIRECTION,SIDESWIPE-SAME DIRECTION,STRAIGHT & LEVEL,DARK-HWY LIGHTED/ON,,,8/5/2019 8:44:50 AM,False,5131,Accepted,
25427625,0568000,LOUISVILLE METRO POLICE DEPT,Accepted,JEFFERSON,,6614,GABRIEL,DR,,,,,,,,38.155587690,-85.854891748,0.349,8/2/2019 12:00:00 AM,1215,2,2,0,0,CLEAR,DRY,False,SIDESWIPE COLLISION - SAME DIRECTION,SIDESWIPE-SAME DIRECTION,STRAIGHT & LEVEL,DAYLIGHT,,,8/5/2019 8:35:47 AM,False,7485,Accepted,
25427667,0568000,LOUISVILLE METRO POLICE DEPT,Accepted,JEFFERSON,,1123,SALE,AVE,,,,,,,,38.197734108,-85.780880383,0.211,8/2/2019 12:00:00 AM,1757,2,2,0,0,CLEAR,DRY,False,SIDESWIPE COLLISION - SAME DIRECTION,SIDESWIPE-SAME DIRECTION,STRAIGHT & LEVEL,DAYLIGHT,,,8/5/2019 8:38:18 AM,False,7249,Accepted,
25427674,0568000,LOUISVILLE METRO POLICE DEPT,Accepted,JEFFERSON,KY0061,,PRESTON,HWY,,,,I 0265,I265 E EXIT12 OFF RAMP TO KY61 S,KY0061,KY61 TURN LANE,38.105782564,-85.673631174,1.575,8/2/2019 12:00:00 AM,1639,2,2,0,0,CLEAR,DRY,True,SIDESWIPE COLLISION - SAME DIRECTION,SIDESWIPE-SAME DIRECTION,STRAIGHT & LEVEL,DAYLIGHT,,,8/5/2019 8:38:49 AM,False,6937,Accepted,
25427680,0568000,LOUISVILLE METRO POLICE DEPT,Accepted,JEFFERSON,US0031W,,DIXIE,HWY,,,,,,,,38.099852095,-85.871618688,8.035,8/2/2019 12:00:00 AM,1714,2,2,0,0,CLEAR,DRY,False,SIDESWIPE COLLISION - SAME DIRECTION,SIDESWIPE-SAME DIRECTION,STRAIGHT & LEVEL,DAYLIGHT,,,8/5/2019 8:39:18 AM,False,7234,Accepted,
25427672,0568000,LOUISVILLE METRO POLICE DEPT,Accepted,JEFFERSON,KY1865,4126,TAYLOR,BLVD,,,,,,,,38.182862198,-85.783728135,5.268,8/2/2019 12:00:00 AM,1120,2,2,0,0,CLEAR,DRY,False,SIDESWIPE COLLISION - SAME DIRECTION,SIDESWIPE-SAME DIRECTION,STRAIGHT & LEVEL,DAYLIGHT,,,8/5/2019 8:38:40 AM,False,5221,Accepted,
25444100,0568000,LOUISVILLE METRO POLICE DEPT,Accepted,JEFFERSON,KY0061,3803,PRESTON,HWY,,,,,,,,38.195342120,-85.730064819,8.589,8/2/2019 12:00:00 AM,2059,2,2,0,0,CLEAR,DRY,False,SIDESWIPE COLLISION - SAME DIRECTION,SIDESWIPE-SAME DIRECTION,STRAIGHT & LEVEL,DARK-HWY LIGHTED/ON,,,8/8/2019 8:27:09 AM,False,7359,Accepted,
25427628,0568000,LOUISVILLE METRO POLICE DEPT,Accepted,JEFFERSON,KY0864,,BEULAH CHURCH,RD,,,,,DELCOUR,KY0864,FEGENBUSH,38.136446663,-85.613531563,4.169,8/2/2019 12:00:00 AM,1049,2,2,0,2,CLEAR,DRY,False,HEAD-ON COLLISION,HEAD ON,STRAIGHT & GRADE,DAYLIGHT,,,8/5/2019 8:35:59 AM,False,2017,Accepted,
25427718,0568000,LOUISVILLE METRO POLICE DEPT,Accepted,JEFFERSON,US0060,,SHELBYVILLE,RD,,,,,,,,38.244124960,-85.548333743,9.374,8/2/2019 12:00:00 AM,1258,2,2,0,0,CLEAR,DRY,False,SIDESWIPE COLLISION - SAME DIRECTION,SIDESWIPE-SAME DIRECTION,CURVE & LEVEL,DAYLIGHT,,,8/5/2019 8:43:00 AM,False,7899,Accepted,