IncidentID,AgencyORI,AgencyName,IncidentStatusDesc,County,RdwyNumber,Street,RoadwayName,StreetSfx,StreetDir,IntersectionRdwy,IntersectionRdwyName,BetweenStRdwy1,BetweenStRdwyName1,BetweenStRdwy2,BetweenStRdwyName2,Latitude,Longitude,Milepoint,CollisionDate,CollisionTime,UnitsInvolved,MotorVehiclesInvolved,NumberKilled,NumberInjured,Weather,RdwyConditionCode,HitandRun,DirAnalysisCode,MannerofCollision,RdwyCharacter,LightCondition,RampFromRdwyId,RampToRdwyId,AcceptedDate,IsSecondaryCollision,OwnerBadge,IncidentStatus,
25438826,0568000,LOUISVILLE METRO POLICE DEPT,Accepted,JEFFERSON,I 0265,,I265 E,,,,,,,,,38.134356155,-85.598084582,16.333,8/2/2019 12:00:00 AM,0737,2,2,0,0,CLEAR,DRY,True,SIDESWIPE COLLISION - SAME DIRECTION,SIDESWIPE-SAME DIRECTION,STRAIGHT & LEVEL,DAYLIGHT,,,8/7/2019 8:22:37 AM,False,7772,Accepted,
25427663,0568000,LOUISVILLE METRO POLICE DEPT,Accepted,JEFFERSON,,,NORTON HEALTHCARE,BLVD,,,,KY0022,BROWNSBORO,,VON ALLMEN,38.311972361,-85.571190781,0.092,8/2/2019 12:00:00 AM,1136,2,2,0,0,CLEAR,DRY,False,SIDESWIPE COLLISION - SAME DIRECTION,SIDESWIPE-SAME DIRECTION,STRAIGHT & LEVEL,DAYLIGHT,,,8/5/2019 8:38:05 AM,False,7765,Accepted,
25427630,0568000,LOUISVILLE METRO POLICE DEPT,Accepted,JEFFERSON,KY1230,,LOWER RIVER,RD,,,,,,,,38.092046977,-85.894819782,2.175,8/2/2019 12:00:00 AM,1128,2,2,0,0,CLEAR,DRY,False,SIDESWIPE COLLISION - OPPOSITE DIRECTION,SIDESWIPE-OPPOSITE DIRECTION,CURVE & LEVEL,DAYLIGHT,,,8/5/2019 8:36:07 AM,False,7634,Accepted,
25427600,0568000,LOUISVILLE METRO POLICE DEPT,Accepted,JEFFERSON,,,PARK,RD,S,,,,,,,38.114919524,-85.735769820,3.589,8/2/2019 12:00:00 AM,0900,2,2,0,0,CLEAR,DRY,False,SIDESWIPE COLLISION - OPPOSITE DIRECTION,SIDESWIPE-OPPOSITE DIRECTION,CURVE & LEVEL,DAYLIGHT,,,8/5/2019 8:34:29 AM,False,7263,Accepted,
25444053,0568000,LOUISVILLE METRO POLICE DEPT,Accepted,JEFFERSON,I 0264,,I264 W,,,,,,,,,38.196668796,-85.706020110,13.490,8/2/2019 12:00:00 AM,0910,2,2,0,0,CLEAR,DRY,False,OTHER ROADWAY OR MID-BLOCK COLLISION,REAR END,STRAIGHT & LEVEL,DAYLIGHT,,,8/8/2019 8:24:34 AM,False,7772,Accepted,
25427639,0568000,LOUISVILLE METRO POLICE DEPT,Accepted,JEFFERSON,KY1065,,OUTER,LOOP,,,,KY1020,NATIONAL,KY3078,FRONTAGE RODD LEFT LINE A,38.127139183,-85.748386693,2.548,8/2/2019 12:00:00 AM,0943,2,2,0,0,CLEAR,DRY,True,1 VEHICLE ENTERING/LEAVING ENTRANCE,ANGLE,STRAIGHT & LEVEL,DAYLIGHT,,,8/5/2019 8:36:49 AM,False,2017,Accepted,
25427716,0568000,LOUISVILLE METRO POLICE DEPT,Accepted,JEFFERSON,US0060,,SHELBYVILLE,RD,,,,KY1747,HURSTBOURNE,,DAVENTRY,38.246367911,-85.575399526,7.938,8/2/2019 12:00:00 AM,1320,2,2,0,0,CLEAR,DRY,False,1 VEHICLE ENTERING/LEAVING ENTRANCE,ANGLE,STRAIGHT & LEVEL,DAYLIGHT,,,8/5/2019 8:42:51 AM,False,7018,Accepted,
25427638,0568000,LOUISVILLE METRO POLICE DEPT,Accepted,JEFFERSON,KY2052,,SHEPHERDSVILLE,RD,,,,KY1747,FERN VALLEY,,JANIES,38.158414102,-85.659892861,1.367,8/2/2019 12:00:00 AM,1124,2,2,0,0,CLEAR,DRY,False,1 VEHICLE ENTERING/LEAVING ENTRANCE,ANGLE,STRAIGHT & LEVEL,DAYLIGHT,,,8/5/2019 8:36:43 AM,False,6937,Accepted,
25427720,0568000,LOUISVILLE METRO POLICE DEPT,Accepted,JEFFERSON,,,JEFFERSON,ST,E,,,,,,,38.253141284,-85.750402923,0.958,8/2/2019 12:00:00 AM,1053,2,2,0,1,CLEAR,DRY,False,1 VEHICLE ENTERING/LEAVING ENTRANCE,ANGLE,STRAIGHT & LEVEL,DAYLIGHT,,,8/5/2019 8:43:04 AM,False,7406,Accepted,
25427676,0568000,LOUISVILLE METRO POLICE DEPT,Accepted,JEFFERSON,KY0061,,PRESTON,HWY,,,,,,,,38.163652795,-85.701346687,5.814,8/2/2019 12:00:00 AM,1530,2,2,0,0,CLEAR,DRY,False,1 VEHICLE ENTERING/LEAVING ENTRANCE,ANGLE,STRAIGHT & GRADE,DAYLIGHT,,,8/5/2019 8:38:55 AM,False,5130,Accepted,
25429843,0568000,LOUISVILLE METRO POLICE DEPT,Accepted,JEFFERSON,I 0064,,,,,,,,,,,38.234601378,-85.657638814,0.280,8/2/2019 12:00:00 AM,1620,2,2,0,0,CLEAR,DRY,False,OTHER RAMP RELATED COLLISIONS NOT LISTED ABOVE,REAR END,CURVE & GRADE,DAYLIGHT,I 0064,KY2048,8/5/2019 1:43:11 PM,False,2142,Accepted,
25417507,0568000,LOUISVILLE METRO POLICE DEPT,Accepted,JEFFERSON,I 0064,,,,,,,,,,,38.257938722,-85.723642199,0.148,8/2/2019 12:00:00 AM,0657,2,2,0,0,CLEAR,DRY,False,OTHER RAMP RELATED COLLISIONS NOT LISTED ABOVE,REAR END,CURVE & GRADE,DAYLIGHT,I 0064,STORY AVE,8/2/2019 8:18:50 AM,False,7316,Accepted,
25427644,0568000,LOUISVILLE METRO POLICE DEPT,Accepted,JEFFERSON,KY0061,5321,PRESTON,HWY,,,,,,,,38.170722296,-85.708570316,6.452,8/2/2019 12:00:00 AM,1203,2,2,0,0,CLEAR,DRY,True,COLLISION IN PARKING LOT,REAR END,STRAIGHT & LEVEL,DAYLIGHT,,,8/5/2019 8:37:04 AM,False,2796,Accepted,
25427627,0568000,LOUISVILLE METRO POLICE DEPT,Accepted,JEFFERSON,KY1065,7201,OUTER,LOOP,,,,,,,,38.137902406,-85.629635079,9.177,8/2/2019 12:00:00 AM,1447,2,2,0,0,CLOUDY,DRY,False,COLLISION IN PARKING LOT,BACKING,STRAIGHT & LEVEL,DAYLIGHT,,,8/5/2019 8:35:56 AM,False,2959,Accepted,
25421570,0566900,LOUISVILLE AIRPORT POLICE,Accepted,JEFFERSON,,750,ADMINISTRATION,DR,,,,,,,,38.187462439,-85.739031524,0.025,8/2/2019 12:00:00 AM,1638,2,2,0,0,CLEAR,DRY,False,COLLISION IN PARKING LOT,SIDESWIPE-SAME DIRECTION,STRAIGHT & LEVEL,DAYLIGHT,,,8/3/2019 7:30:20 AM,False,5829,Accepted,
25427664,0568000,LOUISVILLE METRO POLICE DEPT,Accepted,JEFFERSON,,,FISCHER PARK,DR,,,,,SPRINGHURST,,SHELBURN PARK,38.296529840,-85.558542534,0.085,8/2/2019 12:00:00 AM,0936,1,1,0,0,CLEAR,DRY,False,COLLISION IN PARKING LOT,SINGLE VEHICLE,STRAIGHT & LEVEL,DAYLIGHT,,,8/5/2019 8:38:08 AM,False,7765,Accepted,
25427713,0568000,LOUISVILLE METRO POLICE DEPT,Accepted,JEFFERSON,KY1727,7509,TERRY,RD,,,,,,,,38.143244922,-85.872137111,1.472,8/2/2019 12:00:00 AM,1820,2,2,0,0,CLEAR,DRY,False,OTHER ROADWAY OR MID-BLOCK COLLISION,REAR END,STRAIGHT & LEVEL,DAYLIGHT,,,8/5/2019 8:42:35 AM,False,7336,Accepted,
25427641,0568000,LOUISVILLE METRO POLICE DEPT,Accepted,JEFFERSON,,,RANGELAND,RD,,,,,,,,38.167337935,-85.681668011,0.004,8/2/2019 12:00:00 AM,1840,2,2,0,0,CLEAR,DRY,False,OTHER ROADWAY OR MID-BLOCK COLLISION,REAR END,CURVE & LEVEL,DAYLIGHT,,,8/5/2019 8:36:54 AM,False,5130,Accepted,
25427790,0568000,LOUISVILLE METRO POLICE DEPT,Accepted,JEFFERSON,KY0841,,GENE SNYDER,FWY,,,,,,,,38.114614378,-85.723884125,9.006,8/2/2019 12:00:00 AM,1341,1,1,0,0,CLEAR,DRY,False,OTHER ROADWAY OR MID-BLOCK COLLISION,SINGLE VEHICLE,CURVE & LEVEL,DAYLIGHT,,,8/5/2019 8:45:40 AM,False,7243,Accepted,
25427650,0568000,LOUISVILLE METRO POLICE DEPT,Accepted,JEFFERSON,I 0265,,I265 S,,,,,,,,,38.255762553,-85.502575844,27.731,8/2/2019 12:00:00 AM,1621,2,2,0,0,CLEAR,DRY,False,OTHER ROADWAY OR MID-BLOCK COLLISION,REAR END,STRAIGHT & GRADE,DAYLIGHT,,,8/5/2019 8:37:25 AM,False,6532,Accepted,
25427649,0568000,LOUISVILLE METRO POLICE DEPT,Accepted,JEFFERSON,,,KNOPP,AVE,,,,,GRADE,,ABELL,38.149071904,-85.735932878,0.001,8/2/2019 12:00:00 AM,1414,2,2,0,0,CLEAR,DRY,False,OTHER ROADWAY OR MID-BLOCK COLLISION,REAR END,STRAIGHT & LEVEL,DAYLIGHT,,,8/5/2019 8:37:21 AM,False,2324,Accepted,
25427655,0568000,LOUISVILLE METRO POLICE DEPT,Accepted,JEFFERSON,KY1447,,WESTPORT,RD,,,,,ASSEMBLY,,SPRINGHURST,38.293616155,-85.559486384,6.012,8/2/2019 12:00:00 AM,1500,2,2,0,0,CLEAR,DRY,True,OTHER ROADWAY OR MID-BLOCK COLLISION,REAR END,STRAIGHT & LEVEL,DAYLIGHT,,,8/5/2019 8:37:39 AM,False,7765,Accepted,
25417479,0568000,LOUISVILLE METRO POLICE DEPT,Accepted,JEFFERSON,,,OAKDALE,AVE,,,,,4TH,,3RD,38.204319239,-85.765702295,0.260,8/1/2019 12:00:00 AM,1011,2,2,0,0,CLEAR,DRY,True,OTHER ROADWAY OR MID-BLOCK COLLISION,REAR END,STRAIGHT & LEVEL,DAYLIGHT,,,8/2/2019 8:17:16 AM,False,7488,Accepted,
25412848,0568000,LOUISVILLE METRO POLICE DEPT,Accepted,JEFFERSON,I 0264,,I264 W,,,,,,,,,38.233200724,-85.819637716,3.279,8/1/2019 12:00:00 AM,0007,1,1,0,0,CLOUDY,DRY,False,OTHER ROADWAY OR MID-BLOCK COLLISION,SINGLE VEHICLE,STRAIGHT & LEVEL,DARK-HWY LIGHTED/ON,,,8/1/2019 8:19:21 AM,False,7786,Accepted,
25428370,0568000,LOUISVILLE METRO POLICE DEPT,Accepted,JEFFERSON,I 0065,,,,,,,,,,,38.190999105,-85.730810186,0.442,8/1/2019 12:00:00 AM,0934,1,1,0,1,CLEAR,DRY,False,COLLISION WITH FIXED OBJECT NOT IN GORE ,SINGLE VEHICLE,CURVE & GRADE,DAYLIGHT,I 0065,I 0065,8/5/2019 9:42:12 AM,False,7720,Accepted,
25417424,0568000,LOUISVILLE METRO POLICE DEPT,Accepted,JEFFERSON,KY1747,2700,FERN VALLEY,RD,,,,,,,,38.157119204,-85.715924798,0.799,8/1/2019 12:00:00 AM,1203,1,1,0,0,CLEAR,DRY,False,COLLISION IN PARKING LOT,SINGLE VEHICLE,STRAIGHT & LEVEL,DAYLIGHT,,,8/2/2019 8:15:09 AM,False,2017,Accepted,
25412846,0568000,LOUISVILLE METRO POLICE DEPT,Accepted,JEFFERSON,KY1447,11405,WESTPORT,RD,,,,,,,,38.300741701,-85.538098554,7.259,8/1/2019 12:00:00 AM,0145,1,1,0,0,CLEAR,DRY,False,COLLISION IN PARKING LOT,SINGLE VEHICLE,STRAIGHT & LEVEL,DARK-HWY LIGHTED/ON,,,8/1/2019 8:19:15 AM,False,7369,Accepted,
25449467,0568000,LOUISVILLE METRO POLICE DEPT,Accepted,JEFFERSON,KY0864,1265,GOSS,AVE,,,,,,,,38.225417183,-85.731197009,13.811,8/1/2019 12:00:00 AM,2052,2,2,0,0,CLEAR,DRY,True,COLLISION IN PARKING LOT,ANGLE,STRAIGHT & LEVEL,OTHER,,,8/9/2019 8:28:53 AM,False,5037,Accepted,
25417408,0568000,LOUISVILLE METRO POLICE DEPT,Accepted,JEFFERSON,,,FAIRGROUND,RD,,,,,BRANDYWYNE,US0031E,BARDSTOWN,38.163554487,-85.595552185,0.048,8/1/2019 12:00:00 AM,0928,2,2,0,0,CLEAR,DRY,False,1 VEHICLE ENTERING/LEAVING ENTRANCE,ANGLE,STRAIGHT & LEVEL,DAYLIGHT,,,8/2/2019 8:13:57 AM,False,2017,Accepted,
25417465,0568000,LOUISVILLE METRO POLICE DEPT,Accepted,JEFFERSON,,,GLOBAL,DR,,,,,,,,38.139567472,-85.887936901,0.027,8/1/2019 12:00:00 AM,1252,2,2,0,0,CLEAR,DRY,False,1 VEHICLE ENTERING/LEAVING ENTRANCE,ANGLE,STRAIGHT & LEVEL,DAYLIGHT,,,8/2/2019 8:16:32 AM,False,7234,Accepted,
25417432,0568000,LOUISVILLE METRO POLICE DEPT,Accepted,JEFFERSON,,,7TH,ST,S,,,,,,,38.219700412,-85.777858044,0.022,8/1/2019 12:00:00 AM,1351,2,2,0,0,CLEAR,DRY,False,1 VEHICLE ENTERING/LEAVING ENTRANCE,ANGLE,STRAIGHT & LEVEL,DAYLIGHT,,,8/2/2019 8:15:51 AM,False,2569,Accepted,
25417481,0568000,LOUISVILLE METRO POLICE DEPT,Accepted,JEFFERSON,,,MADELON,CT,,,,,BROADWAY,,35TH,38.250388841,-85.809146167,0.035,8/1/2019 12:00:00 AM,1440,2,2,0,1,CLEAR,DRY,True,1 VEHICLE ENTERING/LEAVING ENTRANCE,ANGLE,STRAIGHT & LEVEL,DAYLIGHT,,,8/2/2019 8:17:24 AM,False,5253,Accepted,
25417478,0568000,LOUISVILLE METRO POLICE DEPT,Accepted,JEFFERSON,KY1934,,CANE RUN,RD,,,,,,,,38.183490353,-85.855634304,7.738,8/1/2019 12:00:00 AM,1623,2,2,0,0,CLEAR,DRY,False,1 VEHICLE ENTERING/LEAVING ENTRANCE,ANGLE,STRAIGHT & LEVEL,DAYLIGHT,,,8/2/2019 8:17:13 AM,False,7234,Accepted,
25509077,0568000,LOUISVILLE METRO POLICE DEPT,Accepted,JEFFERSON,KY0022,,BROWNSBORO,RD,,,,,,,,38.312592202,-85.567426994,4.438,8/1/2019 12:00:00 AM,0030,2,2,0,0,CLEAR,DRY,False,OTHER ROADWAY OR MID-BLOCK COLLISION,OPPOSING LEFT TURN,STRAIGHT & LEVEL,DARK-HWY LIGHTED/ON,,,8/20/2019 8:19:53 AM,False,7785,Accepted,
25417428,0568000,LOUISVILLE METRO POLICE DEPT,Accepted,JEFFERSON,KY1631,,CRITTENDEN,DR,,,,,,,,38.204821157,-85.750763446,1.163,8/1/2019 12:00:00 AM,1123,2,2,0,0,CLEAR,DRY,False,SIDESWIPE COLLISION - OPPOSITE DIRECTION,SIDESWIPE-OPPOSITE DIRECTION,STRAIGHT & LEVEL,DAYLIGHT,,,8/2/2019 8:15:33 AM,False,5230,Accepted,
25481228,0568000,LOUISVILLE METRO POLICE DEPT,Accepted,JEFFERSON,,,ARNOLDTOWN,RD,,,,,,,,38.145526146,-85.822987293,0.283,8/1/2019 12:00:00 AM,1111,2,2,0,0,CLEAR,DRY,False,SIDESWIPE COLLISION - OPPOSITE DIRECTION,SIDESWIPE-OPPOSITE DIRECTION,STRAIGHT & GRADE,DAYLIGHT,,,8/16/2019 8:23:43 AM,False,7234,Accepted,
25417468,0568000,LOUISVILLE METRO POLICE DEPT,Accepted,JEFFERSON,I 0065,,I65 S,,,,,I 0064,I64 S EXIT137 RAMP TO I71 N,I 0064,I64 W,38.261166571,-85.741786119,136.675,8/1/2019 12:00:00 AM,1348,2,2,0,0,CLEAR,DRY,True,SIDESWIPE COLLISION - SAME DIRECTION,SIDESWIPE-SAME DIRECTION,STRAIGHT & LEVEL,DAYLIGHT,,,8/2/2019 8:16:42 AM,False,2403,Accepted,
25417433,0568000,LOUISVILLE METRO POLICE DEPT,Accepted,JEFFERSON,I 0064,,I64 E,,,,,,,,,38.260951466,-85.733573285,5.939,8/1/2019 12:00:00 AM,1117,2,2,0,0,CLEAR,DRY,False,SIDESWIPE COLLISION - SAME DIRECTION,SIDESWIPE-SAME DIRECTION,CURVE & GRADE,DAYLIGHT,,,8/2/2019 8:15:55 AM,False,7804,Accepted,
25417489,0568000,LOUISVILLE METRO POLICE DEPT,Accepted,JEFFERSON,,,HUNTERS CHASE,LN,,,,,,,,38.164938524,-85.871223697,0.028,8/1/2019 12:00:00 AM,1703,2,2,0,0,CLEAR,DRY,False,SIDESWIPE COLLISION - SAME DIRECTION,SIDESWIPE-SAME DIRECTION,STRAIGHT & LEVEL,DAYLIGHT,,,8/2/2019 8:17:58 AM,False,7234,Accepted,
25459843,0568000,LOUISVILLE METRO POLICE DEPT,Accepted,JEFFERSON,KY0061,4106,PRESTON,HWY,,,,,BRIDEN,I 0065,I264 W EXIT12 OFF RAMP TO,38.191999108,-85.727887594,8.329,8/1/2019 12:00:00 AM,1534,2,2,0,0,CLEAR,DRY,False,SIDESWIPE COLLISION - SAME DIRECTION,SIDESWIPE-SAME DIRECTION,STRAIGHT & LEVEL,DAYLIGHT,,,8/12/2019 8:52:48 AM,False,7938,Accepted,
25471277,0568000,LOUISVILLE METRO POLICE DEPT,Accepted,JEFFERSON,I 0264,,I264 E,,,,,,,,,38.217094455,-85.659711467,16.421,8/1/2019 12:00:00 AM,1747,2,2,0,0,CLOUDY,DRY,False,REAR END IN TRAFFIC LANES BOTH VEHICLES MOVING,REAR END,STRAIGHT & LEVEL,DAYLIGHT,,,8/14/2019 8:45:25 AM,False,7944,Accepted,
25471260,0568000,LOUISVILLE METRO POLICE DEPT,Accepted,JEFFERSON,I 0071,,I71 S,,,,,,,,,38.290511067,-85.643271814,5.262,8/1/2019 12:00:00 AM,1821,2,2,0,0,CLOUDY,DRY,False,REAR END IN TRAFFIC LANES BOTH VEHICLES MOVING,REAR END,CURVE & LEVEL,DAYLIGHT,,,8/14/2019 8:44:13 AM,False,7944,Accepted,
25586562,0568000,LOUISVILLE METRO POLICE DEPT,Accepted,JEFFERSON,I 0265,,I265 S,,,,,,,,,38.229817380,-85.505115220,25.936,8/1/2019 12:00:00 AM,1738,2,2,0,0,CLEAR,DRY,False,REAR END IN TRAFFIC LANES BOTH VEHICLES MOVING,REAR END,STRAIGHT & LEVEL,DAYLIGHT,,,9/3/2019 12:56:17 PM,False,7764,Accepted,
25476330,0568000,LOUISVILLE METRO POLICE DEPT,Accepted,JEFFERSON,I 0064,,I64 E,,,,,,,,,38.278515919,-85.821968918,0.171,8/1/2019 12:00:00 AM,1631,2,2,0,0,CLEAR,DRY,False,REAR END IN TRAFFIC LANES BOTH VEHICLES MOVING,REAR END,STRAIGHT & LEVEL,DAYLIGHT,,,8/15/2019 8:37:48 AM,False,7458,Accepted,
25438897,0568000,LOUISVILLE METRO POLICE DEPT,Accepted,JEFFERSON,KY0061,5117,PRESTON,HWY,,,,,VIM,,GILMORE,38.173483259,-85.711483582,6.769,8/1/2019 12:00:00 AM,1848,2,2,0,0,CLEAR,DRY,False,REAR END IN TRAFFIC LANES BOTH VEHICLES MOVING,REAR END,STRAIGHT & LEVEL,DAYLIGHT,,,8/7/2019 8:27:12 AM,False,5053,Accepted,
25521284,0568000,LOUISVILLE METRO POLICE DEPT,Accepted,JEFFERSON,I 0264,,I264 W,,,,,,,,,38.224240741,-85.645253563,17.345,8/1/2019 12:00:00 AM,1830,2,1,0,1,CLEAR,DRY,False,REAR END IN TRAFFIC LANES BOTH VEHICLES MOVING,REAR END,STRAIGHT & HILLCREST,DAYLIGHT,,,8/20/2019 1:57:26 PM,False,7916,Accepted,
25417493,0568000,LOUISVILLE METRO POLICE DEPT,Accepted,JEFFERSON,,529,26TH,ST,N,,,KY3064,PORTLAND,KY3082,BANK,38.269769354,-85.790717078,0.652,8/1/2019 12:00:00 AM,2127,2,2,0,0,CLEAR,DRY,False,1 VEHICLE PARKED POSITION (NOT PARKING LOT/DRIVEWAY),HEAD ON,STRAIGHT & LEVEL,DARK-HWY LIGHTED/ON,,,8/2/2019 8:18:12 AM,False,7223,Accepted,
25417492,0568000,LOUISVILLE METRO POLICE DEPT,Accepted,JEFFERSON,US0150,418,22ND,ST,N,,,,ST XAVIER,,CLEVELAND,38.265327407,-85.784452892,0.349,8/1/2019 12:00:00 AM,2305,2,2,0,0,CLEAR,DRY,True,1 VEHICLE PARKED POSITION (NOT PARKING LOT/DRIVEWAY),SIDESWIPE-SAME DIRECTION,STRAIGHT & LEVEL,DARK-HWY LIGHTED/ON,,,8/2/2019 8:18:08 AM,False,7223,Accepted,
25429842,0568000,LOUISVILLE METRO POLICE DEPT,Accepted,JEFFERSON,I 0265,,I265 E,,,,,,,,,38.218335424,-85.505928150,25.175,8/1/2019 12:00:00 AM,1752,2,2,0,0,CLEAR,DRY,False,REAR END IN TRAFFIC LANES BOTH VEHICLES MOVING,REAR END,STRAIGHT & LEVEL,DAYLIGHT,,,8/5/2019 1:43:04 PM,False,7858,Accepted,
25427886,0568000,LOUISVILLE METRO POLICE DEPT,Accepted,JEFFERSON,I 0064,,I64 E,,,,,,,,,38.258615866,-85.763164992,4.167,8/1/2019 12:00:00 AM,0950,2,2,0,0,CLEAR,DRY,False,REAR END IN TRAFFIC LANES BOTH VEHICLES MOVING,REAR END,STRAIGHT & GRADE,DAYLIGHT,,,8/5/2019 8:48:01 AM,False,2661,Accepted,
25427606,0568000,LOUISVILLE METRO POLICE DEPT,Accepted,JEFFERSON,I 0071,,I71 S,,,,,,,,,38.318078001,-85.572896188,9.628,8/1/2019 12:00:00 AM,0848,2,2,0,0,CLEAR,DRY,False,REAR END IN TRAFFIC LANES BOTH VEHICLES MOVING,REAR END,STRAIGHT & LEVEL,DAYLIGHT,,,8/5/2019 8:34:53 AM,False,7772,Accepted,
25417480,0568000,LOUISVILLE METRO POLICE DEPT,Accepted,JEFFERSON,KY0155,,TAYLORSVILLE,RD,,,,,,,,38.191299087,-85.477529022,4.337,8/1/2019 12:00:00 AM,1751,2,2,0,0,CLEAR,DRY,False,REAR END IN TRAFFIC LANES BOTH VEHICLES MOVING,REAR END,CURVE & LEVEL,DAYLIGHT,,,8/2/2019 8:17:20 AM,False,4693,Accepted,
25417469,0568000,LOUISVILLE METRO POLICE DEPT,Accepted,JEFFERSON,I 0264,,I264 W,,,,,,,,,38.202988365,-85.685657153,14.702,8/1/2019 12:00:00 AM,1654,2,2,0,0,CLEAR,DRY,False,REAR END IN TRAFFIC LANES BOTH VEHICLES MOVING,REAR END,STRAIGHT & LEVEL,DAYLIGHT,,,8/2/2019 8:16:45 AM,False,2278,Accepted,
25417410,0568000,LOUISVILLE METRO POLICE DEPT,Accepted,JEFFERSON,KY1934,,CANE RUN,RD,,,,,CLARINET,,MARGEE,38.192293333,-85.846539336,8.484,8/1/2019 12:00:00 AM,0430,2,2,0,0,CLEAR,DRY,True,REAR END IN TRAFFIC LANES BOTH VEHICLES MOVING,REAR END,STRAIGHT & LEVEL,DARK-HWY LIGHTED/ON,,,8/2/2019 8:14:08 AM,False,2877,Accepted,
25417434,0568000,LOUISVILLE METRO POLICE DEPT,Accepted,JEFFERSON,I 0264,,I264 E,,,,,I 0264,I264 E EXIT22 OFF RAMP TO US42,I 0264,I264 E EXIT22 ON RAMP FROM US42,38.282132025,-85.638690657,22.305,8/1/2019 12:00:00 AM,1635,2,2,0,0,CLOUDY,DRY,False,REAR END IN TRAFFIC LANES BOTH VEHICLES MOVING,REAR END,STRAIGHT & LEVEL,DAYLIGHT,,,8/2/2019 8:16:06 AM,False,6456,Accepted,
25417472,0568000,LOUISVILLE METRO POLICE DEPT,Accepted,JEFFERSON,KY0061,,PRESTON,HWY,,,,,,,,38.120648522,-85.677998394,2.628,8/1/2019 12:00:00 AM,1220,2,2,0,0,CLEAR,DRY,False,REAR END IN TRAFFIC LANES BOTH VEHICLES MOVING,REAR END,STRAIGHT & LEVEL,DAYLIGHT,,,8/2/2019 8:16:55 AM,False,4693,Accepted,
25465832,0568000,LOUISVILLE METRO POLICE DEPT,Accepted,JEFFERSON,I 0065,,I65 S,,,,,,,,,38.209629315,-85.752982496,132.726,8/1/2019 12:00:00 AM,1746,2,2,0,0,CLEAR,DRY,False,REAR END IN TRAFFIC LANES BOTH VEHICLES MOVING,REAR END,CURVE & LEVEL,DAYLIGHT,,,8/13/2019 8:25:19 AM,False,8278,Accepted,
25465833,0568000,LOUISVILLE METRO POLICE DEPT,Accepted,JEFFERSON,I 0264,,I264 E,,,,,,,,,38.218981307,-85.656067054,16.659,8/1/2019 12:00:00 AM,1626,3,3,0,1,CLEAR,DRY,False,REAR END IN TRAFFIC LANES BOTH VEHICLES MOVING,REAR END,STRAIGHT & LEVEL,DAYLIGHT,,,8/13/2019 8:25:32 AM,False,8278,Accepted,
25417412,0568000,LOUISVILLE METRO POLICE DEPT,Accepted,JEFFERSON,I 0264,,I264 E,,,,,I 0264,I264 E EXIT18 ON RAMP FROM KY1932 N,I 0064,I64 E EXIT19A RAMP TO I64 E,38.231188762,-85.630773926,18.275,8/1/2019 12:00:00 AM,0826,2,2,0,0,CLOUDY,DRY,False,REAR END IN TRAFFIC LANES BOTH VEHICLES MOVING,REAR END,STRAIGHT & GRADE,DAYLIGHT,,,8/2/2019 8:14:17 AM,False,6456,Accepted,
25471262,0568000,LOUISVILLE METRO POLICE DEPT,Accepted,JEFFERSON,I 0264,,I264 W,,,,,,,,,38.223248139,-85.647348273,17.217,8/1/2019 12:00:00 AM,1724,3,3,0,0,CLOUDY,DRY,False,REAR END IN TRAFFIC LANES BOTH VEHICLES MOVING,REAR END,STRAIGHT & GRADE,DAYLIGHT,,,8/14/2019 8:44:20 AM,False,7944,Accepted,
25417445,0568000,LOUISVILLE METRO POLICE DEPT,Accepted,JEFFERSON,KY1865,,NEW CUT,RD,,,,,BAKERS,,AUBURN OAKS,38.139822614,-85.773993292,2.253,8/1/2019 12:00:00 AM,1605,2,2,0,0,CLEAR,DRY,False,REAR END IN TRAFFIC LANES BOTH VEHICLES MOVING,REAR END,STRAIGHT & GRADE,DAYLIGHT,,,8/2/2019 8:16:17 AM,False,7202,Accepted,
25417436,0568000,LOUISVILLE METRO POLICE DEPT,Accepted,JEFFERSON,US0150,,BROADWAY,,E,,,,FLOYD,KY0061,PRESTON,38.245295564,-85.748534654,2.911,8/1/2019 12:00:00 AM,1652,2,2,0,0,CLEAR,DRY,False,REAR END IN TRAFFIC LANES BOTH VEHICLES MOVING,REAR END,STRAIGHT & LEVEL,DAYLIGHT,,,8/2/2019 8:16:10 AM,False,7377,Accepted,
25417422,0568000,LOUISVILLE METRO POLICE DEPT,Accepted,JEFFERSON,,,GOLDSMITH,LN,,,,,SUMNER,,DAVID GRAVES,38.207374385,-85.670735678,0.946,8/1/2019 12:00:00 AM,1211,2,2,0,2,CLEAR,DRY,False,REAR END IN TRAFFIC LANES BOTH VEHICLES MOVING,REAR END,STRAIGHT & LEVEL,DAYLIGHT,,,8/2/2019 8:15:01 AM,False,2532,Accepted,