IncidentID,AgencyORI,AgencyName,IncidentStatusDesc,County,RdwyNumber,Street,RoadwayName,StreetSfx,StreetDir,IntersectionRdwy,IntersectionRdwyName,BetweenStRdwy1,BetweenStRdwyName1,BetweenStRdwy2,BetweenStRdwyName2,Latitude,Longitude,Milepoint,CollisionDate,CollisionTime,UnitsInvolved,MotorVehiclesInvolved,NumberKilled,NumberInjured,Weather,RdwyConditionCode,HitandRun,DirAnalysisCode,MannerofCollision,RdwyCharacter,LightCondition,RampFromRdwyId,RampToRdwyId,AcceptedDate,IsSecondaryCollision,OwnerBadge,IncidentStatus,
25417516,0568000,LOUISVILLE METRO POLICE DEPT,Accepted,JEFFERSON,,,CENTRAL,AVE,,,,,4TH,,5TH,38.205288513,-85.766571147,0.498,8/1/2019 12:00:00 AM,1946,2,1,0,1,CLEAR,DRY,True,COLLISION WITH BICYCLIST NON INTERSECTION,SINGLE VEHICLE,STRAIGHT & LEVEL,DAYLIGHT,,,8/2/2019 8:19:20 AM,False,5196,Accepted,
25438855,0568000,LOUISVILLE METRO POLICE DEPT,Accepted,JEFFERSON,,,MAGAZINE,ST,,,,,,,,38.251424269,-85.792269395,1.362,8/1/2019 12:00:00 AM,1902,2,1,0,1,CLEAR,DRY,False,COLLISION WITH PEDESTRIAN NON - INTERSECTION,SINGLE VEHICLE,STRAIGHT & LEVEL,DAYLIGHT,,,8/7/2019 8:24:33 AM,False,5173,Accepted,
25417414,0568000,LOUISVILLE METRO POLICE DEPT,Accepted,JEFFERSON,,,PAYNE,ST,,,SPRING,,,,,38.251683176,-85.718649444,0.783,8/1/2019 12:00:00 AM,0849,2,2,0,0,CLEAR,DRY,False,OTHER INTERSECTION COLLISIONS,REAR END,STRAIGHT & GRADE,DAYLIGHT,,,8/2/2019 8:14:24 AM,False,2230,Accepted,
25417411,0568000,LOUISVILLE METRO POLICE DEPT,Accepted,JEFFERSON,US0150,,BROADWAY,,W,,12TH,,,,,38.247537265,-85.771595921,1.652,8/1/2019 12:00:00 AM,1029,2,2,0,0,CLEAR,DRY,False,OTHER INTERSECTION COLLISIONS,REAR END,STRAIGHT & LEVEL,DAYLIGHT,,,8/2/2019 8:14:12 AM,False,5173,Accepted,
25412835,0568000,LOUISVILLE METRO POLICE DEPT,Accepted,JEFFERSON,US0031W,,DIXIE,HWY,,,,,,,,38.018394668,-85.921252490,1.634,8/1/2019 12:00:00 AM,0404,1,1,0,0,CLEAR,DRY,False,COLLISION WITH ANIMAL NON INTERSECTION,SINGLE VEHICLE,STRAIGHT & LEVEL,DARK-HWY NOT LIGHTED,,,8/1/2019 8:18:44 AM,False,5103,Accepted,
25412841,0568000,LOUISVILLE METRO POLICE DEPT,Accepted,JEFFERSON,US0031E,,BARDSTOWN,RD,,,COLONEL HANCOCK,,,,,38.130467568,-85.577338075,4.086,8/1/2019 12:00:00 AM,0645,2,2,0,0,CLOUDY,DRY,True,OTHER INTERSECTION COLLISIONS,REAR END,STRAIGHT & LEVEL,DAYLIGHT,,,8/1/2019 8:19:04 AM,False,6977,Accepted,
25417520,0568000,LOUISVILLE METRO POLICE DEPT,Accepted,JEFFERSON,,,STONESTREET,RD,,US0031W,DIXIE,,,,,38.121237128,-85.855692643,0.002,8/1/2019 12:00:00 AM,1833,2,2,0,0,CLEAR,DRY,False,OTHER INTERSECTION COLLISIONS,REAR END,STRAIGHT & GRADE,DAYLIGHT,,,8/2/2019 8:19:36 AM,False,5103,Accepted,
25417519,0568000,LOUISVILLE METRO POLICE DEPT,Accepted,JEFFERSON,,,BROADWAY,,W,,34TH,,,,,38.249893253,-85.808092222,1.063,8/1/2019 12:00:00 AM,2315,2,2,0,0,CLEAR,DRY,False,OTHER INTERSECTION COLLISIONS,REAR END,STRAIGHT & LEVEL,DARK-HWY LIGHTED/ON,,,8/2/2019 8:19:31 AM,False,5245,Accepted,
25417423,0568000,LOUISVILLE METRO POLICE DEPT,Accepted,JEFFERSON,US0031E,,BARDSTOWN,RD,,,BARTLEY,,,,,38.138072620,-85.581522219,4.661,8/1/2019 12:00:00 AM,1752,2,2,0,0,CLEAR,DRY,False,OTHER INTERSECTION COLLISIONS,REAR END,STRAIGHT & LEVEL,DAYLIGHT,,,8/2/2019 8:15:05 AM,False,7278,Accepted,
25417475,0568000,LOUISVILLE METRO POLICE DEPT,Accepted,JEFFERSON,,,7TH,ST,S,,MUHAMMAD ALI,,,,,38.251686192,-85.762451549,2.386,8/1/2019 12:00:00 AM,1457,3,3,0,0,CLEAR,DRY,True,OTHER INTERSECTION COLLISIONS,REAR END,STRAIGHT & LEVEL,DAYLIGHT,,,8/2/2019 8:17:04 AM,False,5187,Accepted,
25417483,0568000,LOUISVILLE METRO POLICE DEPT,Accepted,JEFFERSON,KY2052,,SHEPHERDSVILLE,RD,,,ARMSMERE,,,,,38.176812227,-85.659423085,2.634,8/1/2019 12:00:00 AM,1245,2,2,0,0,CLEAR,DRY,True,OTHER INTERSECTION COLLISIONS,REAR END,STRAIGHT & LEVEL,DAYLIGHT,,,8/2/2019 8:17:35 AM,False,7294,Accepted,
25417467,0568000,LOUISVILLE METRO POLICE DEPT,Accepted,JEFFERSON,KY0864,,POPLAR LEVEL,RD,,,INDIAN,,,,,38.172369063,-85.685617594,9.281,8/1/2019 12:00:00 AM,1614,3,3,0,0,CLEAR,DRY,False,OTHER INTERSECTION COLLISIONS,REAR END,STRAIGHT & LEVEL,DAYLIGHT,,,8/2/2019 8:16:39 AM,False,7319,Accepted,
25417417,0568000,LOUISVILLE METRO POLICE DEPT,Accepted,JEFFERSON,,,CHESTNUT,ST,W,,ROY WILKINS,,,,,38.249955310,-85.766817016,1.872,8/1/2019 12:00:00 AM,0821,2,2,0,0,CLEAR,DRY,False,OTHER INTERSECTION COLLISIONS,REAR END,STRAIGHT & LEVEL,DAYLIGHT,,,8/2/2019 8:14:37 AM,False,5254,Accepted,
25417425,0568000,LOUISVILLE METRO POLICE DEPT,Accepted,JEFFERSON,,,NORRIS,PL,,,ROANOKE,,,,,38.224289754,-85.706100873,0.617,8/1/2019 12:00:00 AM,1323,2,2,0,0,CLEAR,DRY,False,OTHER INTERSECTION COLLISIONS,REAR END,STRAIGHT & LEVEL,DAYLIGHT,,,8/2/2019 8:15:12 AM,False,7570,Accepted,
25417510,0568000,LOUISVILLE METRO POLICE DEPT,Accepted,JEFFERSON,,,PARAMOUNT PARK,DR,,KY1747,FERN VALLEY,,,,,38.156954669,-85.712404309,0.010,8/1/2019 12:00:00 AM,2200,2,2,0,1,CLOUDY,DRY,False,OTHER INTERSECTION COLLISIONS,REAR END,STRAIGHT & LEVEL,DARK-HWY LIGHTED/ON,,,8/2/2019 8:18:59 AM,False,6360,Accepted,
25417486,0568000,LOUISVILLE METRO POLICE DEPT,Accepted,JEFFERSON,US0060A,3745,LEXINGTON,RD,,,,,,,,38.252254711,-85.659258071,10.430,8/1/2019 12:00:00 AM,1227,1,1,0,0,CLEAR,DRY,False,COLLISION WITH FIXED OBJECT NON - INTERSECTION - FIRST EVENT COLLISION 09 - 32 EXCLUDING 16,SINGLE VEHICLE,STRAIGHT & LEVEL,DAYLIGHT,,,8/2/2019 8:17:47 AM,False,5236,Accepted,
25427524,0568000,LOUISVILLE METRO POLICE DEPT,Accepted,JEFFERSON,,8913,GREENMOORE,DR,,,,,,,,38.125733250,-85.876467904,0.056,8/1/2019 12:00:00 AM,2025,1,1,0,0,CLEAR,DRY,True,COLLISION WITH FIXED OBJECT NON - INTERSECTION - FIRST EVENT COLLISION 09 - 32 EXCLUDING 16,SINGLE VEHICLE,,DAYLIGHT,,,8/5/2019 8:23:00 AM,False,5033,Accepted,
25417453,0568000,LOUISVILLE METRO POLICE DEPT,Accepted,JEFFERSON,I 0064,,I64 E,,,,,,,,,38.276542387,-85.794954121,1.866,8/1/2019 12:00:00 AM,1530,2,2,0,0,CLEAR,DRY,False,COLLISION WITH FIXED OBJECT NON - INTERSECTION - FIRST EVENT COLLISION 09 - 32 EXCLUDING 16,REAR END,STRAIGHT & LEVEL,DAYLIGHT,,,8/2/2019 8:16:23 AM,False,7628,Accepted,
25520065,0568000,LOUISVILLE METRO POLICE DEPT,Accepted,JEFFERSON,KY1934,,GREENBELT,HWY,,,RAGGARD,,,,,38.174502935,-85.871309166,6.608,8/1/2019 12:00:00 AM,1755,2,1,0,0,CLEAR,DRY,True,OTHER INTERSECTION COLLISIONS,REAR END,STRAIGHT & LEVEL,DAYLIGHT,,,8/20/2019 10:38:23 AM,False,7073,Accepted,
25459922,0568000,LOUISVILLE METRO POLICE DEPT,Accepted,JEFFERSON,KY1865,,NEW CUT,RD,,KY1065,OUTER,,,,,38.126267876,-85.776106807,1.255,8/1/2019 12:00:00 AM,0849,2,2,0,0,CLEAR,DRY,False,OTHER INTERSECTION COLLISIONS,REAR END,STRAIGHT & LEVEL,DAYLIGHT,,,8/12/2019 8:57:34 AM,False,7221,Accepted,
25438838,0568000,LOUISVILLE METRO POLICE DEPT,Accepted,JEFFERSON,,,OSCAR,RD,,,CHAMBERLAIN,,,,,38.300760589,-85.542822385,0.046,8/1/2019 12:00:00 AM,1557,2,2,0,0,CLEAR,DRY,True,OTHER INTERSECTION COLLISIONS,REAR END,STRAIGHT & LEVEL,DAYLIGHT,,,8/7/2019 8:23:31 AM,False,7858,Accepted,
25417431,0568000,LOUISVILLE METRO POLICE DEPT,Accepted,JEFFERSON,,,CHAMPION FARMS,DR,,,SPRINGHURST COMMONS,,,,,38.296469843,-85.560934432,0.257,8/1/2019 12:00:00 AM,1057,2,2,0,0,CLEAR,DRY,False,SIDESWIPE-SAME DIRECTION,SIDESWIPE-SAME DIRECTION,STRAIGHT & LEVEL,DAYLIGHT,,,8/2/2019 8:15:45 AM,False,2969,Accepted,
25417474,0568000,LOUISVILLE METRO POLICE DEPT,Accepted,JEFFERSON,,,CRITTENDEN,DR,,,PHILLIPS,,,,,38.192245411,-85.750876404,0.370,8/1/2019 12:00:00 AM,1102,2,2,0,0,CLEAR,DRY,False,SIDESWIPE-SAME DIRECTION,SIDESWIPE-SAME DIRECTION,STRAIGHT & LEVEL,DAYLIGHT,,,8/2/2019 8:17:01 AM,False,7488,Accepted,
25417440,0568000,LOUISVILLE METRO POLICE DEPT,Accepted,JEFFERSON,KY2054,,ALGONQUIN,PKWY,,,COLORADO,,,,,38.213822436,-85.772827730,2.972,8/1/2019 12:00:00 AM,1700,2,2,0,0,CLEAR,DRY,True,SIDESWIPE-SAME DIRECTION,SIDESWIPE-SAME DIRECTION,CURVE & LEVEL,DAYLIGHT,,,8/2/2019 8:16:14 AM,False,7402,Accepted,
25417476,0568000,LOUISVILLE METRO POLICE DEPT,Accepted,JEFFERSON,I 0264,,I264 W,,,I 0264,I264 W EXIT2 OFF RAMP TO  MUHAMMAD ALI BLVD,,,,,38.254195661,-85.805807771,1.617,8/1/2019 12:00:00 AM,1728,2,2,0,0,CLEAR,DRY,False,SIDESWIPE-SAME DIRECTION,SIDESWIPE-SAME DIRECTION,STRAIGHT & LEVEL,DAYLIGHT,,,8/2/2019 8:17:07 AM,False,5168,Accepted,
25417471,0568000,LOUISVILLE METRO POLICE DEPT,Accepted,JEFFERSON,,,ROWAN,ST,,,29TH,,,,,38.262690969,-85.798739393,1.662,8/1/2019 12:00:00 AM,1824,2,2,0,0,CLEAR,DRY,False,OPPOSITE DIRECTION - BOTH VEHICLES GOING STRAIGHT AHEAD,SIDESWIPE-OPPOSITE DIRECTION,STRAIGHT & LEVEL,DAYLIGHT,,,8/2/2019 8:16:52 AM,False,7988,Accepted,
25417487,0568000,LOUISVILLE METRO POLICE DEPT,Accepted,JEFFERSON,KY1932,,BRECKENRIDGE,LN,,,BRONNER,,,,,38.184844102,-85.626267683,0.253,8/1/2019 12:00:00 AM,1725,2,2,0,2,CLEAR,DRY,False,OPPOSING LEFT TURN,OPPOSING LEFT TURN,STRAIGHT & LEVEL,DAYLIGHT,,,8/2/2019 8:17:51 AM,False,7739,Accepted,
25417499,0568000,LOUISVILLE METRO POLICE DEPT,Accepted,JEFFERSON,,,NORTON HEALTHCARE,BLVD,,,VON ALLMEN,,,,,38.312014404,-85.571406559,0.104,8/1/2019 12:00:00 AM,1941,2,2,0,0,CLEAR,DRY,False,OPPOSING LEFT TURN,OPPOSING LEFT TURN,STRAIGHT & LEVEL,DAYLIGHT,,,8/2/2019 8:18:36 AM,False,5155,Accepted,
25417488,0568000,LOUISVILLE METRO POLICE DEPT,Accepted,JEFFERSON,,,GRADE,LN,,KY1065,OUTER,,,,,38.130041542,-85.737476656,0.030,8/1/2019 12:00:00 AM,1403,2,2,0,0,CLOUDY,DRY,False,REAR END - ONE VEHICLE TURNING RIGHT,REAR END,CURVE & HILLCREST,DAYLIGHT,,,8/2/2019 8:17:55 AM,False,4693,Accepted,
25433432,0568000,LOUISVILLE METRO POLICE DEPT,Accepted,JEFFERSON,,,ST CATHERINE,ST,E,I 0065,I65 N EXIT135 ON RAMP FROM  E SAINT CATHERINE ST,,,,,38.236490968,-85.751345277,1.113,8/1/2019 12:00:00 AM,0126,2,2,0,0,CLEAR,DRY,True,ANGLE COLLISION - OTHER,ANGLE,STRAIGHT & LEVEL,DARK-HWY LIGHTED/ON,,,8/6/2019 8:39:30 AM,False,7527,Accepted,
25429839,0568000,LOUISVILLE METRO POLICE DEPT,Accepted,JEFFERSON,,,MURPHY,LN,,,NANSEMOND,,,,,38.304238997,-85.534141212,0.175,8/1/2019 12:00:00 AM,1645,2,2,0,2,CLEAR,DRY,False,ANGLE COLLISION - OTHER,ANGLE,STRAIGHT & LEVEL,DAYLIGHT,,,8/5/2019 1:42:50 PM,False,7858,Accepted,
25509084,0568000,LOUISVILLE METRO POLICE DEPT,Accepted,JEFFERSON,,,MARKET,ST,W,,30TH,,,,,38.260129971,-85.799869599,0.736,8/1/2019 12:00:00 AM,2248,2,2,0,0,CLEAR,DRY,False,ANGLE COLLISION - OTHER,ANGLE,STRAIGHT & LEVEL,DARK-HWY LIGHTED/ON,,,8/20/2019 8:20:21 AM,False,7311,Accepted,
25417415,0568000,LOUISVILLE METRO POLICE DEPT,Accepted,JEFFERSON,,6800,LANDSTAR,DR,,US0031W,DIXIE,,,,,38.065834072,-85.885657107,0.024,8/1/2019 12:00:00 AM,0755,3,3,0,0,CLEAR,DRY,False,COLLISION WITH PARKED VEHICLE,ANGLE,STRAIGHT & LEVEL,DAYLIGHT,,,8/2/2019 8:14:29 AM,False,2461,Accepted,
25417485,0568000,LOUISVILLE METRO POLICE DEPT,Accepted,JEFFERSON,,,MUHAMMAD ALI,BLVD,W,,19TH,,,,,38.253920103,-85.782361472,1.632,8/1/2019 12:00:00 AM,1700,3,3,0,0,CLEAR,DRY,False,COLLISION WITH PARKED VEHICLE,ANGLE,STRAIGHT & LEVEL,DAYLIGHT,,,8/2/2019 8:17:44 AM,False,7361,Accepted,
25417515,0568000,LOUISVILLE METRO POLICE DEPT,Accepted,JEFFERSON,,,VERNON,AVE,,US0060,FRANKFORT,,,,,38.254201809,-85.708531373,,8/1/2019 12:00:00 AM,1935,2,2,0,0,CLEAR,DRY,False,COLLISION WITH PARKED VEHICLE,SIDESWIPE-SAME DIRECTION,STRAIGHT & LEVEL,DAYLIGHT,,,8/2/2019 8:19:17 AM,False,6813,Accepted,
25417491,0568000,LOUISVILLE METRO POLICE DEPT,Accepted,JEFFERSON,US0150T,,MARKET,ST,W,US0150,DR W J HODGE,,,,,38.258432257,-85.785094150,0.078,8/1/2019 12:00:00 AM,1919,2,2,0,0,CLEAR,DRY,False,ANGLE COLLISION - ONE VEHICLE TURNING LEFT,ANGLE,STRAIGHT & LEVEL,DAYLIGHT,,,8/2/2019 8:18:05 AM,False,5118,Accepted,
25417459,0568000,LOUISVILLE METRO POLICE DEPT,Accepted,JEFFERSON,,,GENTLEWIND,WAY,,,GENTLEWIND,,,,,38.125625160,-85.581567251,0.212,8/1/2019 12:00:00 AM,1536,2,2,0,0,CLEAR,DRY,False,ANGLE COLLISION - ONE VEHICLE TURNING LEFT,ANGLE,STRAIGHT & LEVEL,DAYLIGHT,,,8/2/2019 8:16:27 AM,False,4693,Accepted,
25433375,0568000,LOUISVILLE METRO POLICE DEPT,Accepted,JEFFERSON,,,BROOK,ST,S,,MUHAMMAD ALI,,,,,38.250503944,-85.751548408,3.196,8/1/2019 12:00:00 AM,1851,2,2,0,0,CLEAR,DRY,False,ANGLE COLLISION - ONE VEHICLE TURNING LEFT,ANGLE,STRAIGHT & LEVEL,DAYLIGHT,,,8/6/2019 8:35:22 AM,False,2403,Accepted,
25417416,0568000,LOUISVILLE METRO POLICE DEPT,Accepted,JEFFERSON,,,6TH,ST,S,,YORK,,,,,38.244562512,-85.762034756,0.864,8/1/2019 12:00:00 AM,1022,1,1,0,1,CLEAR,DRY,False,COLLISION WITH FIXED OBJECT IN INTERSECTION - FIRST EVENT COLLISION 09 - 32,SINGLE VEHICLE,STRAIGHT & LEVEL,DAYLIGHT,,,8/2/2019 8:14:32 AM,False,7208,Accepted,
25417513,0568000,LOUISVILLE METRO POLICE DEPT,Accepted,JEFFERSON,,,TREVILIAN,WAY,,,VALLEY VISTA,,,,,38.215827713,-85.697807539,1.499,8/1/2019 12:00:00 AM,1730,2,2,0,0,CLEAR,DRY,False,ANGLE COLLISION - OTHER,ANGLE,CURVE & LEVEL,DAYLIGHT,,,8/2/2019 8:19:13 AM,False,7129,Accepted,
25417464,0568000,LOUISVILLE METRO POLICE DEPT,Accepted,JEFFERSON,,,CENTRAL,AVE,,KY1631,CRITTENDEN,,,,,38.202927923,-85.750712406,,8/1/2019 12:00:00 AM,1718,2,2,0,0,CLEAR,DRY,False,ANGLE COLLISION - OTHER,ANGLE,STRAIGHT & LEVEL,DAYLIGHT,,,8/2/2019 8:16:29 AM,False,7965,Accepted,
25417420,0568000,LOUISVILLE METRO POLICE DEPT,Accepted,JEFFERSON,KY1065,,OUTER,LOOP,,,ROBBS,,,,,38.137873622,-85.665243296,7.231,8/1/2019 12:00:00 AM,1434,2,2,0,0,CLEAR,DRY,False,ANGLE COLLISION - OTHER,ANGLE,STRAIGHT & LEVEL,DAYLIGHT,,,8/2/2019 8:14:51 AM,False,6933,Accepted,
25417517,0568000,LOUISVILLE METRO POLICE DEPT,Accepted,JEFFERSON,KY1631,4300,CRITTENDEN,DR,,,SIOUX,,,,,38.192721165,-85.750948054,0.330,8/1/2019 12:00:00 AM,1844,2,2,0,0,CLEAR,DRY,False,ANGLE COLLISION - OTHER,ANGLE,STRAIGHT & LEVEL,DUSK,,,8/2/2019 8:19:23 AM,False,7291,Accepted,
25427907,0568000,LOUISVILLE METRO POLICE DEPT,Accepted,JEFFERSON,,,BROWN AUSTIN,RD,,KY2055,MANSLICK,,,,,38.111768488,-85.766684954,1.177,8/1/2019 12:00:00 AM,1628,2,2,0,1,CLEAR,DRY,False,ANGLE COLLISION - OTHER,ANGLE,STRAIGHT & LEVEL,DAYLIGHT,,,8/5/2019 8:49:21 AM,False,7221,Accepted,
25412847,0568000,LOUISVILLE METRO POLICE DEPT,Accepted,JEFFERSON,,,DIXIE,HWY,,,HILL,,,,,38.228318961,-85.790511029,1.495,8/1/2019 12:00:00 AM,0553,2,2,0,0,CLEAR,DRY,False,ANGLE COLLISION - OTHER,ANGLE,STRAIGHT & LEVEL,DAWN,,,8/1/2019 8:19:17 AM,False,5039,Accepted,
25427824,0568000,LOUISVILLE METRO POLICE DEPT,Accepted,JEFFERSON,US0150,,BROADWAY,,W,KY1020,3RD,,,,,38.245991474,-85.756760075,2.472,8/1/2019 12:00:00 AM,1720,2,2,0,0,CLEAR,DRY,False,ANGLE COLLISION - OTHER,ANGLE,STRAIGHT & GRADE,DAYLIGHT,,,8/5/2019 8:46:22 AM,False,2661,Accepted,
25433459,0568000,LOUISVILLE METRO POLICE DEPT,Accepted,JEFFERSON,KY1727,,TERRY,RD,,,RAGGARD,,,,,38.170908926,-85.867278108,3.473,8/1/2019 12:00:00 AM,1758,2,2,0,3,CLEAR,DRY,False,ANGLE COLLISION - OTHER,ANGLE,STRAIGHT & LEVEL,DAYLIGHT,,,8/6/2019 8:45:37 AM,False,7073,Accepted,
25417407,0568000,LOUISVILLE METRO POLICE DEPT,Accepted,JEFFERSON,,,CECIL,AVE,,,HALE,,,,,38.241445407,-85.821607355,1.287,7/31/2019 12:00:00 AM,1811,2,2,0,0,CLEAR,DRY,False,ANGLE COLLISION - OTHER,ANGLE,STRAIGHT & LEVEL,DAYLIGHT,,,8/2/2019 8:13:51 AM,False,7458,Accepted,
25412845,0568000,LOUISVILLE METRO POLICE DEPT,Accepted,JEFFERSON,,,MCCAWLEY,RD,,,EGYPT,,,,,38.144618562,-85.687194305,0.166,7/31/2019 12:00:00 AM,1309,2,2,0,0,CLEAR,DRY,False,ANGLE COLLISION - OTHER,ANGLE,CURVE & LEVEL,DAYLIGHT,,,8/1/2019 8:19:12 AM,False,4693,Accepted,
25412856,0568000,LOUISVILLE METRO POLICE DEPT,Accepted,JEFFERSON,,,MUHAMMAD ALI,BLVD,E,KY0061,PRESTON,,,,,38.249986123,-85.746829875,0.723,7/31/2019 12:00:00 AM,2043,2,2,0,0,CLEAR,DRY,False,ANGLE COLLISION - OTHER,ANGLE,STRAIGHT & LEVEL,DAYLIGHT,,,8/1/2019 8:19:48 AM,False,5135,Accepted,
25412825,0568000,LOUISVILLE METRO POLICE DEPT,Accepted,JEFFERSON,US0031E,,BARDSTOWN,RD,,,DEL MARIA,,,,,38.170098927,-85.607096990,7.372,7/31/2019 12:00:00 AM,1658,2,2,0,0,CLEAR,DRY,False,ANGLE COLLISION - OTHER,ANGLE,STRAIGHT & LEVEL,DAYLIGHT,,,8/1/2019 8:18:11 AM,False,7739,Accepted,
25412815,0568000,LOUISVILLE METRO POLICE DEPT,Accepted,JEFFERSON,,,BON AIR,AVE,,,HAWTHORNE,,,,,38.221539799,-85.667504199,0.109,7/31/2019 12:00:00 AM,1507,2,2,0,0,CLEAR,DRY,False,ANGLE COLLISION - OTHER,ANGLE,STRAIGHT & LEVEL,DAYLIGHT,,,8/1/2019 8:17:36 AM,False,2278,Accepted,
26437008,0568000,LOUISVILLE METRO POLICE DEPT,Accepted,JEFFERSON,US0150,,BROADWAY,,E,,BROOK,,,,,38.245635574,-85.751916900,2.721,7/31/2019 12:00:00 AM,1304,2,1,0,1,CLEAR,DRY,False,COLLISION WITH PEDESTRIAN IN INTERSECTION,SINGLE VEHICLE,STRAIGHT & LEVEL,DAYLIGHT,,,2/28/2020 8:12:54 AM,False,5254,Accepted,
25417502,0568000,LOUISVILLE METRO POLICE DEPT,Accepted,JEFFERSON,KY0061,,PRESTON,HWY,,,LIPPS,,,,,38.142896382,-85.689148371,4.282,7/31/2019 12:00:00 AM,2210,2,2,0,0,CLEAR,DRY,True,ANGLE COLLISION - ONE VEHICLE TURNING LEFT,ANGLE,STRAIGHT & LEVEL,DARK-HWY LIGHTED/ON,,,8/2/2019 8:18:43 AM,False,6360,Accepted,
25509096,0568000,LOUISVILLE METRO POLICE DEPT,Accepted,JEFFERSON,,,BERNHEIM,LN,,,WALLIE ANN,,,,,38.221127927,-85.789878768,0.185,7/31/2019 12:00:00 AM,1938,2,2,0,0,CLEAR,DRY,True,ANGLE COLLISION - OTHER,ANGLE,STRAIGHT & LEVEL,DAYLIGHT,,,8/20/2019 8:21:33 AM,False,7181,Accepted,
25417490,0568000,LOUISVILLE METRO POLICE DEPT,Accepted,JEFFERSON,KY1747,,HURSTBOURNE,PKWY,,,HAMES,,,,,38.166640905,-85.606445951,7.306,7/31/2019 12:00:00 AM,1852,2,2,0,0,CLEAR,DRY,False,OPPOSING LEFT TURN,OPPOSING LEFT TURN,STRAIGHT & LEVEL,DAYLIGHT,,,8/2/2019 8:18:01 AM,False,7415,Accepted,
25427603,0568000,LOUISVILLE METRO POLICE DEPT,Accepted,JEFFERSON,KY1819,,BILLTOWN,RD,,,MARY DELL,,,,,38.167619475,-85.570293438,7.249,7/31/2019 12:00:00 AM,2033,2,2,0,0,CLEAR,DRY,False,OPPOSING LEFT TURN,OPPOSING LEFT TURN,STRAIGHT & LEVEL,DAYLIGHT,,,8/5/2019 8:34:46 AM,False,7449,Accepted,
25412817,0568000,LOUISVILLE METRO POLICE DEPT,Accepted,JEFFERSON,,,FLOYD,ST,S,,OAK,,,,,38.234248836,-85.751679775,1.491,7/31/2019 12:00:00 AM,1114,2,2,0,0,CLEAR,DRY,False,OPPOSING LEFT TURN,OPPOSING LEFT TURN,STRAIGHT & LEVEL,DAYLIGHT,,,8/1/2019 8:17:44 AM,False,7208,Accepted,
25417409,0568000,LOUISVILLE METRO POLICE DEPT,Accepted,JEFFERSON,US0150,,BROADWAY,,E,KY0061,PRESTON,,,,,38.245296869,-85.747511421,2.961,7/31/2019 12:00:00 AM,1203,2,2,0,0,CLEAR,DRY,False,SIDESWIPE-SAME DIRECTION,SIDESWIPE-SAME DIRECTION,STRAIGHT & LEVEL,DAYLIGHT,,,8/2/2019 8:14:03 AM,False,2403,Accepted,
25412822,0568000,LOUISVILLE METRO POLICE DEPT,Accepted,JEFFERSON,KY1020,,SOUTHSIDE,DR,,,SOUTHLAND,,,,,38.171171233,-85.764705652,6.977,7/31/2019 12:00:00 AM,1139,2,2,0,0,CLEAR,DRY,False,SIDESWIPE-SAME DIRECTION,SIDESWIPE-SAME DIRECTION,STRAIGHT & LEVEL,DAYLIGHT,,,8/1/2019 8:17:59 AM,False,7339,Accepted,
25412754,0568000,LOUISVILLE METRO POLICE DEPT,Accepted,JEFFERSON,I 0265,,I265 N,,,I 0265,I265 N EXIT33 ON RAMP FROM KY1447,,,,,38.300167203,-85.552395576,32.814,7/31/2019 12:00:00 AM,0818,2,2,0,0,CLEAR,DRY,False,SIDESWIPE-SAME DIRECTION,SIDESWIPE-SAME DIRECTION,STRAIGHT & LEVEL,DAYLIGHT,,,8/1/2019 8:14:56 AM,True,2000,Accepted,
25412753,0568000,LOUISVILLE METRO POLICE DEPT,Accepted,JEFFERSON,KY1747,,HURSTBOURNE,PKWY,S,,BUNSEN,,,,,38.219389295,-85.583407403,11.513,7/31/2019 12:00:00 AM,0821,3,3,0,0,CLEAR,DRY,False,SIDESWIPE-SAME DIRECTION,SIDESWIPE-SAME DIRECTION,STRAIGHT & LEVEL,DAYLIGHT,,,8/1/2019 8:14:53 AM,False,5159,Accepted,
25417418,0568000,LOUISVILLE METRO POLICE DEPT,Accepted,JEFFERSON,,,GLEN OAK,DR,,,BRADFORD,,,,,38.199558123,-85.645868372,0.451,7/31/2019 12:00:00 AM,1550,2,2,0,0,CLEAR,DRY,False,VEHICLE BACKING IN INTERSECTION,BACKING,STRAIGHT & LEVEL,DAYLIGHT,,,8/2/2019 8:14:41 AM,False,7482,Accepted,
25412858,0568000,LOUISVILLE METRO POLICE DEPT,Accepted,JEFFERSON,,431,PARK,RD,S,,,,,,,38.095732652,-85.727168433,5.053,7/31/2019 12:00:00 AM,0825,1,1,0,0,CLOUDY,DRY,False,COLLISION WITH FIXED OBJECT NON - INTERSECTION - FIRST EVENT COLLISION 09 - 32 EXCLUDING 16,SINGLE VEHICLE,STRAIGHT & LEVEL,DAYLIGHT,,,8/1/2019 8:19:56 AM,False,7221,Accepted,
25412807,0568000,LOUISVILLE METRO POLICE DEPT,Accepted,JEFFERSON,,,FACTORY,LN,,,,,COLONIAL SPRINGS,,TERRACE SPRINGS,38.287154747,-85.503487098,0.513,7/31/2019 12:00:00 AM,1740,1,1,0,0,CLEAR,DRY,False,COLLISION WITH FIXED OBJECT NON - INTERSECTION - FIRST EVENT COLLISION 09 - 32 EXCLUDING 16,SINGLE VEHICLE,STRAIGHT & LEVEL,DAYLIGHT,,,8/1/2019 8:17:09 AM,False,6334,Accepted,