IncidentID,AgencyORI,AgencyName,IncidentStatusDesc,County,RdwyNumber,Street,RoadwayName,StreetSfx,StreetDir,IntersectionRdwy,IntersectionRdwyName,BetweenStRdwy1,BetweenStRdwyName1,BetweenStRdwy2,BetweenStRdwyName2,Latitude,Longitude,Milepoint,CollisionDate,CollisionTime,UnitsInvolved,MotorVehiclesInvolved,NumberKilled,NumberInjured,Weather,RdwyConditionCode,HitandRun,DirAnalysisCode,MannerofCollision,RdwyCharacter,LightCondition,RampFromRdwyId,RampToRdwyId,AcceptedDate,IsSecondaryCollision,OwnerBadge,IncidentStatus,
25412818,0568000,LOUISVILLE METRO POLICE DEPT,Accepted,JEFFERSON,,,BARRET,AVE,,,,,BRECKINRIDGE,,CHRISTY,38.240264842,-85.731182514,0.643,7/31/2019 12:00:00 AM,0946,1,1,0,0,CLEAR,DRY,False,COLLISION WITH FIXED OBJECT NON - INTERSECTION - FIRST EVENT COLLISION 09 - 32 EXCLUDING 16,SINGLE VEHICLE,STRAIGHT & LEVEL,DAYLIGHT,,,8/1/2019 8:17:47 AM,False,7129,Accepted,
25412771,0568000,LOUISVILLE METRO POLICE DEPT,Accepted,JEFFERSON,,,BALDWIN,ST,,,,,,,,38.234543615,-85.784041713,0.052,7/31/2019 12:00:00 AM,1031,1,1,0,0,CLOUDY,DRY,False,COLLISION WITH FIXED OBJECT NON - INTERSECTION - FIRST EVENT COLLISION 09 - 32 EXCLUDING 16,SINGLE VEHICLE,STRAIGHT & LEVEL,DAYLIGHT,,,8/1/2019 8:16:16 AM,False,5140,Accepted,
25412851,0568000,LOUISVILLE METRO POLICE DEPT,Accepted,JEFFERSON,KY1065,,SEATONVILLE,RD,,,,,,,,38.150239467,-85.585815559,11.939,7/31/2019 12:00:00 AM,1613,1,1,0,0,CLEAR,DRY,False,COLLISION WITH FIXED OBJECT NON - INTERSECTION - FIRST EVENT COLLISION 09 - 32 EXCLUDING 16,SINGLE VEHICLE,STRAIGHT & LEVEL,DAYLIGHT,,,8/1/2019 8:19:31 AM,False,4693,Accepted,
25412761,0568000,LOUISVILLE METRO POLICE DEPT,Accepted,JEFFERSON,I 0065,,I65 N COLLECTOR DISTRIBUTOR,,,I 0064,I64 E RAMP FROM I65 N,,,,,38.254715337,-85.742193322,0.356,7/31/2019 12:00:00 AM,1155,2,2,0,0,CLOUDY,DRY,False,OTHER INTERSECTION COLLISIONS,REAR END,STRAIGHT & GRADE,DAYLIGHT,,,8/1/2019 8:15:52 AM,False,2000,Accepted,
25417466,0568000,LOUISVILLE METRO POLICE DEPT,Accepted,JEFFERSON,KY1447,,WESTPORT,RD,,KY1747,HURSTBOURNE,,,,,38.287885986,-85.571569679,5.279,7/31/2019 12:00:00 AM,1711,2,2,0,0,CLEAR,DRY,False,OTHER INTERSECTION COLLISIONS,REAR END,STRAIGHT & LEVEL,DAYLIGHT,,,8/2/2019 8:16:36 AM,False,6830,Accepted,
25438874,0568000,LOUISVILLE METRO POLICE DEPT,Accepted,JEFFERSON,I 0264,,I264 E,,,I 0264,I264 E EXIT10 OFF RAMP TO KY1020,,,,,38.189511336,-85.772233719,9.749,7/31/2019 12:00:00 AM,1658,2,2,0,0,CLEAR,DRY,False,OTHER INTERSECTION COLLISIONS,REAR END,STRAIGHT & LEVEL,DAYLIGHT,,,8/7/2019 8:25:52 AM,False,7183,Accepted,
25412797,0568000,LOUISVILLE METRO POLICE DEPT,Accepted,JEFFERSON,,,PHILLIPS,LN,,,EMBERSON,,,,,38.192014649,-85.742016561,0.587,7/31/2019 12:00:00 AM,1305,3,3,0,0,CLEAR,DRY,False,OTHER INTERSECTION COLLISIONS,REAR END,STRAIGHT & LEVEL,DAYLIGHT,,,8/1/2019 8:16:34 AM,False,5230,Accepted,
25412812,0568000,LOUISVILLE METRO POLICE DEPT,Accepted,JEFFERSON,KY0061,,PRESTON,HWY,,,ORCHARD,,,,,38.176285544,-85.714471236,7.022,7/31/2019 12:00:00 AM,1712,2,2,0,0,CLEAR,DRY,False,OTHER INTERSECTION COLLISIONS,REAR END,STRAIGHT & LEVEL,DAYLIGHT,,,8/1/2019 8:17:25 AM,False,7319,Accepted,
25412819,0568000,LOUISVILLE METRO POLICE DEPT,Accepted,JEFFERSON,KY1447,,WESTPORT,RD,,,FREYS HILL,,,,,38.293745959,-85.559217170,6.029,7/31/2019 12:00:00 AM,1630,2,2,0,0,CLOUDY,DRY,False,OTHER INTERSECTION COLLISIONS,REAR END,STRAIGHT & GRADE,DAYLIGHT,,,8/1/2019 8:17:49 AM,False,6456,Accepted,
25412849,0568000,LOUISVILLE METRO POLICE DEPT,Accepted,JEFFERSON,,,DUMESNIL,ST,,,26TH,,,,,38.236436467,-85.796594459,1.291,7/31/2019 12:00:00 AM,2131,3,3,0,0,CLEAR,DRY,True,OTHER INTERSECTION COLLISIONS,REAR END,STRAIGHT & LEVEL,DARK-HWY LIGHTED/ON,,,8/1/2019 8:19:24 AM,False,5132,Accepted,
25417413,0568000,LOUISVILLE METRO POLICE DEPT,Accepted,JEFFERSON,,,18TH,ST,S,,ESQUIRE,,,,,38.249695383,-85.781438515,0.612,7/31/2019 12:00:00 AM,1752,2,2,0,0,CLEAR,DRY,False,OTHER INTERSECTION COLLISIONS,REAR END,STRAIGHT & LEVEL,DAYLIGHT,,,8/2/2019 8:14:21 AM,False,7361,Accepted,
25412758,0568000,LOUISVILLE METRO POLICE DEPT,Accepted,JEFFERSON,KY1631,,CRITTENDEN,DR,,,PHILLIPS,,,,,38.192262424,-85.750900602,0.301,7/31/2019 12:00:00 AM,0826,3,3,0,0,CLOUDY,DRY,False,OTHER INTERSECTION COLLISIONS,REAR END,STRAIGHT & LEVEL,DAYLIGHT,,,8/1/2019 8:15:28 AM,False,5230,Accepted,
25412809,0568000,LOUISVILLE METRO POLICE DEPT,Accepted,JEFFERSON,US0150,,BROADWAY,,W,,13TH,,,,,38.247833980,-85.773298634,1.566,7/31/2019 12:00:00 AM,1105,2,2,0,2,CLEAR,DRY,False,OTHER INTERSECTION COLLISIONS,REAR END,STRAIGHT & LEVEL,DAYLIGHT,,,8/1/2019 8:17:16 AM,False,5168,Accepted,
25412806,0568000,LOUISVILLE METRO POLICE DEPT,Accepted,JEFFERSON,KY0061,,PRESTON,HWY,,,PHILLIPS,,,,,38.197632753,-85.731607589,8.767,7/31/2019 12:00:00 AM,1651,2,2,0,0,CLEAR,DRY,False,OTHER INTERSECTION COLLISIONS,REAR END,STRAIGHT & LEVEL,DAYLIGHT,,,8/1/2019 8:17:06 AM,False,2532,Accepted,
25412808,0568000,LOUISVILLE METRO POLICE DEPT,Accepted,JEFFERSON,,,CHURCHMAN,AVE,,,HAZELWOOD,,,,,38.175438398,-85.792502199,0.001,7/31/2019 12:00:00 AM,1648,2,2,0,0,CLOUDY,DRY,False,OTHER INTERSECTION COLLISIONS,REAR END,STRAIGHT & LEVEL,DAYLIGHT,,,8/1/2019 8:17:13 AM,False,7204,Accepted,
25412831,0568000,LOUISVILLE METRO POLICE DEPT,Accepted,JEFFERSON,US0031W,,DIXIE,HWY,,,BONNYVILLE,,,,,38.167163937,-85.829319090,13.180,7/31/2019 12:00:00 AM,0750,2,2,0,0,CLEAR,DRY,False,OTHER INTERSECTION COLLISIONS,REAR END,STRAIGHT & LEVEL,DAYLIGHT,,,8/1/2019 8:18:33 AM,False,7267,Accepted,
25407830,0568000,LOUISVILLE METRO POLICE DEPT,Accepted,JEFFERSON,US0031E,3304,BARDSTOWN,RD,,,,,,,,38.207128746,-85.668032300,11.680,7/31/2019 12:00:00 AM,0606,2,1,0,1,CLEAR,DRY,False,COLLISION WITH PEDESTRIAN NON - INTERSECTION,SINGLE VEHICLE,STRAIGHT & LEVEL,DARK-HWY NOT LIGHTED,,,7/31/2019 8:20:38 AM,False,5019,Accepted,
25417430,0568000,LOUISVILLE METRO POLICE DEPT,Accepted,JEFFERSON,,,FRANKLIN,ST,,,,,,,,38.256472635,-85.738879450,0.090,7/31/2019 12:00:00 AM,1536,2,2,0,0,CLEAR,DRY,False,REAR END IN TRAFFIC LANES BOTH VEHICLES MOVING,REAR END,STRAIGHT & LEVEL,DAYLIGHT,,,8/2/2019 8:15:42 AM,False,5254,Accepted,
25417406,0568000,LOUISVILLE METRO POLICE DEPT,Accepted,JEFFERSON,,,JEFFERSON,ST,E,,,,1ST,,1ST,38.253250090,-85.751373599,1.013,7/31/2019 12:00:00 AM,0830,3,3,0,0,CLEAR,DRY,False,REAR END IN TRAFFIC LANES BOTH VEHICLES MOVING,REAR END,STRAIGHT & LEVEL,DAYLIGHT,,,8/2/2019 8:13:48 AM,False,2403,Accepted,
25412813,0568000,LOUISVILLE METRO POLICE DEPT,Accepted,JEFFERSON,I 0264,,I264 E,,,,,,,,,38.189956159,-85.750983393,10.909,7/31/2019 12:00:00 AM,1625,2,2,0,0,CLEAR,DRY,False,REAR END IN TRAFFIC LANES BOTH VEHICLES MOVING,REAR END,STRAIGHT & LEVEL,DAYLIGHT,,,8/1/2019 8:17:29 AM,False,7243,Accepted,
25412827,0568000,LOUISVILLE METRO POLICE DEPT,Accepted,JEFFERSON,I 0064,,I64 E,,,,,,,,,38.222825909,-85.511065088,18.707,7/31/2019 12:00:00 AM,1604,2,2,0,0,CLEAR,DRY,False,REAR END IN TRAFFIC LANES BOTH VEHICLES MOVING,REAR END,STRAIGHT & GRADE,DAYLIGHT,,,8/1/2019 8:18:19 AM,False,7802,Accepted,
25417484,0568000,LOUISVILLE METRO POLICE DEPT,Accepted,JEFFERSON,I 0065,,I65 S,,,,,,,,,38.105215612,-85.701286722,124.483,7/31/2019 12:00:00 AM,1740,2,2,0,0,CLEAR,DRY,False,REAR END IN TRAFFIC LANES BOTH VEHICLES MOVING,REAR END,STRAIGHT & LEVEL,DAYLIGHT,,,8/2/2019 8:17:40 AM,False,4693,Accepted,
25433400,0568000,LOUISVILLE METRO POLICE DEPT,Accepted,JEFFERSON,,,SHELBY,ST,S,,,,ORMSBY,KY0864,GOSS,38.230691776,-85.741946413,0.008,7/31/2019 12:00:00 AM,2246,2,2,0,0,CLEAR,DRY,False,REAR END IN TRAFFIC LANES BOTH VEHICLES MOVING,REAR END,STRAIGHT & LEVEL,DARK-HWY LIGHTED/ON,,,8/6/2019 8:37:01 AM,False,7527,Accepted,
25412746,0568000,LOUISVILLE METRO POLICE DEPT,Accepted,JEFFERSON,I 0265,,I265 N,,,,,,,,,38.311548778,-85.575711172,34.313,7/31/2019 12:00:00 AM,0803,3,3,0,1,CLEAR,DRY,False,REAR END IN TRAFFIC LANES BOTH VEHICLES MOVING,REAR END,STRAIGHT & GRADE,DAYLIGHT,,,8/1/2019 8:14:28 AM,False,6886,Accepted,
25412804,0568000,LOUISVILLE METRO POLICE DEPT,Accepted,JEFFERSON,I 0065,,I65 S,,,,,I 0065,I65 S EXIT134 ON RAMP FROM  MAGNOLIA AVE,I 0065,I65 S EXIT134 OFF RAMP TO  ARTHUR ST,38.226032672,-85.751595947,133.869,7/31/2019 12:00:00 AM,1645,2,2,0,0,CLEAR,DRY,False,REAR END IN TRAFFIC LANES BOTH VEHICLES MOVING,REAR END,STRAIGHT & LEVEL,DAYLIGHT,,,8/1/2019 8:16:58 AM,False,7418,Accepted,
25412811,0568000,LOUISVILLE METRO POLICE DEPT,Accepted,JEFFERSON,I 0264,,I264 E,,,,,,,,,38.224726164,-85.643623842,17.444,7/31/2019 12:00:00 AM,1703,2,2,0,0,CLEAR,DRY,False,REAR END IN TRAFFIC LANES BOTH VEHICLES MOVING,REAR END,STRAIGHT & LEVEL,DAYLIGHT,,,8/1/2019 8:17:22 AM,False,2278,Accepted,
25412821,0568000,LOUISVILLE METRO POLICE DEPT,Accepted,JEFFERSON,,,SINCLAIR,ST,,,,,DRUMMOND,,ROSSHIRE,38.120545043,-85.755242270,0.394,7/31/2019 12:00:00 AM,1837,2,2,0,0,CLEAR,DRY,False,1 VEHICLE PARKED POSITION (NOT PARKING LOT/DRIVEWAY),BACKING,STRAIGHT & LEVEL,DAYLIGHT,,,8/1/2019 8:17:55 AM,False,7202,Accepted,
25412838,0568000,LOUISVILLE METRO POLICE DEPT,Accepted,JEFFERSON,,2717,RODMAN,ST,,,,,,,,38.210284616,-85.769729115,0.288,7/31/2019 12:00:00 AM,2302,3,3,0,0,CLEAR,DRY,False,1 VEHICLE PARKED POSITION (NOT PARKING LOT/DRIVEWAY),HEAD ON,STRAIGHT & LEVEL,DUSK,,,8/1/2019 8:18:52 AM,False,7291,Accepted,
25412854,0568000,LOUISVILLE METRO POLICE DEPT,Accepted,JEFFERSON,,1243,TEXAS,AVE,,,,,,,,38.226669803,-85.732567596,0.913,7/31/2019 12:00:00 AM,2240,2,2,0,0,CLEAR,DRY,True,1 VEHICLE PARKED POSITION (NOT PARKING LOT/DRIVEWAY),SIDESWIPE-SAME DIRECTION,STRAIGHT & LEVEL,DARK (UNKNOWN ROADWAY LIGHTING),,,8/1/2019 8:19:43 AM,False,5050,Accepted,
25412840,0568000,LOUISVILLE METRO POLICE DEPT,Accepted,JEFFERSON,,526,COLORADO,AVE,,,,,,,,38.214473853,-85.766130531,0.049,7/31/2019 12:00:00 AM,1839,2,2,0,0,CLEAR,DRY,True,1 VEHICLE PARKED POSITION (NOT PARKING LOT/DRIVEWAY),BACKING,STRAIGHT & LEVEL,DUSK,,,8/1/2019 8:18:58 AM,False,7291,Accepted,
25412859,0568000,LOUISVILLE METRO POLICE DEPT,Accepted,JEFFERSON,,,CAMPBELL,ST,S,,,,BILLY GOAT STRUT,US0031E,MAIN,38.254351976,-85.735768454,0.580,7/31/2019 12:00:00 AM,2005,3,3,0,1,CLEAR,DRY,False,1 VEHICLE PARKED POSITION (NOT PARKING LOT/DRIVEWAY),SIDESWIPE-SAME DIRECTION,STRAIGHT & LEVEL,DAYLIGHT,,,8/1/2019 8:20:00 AM,False,7316,Accepted,
25412757,0568000,LOUISVILLE METRO POLICE DEPT,Accepted,JEFFERSON,,,KAUFMAN FARM,DR,,,,,,,,38.110045175,-85.573828644,0.001,7/31/2019 12:00:00 AM,1328,2,2,0,0,CLEAR,DRY,False,1 VEHICLE PARKED POSITION (NOT PARKING LOT/DRIVEWAY),BACKING,CURVE & GRADE,DAYLIGHT,,,8/1/2019 8:15:14 AM,False,2017,Accepted,
25412826,0568000,LOUISVILLE METRO POLICE DEPT,Accepted,JEFFERSON,,,CAMDEN,AVE,,,WOODRUFF,,,,,38.192675865,-85.784086983,0.858,7/31/2019 12:00:00 AM,1355,2,2,0,0,CLEAR,DRY,True,HEAD-ON COLLISION,HEAD ON,STRAIGHT & LEVEL,DAYLIGHT,,,8/1/2019 8:18:15 AM,False,7402,Accepted,
25412823,0568000,LOUISVILLE METRO POLICE DEPT,Accepted,JEFFERSON,KY0907,5500B,VALLEY STATION,RD,,,,,,,,38.107277840,-85.865634320,0.064,7/31/2019 12:00:00 AM,0744,2,2,0,0,CLEAR,DRY,True,HEAD-ON COLLISION,HEAD ON,STRAIGHT & LEVEL,DAWN,,,8/1/2019 8:18:04 AM,False,7144,Accepted,
25412759,0568000,LOUISVILLE METRO POLICE DEPT,Accepted,JEFFERSON,,,PHEASANT,AVE,,,,,BROWN AUSTIN,,SPARROW,38.113171440,-85.765126450,0.024,7/31/2019 12:00:00 AM,0737,2,2,0,0,CLEAR,DRY,False,HEAD-ON COLLISION,HEAD ON,CURVE & GRADE,DAYLIGHT,,,8/1/2019 8:15:41 AM,False,7202,Accepted,
25412828,0568000,LOUISVILLE METRO POLICE DEPT,Accepted,JEFFERSON,US0031E,,BARDSTOWN,RD,,,WIMSATT,,,,,38.160488481,-85.592559054,6.332,7/31/2019 12:00:00 AM,1831,2,2,0,2,CLEAR,DRY,False,HEAD-ON COLLISION,HEAD ON,CURVE & GRADE,DAYLIGHT,,,8/1/2019 8:18:22 AM,False,6494,Accepted,
25412832,0568000,LOUISVILLE METRO POLICE DEPT,Accepted,JEFFERSON,US0031E,,BARDSTOWN,RD,,,,,EDENSIDE,US0060A,EASTERN,38.232002927,-85.709336662,14.627,7/31/2019 12:00:00 AM,1717,2,2,0,0,CLEAR,DRY,False,SIDESWIPE COLLISION - SAME DIRECTION,SIDESWIPE-SAME DIRECTION,STRAIGHT & LEVEL,DAYLIGHT,,,8/1/2019 8:18:36 AM,False,7129,Accepted,
25412830,0568000,LOUISVILLE METRO POLICE DEPT,Accepted,JEFFERSON,I 0071,,I71 N,,,,,,,,,38.285879788,-85.679553975,3.092,7/31/2019 12:00:00 AM,1459,2,2,0,0,CLEAR,DRY,False,SIDESWIPE COLLISION - SAME DIRECTION,SIDESWIPE-SAME DIRECTION,STRAIGHT & LEVEL,DAYLIGHT,,,8/1/2019 8:18:30 AM,False,2217,Accepted,
25412855,0568000,LOUISVILLE METRO POLICE DEPT,Accepted,JEFFERSON,KY1932,,BRECKENRIDGE,LN,,,,,,,,38.219619560,-85.629938023,2.815,7/31/2019 12:00:00 AM,1432,2,2,0,0,CLEAR,DRY,False,SIDESWIPE COLLISION - SAME DIRECTION,SIDESWIPE-SAME DIRECTION,STRAIGHT & LEVEL,DAYLIGHT,,,8/1/2019 8:19:45 AM,False,5159,Accepted,
25407773,0568000,LOUISVILLE METRO POLICE DEPT,Accepted,JEFFERSON,I 0064,,I64 E,,,,,,,,,38.272999652,-85.785530798,2.446,7/31/2019 12:00:00 AM,2004,2,2,0,0,CLEAR,DRY,False,SIDESWIPE COLLISION - SAME DIRECTION,SIDESWIPE-SAME DIRECTION,STRAIGHT & LEVEL,DAYLIGHT,,,7/31/2019 8:15:23 AM,False,7173,Accepted,
25429834,0568000,LOUISVILLE METRO POLICE DEPT,Accepted,JEFFERSON,US0060,,SHELBYVILLE,RD,,,,,,,,38.249663500,-85.615216488,5.760,7/31/2019 12:00:00 AM,1317,2,2,0,0,CLEAR,DRY,False,SIDESWIPE COLLISION - SAME DIRECTION,SIDESWIPE-SAME DIRECTION,CURVE & LEVEL,DAYLIGHT,,,8/5/2019 1:42:27 PM,False,7858,Accepted,
25412834,0568000,LOUISVILLE METRO POLICE DEPT,Accepted,JEFFERSON,,3215,KEMMONS,DR,,,,,,,,38.203291661,-85.680354828,0.047,7/31/2019 12:00:00 AM,2226,2,2,0,0,CLEAR,DRY,False,SIDESWIPE COLLISION - OPPOSITE DIRECTION,SIDESWIPE-OPPOSITE DIRECTION,STRAIGHT & LEVEL,DARK-HWY LIGHTED/ON,,,8/1/2019 8:18:41 AM,False,7448,Accepted,
25407832,0568000,LOUISVILLE METRO POLICE DEPT,Accepted,JEFFERSON,I 0064,,I64 E,,,,,,,,,38.258784403,-85.748627740,5.002,7/31/2019 12:00:00 AM,0051,2,2,0,0,CLEAR,DRY,False,SIDESWIPE COLLISION - OPPOSITE DIRECTION,SIDESWIPE-OPPOSITE DIRECTION,STRAIGHT & LEVEL,DARK-HWY LIGHTED/ON,,,7/31/2019 8:20:53 AM,False,5025,Accepted,
25429828,0568000,LOUISVILLE METRO POLICE DEPT,Accepted,JEFFERSON,I 0064,,I64 W,,,,,,,,,38.234597867,-85.613122409,12.857,7/31/2019 12:00:00 AM,1202,3,3,0,1,CLEAR,DRY,False,OTHER ROADWAY OR MID-BLOCK COLLISION,REAR END,STRAIGHT & LEVEL,DAYLIGHT,,,8/5/2019 1:41:59 PM,False,7858,Accepted,
25412824,0568000,LOUISVILLE METRO POLICE DEPT,Accepted,JEFFERSON,,,BANK,ST,,,,,,,,38.272039166,-85.809902322,0.457,7/31/2019 12:00:00 AM,1520,2,2,0,0,CLEAR,DRY,False,1 VEHICLE ENTERING/LEAVING ENTRANCE,ANGLE,STRAIGHT & LEVEL,DAYLIGHT,,,8/1/2019 8:18:07 AM,False,7988,Accepted,
25412857,0568000,LOUISVILLE METRO POLICE DEPT,Accepted,JEFFERSON,US0150,,BROADWAY,,W,,,,17TH,,18TH,38.248779718,-85.780749126,1.143,7/31/2019 12:00:00 AM,2033,2,2,0,1,CLEAR,DRY,False,1 VEHICLE ENTERING/LEAVING ENTRANCE,ANGLE,STRAIGHT & LEVEL,DUSK,,,8/1/2019 8:19:51 AM,False,7823,Accepted,
25412833,0568000,LOUISVILLE METRO POLICE DEPT,Accepted,JEFFERSON,KY1020,,NATIONAL,TPKE,,,,,,,,38.122278817,-85.748399640,3.364,7/31/2019 12:00:00 AM,1538,2,2,0,0,CLEAR,DRY,False,1 VEHICLE ENTERING/LEAVING ENTRANCE,ANGLE,STRAIGHT & LEVEL,DAYLIGHT,,,8/1/2019 8:18:38 AM,False,7234,Accepted,
25412852,0568000,LOUISVILLE METRO POLICE DEPT,Accepted,JEFFERSON,KY0907,8201,3RD ST,RD,,,,,,,,38.124216323,-85.797913613,4.367,7/31/2019 12:00:00 AM,2000,2,2,0,0,CLEAR,DRY,False,1 VEHICLE ENTERING/LEAVING ENTRANCE,ANGLE,CURVE & LEVEL,DAYLIGHT,,,8/1/2019 8:19:34 AM,False,5209,Accepted,
25412799,0568000,LOUISVILLE METRO POLICE DEPT,Accepted,JEFFERSON,,,SMYRNA,PKWY,,,,KY2845,MANSLICK,,SASKATCHEWAN,38.123190468,-85.643115974,1.020,7/31/2019 12:00:00 AM,0744,2,2,0,0,CLEAR,DRY,False,1 VEHICLE ENTERING/LEAVING ENTRANCE,ANGLE,STRAIGHT & LEVEL,DAYLIGHT,,,8/1/2019 8:16:45 AM,False,2017,Accepted,
25407814,0568000,LOUISVILLE METRO POLICE DEPT,Accepted,JEFFERSON,,,CHAMBERLAIN,LN,,,,,WINCHESTER ACRES,I 0265,I265 S EXIT33 OFF RAMP TO  CHAMBERLAIN LN,38.288758626,-85.531524246,1.141,7/31/2019 12:00:00 AM,0559,2,2,0,0,CLEAR,DRY,True,1 VEHICLE ENTERING/LEAVING ENTRANCE,ANGLE,CURVE & LEVEL,DAWN,,,7/31/2019 8:17:10 AM,False,7159,Accepted,
25412764,0568000,LOUISVILLE METRO POLICE DEPT,Accepted,JEFFERSON,KY1931,,GREENWOOD,RD,,,,US0031W,DIXIE,,GREENWOOD MANOR,38.143539682,-85.840987189,3.068,7/31/2019 12:00:00 AM,1441,2,2,0,0,CLEAR,DRY,True,1 VEHICLE ENTERING/LEAVING ENTRANCE,ANGLE,STRAIGHT & LEVEL,DAYLIGHT,,,8/1/2019 8:16:06 AM,False,7073,Accepted,
25429833,0568000,LOUISVILLE METRO POLICE DEPT,Accepted,JEFFERSON,US0060,,SHELBYVILLE,RD,,,,,,,,38.246792993,-85.581575684,7.606,7/31/2019 12:00:00 AM,0709,2,2,0,0,CLOUDY,DRY,False,1 VEHICLE ENTERING/LEAVING ENTRANCE,ANGLE,STRAIGHT & LEVEL,DAYLIGHT,,,8/5/2019 1:42:24 PM,False,7858,Accepted,
25412543,0561500,UNIV. OF LOUISVILLE POLICE,Accepted,JEFFERSON,,2800,FLOYD,ST,S,,,,,,,38.199906351,-85.757219683,3.853,7/31/2019 12:00:00 AM,1100,2,2,0,0,CLEAR,DRY,True,COLLISION IN PARKING LOT,ANGLE,STRAIGHT & LEVEL,DAYLIGHT,,,8/1/2019 7:44:00 AM,False,5654,Accepted,
25412791,0568000,LOUISVILLE METRO POLICE DEPT,Accepted,JEFFERSON,,,1ST,ST,S,US0031E,MARKET,,,,,38.254201029,-85.752363915,0.137,7/31/2019 12:00:00 AM,1154,2,2,0,0,CLOUDY,DRY,True,COLLISION IN PARKING LOT,SIDESWIPE-SAME DIRECTION,STRAIGHT & LEVEL,DAYLIGHT,,,8/1/2019 8:16:31 AM,False,5254,Accepted,
25412747,0568000,LOUISVILLE METRO POLICE DEPT,Accepted,JEFFERSON,I 0064,,,,,,,,,,,38.257928691,-85.723678200,0.149,7/31/2019 12:00:00 AM,0737,2,2,0,0,CLEAR,DRY,False,OTHER RAMP RELATED COLLISIONS NOT LISTED ABOVE,REAR END,CURVE & GRADE,DAYLIGHT,I 0064,STORY AVE,8/1/2019 8:14:32 AM,False,5254,Accepted,
25412760,0568000,LOUISVILLE METRO POLICE DEPT,Accepted,JEFFERSON,I 0064,,,,,,,,,,,38.233441409,-85.626522124,0.070,7/31/2019 12:00:00 AM,0943,2,2,0,0,CLOUDY,DRY,False,OTHER RAMP RELATED COLLISIONS NOT LISTED ABOVE,SIDESWIPE-SAME DIRECTION,STRAIGHT & LEVEL,DAYLIGHT,I 0064,I 0064,8/1/2019 8:15:46 AM,False,5228,Accepted,
25412801,0568000,LOUISVILLE METRO POLICE DEPT,Accepted,JEFFERSON,US0060,,SHELBYVILLE,RD,,,,,ARTERBURN,,CHRISTIAN,38.249143449,-85.609867366,6.051,7/31/2019 12:00:00 AM,1805,3,3,0,0,CLEAR,DRY,False,OTHER ROADWAY OR MID-BLOCK COLLISION,REAR END,STRAIGHT & LEVEL,DAYLIGHT,,,8/1/2019 8:16:49 AM,False,6406,Accepted,
25412810,0568000,LOUISVILLE METRO POLICE DEPT,Accepted,JEFFERSON,,4710,ROBARDS,LN,,,,,,,,38.191653826,-85.692686476,0.213,7/31/2019 12:00:00 AM,0230,1,1,0,0,CLEAR,DRY,True,OTHER ROADWAY OR MID-BLOCK COLLISION,SINGLE VEHICLE,STRAIGHT & LEVEL,DAYLIGHT,,,8/1/2019 8:17:20 AM,False,5027,Accepted,
25412767,0568000,LOUISVILLE METRO POLICE DEPT,Accepted,JEFFERSON,,,CHESTNUT,ST,W,,,KY1020,2ND,KY1020,3RD,38.248589410,-85.754857577,2.530,7/31/2019 12:00:00 AM,1250,2,2,0,0,CLEAR,DRY,False,OTHER ROADWAY OR MID-BLOCK COLLISION,REAR END,STRAIGHT & LEVEL,DAYLIGHT,,,8/1/2019 8:16:10 AM,False,2406,Accepted,
25412820,0568000,LOUISVILLE METRO POLICE DEPT,Accepted,JEFFERSON,KY0061,2210,SHELBY,ST,S,,,,TEXAS,,KESWICK,38.217583077,-85.743917272,10.303,7/31/2019 12:00:00 AM,1450,2,2,0,0,CLEAR,DRY,False,OTHER ROADWAY OR MID-BLOCK COLLISION,REAR END,STRAIGHT & LEVEL,DAYLIGHT,,,8/1/2019 8:17:53 AM,False,7418,Accepted,
25429832,0568000,LOUISVILLE METRO POLICE DEPT,Accepted,JEFFERSON,I 0265,,I265 N,,,,,,,,,38.229334771,-85.504870790,25.937,7/31/2019 12:00:00 AM,1553,2,2,0,0,CLEAR,DRY,False,OTHER ROADWAY OR MID-BLOCK COLLISION,REAR END,STRAIGHT & LEVEL,DAYLIGHT,,,8/5/2019 1:42:19 PM,False,7858,Accepted,
25407775,0568000,LOUISVILLE METRO POLICE DEPT,Accepted,JEFFERSON,I 0264,,I264 W,,,,,,,,,38.269025960,-85.808046726,0.582,7/31/2019 12:00:00 AM,0125,1,1,0,3,CLOUDY,DRY,False,OTHER ROADWAY OR MID-BLOCK COLLISION,SINGLE VEHICLE,STRAIGHT & LEVEL,DARK-HWY LIGHTED/ON,,,7/31/2019 8:15:40 AM,False,7349,Accepted,
25407772,0568000,LOUISVILLE METRO POLICE DEPT,Accepted,JEFFERSON,I 0065,,I65 S,,,,,I 0065,I65 S EXIT135 ON RAMP FROM  E OAK ST,I 0065,I65 S EXIT134 ON RAMP FROM  MAGNOLIA AVE,38.232070658,-85.750903283,134.288,7/30/2019 12:00:00 AM,0035,1,1,0,0,RAINING,WATER (STANDING OR MOVING),False,OTHER ROADWAY OR MID-BLOCK COLLISION,SINGLE VEHICLE,CURVE & LEVEL,DARK-HWY LIGHTED/OFF,,,7/31/2019 8:15:14 AM,False,5131,Accepted,
25407732,0568000,LOUISVILLE METRO POLICE DEPT,Accepted,JEFFERSON,KY1065,,OUTER,LOOP,,,,,ROCHELLE,,VAUGHN MILL,38.137401974,-85.630665389,9.129,7/30/2019 12:00:00 AM,1739,2,2,0,0,CLEAR,DRY,False,OTHER ROADWAY OR MID-BLOCK COLLISION,REAR END,STRAIGHT & LEVEL,DAYLIGHT,,,7/31/2019 8:13:16 AM,False,6937,Accepted,