IncidentID,AgencyORI,AgencyName,IncidentStatusDesc,County,RdwyNumber,Street,RoadwayName,StreetSfx,StreetDir,IntersectionRdwy,IntersectionRdwyName,BetweenStRdwy1,BetweenStRdwyName1,BetweenStRdwy2,BetweenStRdwyName2,Latitude,Longitude,Milepoint,CollisionDate,CollisionTime,UnitsInvolved,MotorVehiclesInvolved,NumberKilled,NumberInjured,Weather,RdwyConditionCode,HitandRun,DirAnalysisCode,MannerofCollision,RdwyCharacter,LightCondition,RampFromRdwyId,RampToRdwyId,AcceptedDate,IsSecondaryCollision,OwnerBadge,IncidentStatus,
25407750,0568000,LOUISVILLE METRO POLICE DEPT,Accepted,JEFFERSON,I 0265,,,,,,,I 0265,I265 S,KY0022,BROWNSBORO,38.309489396,-85.573447840,0.183,7/30/2019 12:00:00 AM,1400,2,2,0,0,CLOUDY,DRY,False,OTHER ROADWAY OR MID-BLOCK COLLISION,REAR END,STRAIGHT & HILLCREST,DAYLIGHT,,,7/31/2019 8:14:11 AM,False,7751,Accepted,
25411683,0560300,ST. MATTHEWS POLICE DEPARTMENT,Accepted,JEFFERSON,I 0064,,I64 W,,,,,,,,,38.235978680,-85.640652597,11.284,7/30/2019 12:00:00 AM,1720,2,2,0,0,CLEAR,DRY,False,OTHER ROADWAY OR MID-BLOCK COLLISION,REAR END,STRAIGHT & LEVEL,DAYLIGHT,,,7/31/2019 11:56:51 PM,False,9172,Accepted,
25427747,0568000,LOUISVILLE METRO POLICE DEPT,Accepted,JEFFERSON,US0031E,,BARDSTOWN,RD,,,,I 0264,I264 E EXIT16 ON RAMP FROM US31E N,I 0264,I264 E EXIT16 ON RAMP FROM US31E S,38.210698140,-85.670689245,11.998,7/30/2019 12:00:00 AM,1050,2,2,0,0,CLOUDY,DRY,True,OTHER ROADWAY OR MID-BLOCK COLLISION,REAR END,STRAIGHT & LEVEL,DAYLIGHT,,,8/5/2019 8:43:49 AM,False,7793,Accepted,
25407759,0568000,LOUISVILLE METRO POLICE DEPT,Accepted,JEFFERSON,US0060,,SHELBYVILLE,RD,,,,,MOSER,,SYCAMORE,38.245130860,-85.560129870,8.775,7/30/2019 12:00:00 AM,0904,2,2,0,0,CLOUDY,DRY,False,OTHER ROADWAY OR MID-BLOCK COLLISION,REAR END,STRAIGHT & LEVEL,DAYLIGHT,,,7/31/2019 8:14:37 AM,False,7751,Accepted,
25407737,0568000,LOUISVILLE METRO POLICE DEPT,Accepted,JEFFERSON,,3117,RIVER PARK,DR,,,,,,,,38.253996536,-85.803419646,1.291,7/30/2019 12:00:00 AM,1334,1,1,0,1,CLEAR,DRY,False,OTHER ROADWAY OR MID-BLOCK COLLISION,SINGLE VEHICLE,STRAIGHT & LEVEL,DAYLIGHT,,,7/31/2019 8:13:31 AM,False,7241,Accepted,
25407797,0568000,LOUISVILLE METRO POLICE DEPT,Accepted,JEFFERSON,I 0264,,,,,,,,,,,38.186635797,-85.783873844,0.289,7/30/2019 12:00:00 AM,1315,2,2,0,0,CLOUDY,DRY,False,OTHER RAMP RELATED COLLISIONS NOT LISTED ABOVE,REAR END,STRAIGHT & GRADE,DAYLIGHT,I 0264,KY1865,7/31/2019 8:16:15 AM,False,7249,Accepted,
25407741,0568000,LOUISVILLE METRO POLICE DEPT,Accepted,JEFFERSON,I 0071,,,,,,,,,,,38.274033906,-85.696817081,0.267,7/30/2019 12:00:00 AM,1700,2,2,0,0,CLEAR,DRY,False,OTHER RAMP RELATED COLLISIONS NOT LISTED ABOVE,REAR END,CURVE & GRADE,DAYLIGHT,I 0071,ZORN AVE,7/31/2019 8:13:45 AM,False,2413,Accepted,
25406434,0561000,JEFFERSONTOWN POLICE DEPT,Accepted,JEFFERSON,I 0064,,,,,,,,,,,38.222428759,-85.579462534,0.444,7/30/2019 12:00:00 AM,1735,2,2,0,0,CLEAR,DRY,False,OTHER RAMP RELATED COLLISIONS NOT LISTED ABOVE,REAR END,STRAIGHT & LEVEL,DAYLIGHT,I 0064,KY1747,7/30/2019 11:25:53 PM,False,8265,Accepted,
25412798,0568000,LOUISVILLE METRO POLICE DEPT,Accepted,JEFFERSON,I 0065,,,,,,,,,,,38.158652395,-85.721796745,0.409,7/30/2019 12:00:00 AM,0947,2,2,0,3,CLEAR,DRY,False,OTHER RAMP RELATED COLLISIONS NOT LISTED ABOVE,REAR END,STRAIGHT & LEVEL,DAYLIGHT,I 0065,KY1631,8/1/2019 8:16:40 AM,False,4656,Accepted,
25407726,0568000,LOUISVILLE METRO POLICE DEPT,Accepted,JEFFERSON,I 0264,,,,,,,,,,,38.195084768,-85.709358240,0.123,7/30/2019 12:00:00 AM,1730,5,5,0,1,CLEAR,DRY,False,OTHER RAMP RELATED COLLISIONS NOT LISTED ABOVE,SIDESWIPE-SAME DIRECTION,STRAIGHT & GRADE,DAYLIGHT,KY0864,I 0264,7/31/2019 8:13:03 AM,False,5130,Accepted,
25417405,0568000,LOUISVILLE METRO POLICE DEPT,Accepted,JEFFERSON,I 0264,,,,,,,,,,,38.194537070,-85.707553583,0.303,7/30/2019 12:00:00 AM,0755,2,2,0,0,CLEAR,DRY,False,OTHER RAMP RELATED COLLISIONS NOT LISTED ABOVE,REAR END,STRAIGHT & GRADE,DAYLIGHT,I 0264,KY0864,8/2/2019 8:13:39 AM,False,7720,Accepted,
25407760,0568000,LOUISVILLE METRO POLICE DEPT,Accepted,JEFFERSON,I 0071,,,,,,,,,,,38.274017139,-85.696782928,0.270,7/30/2019 12:00:00 AM,1815,2,2,0,0,CLEAR,DRY,False,OTHER RAMP RELATED COLLISIONS NOT LISTED ABOVE,REAR END,CURVE & GRADE,DAYLIGHT,I 0071,ZORN AVE,7/31/2019 8:14:40 AM,False,2413,Accepted,
25407767,0568000,LOUISVILLE METRO POLICE DEPT,Accepted,JEFFERSON,US0031E,100,MARKET,ST,W,,,,,,,38.254703713,-85.751964864,17.680,7/30/2019 12:00:00 AM,1130,2,2,0,0,CLEAR,DRY,True,COLLISION IN PARKING LOT,,STRAIGHT & LEVEL,DAYLIGHT,,,7/31/2019 8:15:02 AM,False,2764,Accepted,
25444031,0568000,LOUISVILLE METRO POLICE DEPT,Accepted,JEFFERSON,US0031E,900,BAXTER,AVE,,,,,BRECKINRIDGE,,CHEROKEE,38.243014189,-85.726427821,15.849,7/30/2019 12:00:00 AM,0817,2,2,0,1,CLEAR,DRY,False,1 VEHICLE ENTERING/LEAVING ENTRANCE,ANGLE,STRAIGHT & LEVEL,DAYLIGHT,,,8/8/2019 8:22:56 AM,False,7900,Accepted,
25412860,0568000,LOUISVILLE METRO POLICE DEPT,Accepted,JEFFERSON,,,AIR COMMERCE,DR,,,,,,,,38.129312159,-85.716957890,0.414,7/30/2019 12:00:00 AM,1717,2,2,0,0,CLEAR,DRY,False,1 VEHICLE ENTERING/LEAVING ENTRANCE,ANGLE,STRAIGHT & LEVEL,DAYLIGHT,,,8/1/2019 8:20:08 AM,False,4693,Accepted,
25427697,0568000,LOUISVILLE METRO POLICE DEPT,Accepted,JEFFERSON,US0031E,,BUECHEL,BYP,,,,US0031E,BARDSTOWN,KY2052,HIKES,38.198797290,-85.661598176,11.022,7/30/2019 12:00:00 AM,1742,2,2,0,0,CLEAR,DRY,False,1 VEHICLE ENTERING/LEAVING ENTRANCE,ANGLE,STRAIGHT & LEVEL,DAYLIGHT,,,8/5/2019 8:41:23 AM,False,2429,Accepted,
25407717,0568000,LOUISVILLE METRO POLICE DEPT,Accepted,JEFFERSON,,,MACON,AVE,,,,US0060A,LEXINGTON,,WILMINGTON,38.251884551,-85.659723309,0.014,7/30/2019 12:00:00 AM,0931,2,2,0,0,CLEAR,DRY,False,VEHICLE BACKING NON INTERSECTION,BACKING,STRAIGHT & LEVEL,DAYLIGHT,,,7/31/2019 8:12:33 AM,False,7632,Accepted,
25407758,0568000,LOUISVILLE METRO POLICE DEPT,Accepted,JEFFERSON,,,PARK,RD,S,,,,,,,38.117507677,-85.733020965,3.265,7/30/2019 12:00:00 AM,1453,2,2,0,0,CLOUDY,DRY,True,SIDESWIPE COLLISION - OPPOSITE DIRECTION,SIDESWIPE-OPPOSITE DIRECTION,STRAIGHT & LEVEL,DAYLIGHT,,,7/31/2019 8:14:34 AM,False,4693,Accepted,
25407715,0568000,LOUISVILLE METRO POLICE DEPT,Accepted,JEFFERSON,US0031W,,DIXIE,HWY,,,,,KERRICK,,ST PAULS CHURCH,38.153046865,-85.836146424,12.252,7/30/2019 12:00:00 AM,0930,2,2,0,0,CLOUDY,DRY,False,SIDESWIPE COLLISION - SAME DIRECTION,SIDESWIPE-SAME DIRECTION,STRAIGHT & LEVEL,DAYLIGHT,,,7/31/2019 8:12:24 AM,False,7336,Accepted,
25407010,0560400,SHIVELY POLICE DEPARTMENT,Accepted,JEFFERSON,I 0264,,I264 W,,,,,I 0264,I264 W EXIT8A OFF RAMP TO US31W N,I 0264,I264 W EXIT8 ON RAMP FROM US31W N,38.185615430,-85.810019050,7.752,7/30/2019 12:00:00 AM,2132,2,2,0,1,CLEAR,DRY,True,SIDESWIPE COLLISION - SAME DIRECTION,SIDESWIPE-SAME DIRECTION,STRAIGHT & LEVEL,DARK (UNKNOWN ROADWAY LIGHTING),,,7/31/2019 4:18:40 AM,False,7124,Accepted,
25402990,0568000,LOUISVILLE METRO POLICE DEPT,Accepted,JEFFERSON,I 0065,,I65 S,,,,,,,,,38.168171475,-85.720857072,129.037,7/30/2019 12:00:00 AM,0104,2,2,0,0,RAINING,WET,True,SIDESWIPE COLLISION - SAME DIRECTION,SIDESWIPE-SAME DIRECTION,STRAIGHT & LEVEL,DARK-HWY LIGHTED/ON,,,7/30/2019 8:19:51 AM,False,7072,Accepted,
25451398,0568000,LOUISVILLE METRO POLICE DEPT,Accepted,JEFFERSON,US0031E,,BARDSTOWN,RD,,,,,,,,38.215245720,-85.674453037,12.351,7/30/2019 12:00:00 AM,1842,2,2,0,0,CLEAR,DRY,False,1 VEHICLE ENTERING/LEAVING ENTRANCE,ANGLE,STRAIGHT & LEVEL,DAYLIGHT,,,8/9/2019 3:26:28 PM,False,2928,Accepted,
25586565,0568000,LOUISVILLE METRO POLICE DEPT,Accepted,JEFFERSON,I 0265,,I265 N,,,,,,,,,38.298724485,-85.550186315,32.658,7/30/2019 12:00:00 AM,1651,2,2,0,0,CLEAR,DRY,False,REAR END IN TRAFFIC LANES BOTH VEHICLES MOVING,REAR END,CURVE & LEVEL,DAYLIGHT,,,9/3/2019 12:56:42 PM,False,7764,Accepted,
25521177,0568000,LOUISVILLE METRO POLICE DEPT,Accepted,JEFFERSON,KY1932,,CHENOWETH,LN,,,,US0042,BROWNSBORO,,OLYMPIC,38.265712110,-85.665769264,6.581,7/30/2019 12:00:00 AM,1719,2,1,0,0,CLEAR,DRY,True,SIDESWIPE COLLISION - SAME DIRECTION,SIDESWIPE-SAME DIRECTION,STRAIGHT & LEVEL,DAYLIGHT,,,8/20/2019 1:39:48 PM,False,7632,Accepted,
25407776,0568000,LOUISVILLE METRO POLICE DEPT,Accepted,JEFFERSON,US0031E,,MARKET,ST,E,,,,1ST,,BROOK,38.254646259,-85.751428537,17.646,7/30/2019 12:00:00 AM,0904,2,2,0,0,CLEAR,DRY,False,SIDESWIPE COLLISION - SAME DIRECTION,SIDESWIPE-SAME DIRECTION,STRAIGHT & LEVEL,DAYLIGHT,,,7/31/2019 8:15:50 AM,False,2764,Accepted,
25407777,0568000,LOUISVILLE METRO POLICE DEPT,Accepted,JEFFERSON,I 0264,,I264 W,,,,,,,,,38.189515191,-85.776825969,9.597,7/30/2019 12:00:00 AM,1858,2,2,0,0,CLEAR,DRY,False,SIDESWIPE COLLISION - SAME DIRECTION,SIDESWIPE-SAME DIRECTION,CURVE & LEVEL,DAYLIGHT,,,7/31/2019 8:15:54 AM,False,7786,Accepted,
25449353,0568000,LOUISVILLE METRO POLICE DEPT,Accepted,JEFFERSON,I 0264,,I264 W,,,,,,,,,38.201445056,-85.692473549,14.315,7/30/2019 12:00:00 AM,1800,2,2,0,0,CLOUDY,DRY,False,SIDESWIPE COLLISION - SAME DIRECTION,SIDESWIPE-SAME DIRECTION,STRAIGHT & LEVEL,DAYLIGHT,,,8/9/2019 8:21:49 AM,False,7793,Accepted,
25412776,0568000,LOUISVILLE METRO POLICE DEPT,Accepted,JEFFERSON,US0060,,SHELBYVILLE,RD,,,,,CHRISTIAN,,ARTERBURN,38.249218634,-85.609998221,6.045,7/30/2019 12:00:00 AM,1834,4,4,0,0,CLEAR,DRY,False,SIDESWIPE COLLISION - SAME DIRECTION,SIDESWIPE-SAME DIRECTION,STRAIGHT & LEVEL,DAYLIGHT,,,8/1/2019 8:16:21 AM,False,7633,Accepted,
25407751,0568000,LOUISVILLE METRO POLICE DEPT,Accepted,JEFFERSON,,6505,MAYFAIR,AVE,,,,,,,,38.339042735,-85.627731660,0.081,7/30/2019 12:00:00 AM,1700,2,2,0,0,CLEAR,DRY,True,1 VEHICLE PARKED POSITION (NOT PARKING LOT/DRIVEWAY),SIDESWIPE-SAME DIRECTION,STRAIGHT & LEVEL,DAYLIGHT,,,7/31/2019 8:14:13 AM,False,2030,Accepted,
25407738,0568000,LOUISVILLE METRO POLICE DEPT,Accepted,JEFFERSON,,14211,GLENDOWER,DR,,,,,DARNAY,,LOCUST POINTE,38.229157546,-85.484025770,0.464,7/30/2019 12:00:00 AM,1827,2,2,0,0,CLEAR,DRY,False,1 VEHICLE PARKED POSITION (NOT PARKING LOT/DRIVEWAY),BACKING,STRAIGHT & LEVEL,DAYLIGHT,,,7/31/2019 8:13:34 AM,False,2109,Accepted,
25997559,0568000,LOUISVILLE METRO POLICE DEPT,Accepted,JEFFERSON,I 0264,,I264 W,,,,,I 0264,I264 W EXIT1 ON RAMP FROM  BANK ST,I 0264,I264 W EXIT2 ON RAMP FROM  MUHAMMAD ALI BLVD,38.265423564,-85.806175368,0.839,7/30/2019 12:00:00 AM,0153,2,2,0,0,CLOUDY,DRY,True,1 VEHICLE PARKED POSITION (NOT PARKING LOT/DRIVEWAY),ANGLE,STRAIGHT & GRADE,DARK-HWY LIGHTED/ON,,,12/2/2019 10:09:02 AM,False,7851,Accepted,
25427633,0568000,LOUISVILLE METRO POLICE DEPT,Accepted,JEFFERSON,KY0864,,GOSS,AVE,,,,,,,,38.228840915,-85.737994247,14.255,7/30/2019 12:00:00 AM,1000,2,2,0,0,CLEAR,DRY,False,1 VEHICLE PARKED POSITION (NOT PARKING LOT/DRIVEWAY),REAR END,STRAIGHT & LEVEL,DAYLIGHT,,,8/5/2019 8:36:18 AM,False,7116,Accepted,
25407780,0568000,LOUISVILLE METRO POLICE DEPT,Accepted,JEFFERSON,KY1747,,FERN VALLEY,RD,,,,,,,,38.157784727,-85.718240346,0.764,7/30/2019 12:00:00 AM,2200,2,2,0,0,CLEAR,DRY,False,REAR END IN TRAFFIC LANES BOTH VEHICLES MOVING,REAR END,STRAIGHT & LEVEL,DARK-HWY LIGHTED/ON,,,7/31/2019 8:16:04 AM,False,5198,Accepted,
25407748,0568000,LOUISVILLE METRO POLICE DEPT,Accepted,JEFFERSON,,,RAGGARD,RD,,,,,,,,38.174618930,-85.871210345,0.004,7/30/2019 12:00:00 AM,1514,2,2,0,0,CLEAR,DRY,True,REAR END IN TRAFFIC LANES BOTH VEHICLES MOVING,REAR END,STRAIGHT & LEVEL,DAYLIGHT,,,7/31/2019 8:14:06 AM,False,7234,Accepted,
25407766,0568000,LOUISVILLE METRO POLICE DEPT,Accepted,JEFFERSON,I 0065,,I65 N EXIT130 TRANSIT,,,,,I 0065,I65 N EXIT130 ON RAMP FROM KY61,I 0065,I65 N EXIT131A RAMP TO I264 E,38.181445971,-85.721128062,0.360,7/30/2019 12:00:00 AM,1903,2,2,0,0,CLOUDY,DRY,True,REAR END IN TRAFFIC LANES BOTH VEHICLES MOVING,REAR END,CURVE & LEVEL,DAYLIGHT,,,7/31/2019 8:14:58 AM,False,7851,Accepted,
25407789,0568000,LOUISVILLE METRO POLICE DEPT,Accepted,JEFFERSON,KY0841,,GENE SNYDER,FWY,,,,,,,,38.113816579,-85.795462482,4.946,7/30/2019 12:00:00 AM,1930,2,2,0,0,CLOUDY,DRY,False,REAR END IN TRAFFIC LANES BOTH VEHICLES MOVING,REAR END,STRAIGHT & LEVEL,DAYLIGHT,,,7/31/2019 8:16:12 AM,False,7786,Accepted,
25407816,0568000,LOUISVILLE METRO POLICE DEPT,Accepted,JEFFERSON,,,HIKES,LN,,,,,,,,38.210221882,-85.642211546,2.107,7/30/2019 12:00:00 AM,1807,2,2,0,0,CLEAR,DRY,False,REAR END IN TRAFFIC LANES BOTH VEHICLES MOVING,REAR END,STRAIGHT & LEVEL,DAYLIGHT,,,7/31/2019 8:17:13 AM,False,7864,Accepted,
25412762,0568000,LOUISVILLE METRO POLICE DEPT,Accepted,JEFFERSON,I 0064,,I64 W,,,,,,,,,38.275161206,-85.814080770,0.674,7/30/2019 12:00:00 AM,1706,2,2,0,0,CLOUDY,DRY,False,REAR END IN TRAFFIC LANES BOTH VEHICLES MOVING,REAR END,STRAIGHT & LEVEL,DAYLIGHT,,,8/1/2019 8:15:59 AM,False,7944,Accepted,
25427631,0568000,LOUISVILLE METRO POLICE DEPT,Accepted,JEFFERSON,,3241,POPLAR VIEW,DR,,,,,,,,38.185127925,-85.853016981,0.035,7/30/2019 12:00:00 AM,1349,2,2,0,0,CLEAR,DRY,False,REAR END IN TRAFFIC LANES BOTH VEHICLES MOVING,REAR END,STRAIGHT & LEVEL,DAYLIGHT,,,8/5/2019 8:36:11 AM,False,5002,Accepted,
25407803,0568000,LOUISVILLE METRO POLICE DEPT,Accepted,JEFFERSON,I 0065,,I65 S,,,,,,,,,38.183376917,-85.722941863,130.135,7/30/2019 12:00:00 AM,2130,3,3,0,0,CLOUDY,DRY,False,REAR END IN TRAFFIC LANES BOTH VEHICLES MOVING,REAR END,STRAIGHT & LEVEL,DARK-HWY LIGHTED/ON,,,7/31/2019 8:16:22 AM,False,7786,Accepted,
25407768,0568000,LOUISVILLE METRO POLICE DEPT,Accepted,JEFFERSON,US0031E,,BARDSTOWN,RD,,,,,,,,38.205911099,-85.666775957,11.580,7/30/2019 12:00:00 AM,1930,2,2,0,0,CLEAR,DRY,False,REAR END IN TRAFFIC LANES BOTH VEHICLES MOVING,REAR END,STRAIGHT & LEVEL,DAYLIGHT,,,7/31/2019 8:15:05 AM,False,2976,Accepted,
25407746,0568000,LOUISVILLE METRO POLICE DEPT,Accepted,JEFFERSON,KY1065,,OUTER,LOOP,,,,,GRADE,KY1065,KY1065 CROSSOVER,38.130818917,-85.733808367,3.384,7/30/2019 12:00:00 AM,1519,2,2,0,0,CLEAR,DRY,False,REAR END IN TRAFFIC LANES BOTH VEHICLES MOVING,REAR END,STRAIGHT & LEVEL,DAYLIGHT,,,7/31/2019 8:13:58 AM,False,7397,Accepted,
25407743,0568000,LOUISVILLE METRO POLICE DEPT,Accepted,JEFFERSON,KY1020,,3RD,ST,S,,,,MUHAMMAD ALI,,GUTHRIE,38.249865077,-85.756028574,12.371,7/30/2019 12:00:00 AM,1740,2,2,0,0,CLEAR,DRY,False,REAR END IN TRAFFIC LANES BOTH VEHICLES MOVING,REAR END,STRAIGHT & LEVEL,DAYLIGHT,,,7/31/2019 8:13:48 AM,False,2854,Accepted,
25407734,0568000,LOUISVILLE METRO POLICE DEPT,Accepted,JEFFERSON,KY0061,,PRESTON,HWY,,,,,,,,38.156059058,-85.696417153,5.291,7/30/2019 12:00:00 AM,1257,2,2,0,0,CLOUDY,DRY,False,REAR END IN TRAFFIC LANES BOTH VEHICLES MOVING,REAR END,STRAIGHT & LEVEL,DAYLIGHT,,,7/31/2019 8:13:20 AM,False,4693,Accepted,
25407735,0568000,LOUISVILLE METRO POLICE DEPT,Accepted,JEFFERSON,KY2051,,LEES,LN,,,,,IDLE HOUR,,EUREKA,38.186394298,-85.860425678,2.311,7/30/2019 12:00:00 AM,1716,2,2,0,0,CLEAR,DRY,False,REAR END IN TRAFFIC LANES BOTH VEHICLES MOVING,REAR END,STRAIGHT & LEVEL,DAYLIGHT,,,7/31/2019 8:13:23 AM,False,7467,Accepted,
25407719,0568000,LOUISVILLE METRO POLICE DEPT,Accepted,JEFFERSON,KY1747,,HURSTBOURNE,PKWY,,,HAMES,,,,,38.166661227,-85.606463055,7.307,7/30/2019 12:00:00 AM,0724,2,2,0,0,CLEAR,DRY,False,OTHER INTERSECTION COLLISIONS,REAR END,STRAIGHT & LEVEL,DAYLIGHT,,,7/31/2019 8:12:40 AM,False,2017,Accepted,
25407718,0568000,LOUISVILLE METRO POLICE DEPT,Accepted,JEFFERSON,KY1703,,NEWBURG,RD,,,GOLDSMITH,,,,,38.200204371,-85.685213310,2.021,7/30/2019 12:00:00 AM,1024,3,3,0,0,CLEAR,DRY,False,OTHER INTERSECTION COLLISIONS,REAR END,STRAIGHT & LEVEL,DAYLIGHT,,,7/31/2019 8:12:36 AM,False,7400,Accepted,
25427648,0568000,LOUISVILLE METRO POLICE DEPT,Accepted,JEFFERSON,KY1747,,HURSTBOURNE,PKWY,S,,BUNSEN,,,,,38.219141815,-85.583969263,11.482,7/30/2019 12:00:00 AM,1453,2,2,0,0,CLEAR,DRY,False,OTHER INTERSECTION COLLISIONS,REAR END,STRAIGHT & LEVEL,DAYLIGHT,,,8/5/2019 8:37:17 AM,False,5191,Accepted,
25407728,0568000,LOUISVILLE METRO POLICE DEPT,Accepted,JEFFERSON,KY1747,,FERN VALLEY,RD,,,INDUSTRIAL,,,,,38.156937048,-85.699918659,1.771,7/30/2019 12:00:00 AM,1731,2,2,0,0,CLEAR,DRY,False,OTHER INTERSECTION COLLISIONS,REAR END,STRAIGHT & LEVEL,DAYLIGHT,,,7/31/2019 8:13:08 AM,False,7397,Accepted,
25407752,0568000,LOUISVILLE METRO POLICE DEPT,Accepted,JEFFERSON,KY1703,,NEWBURG,RD,,KY2052,SHEPHERDSVILLE,,,,,38.178825907,-85.659491865,0.009,7/30/2019 12:00:00 AM,1747,2,2,0,0,CLOUDY,DRY,False,OTHER INTERSECTION COLLISIONS,REAR END,STRAIGHT & LEVEL,DAYLIGHT,,,7/31/2019 8:14:15 AM,False,7307,Accepted,
25407708,0568000,LOUISVILLE METRO POLICE DEPT,Accepted,JEFFERSON,US0031W,,DIXIE,HWY,,,BLANTON,,,,,38.157228157,-85.833974310,12.524,7/30/2019 12:00:00 AM,0942,2,2,0,0,CLEAR,DRY,False,OTHER INTERSECTION COLLISIONS,REAR END,STRAIGHT & LEVEL,DAYLIGHT,,,7/31/2019 8:12:01 AM,False,7224,Accepted,
25407699,0568000,LOUISVILLE METRO POLICE DEPT,Accepted,JEFFERSON,,,MURPHY,LN,,KY1447,WESTPORT,,,,,38.302080720,-85.532548981,0.003,7/30/2019 12:00:00 AM,0830,2,2,0,0,CLEAR,DRY,False,OTHER INTERSECTION COLLISIONS,REAR END,STRAIGHT & LEVEL,DAYLIGHT,,,7/31/2019 8:11:33 AM,False,2030,Accepted,
25407755,0568000,LOUISVILLE METRO POLICE DEPT,Accepted,JEFFERSON,US0042,,MELLWOOD,AVE,,,SPRING,,,,,38.255506795,-85.722234733,0.586,7/30/2019 12:00:00 AM,1620,2,2,0,0,CLEAR,DRY,False,OTHER INTERSECTION COLLISIONS,REAR END,STRAIGHT & LEVEL,DAYLIGHT,,,7/31/2019 8:14:24 AM,False,5256,Accepted,
25407710,0568000,LOUISVILLE METRO POLICE DEPT,Accepted,JEFFERSON,KY2052,,HIKES,LN,,US0031E,BUECHEL,,,,,38.198421302,-85.660938723,4.205,7/30/2019 12:00:00 AM,1539,2,2,0,0,CLEAR,DRY,False,OTHER INTERSECTION COLLISIONS,REAR END,STRAIGHT & LEVEL,DAYLIGHT,,,7/31/2019 8:12:08 AM,False,7864,Accepted,
25403017,0568000,LOUISVILLE METRO POLICE DEPT,Accepted,JEFFERSON,I 0064,,I64 W,,,,,,,,,38.233664314,-85.610474030,13.073,7/30/2019 12:00:00 AM,0124,1,1,0,0,RAINING,WET,False,COLLISION WITH FIXED OBJECT NON - INTERSECTION - FIRST EVENT COLLISION 09 - 32 EXCLUDING 16,SINGLE VEHICLE,STRAIGHT & LEVEL,DARK-HWY LIGHTED/ON,,,7/30/2019 8:22:51 AM,False,7786,Accepted,
25476300,0568000,LOUISVILLE METRO POLICE DEPT,Accepted,JEFFERSON,,,WOLF PEN,LN,,,,,,,,38.324478958,-85.597348930,0.073,7/30/2019 12:00:00 AM,2231,1,1,0,0,CLEAR,DRY,False,COLLISION WITH FIXED OBJECT NON - INTERSECTION - FIRST EVENT COLLISION 09 - 32 EXCLUDING 16,SINGLE VEHICLE,STRAIGHT & LEVEL,DARK-HWY LIGHTED/ON,,,8/15/2019 8:36:37 AM,False,6830,Accepted,
25459844,0568000,LOUISVILLE METRO POLICE DEPT,Accepted,JEFFERSON,,1350,6TH,ST,S,,,,,,,38.230758099,-85.764450804,1.826,7/30/2019 12:00:00 AM,1930,2,2,0,0,CLEAR,DRY,True,1 VEHICLE PARKED POSITION (NOT PARKING LOT/DRIVEWAY),SIDESWIPE-SAME DIRECTION,STRAIGHT & LEVEL,DARK-HWY LIGHTED/ON,,,8/12/2019 8:52:54 AM,False,7132,Accepted,
25407745,0568000,LOUISVILLE METRO POLICE DEPT,Accepted,JEFFERSON,KY0022,,BROWNSBORO,RD,,KY1747,HURSTBOURNE,,,,,38.305135382,-85.577558539,3.695,7/30/2019 12:00:00 AM,1229,2,2,0,0,CLOUDY,DRY,False,SIDESWIPE-SAME DIRECTION,SIDESWIPE-SAME DIRECTION,STRAIGHT & LEVEL,DAYLIGHT,,,7/31/2019 8:13:55 AM,False,7751,Accepted,
25427660,0568000,LOUISVILLE METRO POLICE DEPT,Accepted,JEFFERSON,KY2054,,ALGONQUIN,PKWY,,,16TH,,,,,38.222194947,-85.782928320,2.163,7/30/2019 12:00:00 AM,1746,2,2,0,1,CLEAR,DRY,False,OPPOSING LEFT TURN,OPPOSING LEFT TURN,STRAIGHT & HILLCREST,DAYLIGHT,,,8/5/2019 8:37:55 AM,False,5002,Accepted,
25407729,0568000,LOUISVILLE METRO POLICE DEPT,Accepted,JEFFERSON,,,CHAMBERLAIN,LN,,KY0022,BROWNSBORO,,,,,38.312685439,-85.567428037,4.043,7/30/2019 12:00:00 AM,1658,2,2,0,1,CLOUDY,DRY,False,OPPOSING LEFT TURN,OPPOSING LEFT TURN,STRAIGHT & LEVEL,DAYLIGHT,,,7/31/2019 8:13:12 AM,False,7751,Accepted,
25407754,0568000,LOUISVILLE METRO POLICE DEPT,Accepted,JEFFERSON,KY1865,4406,TAYLOR,BLVD,,,WALTER,,,,,38.175765749,-85.782647850,4.761,7/30/2019 12:00:00 AM,1224,2,2,0,0,CLEAR,DRY,False,OPPOSING LEFT TURN,OPPOSING LEFT TURN,STRAIGHT & LEVEL,DAYLIGHT,,,7/31/2019 8:14:22 AM,False,5221,Accepted,
25402984,0568000,LOUISVILLE METRO POLICE DEPT,Accepted,JEFFERSON,KY1865,,TAYLOR,BLVD,,,BEECHER,,,,,38.191663976,-85.783267733,5.877,7/30/2019 12:00:00 AM,0231,2,2,0,1,CLEAR,DRY,True,OPPOSING LEFT TURN,OPPOSING LEFT TURN,STRAIGHT & LEVEL,DARK-HWY LIGHTED/ON,,,7/30/2019 8:19:31 AM,False,7441,Accepted,