IncidentID,AgencyORI,AgencyName,IncidentStatusDesc,County,RdwyNumber,Street,RoadwayName,StreetSfx,StreetDir,IntersectionRdwy,IntersectionRdwyName,BetweenStRdwy1,BetweenStRdwyName1,BetweenStRdwy2,BetweenStRdwyName2,Latitude,Longitude,Milepoint,CollisionDate,CollisionTime,UnitsInvolved,MotorVehiclesInvolved,NumberKilled,NumberInjured,Weather,RdwyConditionCode,HitandRun,DirAnalysisCode,MannerofCollision,RdwyCharacter,LightCondition,RampFromRdwyId,RampToRdwyId,AcceptedDate,IsSecondaryCollision,OwnerBadge,IncidentStatus,
25407813,0568000,LOUISVILLE METRO POLICE DEPT,Accepted,JEFFERSON,KY0061,,PRESTON,HWY,,KY1065,OUTER,,,,,38.138496326,-85.686878340,3.963,7/30/2019 12:00:00 AM,2012,2,2,0,0,CLEAR,DRY,False,REAR END - ONE VEHICLE TURNING RIGHT,REAR END,STRAIGHT & LEVEL,DAYLIGHT,,,7/31/2019 8:17:07 AM,False,5222,Accepted,
25407784,0568000,LOUISVILLE METRO POLICE DEPT,Accepted,JEFFERSON,KY1020,,SOUTHSIDE,DR,,,KENWOOD,,,,,38.156327634,-85.764712936,5.949,7/30/2019 12:00:00 AM,1915,2,2,0,0,CLEAR,DRY,True,REAR END - ONE VEHICLE TURNING RIGHT,REAR END,STRAIGHT & LEVEL,DUSK,,,7/31/2019 8:16:09 AM,False,7649,Accepted,
25407720,0568000,LOUISVILLE METRO POLICE DEPT,Accepted,JEFFERSON,,,CHAMBERLAIN,LN,,KY1447,WESTPORT,,,,,38.299395704,-85.541732839,2.111,7/30/2019 12:00:00 AM,0839,2,2,0,1,CLEAR,DRY,False,REAR END - ONE VEHICLE TURNING RIGHT,REAR END,CURVE & LEVEL,DAYLIGHT,,,7/31/2019 8:12:43 AM,False,7313,Accepted,
25407818,0568000,LOUISVILLE METRO POLICE DEPT,Accepted,JEFFERSON,KY0061,,PRESTON,HWY,,,BOERSTE,,,,,38.113935848,-85.676127984,2.126,7/30/2019 12:00:00 AM,1759,2,2,0,0,CLEAR,DRY,False,REAR END - ONE VEHICLE TURNING RIGHT,REAR END,STRAIGHT & LEVEL,DAYLIGHT,,,7/31/2019 8:17:16 AM,False,5222,Accepted,
25427611,0568000,LOUISVILLE METRO POLICE DEPT,Accepted,JEFFERSON,KY2052,,SHEPHERDSVILLE,RD,,KY1703,NEWBURG,,,,,38.178580267,-85.659311583,2.758,7/30/2019 12:00:00 AM,0705,2,2,0,0,CLEAR,DRY,False,REAR END - ONE VEHICLE TURNING LEFT,REAR END,STRAIGHT & LEVEL,DAWN,,,8/5/2019 8:34:59 AM,False,7250,Accepted,
25407765,0568000,LOUISVILLE METRO POLICE DEPT,Accepted,JEFFERSON,US0031W,,DIXIE,HWY,,KY1931,GREENWOOD,,,,,38.143429262,-85.839613216,11.684,7/30/2019 12:00:00 AM,1939,2,2,0,0,CLEAR,DRY,True,ANGLE COLLISION - ONE VEHICLE TURNING LEFT,ANGLE,STRAIGHT & LEVEL,DAYLIGHT,,,7/31/2019 8:14:54 AM,False,7264,Accepted,
25407757,0568000,LOUISVILLE METRO POLICE DEPT,Accepted,JEFFERSON,,,4TH,ST,S,,CARDINAL,,,,,38.220712234,-85.762888503,2.494,7/30/2019 12:00:00 AM,1755,2,2,0,0,CLEAR,DRY,False,COLLISION WITH PARKED VEHICLE,SIDESWIPE-SAME DIRECTION,STRAIGHT & LEVEL,DAYLIGHT,,,7/31/2019 8:14:31 AM,False,7495,Accepted,
25427764,0568000,LOUISVILLE METRO POLICE DEPT,Accepted,JEFFERSON,,,16TH,ST,N,US0031W,MAIN,,,,,38.258817773,-85.776325527,0.234,7/30/2019 12:00:00 AM,1700,1,1,0,1,CLEAR,DRY,False,COLLISION WITH FIXED OBJECT IN INTERSECTION - FIRST EVENT COLLISION 09 - 32,SINGLE VEHICLE,STRAIGHT & LEVEL,DAYLIGHT,,,8/5/2019 8:44:37 AM,False,7271,Accepted,
25407811,0568000,LOUISVILLE METRO POLICE DEPT,Accepted,JEFFERSON,,,JEFFERSON,ST,W,,6TH,,,,,38.254237141,-85.760339096,0.451,7/30/2019 12:00:00 AM,2222,2,2,0,0,CLOUDY,DRY,False,ANGLE COLLISION - OTHER,ANGLE,STRAIGHT & LEVEL,DARK-HWY LIGHTED/ON,,,7/31/2019 8:17:01 AM,False,5008,Accepted,
25407721,0568000,LOUISVILLE METRO POLICE DEPT,Accepted,JEFFERSON,US0031E,,BARDSTOWN,RD,,,STRATHMOOR,,,,,38.220399248,-85.680719679,12.843,7/30/2019 12:00:00 AM,1238,3,3,0,2,CLEAR,DRY,False,ANGLE COLLISION - OTHER,ANGLE,STRAIGHT & LEVEL,DAYLIGHT,,,7/31/2019 8:12:46 AM,False,7284,Accepted,
25407740,0568000,LOUISVILLE METRO POLICE DEPT,Accepted,JEFFERSON,,,DOROTHY,AVE,,,WROCKLAGE,,,,,38.223995683,-85.688825226,0.001,7/30/2019 12:00:00 AM,1726,2,2,0,0,CLEAR,DRY,False,ANGLE COLLISION - OTHER,ANGLE,STRAIGHT & LEVEL,DAYLIGHT,,,7/31/2019 8:13:41 AM,False,2100,Accepted,
25407747,0568000,LOUISVILLE METRO POLICE DEPT,Accepted,JEFFERSON,,,LINCOLN,AVE,,,SHARP,,,,,38.216653549,-85.777606825,0.569,7/30/2019 12:00:00 AM,1658,2,2,0,0,CLEAR,DRY,False,ANGLE COLLISION - OTHER,ANGLE,STRAIGHT & LEVEL,DAYLIGHT,,,7/31/2019 8:14:02 AM,False,5237,Accepted,
25427714,0568000,LOUISVILLE METRO POLICE DEPT,Accepted,JEFFERSON,,,JEFFERSON,ST,W,,7TH,,,,,38.254432951,-85.762023094,0.541,7/30/2019 12:00:00 AM,0725,2,2,0,0,CLEAR,DRY,False,ANGLE COLLISION - OTHER,ANGLE,STRAIGHT & LEVEL,DAWN,,,8/5/2019 8:42:39 AM,False,7464,Accepted,
25407714,0568000,LOUISVILLE METRO POLICE DEPT,Accepted,JEFFERSON,US0150,,BROADWAY,,E,KY0864,CAMPBELL,,,,,38.244597754,-85.737514253,3.459,7/30/2019 12:00:00 AM,0805,2,2,0,0,CLEAR,DRY,False,ANGLE COLLISION - OTHER,ANGLE,STRAIGHT & LEVEL,DAYLIGHT,,,7/31/2019 8:12:21 AM,False,7239,Accepted,
25407723,0568000,LOUISVILLE METRO POLICE DEPT,Accepted,JEFFERSON,US0060,,SHELBYVILLE,RD,,KY2841,EASTWOOD CUT OFF,,,,,38.233711373,-85.456628958,14.718,7/30/2019 12:00:00 AM,1423,2,2,0,0,CLEAR,DRY,False,ANGLE COLLISION - OTHER,ANGLE,CURVE & LEVEL,DAYLIGHT,,,7/31/2019 8:12:50 AM,False,2109,Accepted,
25402989,0568000,LOUISVILLE METRO POLICE DEPT,Accepted,JEFFERSON,,,ROY WILKINS,AVE,,,CHESTNUT,,,,,38.249844930,-85.766159212,0.537,7/30/2019 12:00:00 AM,0020,2,2,0,0,CLOUDY,WET,True,ANGLE COLLISION - OTHER,ANGLE,STRAIGHT & LEVEL,DARK-HWY LIGHTED/ON,,,7/30/2019 8:19:48 AM,False,5047,Accepted,
25407693,0568000,LOUISVILLE METRO POLICE DEPT,Accepted,JEFFERSON,,,MURPHY,LN,,,TAZWELL,,,,,38.305821069,-85.535322713,0.301,7/29/2019 12:00:00 AM,0858,2,2,0,0,CLEAR,DRY,False,ANGLE COLLISION - OTHER,ANGLE,STRAIGHT & HILLCREST,DAYLIGHT,,,7/31/2019 8:11:18 AM,False,7751,Accepted,
25402940,0568000,LOUISVILLE METRO POLICE DEPT,Accepted,JEFFERSON,,,BROOK,ST,S,,MUHAMMAD ALI,,,,,38.250489294,-85.751550546,3.195,7/29/2019 12:00:00 AM,1500,2,2,0,0,CLEAR,DRY,False,ANGLE COLLISION - OTHER,ANGLE,STRAIGHT & LEVEL,DAYLIGHT,,,7/30/2019 8:17:18 AM,False,7406,Accepted,
25402987,0568000,LOUISVILLE METRO POLICE DEPT,Accepted,JEFFERSON,KY1931,,ST ANDREWS CHURCH,RD,,,BLANTON,,,,,38.151836375,-85.819373995,4.417,7/29/2019 12:00:00 AM,2047,2,2,0,0,CLOUDY,WET,False,ANGLE COLLISION - OTHER,ANGLE,STRAIGHT & LEVEL,DARK-HWY LIGHTED/ON,,,7/30/2019 8:19:42 AM,False,7340,Accepted,
25402898,0568000,LOUISVILLE METRO POLICE DEPT,Accepted,JEFFERSON,KY1703,,BAXTER,AVE,,,GRINSTEAD,,,,,38.237798549,-85.722456649,5.483,7/29/2019 12:00:00 AM,0920,2,2,0,0,CLEAR,DRY,False,ANGLE COLLISION - OTHER,ANGLE,CURVE & LEVEL,DAYLIGHT,,,7/30/2019 8:16:00 AM,False,7900,Accepted,
25407812,0568000,LOUISVILLE METRO POLICE DEPT,Accepted,JEFFERSON,KY2054,,ALGONQUIN,PKWY,,,MCCLOSKEY,,,,,38.222889674,-85.788017734,1.882,7/29/2019 12:00:00 AM,2055,2,2,0,0,RAINING,WET,False,ANGLE COLLISION - OTHER,ANGLE,STRAIGHT & LEVEL,DARK-HWY LIGHTED/ON,,,7/31/2019 8:17:04 AM,False,5110,Accepted,
25402942,0568000,LOUISVILLE METRO POLICE DEPT,Accepted,JEFFERSON,KY1065,,OUTER,LOOP,,KY6162,MINOR,,,,,38.136527792,-85.713387709,4.572,7/29/2019 12:00:00 AM,1705,2,2,0,1,CLEAR,DRY,False,ANGLE COLLISION - OTHER,ANGLE,STRAIGHT & LEVEL,DAYLIGHT,,,7/30/2019 8:17:24 AM,False,5026,Accepted,
25407711,0568000,LOUISVILLE METRO POLICE DEPT,Accepted,JEFFERSON,KY1934,,GREENBELT,HWY,,,TRADE PORT,,,,,38.125394539,-85.893007968,2.882,7/29/2019 12:00:00 AM,1711,2,2,0,3,CLEAR,DRY,False,ANGLE COLLISION - ONE VEHICLE TURNING LEFT,ANGLE,STRAIGHT & LEVEL,DAYLIGHT,,,7/31/2019 8:12:11 AM,False,7224,Accepted,
25407739,0568000,LOUISVILLE METRO POLICE DEPT,Accepted,JEFFERSON,,,26TH,ST,N,,GRIFFITHS,,,,,38.266907830,-85.792372288,0.435,7/29/2019 12:00:00 AM,1538,2,2,0,1,CLEAR,DRY,False,ANGLE COLLISION - ONE VEHICLE TURNING LEFT,ANGLE,STRAIGHT & LEVEL,DAYLIGHT,,,7/31/2019 8:13:37 AM,False,7241,Accepted,
25471275,0568000,LOUISVILLE METRO POLICE DEPT,Accepted,JEFFERSON,KY1932,,BRECKENRIDGE,LN,,,MEADOW RIDGE,,,,,38.189870479,-85.625823940,0.596,7/29/2019 12:00:00 AM,1638,2,2,0,0,CLEAR,DRY,False,OPPOSING LEFT TURN,OPPOSING LEFT TURN,STRAIGHT & LEVEL,DAYLIGHT,,,8/14/2019 8:45:10 AM,False,7303,Accepted,
25427683,0568000,LOUISVILLE METRO POLICE DEPT,Accepted,JEFFERSON,,,WATTERSON,TRL,S,US0031E,BARDSTOWN,,,,,38.178756119,-85.622590138,0.008,7/29/2019 12:00:00 AM,1314,2,2,0,0,CLEAR,DRY,False,VEHICLE BACKING IN INTERSECTION,BACKING,STRAIGHT & LEVEL,DAYLIGHT,,,8/5/2019 8:39:31 AM,False,7366,Accepted,
25402995,0568000,LOUISVILLE METRO POLICE DEPT,Accepted,JEFFERSON,KY1865,,NEW CUT,RD,,KY1142,PALATKA,,,,,38.150988445,-85.776460901,2.999,7/29/2019 12:00:00 AM,2012,2,2,0,0,CLOUDY,DRY,False,SIDESWIPE-SAME DIRECTION,SIDESWIPE-SAME DIRECTION,STRAIGHT & LEVEL,DUSK,,,7/30/2019 8:20:07 AM,False,7649,Accepted,
25427717,0568000,LOUISVILLE METRO POLICE DEPT,Accepted,JEFFERSON,,,4TH,ST,S,US0060A,WINKLER,,,,,38.210330505,-85.764672127,3.222,7/29/2019 12:00:00 AM,1653,2,2,0,0,CLEAR,DRY,True,SIDESWIPE-SAME DIRECTION,SIDESWIPE-SAME DIRECTION,STRAIGHT & LEVEL,DAYLIGHT,,,8/5/2019 8:42:57 AM,False,7251,Accepted,
25407806,0568000,LOUISVILLE METRO POLICE DEPT,Accepted,JEFFERSON,KY1020,,3RD,ST,S,,HILL,,,,,38.225815691,-85.760260496,10.700,7/29/2019 12:00:00 AM,1130,2,2,0,0,RAINING,WET,False,SIDESWIPE-SAME DIRECTION,SIDESWIPE-SAME DIRECTION,STRAIGHT & LEVEL,DARK (UNKNOWN ROADWAY LIGHTING),,,7/31/2019 8:16:37 AM,False,5111,Accepted,
25402991,0568000,LOUISVILLE METRO POLICE DEPT,Accepted,JEFFERSON,US0031E,,BARDSTOWN,RD,,,HEATHER,,,,,38.205581881,-85.666753348,11.563,7/29/2019 12:00:00 AM,2013,2,2,0,0,CLEAR,DRY,False,SIDESWIPE-SAME DIRECTION,SIDESWIPE-SAME DIRECTION,STRAIGHT & LEVEL,DUSK,,,7/30/2019 8:19:53 AM,False,5019,Accepted,
25402992,0568000,LOUISVILLE METRO POLICE DEPT,Accepted,JEFFERSON,,,CHESTNUT,ST,W,,ROY WILKINS,,,,,38.249824238,-85.765870213,1.877,7/29/2019 12:00:00 AM,2300,2,2,0,0,RAINING,WET,False,SIDESWIPE-SAME DIRECTION,SIDESWIPE-SAME DIRECTION,STRAIGHT & LEVEL,DARK-HWY LIGHTED/OFF,,,7/30/2019 8:19:56 AM,False,5148,Accepted,
25402978,0568000,LOUISVILLE METRO POLICE DEPT,Accepted,JEFFERSON,KY0061,,JACKSON,ST,S,,ST CATHERINE,,,,,38.235336035,-85.747298058,11.615,7/29/2019 12:00:00 AM,1818,2,2,0,0,CLOUDY,DRY,False,SIDESWIPE-SAME DIRECTION,SIDESWIPE-SAME DIRECTION,STRAIGHT & LEVEL,DAYLIGHT,,,7/30/2019 8:19:19 AM,False,2499,Accepted,
25402901,0568000,LOUISVILLE METRO POLICE DEPT,Accepted,JEFFERSON,I 0071,,I71 N,,,I 0264,I264 E,,,,,38.290313727,-85.642538102,5.322,7/29/2019 12:00:00 AM,0940,2,2,0,0,CLEAR,DRY,False,SIDESWIPE-SAME DIRECTION,SIDESWIPE-SAME DIRECTION,CURVE & HILLCREST,DAYLIGHT,,,7/30/2019 8:16:05 AM,False,7313,Accepted,
25402894,0568000,LOUISVILLE METRO POLICE DEPT,Accepted,JEFFERSON,US0031E,,BARDSTOWN,RD,,,GOLDSMITH,,,,,38.208500049,-85.668926783,11.773,7/29/2019 12:00:00 AM,1138,2,2,0,0,CLEAR,DRY,False,SIDESWIPE-SAME DIRECTION,SIDESWIPE-SAME DIRECTION,STRAIGHT & LEVEL,DAYLIGHT,,,7/30/2019 8:15:13 AM,False,7864,Accepted,
25402895,0568000,LOUISVILLE METRO POLICE DEPT,Accepted,JEFFERSON,US0031W,,DIXIE,HWY,,,ORELL,,,,,38.085328946,-85.879950308,6.931,7/29/2019 12:00:00 AM,1050,2,2,0,0,CLEAR,DRY,True,SIDESWIPE-SAME DIRECTION,SIDESWIPE-SAME DIRECTION,STRAIGHT & LEVEL,DAYLIGHT,,,7/30/2019 8:15:37 AM,False,2936,Accepted,
25433430,0568000,LOUISVILLE METRO POLICE DEPT,Accepted,JEFFERSON,,2015,DIXIE,HWY,,,,,,,,38.221293435,-85.793304645,1.988,7/29/2019 12:00:00 AM,1530,1,1,0,0,CLEAR,DRY,False,COLLISION WITH FIXED OBJECT NON - INTERSECTION - FIRST EVENT COLLISION 09 - 32 EXCLUDING 16,SINGLE VEHICLE,STRAIGHT & LEVEL,DAYLIGHT,,,8/6/2019 8:39:18 AM,False,7536,Accepted,
25402947,0568000,LOUISVILLE METRO POLICE DEPT,Accepted,JEFFERSON,,1300 BLK,BRECKINRIDGE,ST,E,,,,,,,38.240749713,-85.730293564,0.260,7/29/2019 12:00:00 AM,,1,1,0,0,CLEAR,DRY,True,COLLISION WITH FIXED OBJECT NON - INTERSECTION - FIRST EVENT COLLISION 09 - 32 EXCLUDING 16,SINGLE VEHICLE,STRAIGHT & LEVEL,DAYLIGHT,,,7/30/2019 8:17:47 AM,False,5020,Accepted,
25402892,0568000,LOUISVILLE METRO POLICE DEPT,Accepted,JEFFERSON,,,GREENUP,RD,,,,,,,,38.209966148,-85.729552115,0.311,7/29/2019 12:00:00 AM,0745,1,1,0,0,CLEAR,DRY,False,COLLISION WITH NON-FIXED OBJECT ,SINGLE VEHICLE,STRAIGHT & LEVEL,DAYLIGHT,,,7/30/2019 8:14:56 AM,False,6030,Accepted,
25402974,0568000,LOUISVILLE METRO POLICE DEPT,Accepted,JEFFERSON,,,WHISPERING BROOK,DR,,KY1450,BLUE LICK,,,,,38.104190396,-85.693224549,0.002,7/29/2019 12:00:00 AM,1636,2,2,0,0,CLEAR,DRY,False,OTHER INTERSECTION COLLISIONS,REAR END,STRAIGHT & LEVEL,DAYLIGHT,,,7/30/2019 8:19:13 AM,False,7442,Accepted,
25402982,0568000,LOUISVILLE METRO POLICE DEPT,Accepted,JEFFERSON,,,JEFFERSON,ST,W,,8TH,,,,,38.254602317,-85.763982675,0.653,7/29/2019 12:00:00 AM,1715,2,2,0,0,CLEAR,DRY,False,OTHER INTERSECTION COLLISIONS,REAR END,STRAIGHT & LEVEL,DAYLIGHT,,,7/30/2019 8:19:25 AM,False,7463,Accepted,
25402924,0568000,LOUISVILLE METRO POLICE DEPT,Accepted,JEFFERSON,,,12TH,ST,S,,ST LOUIS,,,,,38.231640028,-85.774421408,1.488,7/29/2019 12:00:00 AM,1205,2,2,0,0,CLEAR,DRY,False,OTHER INTERSECTION COLLISIONS,REAR END,STRAIGHT & LEVEL,DAYLIGHT,,,7/30/2019 8:16:24 AM,False,5239,Accepted,
25402986,0568000,LOUISVILLE METRO POLICE DEPT,Accepted,JEFFERSON,US0031E,,BARDSTOWN,RD,,,IONA,,,,,38.152684374,-85.588581543,5.755,7/29/2019 12:00:00 AM,1955,4,4,0,1,CLEAR,DRY,False,OTHER INTERSECTION COLLISIONS,REAR END,STRAIGHT & LEVEL,DAYLIGHT,,,7/30/2019 8:19:37 AM,False,5014,Accepted,
25402937,0568000,LOUISVILLE METRO POLICE DEPT,Accepted,JEFFERSON,KY1931,,ST ANDREWS CHURCH,RD,,,BLANTON,,,,,38.151813341,-85.819620737,4.407,7/29/2019 12:00:00 AM,1256,2,2,0,0,CLEAR,DRY,False,OTHER INTERSECTION COLLISIONS,REAR END,STRAIGHT & LEVEL,DAYLIGHT,,,7/30/2019 8:17:09 AM,False,7356,Accepted,
25402950,0568000,LOUISVILLE METRO POLICE DEPT,Accepted,JEFFERSON,US0031E,,BARDSTOWN,RD,,,BONNYCASTLE,,,,,38.230615683,-85.704471856,14.353,7/29/2019 12:00:00 AM,1520,2,2,0,0,CLEAR,DRY,False,OTHER INTERSECTION COLLISIONS,REAR END,STRAIGHT & LEVEL,DAYLIGHT,,,7/30/2019 8:17:58 AM,False,7403,Accepted,
25402959,0568000,LOUISVILLE METRO POLICE DEPT,Accepted,JEFFERSON,,,4TH,ST,S,,ST CATHERINE,,,,,38.237473888,-85.759902739,1.334,7/29/2019 12:00:00 AM,1729,2,2,0,0,CLEAR,DRY,False,OTHER INTERSECTION COLLISIONS,REAR END,STRAIGHT & LEVEL,DAYLIGHT,,,7/30/2019 8:18:29 AM,False,7495,Accepted,
25407808,0568000,LOUISVILLE METRO POLICE DEPT,Accepted,JEFFERSON,KY0864,,POPLAR LEVEL,RD,,,INDIAN,,,,,38.171330973,-85.684712061,9.234,7/29/2019 12:00:00 AM,1935,2,2,0,0,CLEAR,DRY,True,OTHER INTERSECTION COLLISIONS,REAR END,STRAIGHT & LEVEL,DAYLIGHT,,,7/31/2019 8:16:48 AM,False,7341,Accepted,
25407805,0568000,LOUISVILLE METRO POLICE DEPT,Accepted,JEFFERSON,KY0061,,PRESTON,HWY,,,INDIAN,,,,,38.168746663,-85.706552452,6.338,7/29/2019 12:00:00 AM,2329,1,1,0,1,CLEAR,DRY,False,OTHER INTERSECTION COLLISIONS,SINGLE VEHICLE,STRAIGHT & LEVEL,DARK-HWY LIGHTED/ON,,,7/31/2019 8:16:34 AM,False,5178,Accepted,
25407744,0568000,LOUISVILLE METRO POLICE DEPT,Accepted,JEFFERSON,US0060,,SHELBYVILLE,RD,,,WILDWOOD,,,,,38.246132463,-85.573299029,8.058,7/29/2019 12:00:00 AM,1620,2,2,0,0,CLEAR,DRY,False,OTHER INTERSECTION COLLISIONS,REAR END,STRAIGHT & LEVEL,DAYLIGHT,,,7/31/2019 8:13:51 AM,False,7899,Accepted,
25476254,0568000,LOUISVILLE METRO POLICE DEPT,Accepted,JEFFERSON,US0150,,BROADWAY,,E,,HANCOCK,,,,,38.245061687,-85.743675274,3.181,7/29/2019 12:00:00 AM,0935,2,2,0,0,CLEAR,DRY,False,OTHER INTERSECTION COLLISIONS,REAR END,STRAIGHT & LEVEL,DAYLIGHT,,,8/15/2019 8:32:38 AM,False,2406,Accepted,
25471256,0568000,LOUISVILLE METRO POLICE DEPT,Accepted,JEFFERSON,,,BROADWAY,,W,,29TH,,,,,38.249608707,-85.799885494,0.636,7/29/2019 12:00:00 AM,1400,2,2,0,0,CLEAR,DRY,False,OTHER INTERSECTION COLLISIONS,REAR END,STRAIGHT & LEVEL,DAYLIGHT,,,8/14/2019 8:43:55 AM,False,7271,Accepted,
25402960,0568000,LOUISVILLE METRO POLICE DEPT,Accepted,JEFFERSON,,,ROCK CREEK,DR,,,,,HOMESTEAD,,HUNTINGTON,38.242669631,-85.669762556,0.383,7/29/2019 12:00:00 AM,1811,2,1,0,0,CLEAR,DRY,False,COLLISION WITH PEDESTRIAN NON - INTERSECTION,SINGLE VEHICLE,STRAIGHT & LEVEL,DAYLIGHT,,,7/30/2019 8:18:32 AM,False,7403,Accepted,
25402936,0568000,LOUISVILLE METRO POLICE DEPT,Accepted,JEFFERSON,KY1065,1901,OUTER,LOOP,,,,,,,,38.132240808,-85.728043762,3.713,7/29/2019 12:00:00 AM,1304,1,1,0,0,CLEAR,DRY,False,COLLISION WITH FIXED OBJECT NON - INTERSECTION - FIRST EVENT COLLISION 09 - 32 EXCLUDING 16,SINGLE VEHICLE,STRAIGHT & LEVEL,DAYLIGHT,,,7/30/2019 8:17:05 AM,False,2017,Accepted,
25402967,0568000,LOUISVILLE METRO POLICE DEPT,Accepted,JEFFERSON,US0031E,,BARDSTOWN,RD,,,,,,,,38.138223821,-85.581661849,4.650,7/29/2019 12:00:00 AM,1628,2,2,0,0,CLOUDY,DRY,False,REAR END IN TRAFFIC LANES BOTH VEHICLES MOVING,REAR END,STRAIGHT & LEVEL,DAYLIGHT,,,7/30/2019 8:18:54 AM,False,4693,Accepted,
25444040,0568000,LOUISVILLE METRO POLICE DEPT,Accepted,JEFFERSON,KY1747,,HURSTBOURNE,PKWY,S,,,,,,,38.218937483,-85.584279035,11.452,7/29/2019 12:00:00 AM,1655,4,4,0,0,CLEAR,DRY,False,REAR END IN TRAFFIC LANES BOTH VEHICLES MOVING,REAR END,STRAIGHT & LEVEL,DAYLIGHT,,,8/8/2019 8:23:42 AM,False,7864,Accepted,
25402958,0568000,LOUISVILLE METRO POLICE DEPT,Accepted,JEFFERSON,,,ST ANDREWS CHURCH,RD,,,,,,,,38.154042517,-85.814905941,0.021,7/29/2019 12:00:00 AM,1708,2,2,0,0,CLEAR,DRY,True,REAR END IN TRAFFIC LANES BOTH VEHICLES MOVING,REAR END,STRAIGHT & LEVEL,DAYLIGHT,,,7/30/2019 8:18:26 AM,False,7234,Accepted,
25402964,0568000,LOUISVILLE METRO POLICE DEPT,Accepted,JEFFERSON,KY1142,,PALATKA,RD,,,,,,,,38.150564033,-85.775757451,1.421,7/29/2019 12:00:00 AM,0944,2,2,0,0,CLEAR,DRY,False,REAR END IN TRAFFIC LANES BOTH VEHICLES MOVING,REAR END,STRAIGHT & LEVEL,DAYLIGHT,,,7/30/2019 8:18:46 AM,False,7234,Accepted,
25402971,0568000,LOUISVILLE METRO POLICE DEPT,Accepted,JEFFERSON,KY1065,,OUTER,LOOP,,,,,,,,38.137795455,-85.672381626,6.842,7/29/2019 12:00:00 AM,1820,2,2,0,0,CLOUDY,DRY,True,REAR END IN TRAFFIC LANES BOTH VEHICLES MOVING,REAR END,STRAIGHT & LEVEL,DAYLIGHT,,,7/30/2019 8:19:06 AM,False,4693,Accepted,
25402946,0568000,LOUISVILLE METRO POLICE DEPT,Accepted,JEFFERSON,I 0064,,I64 W,,,,,,,,,38.236197802,-85.617380003,12.599,7/29/2019 12:00:00 AM,1124,2,2,0,0,CLEAR,DRY,False,REAR END IN TRAFFIC LANES BOTH VEHICLES MOVING,REAR END,STRAIGHT & LEVEL,DAYLIGHT,,,7/30/2019 8:17:44 AM,False,8278,Accepted,
25402930,0568000,LOUISVILLE METRO POLICE DEPT,Accepted,JEFFERSON,KY1065,4200,OUTER,LOOP,,,,,,,,38.138414285,-85.683827451,6.216,7/29/2019 12:00:00 AM,1631,2,2,0,0,CLEAR,DRY,False,REAR END IN TRAFFIC LANES BOTH VEHICLES MOVING,REAR END,STRAIGHT & LEVEL,DAYLIGHT,,,7/30/2019 8:16:43 AM,False,7127,Accepted,
25402963,0568000,LOUISVILLE METRO POLICE DEPT,Accepted,JEFFERSON,I 0064,,I64 W,,,,,,,,,38.234575860,-85.613086172,12.841,7/29/2019 12:00:00 AM,1818,2,2,0,0,CLOUDY,DRY,False,REAR END IN TRAFFIC LANES BOTH VEHICLES MOVING,REAR END,STRAIGHT & LEVEL,DAYLIGHT,,,7/30/2019 8:18:43 AM,False,6954,Accepted,
25407709,0568000,LOUISVILLE METRO POLICE DEPT,Accepted,JEFFERSON,I 0065,,I65 N,,,,,,,,,38.197094346,-85.733639123,131.276,7/29/2019 12:00:00 AM,1248,2,2,0,2,CLEAR,DRY,False,REAR END IN TRAFFIC LANES BOTH VEHICLES MOVING,REAR END,STRAIGHT & LEVEL,DAYLIGHT,,,7/31/2019 8:12:05 AM,False,4656,Accepted,
25403015,0568000,LOUISVILLE METRO POLICE DEPT,Accepted,JEFFERSON,US0060,,SHELBYVILLE,RD,,,,,EDEN,KY1747,HURSTBOURNE,38.246530221,-85.578270130,7.783,7/29/2019 12:00:00 AM,1730,2,2,0,0,CLEAR,DRY,False,REAR END IN TRAFFIC LANES BOTH VEHICLES MOVING,REAR END,STRAIGHT & LEVEL,DAYLIGHT,,,7/30/2019 8:22:48 AM,False,7018,Accepted,
25402993,0568000,LOUISVILLE METRO POLICE DEPT,Accepted,JEFFERSON,,3112,INDIAN LAKE,DR,,,,,,,,38.289334857,-85.545476546,0.658,7/29/2019 12:00:00 AM,1906,2,2,0,0,CLEAR,DRY,False,1 VEHICLE PARKED POSITION (NOT PARKING LOT/DRIVEWAY),ANGLE,STRAIGHT & LEVEL,DAYLIGHT,,,7/30/2019 8:20:00 AM,False,5102,Accepted,
25403003,0568000,LOUISVILLE METRO POLICE DEPT,Accepted,JEFFERSON,,,BROOK,ST,N,,,,,,,38.256162219,-85.749887562,0.019,7/29/2019 12:00:00 AM,2000,2,2,0,0,CLOUDY,WET,True,1 VEHICLE PARKED POSITION (NOT PARKING LOT/DRIVEWAY),SIDESWIPE-SAME DIRECTION,STRAIGHT & GRADE,DAYLIGHT,,,7/30/2019 8:22:23 AM,False,7862,Accepted,