IncidentID,AgencyORI,AgencyName,IncidentStatusDesc,County,RdwyNumber,Street,RoadwayName,StreetSfx,StreetDir,IntersectionRdwy,IntersectionRdwyName,BetweenStRdwy1,BetweenStRdwyName1,BetweenStRdwy2,BetweenStRdwyName2,Latitude,Longitude,Milepoint,CollisionDate,CollisionTime,UnitsInvolved,MotorVehiclesInvolved,NumberKilled,NumberInjured,Weather,RdwyConditionCode,HitandRun,DirAnalysisCode,MannerofCollision,RdwyCharacter,LightCondition,RampFromRdwyId,RampToRdwyId,AcceptedDate,IsSecondaryCollision,OwnerBadge,IncidentStatus,
25407764,0568000,LOUISVILLE METRO POLICE DEPT,Accepted,JEFFERSON,,113,JANE,ST,S,,,,,,,38.252724786,-85.703153361,0.044,7/29/2019 12:00:00 AM,2033,2,2,0,0,CLOUDY,DRY,True,1 VEHICLE PARKED POSITION (NOT PARKING LOT/DRIVEWAY),BACKING,STRAIGHT & LEVEL,DAYLIGHT,,,7/31/2019 8:14:52 AM,False,7304,Accepted,
25402928,0568000,LOUISVILLE METRO POLICE DEPT,Accepted,JEFFERSON,US0031W,6801,DIXIE,HWY,,,,,,,,38.153431194,-85.835663802,12.264,7/29/2019 12:00:00 AM,1215,2,2,0,0,CLEAR,DRY,False,REAR END IN TRAFFIC LANES BOTH VEHICLES MOVING,REAR END,STRAIGHT & LEVEL,DAYLIGHT,,,7/30/2019 8:16:38 AM,False,7224,Accepted,
25402944,0568000,LOUISVILLE METRO POLICE DEPT,Accepted,JEFFERSON,I 0264,,,,,,,,,,,38.189914859,-85.780731278,0.077,7/29/2019 12:00:00 AM,1521,4,4,0,0,CLEAR,DRY,False,REAR END IN TRAFFIC LANES BOTH VEHICLES MOVING,REAR END,STRAIGHT & GRADE,DAYLIGHT,I 0264,KY1865,7/30/2019 8:17:35 AM,False,5237,Accepted,
25586567,0568000,LOUISVILLE METRO POLICE DEPT,Accepted,JEFFERSON,I 0265,,I265 E,,,,,,,,,38.214710411,-85.506335374,24.924,7/29/2019 12:00:00 AM,1742,2,2,0,0,CLEAR,DRY,False,REAR END IN TRAFFIC LANES BOTH VEHICLES MOVING,REAR END,STRAIGHT & LEVEL,DAYLIGHT,,,9/3/2019 12:57:00 PM,False,7764,Accepted,
25444103,0568000,LOUISVILLE METRO POLICE DEPT,Accepted,JEFFERSON,KY1020,8800,NATIONAL,TPKE,,,,,,,,38.122910354,-85.748421405,3.404,7/29/2019 12:00:00 AM,1848,2,2,0,1,CLEAR,DRY,False,1 VEHICLE ENTERING/LEAVING ENTRANCE,ANGLE,STRAIGHT & LEVEL,DAYLIGHT,,,8/8/2019 8:27:19 AM,False,7244,Accepted,
25530255,0568000,LOUISVILLE METRO POLICE DEPT,Accepted,JEFFERSON,,,FACTORY,LN,,,,,,,,38.288988752,-85.511438200,0.053,7/29/2019 12:00:00 AM,0945,2,2,0,1,CLEAR,DRY,False,1 VEHICLE ENTERING/LEAVING ENTRANCE,ANGLE,STRAIGHT & GRADE,DAYLIGHT,,,8/22/2019 8:42:43 AM,False,6532,Accepted,
25403004,0568000,LOUISVILLE METRO POLICE DEPT,Accepted,JEFFERSON,I 0065,,I65 S,,,,,,,,,38.162283306,-85.720859531,128.629,7/29/2019 12:00:00 AM,1143,2,2,0,0,RAINING,WET,False,SIDESWIPE COLLISION - SAME DIRECTION,SIDESWIPE-SAME DIRECTION,CURVE & LEVEL,DARK-HWY LIGHTED/ON,,,7/30/2019 8:22:26 AM,False,7786,Accepted,
25402941,0568000,LOUISVILLE METRO POLICE DEPT,Accepted,JEFFERSON,KY0061,,PRESTON,HWY,,,,,,,,38.105186188,-85.673478727,1.536,7/29/2019 12:00:00 AM,1302,2,2,0,0,CLEAR,DRY,False,SIDESWIPE COLLISION - SAME DIRECTION,SIDESWIPE-SAME DIRECTION,STRAIGHT & LEVEL,DAYLIGHT,,,7/30/2019 8:17:21 AM,False,4693,Accepted,
25412836,0568000,LOUISVILLE METRO POLICE DEPT,Accepted,JEFFERSON,KY1932,,BRECKENRIDGE,LN,,,,,GREENWICH,,HEAVRIN,38.193249421,-85.625592111,0.807,7/29/2019 12:00:00 AM,2227,2,2,0,0,RAINING,WET,True,SIDESWIPE COLLISION - SAME DIRECTION,SIDESWIPE-SAME DIRECTION,STRAIGHT & LEVEL,DARK-HWY LIGHTED/ON,,,8/1/2019 8:18:49 AM,False,7830,Accepted,
25402952,0568000,LOUISVILLE METRO POLICE DEPT,Accepted,JEFFERSON,I 0264,,I264 W,,,,,,,,,38.208019778,-85.676621173,15.305,7/29/2019 12:00:00 AM,1802,2,2,0,0,CLEAR,DRY,False,SIDESWIPE COLLISION - SAME DIRECTION,SIDESWIPE-SAME DIRECTION,STRAIGHT & LEVEL,DAYLIGHT,,,7/30/2019 8:18:07 AM,False,7284,Accepted,
25407691,0568000,LOUISVILLE METRO POLICE DEPT,Accepted,JEFFERSON,KY0022,,BROWNSBORO,RD,,,,,NORTON HEALTHCARE,,CHAMBERLAIN,38.312546473,-85.567924501,4.413,7/29/2019 12:00:00 AM,0833,2,2,0,0,CLEAR,DRY,False,SIDESWIPE COLLISION - SAME DIRECTION,SIDESWIPE-SAME DIRECTION,STRAIGHT & LEVEL,DAYLIGHT,,,7/31/2019 8:11:10 AM,False,7751,Accepted,
25402931,0568000,LOUISVILLE METRO POLICE DEPT,Accepted,JEFFERSON,,,CRITTENDEN,DR,,,,,PARK,,OLD PARK,38.191819892,-85.756619529,0.674,7/29/2019 12:00:00 AM,1611,2,2,0,0,CLEAR,DRY,True,SIDESWIPE COLLISION - SAME DIRECTION,SIDESWIPE-SAME DIRECTION,CURVE & LEVEL,DAYLIGHT,,,7/30/2019 8:16:48 AM,False,7275,Accepted,
25402907,0568000,LOUISVILLE METRO POLICE DEPT,Accepted,JEFFERSON,KY1931,7818,ST ANDREWS CHURCH,RD,,,,,,,,38.151456892,-85.820160929,4.371,7/29/2019 12:00:00 AM,0850,2,2,0,0,CLEAR,DRY,False,SIDESWIPE COLLISION - SAME DIRECTION,SIDESWIPE-SAME DIRECTION,STRAIGHT & LEVEL,DAYLIGHT,,,7/30/2019 8:16:14 AM,False,7356,Accepted,
25402939,0568000,LOUISVILLE METRO POLICE DEPT,Accepted,JEFFERSON,I 0065,,I65 N,,,,,,,,,38.193502937,-85.731952780,130.999,7/29/2019 12:00:00 AM,0800,2,2,0,0,CLEAR,DRY,False,SIDESWIPE COLLISION - SAME DIRECTION,SIDESWIPE-SAME DIRECTION,STRAIGHT & LEVEL,DAYLIGHT,,,7/30/2019 8:17:14 AM,False,4656,Accepted,
25397915,0568000,LOUISVILLE METRO POLICE DEPT,Accepted,JEFFERSON,KY1020,7114,SOUTHSIDE,DR,,,,,,,,38.152586396,-85.765608495,5.686,7/29/2019 12:00:00 AM,0455,2,2,0,0,CLEAR,DRY,True,1 VEHICLE ENTERING/LEAVING ENTRANCE,ANGLE,STRAIGHT & LEVEL,DARK (UNKNOWN ROADWAY LIGHTING),,,7/29/2019 8:45:16 AM,False,5059,Accepted,
25407713,0568000,LOUISVILLE METRO POLICE DEPT,Accepted,JEFFERSON,,,GARLAND,AVE,,,,,,,,38.245818099,-85.808705385,2.248,7/29/2019 12:00:00 AM,1204,2,2,0,3,CLEAR,DRY,False,1 VEHICLE ENTERING/LEAVING ENTRANCE,ANGLE,STRAIGHT & LEVEL,DAYLIGHT,,,7/31/2019 8:12:18 AM,False,7628,Accepted,
25407725,0568000,LOUISVILLE METRO POLICE DEPT,Accepted,JEFFERSON,,,SYCAMORE STATION,PL,,,,,,,,38.222495208,-85.530058035,0.142,7/29/2019 12:00:00 AM,1600,2,2,0,0,CLEAR,DRY,True,COLLISION IN PARKING LOT,HEAD ON,STRAIGHT & LEVEL,DAYLIGHT,,,7/31/2019 8:13:00 AM,False,7899,Accepted,
25400535,0560300,ST. MATTHEWS POLICE DEPARTMENT,Accepted,JEFFERSON,US0060,5000,SHELBYVILLE,RD,,,,,,,,38.250181295,-85.623675912,5.300,7/29/2019 12:00:00 AM,1443,2,2,0,0,CLEAR,DRY,False,COLLISION IN PARKING LOT,ANGLE,STRAIGHT & LEVEL,DAYLIGHT,,,7/29/2019 4:45:45 PM,False,9171,Accepted,
25402890,0568000,LOUISVILLE METRO POLICE DEPT,Accepted,JEFFERSON,I 0265,,,,,,,,,,,38.309060328,-85.573246771,0.208,7/29/2019 12:00:00 AM,0825,2,2,0,0,CLEAR,DRY,False,OTHER RAMP RELATED COLLISIONS NOT LISTED ABOVE,REAR END,CURVE & GRADE,DAYLIGHT,I 0265,KY0022,7/30/2019 8:14:46 AM,False,7313,Accepted,
25407696,0568000,LOUISVILLE METRO POLICE DEPT,Accepted,JEFFERSON,US0042,,US42,,,,,KY0022C,SEMINARY,,MT RAINIER,38.292965614,-85.628402464,6.798,7/29/2019 12:00:00 AM,1552,2,2,0,0,CLOUDY,DRY,False,OTHER ROADWAY OR MID-BLOCK COLLISION,REAR END,STRAIGHT & LEVEL,DAYLIGHT,,,7/31/2019 8:11:28 AM,False,7751,Accepted,
25407704,0568000,LOUISVILLE METRO POLICE DEPT,Accepted,JEFFERSON,,,HAUNZ LN,,,,,,,,,38.317539922,-85.531653413,,7/29/2019 12:00:00 AM,1403,1,1,0,0,CLOUDY,DRY,False,OTHER ROADWAY OR MID-BLOCK COLLISION,SINGLE VEHICLE,STRAIGHT & LEVEL,DAYLIGHT,,,7/31/2019 8:11:45 AM,False,7751,Accepted,
25407705,0568000,LOUISVILLE METRO POLICE DEPT,Accepted,JEFFERSON,I 0064,,I64 E,,,,,,,,,38.222494401,-85.571881965,15.413,7/29/2019 12:00:00 AM,1700,2,2,0,0,CLOUDY,DRY,False,OTHER ROADWAY OR MID-BLOCK COLLISION,REAR END,STRAIGHT & LEVEL,DAYLIGHT,,,7/31/2019 8:11:49 AM,False,7751,Accepted,
25427601,0568000,LOUISVILLE METRO POLICE DEPT,Accepted,JEFFERSON,,7700,ST ANDREWS CHURCH,RD,,,,,,,,38.154200650,-85.814621809,0.015,7/29/2019 12:00:00 AM,1756,2,2,0,1,CLEAR,DRY,False,OTHER ROADWAY OR MID-BLOCK COLLISION,REAR END,STRAIGHT & LEVEL,DAYLIGHT,,,8/5/2019 8:34:39 AM,False,5100,Accepted,
25402979,0568000,LOUISVILLE METRO POLICE DEPT,Accepted,JEFFERSON,KY1020,,SOUTHSIDE,DR,,,,,,,,38.156801623,-85.764713031,5.995,7/29/2019 12:00:00 AM,1550,2,2,0,0,CLEAR,DRY,False,OTHER ROADWAY OR MID-BLOCK COLLISION,REAR END,STRAIGHT & LEVEL,DAYLIGHT,,,7/30/2019 8:19:21 AM,False,7234,Accepted,
25407692,0568000,LOUISVILLE METRO POLICE DEPT,Accepted,JEFFERSON,KY1447,,WESTPORT,RD,,,,,FREYS HILL,,ASSEMBLY,38.292945070,-85.560932816,5.921,7/29/2019 12:00:00 AM,0745,2,2,0,0,CLEAR,DRY,False,OTHER ROADWAY OR MID-BLOCK COLLISION,OPPOSING LEFT TURN,STRAIGHT & LEVEL,DAYLIGHT,,,7/31/2019 8:11:15 AM,False,7751,Accepted,
25402985,0568000,LOUISVILLE METRO POLICE DEPT,Accepted,JEFFERSON,I 0264,,,,,,,,,,,38.186654917,-85.783788048,0.292,7/29/2019 12:00:00 AM,1340,2,2,0,0,CLEAR,DRY,True,OTHER RAMP RELATED COLLISIONS NOT LISTED ABOVE,REAR END,STRAIGHT & LEVEL,DAYLIGHT,I 0264,KY1865,7/30/2019 8:19:34 AM,False,7360,Accepted,
25402943,0568000,LOUISVILLE METRO POLICE DEPT,Accepted,JEFFERSON,I 0265,,I265 W,,,,,,,,,38.177299376,-85.513054551,22.228,7/29/2019 12:00:00 AM,1707,3,3,0,1,CLEAR,DRY,False,OTHER ROADWAY OR MID-BLOCK COLLISION,REAR END,STRAIGHT & LEVEL,DAYLIGHT,,,7/30/2019 8:17:29 AM,False,5233,Accepted,
25402945,0568000,LOUISVILLE METRO POLICE DEPT,Accepted,JEFFERSON,I 0064,,I64 W,,,,,,,,,38.231899550,-85.604988984,13.337,7/29/2019 12:00:00 AM,1722,2,2,0,0,CLOUDY,DRY,False,OTHER ROADWAY OR MID-BLOCK COLLISION,REAR END,STRAIGHT & LEVEL,DAYLIGHT,,,7/30/2019 8:17:41 AM,False,6954,Accepted,
25397920,0568000,LOUISVILLE METRO POLICE DEPT,Accepted,JEFFERSON,KY1931,4079,GREENWOOD,RD,,,,,,,,38.143888738,-85.844681172,2.863,7/28/2019 12:00:00 AM,0538,1,1,0,0,CLEAR,DRY,False,OTHER ROADWAY OR MID-BLOCK COLLISION,SINGLE VEHICLE,STRAIGHT & LEVEL,DARK (UNKNOWN ROADWAY LIGHTING),,,7/29/2019 8:46:00 AM,False,5217,Accepted,
25397883,0568000,LOUISVILLE METRO POLICE DEPT,Accepted,JEFFERSON,KY1865,,TAYLOR,BLVD,,,,,WOODLAWN,,MATHA,38.181940222,-85.783606256,5.201,7/28/2019 12:00:00 AM,1627,2,2,0,0,CLOUDY,DRY,False,1 VEHICLE ENTERING/LEAVING ENTRANCE,ANGLE,STRAIGHT & LEVEL,DAYLIGHT,,,7/29/2019 8:42:28 AM,False,7204,Accepted,
25412755,0568000,LOUISVILLE METRO POLICE DEPT,Accepted,JEFFERSON,,,HIGHLAND,AVE,,,,US0031E,BAXTER,,RUBEL,38.240067909,-85.724667844,0.716,7/28/2019 12:00:00 AM,1617,2,2,0,0,CLEAR,DRY,True,VEHICLE BACKING NON INTERSECTION,BACKING,STRAIGHT & LEVEL,DAYLIGHT,,,8/1/2019 8:15:00 AM,False,2230,Accepted,
25397844,0568000,LOUISVILLE METRO POLICE DEPT,Accepted,JEFFERSON,,500,4TH,ST,S,,,,MUHAMMAD ALI,,CHESTNUT,38.250784614,-85.757551569,0.406,7/28/2019 12:00:00 AM,2349,2,2,0,0,CLEAR,DRY,False,SIDESWIPE COLLISION - SAME DIRECTION,SIDESWIPE-SAME DIRECTION,STRAIGHT & LEVEL,DARK-HWY LIGHTED/ON,,,7/29/2019 8:39:09 AM,False,5199,Accepted,
25397899,0568000,LOUISVILLE METRO POLICE DEPT,Accepted,JEFFERSON,,,SUNNY CROSSING,DR,,,,,SUNNY OAK,,SUNNY STONE,38.187154620,-85.600282651,0.155,7/28/2019 12:00:00 AM,1324,2,2,0,0,CLEAR,DRY,True,SIDESWIPE COLLISION - OPPOSITE DIRECTION,SIDESWIPE-OPPOSITE DIRECTION,CURVE & GRADE,DAYLIGHT,,,7/29/2019 8:43:40 AM,False,7294,Accepted,
25397840,0568000,LOUISVILLE METRO POLICE DEPT,Accepted,JEFFERSON,I 0064,,I64 W,,,,,,,,,38.226199513,-85.587244414,14.379,7/28/2019 12:00:00 AM,0930,1,1,0,6,CLEAR,DRY,False,OTHER COLLISIONS ON SHOULDER,SINGLE VEHICLE,STRAIGHT & LEVEL,DAYLIGHT,,,7/29/2019 8:38:46 AM,False,7358,Accepted,
25476329,0568000,LOUISVILLE METRO POLICE DEPT,Accepted,JEFFERSON,KY0061,,PRESTON,HWY,,,,,MEADOW,,PRESTON,38.178719296,-85.717026949,7.239,7/28/2019 12:00:00 AM,2244,2,2,0,0,CLEAR,DRY,False,SIDESWIPE COLLISION - SAME DIRECTION,SIDESWIPE-SAME DIRECTION,STRAIGHT & LEVEL,DARK-HWY LIGHTED/ON,,,8/15/2019 8:37:40 AM,False,7431,Accepted,
25804701,0568000,LOUISVILLE METRO POLICE DEPT,Accepted,JEFFERSON,I 0265,,I265 E,,,,,I 0265,I265 E EXIT19 ON RAMP FROM KY1819,I 0265,I265 E EXIT23 OFF RAMP TO KY155,38.150766166,-85.538159973,19.914,7/28/2019 12:00:00 AM,1620,2,2,0,0,CLEAR,DRY,True,REAR END IN TRAFFIC LANES BOTH VEHICLES MOVING,REAR END,STRAIGHT & LEVEL,DAYLIGHT,,,10/21/2019 11:52:39 AM,False,7991,Accepted,
25397852,0568000,LOUISVILLE METRO POLICE DEPT,Accepted,JEFFERSON,KY1020,4204,SOUTHERN,PKWY,,,,,,,,38.193314702,-85.766768698,8.632,7/28/2019 12:00:00 AM,1338,2,2,0,0,CLEAR,DRY,False,1 VEHICLE PARKED POSITION (NOT PARKING LOT/DRIVEWAY),ANGLE,STRAIGHT & LEVEL,DAYLIGHT,,,7/29/2019 8:39:38 AM,False,5230,Accepted,
25397901,0568000,LOUISVILLE METRO POLICE DEPT,Accepted,JEFFERSON,,4133,5TH,ST,S,,,,,,,38.192356578,-85.768307567,1.162,7/28/2019 12:00:00 AM,0817,3,3,0,0,CLEAR,DRY,False,1 VEHICLE PARKED POSITION (NOT PARKING LOT/DRIVEWAY),REAR END,STRAIGHT & LEVEL,DAYLIGHT,,,7/29/2019 8:43:47 AM,False,7433,Accepted,
25397893,0568000,LOUISVILLE METRO POLICE DEPT,Accepted,JEFFERSON,KY0907,5408,VALLEY STATION,RD,,,,,,,,38.105296652,-85.856989722,0.571,7/28/2019 12:00:00 AM,0926,2,2,0,0,CLEAR,DRY,False,REAR END IN TRAFFIC LANES BOTH VEHICLES MOVING,REAR END,STRAIGHT & LEVEL,DAYLIGHT,,,7/29/2019 8:42:48 AM,False,2311,Accepted,
25412829,0568000,LOUISVILLE METRO POLICE DEPT,Accepted,JEFFERSON,US0031W,,DIXIE,HWY,,,,,PARAMOUNT,,OAK PARK,38.135123902,-85.844790379,10.871,7/28/2019 12:00:00 AM,1810,2,2,0,1,CLEAR,DRY,False,REAR END IN TRAFFIC LANES BOTH VEHICLES MOVING,REAR END,STRAIGHT & LEVEL,DAWN,,,8/1/2019 8:18:26 AM,False,2509,Accepted,
25397871,0568000,LOUISVILLE METRO POLICE DEPT,Accepted,JEFFERSON,I 0264,,I264 E,,,,,,,,,38.217759389,-85.658530562,16.500,7/28/2019 12:00:00 AM,1838,1,1,0,0,CLEAR,DRY,False,COLLISION WITH FIXED OBJECT NON - INTERSECTION - FIRST EVENT COLLISION 09 - 32 EXCLUDING 16,SINGLE VEHICLE,STRAIGHT & LEVEL,DAYLIGHT,,,7/29/2019 8:41:09 AM,False,7960,Accepted,
25407778,0568000,LOUISVILLE METRO POLICE DEPT,Accepted,JEFFERSON,,,RAGGARD,RD,,KY1934,GREENBELT,,,,,38.174563882,-85.871169262,0.008,7/28/2019 12:00:00 AM,1731,2,2,0,0,CLEAR,DRY,False,OTHER INTERSECTION COLLISIONS,REAR END,STRAIGHT & LEVEL,DAYLIGHT,,,7/31/2019 8:15:59 AM,False,7817,Accepted,
25397924,0568000,LOUISVILLE METRO POLICE DEPT,Accepted,JEFFERSON,,,TEXAS,AVE,,KY0864,GOSS,,,,,38.226167947,-85.733640107,0.831,7/28/2019 12:00:00 AM,1840,2,2,0,0,CLEAR,DRY,True,OTHER INTERSECTION COLLISIONS,REAR END,STRAIGHT & GRADE,DAYLIGHT,,,7/29/2019 8:46:25 AM,False,7472,Accepted,
25397917,0568000,LOUISVILLE METRO POLICE DEPT,Accepted,JEFFERSON,KY1932,,BRECKENRIDGE,LN,,,REDDING,,,,,38.189899134,-85.625809776,0.595,7/28/2019 12:00:00 AM,2055,2,2,0,1,CLEAR,DRY,False,OTHER INTERSECTION COLLISIONS,REAR END,STRAIGHT & LEVEL,DUSK,,,7/29/2019 8:45:39 AM,False,7492,Accepted,
25397865,0568000,LOUISVILLE METRO POLICE DEPT,Accepted,JEFFERSON,US0060A,,EASTERN,PKWY,,KY0061,PRESTON,,,,,38.214808516,-85.742644465,4.528,7/28/2019 12:00:00 AM,0453,2,2,0,0,CLEAR,DRY,False,OTHER INTERSECTION COLLISIONS,REAR END,STRAIGHT & LEVEL,DARK-HWY LIGHTED/ON,,,7/29/2019 8:40:34 AM,False,5204,Accepted,
25397942,0568000,LOUISVILLE METRO POLICE DEPT,Accepted,JEFFERSON,KY3222,7611,ROSE ISLAND,RD,,,,,,,,38.359796913,-85.613952269,0.320,7/28/2019 12:00:00 AM,0444,1,1,0,1,CLEAR,DRY,False,RAN OFF ROADWAY (1 VEHICLE WITH/EARTH EMBANKMENT/DITCH),SINGLE VEHICLE,CURVE & LEVEL,DAWN,,,7/29/2019 8:48:03 AM,False,5155,Accepted,
25397881,0568000,LOUISVILLE METRO POLICE DEPT,Accepted,JEFFERSON,,1013,KENTUCKY,ST,E,,,,,,,38.235751191,-85.734829979,1.109,7/28/2019 12:00:00 AM,1927,2,2,0,0,CLEAR,DRY,True,1 VEHICLE ENTERING OR LEAVING PARKED POSITION (NOT PARKING LOT),ANGLE,STRAIGHT & LEVEL,DAYLIGHT,,,7/29/2019 8:42:25 AM,False,5196,Accepted,
25397875,0568000,LOUISVILLE METRO POLICE DEPT,Accepted,JEFFERSON,KY2860,2395,GRINSTEAD,DR,,,,,RAY,,GRINSTEAD,38.242641393,-85.710984342,0.640,7/28/2019 12:00:00 AM,0823,1,1,0,0,CLEAR,DRY,False,COLLISION WITH FIXED OBJECT NON - INTERSECTION - FIRST EVENT COLLISION 09 - 32 EXCLUDING 16,SINGLE VEHICLE,STRAIGHT & LEVEL,DARK-HWY LIGHTED/ON,,,7/29/2019 8:41:23 AM,False,7129,Accepted,
25397932,0568000,LOUISVILLE METRO POLICE DEPT,Accepted,JEFFERSON,,,HOPEWELL,RD,,,,,NEW HOPEWELL,,POTTS,38.181058399,-85.504411488,0.092,7/28/2019 12:00:00 AM,1507,1,1,0,1,CLEAR,DRY,False,COLLISION WITH FIXED OBJECT NON - INTERSECTION - FIRST EVENT COLLISION 09 - 32 EXCLUDING 16,SINGLE VEHICLE,STRAIGHT & LEVEL,DAYLIGHT,,,7/29/2019 8:47:23 AM,False,7278,Accepted,
25433396,0568000,LOUISVILLE METRO POLICE DEPT,Accepted,JEFFERSON,,1102,LONGFIELD,AVE,,,,,,,,38.198706050,-85.774468805,,7/28/2019 12:00:00 AM,1929,1,1,0,0,CLEAR,DRY,False,COLLISION WITH FIXED OBJECT NON - INTERSECTION - FIRST EVENT COLLISION 09 - 32 EXCLUDING 16,SINGLE VEHICLE,STRAIGHT & LEVEL,DAYLIGHT,,,8/6/2019 8:36:39 AM,False,5175,Accepted,
25397913,0568000,LOUISVILLE METRO POLICE DEPT,Accepted,JEFFERSON,,,BLUEGRASS,AVE,,,,,HENRY,,PEACHTREE,38.179971658,-85.779967686,1.034,7/28/2019 12:00:00 AM,0404,2,2,0,0,CLEAR,DRY,False,1 VEHICLE PARKED POSITION (NOT PARKING LOT/DRIVEWAY),HEAD ON,STRAIGHT & LEVEL,DARK-HWY LIGHTED/ON,,,7/29/2019 8:45:00 AM,False,7032,Accepted,
25397845,0568000,LOUISVILLE METRO POLICE DEPT,Accepted,JEFFERSON,US0150,914,BROADWAY,,E,,,,,,,38.244681656,-85.738800815,3.384,7/28/2019 12:00:00 AM,1300,2,2,0,0,CLEAR,DRY,False,1 VEHICLE PARKED POSITION (NOT PARKING LOT/DRIVEWAY),SIDESWIPE-SAME DIRECTION,STRAIGHT & GRADE,DAYLIGHT,,,7/29/2019 8:39:13 AM,False,2661,Accepted,
25429830,0568000,LOUISVILLE METRO POLICE DEPT,Accepted,JEFFERSON,KY1447,,WESTPORT,RD,,,CHAMBERLAIN,,,,,38.299416126,-85.541527116,7.049,7/28/2019 12:00:00 AM,1211,3,3,0,0,CLEAR,DRY,False,OTHER INTERSECTION COLLISIONS,REAR END,STRAIGHT & LEVEL,DAYLIGHT,,,8/5/2019 1:42:10 PM,False,7858,Accepted,
25787936,0568000,LOUISVILLE METRO POLICE DEPT,Accepted,JEFFERSON,KY1020,,NATIONAL,TPKE,,KY1065,OUTER,,,,,38.126989137,-85.748948550,3.664,7/28/2019 12:00:00 AM,1850,2,2,0,0,CLEAR,DRY,False,OTHER INTERSECTION COLLISIONS,REAR END,STRAIGHT & LEVEL,DUSK,,,10/17/2019 8:42:31 AM,False,7263,Accepted,
25397914,0568000,LOUISVILLE METRO POLICE DEPT,Accepted,JEFFERSON,I 0264,,I264 E,,,I 0065,I65 N,,,,,38.189925778,-85.734314411,11.819,7/28/2019 12:00:00 AM,0312,2,2,0,0,CLEAR,DRY,True,SIDESWIPE-SAME DIRECTION,SIDESWIPE-SAME DIRECTION,STRAIGHT & LEVEL,DARK-HWY LIGHTED/ON,,,7/29/2019 8:45:06 AM,False,5204,Accepted,
25397846,0568000,LOUISVILLE METRO POLICE DEPT,Accepted,JEFFERSON,I 0071,,I71 S,,,I 0071,I71 S EXIT9B OFF RAMP TO KY841 N,,,,,38.315816318,-85.580248864,9.194,7/28/2019 12:00:00 AM,2327,2,2,0,0,CLEAR,DRY,False,SIDESWIPE-SAME DIRECTION,SIDESWIPE-SAME DIRECTION,STRAIGHT & LEVEL,DARK-HWY NOT LIGHTED,,,7/29/2019 8:39:17 AM,False,5128,Accepted,
25397854,0568000,LOUISVILLE METRO POLICE DEPT,Accepted,JEFFERSON,KY1065,,OUTER,LOOP,,,AIR COMMERCE,,,,,38.134787230,-85.719216627,4.230,7/28/2019 12:00:00 AM,1806,2,2,0,0,CLEAR,DRY,True,SIDESWIPE-SAME DIRECTION,SIDESWIPE-SAME DIRECTION,STRAIGHT & LEVEL,DAYLIGHT,,,7/29/2019 8:39:45 AM,False,7354,Accepted,
25397849,0568000,LOUISVILLE METRO POLICE DEPT,Accepted,JEFFERSON,US0060A,,TAYLOR,BLVD,,,ARCADE,,,,,38.202129318,-85.781496192,1.890,7/28/2019 12:00:00 AM,0256,2,2,0,0,CLEAR,DRY,True,SIDESWIPE-SAME DIRECTION,SIDESWIPE-SAME DIRECTION,STRAIGHT & LEVEL,DARK-HWY LIGHTED/ON,,,7/29/2019 8:39:27 AM,False,5053,Accepted,
25397908,0568000,LOUISVILLE METRO POLICE DEPT,Accepted,JEFFERSON,KY1065,,OUTER,LOOP,,,AIR COMMERCE,,,,,38.134756268,-85.719243817,4.222,7/28/2019 12:00:00 AM,1806,2,2,0,0,CLEAR,DRY,True,SIDESWIPE-SAME DIRECTION,SIDESWIPE-SAME DIRECTION,STRAIGHT & LEVEL,DAYLIGHT,,,7/29/2019 8:44:28 AM,False,7269,Accepted,
25429826,0568000,LOUISVILLE METRO POLICE DEPT,Accepted,JEFFERSON,US0060,,SHELBYVILLE,RD,,,LAKE FOREST,,,,,38.240536770,-85.493528038,12.580,7/28/2019 12:00:00 AM,1354,2,2,0,0,CLEAR,DRY,False,OPPOSING LEFT TURN,OPPOSING LEFT TURN,STRAIGHT & LEVEL,DAYLIGHT,,,8/5/2019 1:41:51 PM,False,7858,Accepted,
25397869,0568000,LOUISVILLE METRO POLICE DEPT,Accepted,JEFFERSON,KY0155,,TAYLORSVILLE,RD,,KY1932,BRECKENRIDGE,,,,,38.220087409,-85.630513701,13.595,7/28/2019 12:00:00 AM,1428,2,2,0,0,CLEAR,DRY,False,REAR END - ONE VEHICLE TURNING RIGHT,REAR END,STRAIGHT & LEVEL,DAYLIGHT,,,7/29/2019 8:40:59 AM,False,7059,Accepted,
25397892,0568000,LOUISVILLE METRO POLICE DEPT,Accepted,JEFFERSON,US0060,,SHELBYVILLE,RD,,I 0264,I264 E EXIT20A OFF RAMP TO US60 W,,,,,38.249652438,-85.617413070,5.644,7/28/2019 12:00:00 AM,1215,2,2,0,1,CLEAR,DRY,False,ANGLE COLLISION - ONE VEHICLE TURNING RIGHT,ANGLE,STRAIGHT & LEVEL,DAYLIGHT,,,7/29/2019 8:42:41 AM,False,5228,Accepted,
25397889,0568000,LOUISVILLE METRO POLICE DEPT,Accepted,JEFFERSON,US0150,,BROADWAY,,W,,4TH,,,,,38.246092049,-85.758322747,2.379,7/28/2019 12:00:00 AM,1131,2,2,0,0,CLEAR,DRY,False,COLLISION WITH PARKED VEHICLE,SIDESWIPE-SAME DIRECTION,STRAIGHT & LEVEL,DAYLIGHT,,,7/29/2019 8:42:34 AM,False,5168,Accepted,