IncidentID,AgencyORI,AgencyName,IncidentStatusDesc,County,RdwyNumber,Street,RoadwayName,StreetSfx,StreetDir,IntersectionRdwy,IntersectionRdwyName,BetweenStRdwy1,BetweenStRdwyName1,BetweenStRdwy2,BetweenStRdwyName2,Latitude,Longitude,Milepoint,CollisionDate,CollisionTime,UnitsInvolved,MotorVehiclesInvolved,NumberKilled,NumberInjured,Weather,RdwyConditionCode,HitandRun,DirAnalysisCode,MannerofCollision,RdwyCharacter,LightCondition,RampFromRdwyId,RampToRdwyId,AcceptedDate,IsSecondaryCollision,OwnerBadge,IncidentStatus,
25397922,0568000,LOUISVILLE METRO POLICE DEPT,Accepted,JEFFERSON,US0031E,,BAXTER,AVE,,,BRECKINRIDGE,,,,,38.242742251,-85.726209109,15.829,7/28/2019 12:00:00 AM,0027,2,2,0,0,CLEAR,DRY,False,ANGLE COLLISION - OTHER,ANGLE,STRAIGHT & LEVEL,DARK-HWY LIGHTED/ON,,,7/29/2019 8:46:20 AM,False,5240,Accepted,
25397929,0568000,LOUISVILLE METRO POLICE DEPT,Accepted,JEFFERSON,US0031W,,DIXIE,HWY,,,WATSON,,,,,38.056188786,-85.890678570,4.811,7/28/2019 12:00:00 AM,1426,2,2,0,0,CLEAR,DRY,False,ANGLE COLLISION - OTHER,ANGLE,STRAIGHT & LEVEL,DAYLIGHT,,,7/29/2019 8:47:04 AM,False,6010,Accepted,
25397937,0568000,LOUISVILLE METRO POLICE DEPT,Accepted,JEFFERSON,KY1065,,OUTER,LOOP,,KY6162,MINOR,,,,,38.136542447,-85.713440315,4.571,7/28/2019 12:00:00 AM,2232,2,2,0,0,CLEAR,DRY,False,ANGLE COLLISION - OTHER,ANGLE,STRAIGHT & LEVEL,DARK-HWY LIGHTED/ON,,,7/29/2019 8:47:43 AM,False,5214,Accepted,
25397904,0568000,LOUISVILLE METRO POLICE DEPT,Accepted,JEFFERSON,,,DUNCAN,ST,,,21ST,,,,,38.262442213,-85.784650918,0.423,7/28/2019 12:00:00 AM,0343,2,2,0,1,CLOUDY,DRY,False,ANGLE COLLISION - OTHER,ANGLE,CURVE & LEVEL,DARK-HWY LIGHTED/ON,,,7/29/2019 8:44:12 AM,False,7190,Accepted,
25397863,0568000,LOUISVILLE METRO POLICE DEPT,Accepted,JEFFERSON,KY0061,,PRESTON,HWY,,KY2845,MANSLICK,,,,,38.118010415,-85.677233191,2.453,7/28/2019 12:00:00 AM,1016,2,2,0,0,CLEAR,DRY,False,ANGLE COLLISION - OTHER,ANGLE,STRAIGHT & GRADE,DAYLIGHT,,,7/29/2019 8:40:26 AM,False,7269,Accepted,
25397944,0568000,LOUISVILLE METRO POLICE DEPT,Accepted,JEFFERSON,,,DIXIE,HWY,,KY2054,ALGONQUIN,,,,,38.223150643,-85.792542812,1.866,7/28/2019 12:00:00 AM,1335,3,3,0,5,CLEAR,DRY,False,ANGLE COLLISION - OTHER,ANGLE,STRAIGHT & LEVEL,DAYLIGHT,,,7/29/2019 8:48:10 AM,False,5253,Accepted,
25402896,0568000,LOUISVILLE METRO POLICE DEPT,Accepted,JEFFERSON,US0031W,,MARKET,ST,W,,ROY WILKINS,,,,,38.256216237,-85.765784362,21.324,7/28/2019 12:00:00 AM,0141,2,2,0,0,CLEAR,DRY,False,ANGLE COLLISION - OTHER,ANGLE,STRAIGHT & LEVEL,DARK-HWY LIGHTED/ON,,,7/30/2019 8:15:43 AM,False,7463,Accepted,
25397859,0568000,LOUISVILLE METRO POLICE DEPT,Accepted,JEFFERSON,,,16TH,ST,S,,MAGAZINE,,,,,38.249831081,-85.777989144,0.625,7/28/2019 12:00:00 AM,1301,2,2,0,1,CLEAR,DRY,False,ANGLE COLLISION - OTHER,ANGLE,STRAIGHT & LEVEL,DAYLIGHT,,,7/29/2019 8:40:04 AM,False,5108,Accepted,
25397867,0568000,LOUISVILLE METRO POLICE DEPT,Accepted,JEFFERSON,KY1931,,MANSLICK,RD,,,CRUMS,,,,,38.189256194,-85.801199928,7.924,7/28/2019 12:00:00 AM,1849,2,2,0,2,CLEAR,DRY,False,ANGLE COLLISION - OTHER,ANGLE,STRAIGHT & LEVEL,DAYLIGHT,,,7/29/2019 8:40:47 AM,False,7402,Accepted,
25407905,0568000,LOUISVILLE METRO POLICE DEPT,Accepted,JEFFERSON,,,BROADWAY,,W,,26TH,,,,,38.249468574,-85.794981938,0.358,7/27/2019 12:00:00 AM,1447,2,2,0,1,CLEAR,DRY,False,ANGLE COLLISION - OTHER,ANGLE,STRAIGHT & LEVEL,DAYLIGHT,,,7/31/2019 8:24:58 AM,False,5251,Accepted,
25397710,0568000,LOUISVILLE METRO POLICE DEPT,Accepted,JEFFERSON,US0060,,FRANKFORT,AVE,,,EWING,,,,,38.253752808,-85.699873378,1.120,7/27/2019 12:00:00 AM,1245,2,2,0,1,CLEAR,DRY,False,ANGLE COLLISION - OTHER,ANGLE,STRAIGHT & LEVEL,DAYLIGHT,,,7/29/2019 8:31:16 AM,False,5236,Accepted,
25459908,0568000,LOUISVILLE METRO POLICE DEPT,Accepted,JEFFERSON,,,CHESTNUT,ST,W,,28TH,,,,,38.253387766,-85.797619092,0.179,7/27/2019 12:00:00 AM,1733,3,3,0,2,CLEAR,DRY,True,ANGLE COLLISION - OTHER,ANGLE,STRAIGHT & LEVEL,DAYLIGHT,,,8/12/2019 8:56:58 AM,False,7361,Accepted,
25397873,0568000,LOUISVILLE METRO POLICE DEPT,Accepted,JEFFERSON,US0031E,,MARKET,ST,E,,WENZEL,,,,,38.252750248,-85.734006309,16.715,7/27/2019 12:00:00 AM,2337,2,2,0,0,CLEAR,DRY,True,ANGLE COLLISION - OTHER,ANGLE,STRAIGHT & LEVEL,DARK-HWY LIGHTED/ON,,,7/29/2019 8:41:16 AM,False,7316,Accepted,
25397781,0568000,LOUISVILLE METRO POLICE DEPT,Accepted,JEFFERSON,KY1932,,BRECKENRIDGE,LN,,,SIX MILE,,,,,38.197641252,-85.625117218,1.132,7/27/2019 12:00:00 AM,0744,2,2,0,1,CLEAR,DRY,False,ANGLE COLLISION - OTHER,ANGLE,STRAIGHT & GRADE,DAYLIGHT,,,7/29/2019 8:34:50 AM,False,7294,Accepted,
25397794,0568000,LOUISVILLE METRO POLICE DEPT,Accepted,JEFFERSON,,,STONESTREET,RD,,,SILVERWOOD,,,,,38.107253777,-85.834932588,1.625,7/27/2019 12:00:00 AM,0849,2,2,0,0,CLEAR,DRY,False,ANGLE COLLISION - OTHER,ANGLE,STRAIGHT & LEVEL,DAYLIGHT,,,7/29/2019 8:35:22 AM,False,5220,Accepted,
25397827,0568000,LOUISVILLE METRO POLICE DEPT,Accepted,JEFFERSON,KY1020,,SOUTHERN,PKWY,,,FAIRMONT,,,,,38.195333355,-85.766810283,8.766,7/27/2019 12:00:00 AM,1224,2,2,0,0,CLEAR,DRY,False,ANGLE COLLISION - OTHER,ANGLE,STRAIGHT & LEVEL,DAYLIGHT,,,7/29/2019 8:37:47 AM,False,5230,Accepted,
25397782,0568000,LOUISVILLE METRO POLICE DEPT,Accepted,JEFFERSON,,,39TH,ST,N,,MIAMI,,,,,38.272721283,-85.811613712,0.103,7/27/2019 12:00:00 AM,1429,2,2,0,0,CLOUDY,DRY,False,ANGLE COLLISION - OTHER,ANGLE,STRAIGHT & LEVEL,DAYLIGHT,,,7/29/2019 8:34:56 AM,False,7439,Accepted,
25397843,0568000,LOUISVILLE METRO POLICE DEPT,Accepted,JEFFERSON,KY1931,,MANSLICK,RD,,,MANSLICK,,,,,38.191676929,-85.800778333,8.105,7/27/2019 12:00:00 AM,2131,2,2,0,1,CLEAR,DRY,False,ANGLE COLLISION - OTHER,ANGLE,CURVE & LEVEL,DARK-HWY LIGHTED/OFF,,,7/29/2019 8:39:02 AM,False,7468,Accepted,
25397921,0568000,LOUISVILLE METRO POLICE DEPT,Accepted,JEFFERSON,,3700,PINECROFT,DR,,,NAPLES,,,,,38.133824116,-85.695038842,0.380,7/27/2019 12:00:00 AM,0035,2,2,0,0,CLEAR,DRY,False,COLLISION WITH PARKED VEHICLE,SIDESWIPE-SAME DIRECTION,STRAIGHT & LEVEL,DARK-HWY NOT LIGHTED,,,7/29/2019 8:46:08 AM,False,6360,Accepted,
25397774,0568000,LOUISVILLE METRO POLICE DEPT,Accepted,JEFFERSON,,,SOUTHERN,AVE,,,32ND,,,,,38.232095037,-85.808304232,0.353,7/27/2019 12:00:00 AM,1237,2,2,0,0,CLEAR,DRY,False,COLLISION WITH PARKED VEHICLE,SIDESWIPE-SAME DIRECTION,STRAIGHT & LEVEL,DAYLIGHT,,,7/29/2019 8:34:04 AM,False,5140,Accepted,
25397841,0568000,LOUISVILLE METRO POLICE DEPT,Accepted,JEFFERSON,,1850,LEE,ST,W,US0031W,22ND,,,,,38.227125184,-85.793555529,0.240,7/27/2019 12:00:00 AM,1614,2,2,0,0,CLEAR,DRY,False,COLLISION WITH PARKED VEHICLE,SIDESWIPE-SAME DIRECTION,STRAIGHT & LEVEL,DAYLIGHT,,,7/29/2019 8:38:51 AM,False,7070,Accepted,
25397777,0568000,LOUISVILLE METRO POLICE DEPT,Accepted,JEFFERSON,,,JOYCE,DR,,,MICHAEL RAY,,,,,38.132752342,-85.652806327,0.502,7/27/2019 12:00:00 AM,1248,2,2,0,0,CLEAR,DRY,False,ANGLE COLLISION - ONE VEHICLE TURNING LEFT,ANGLE,STRAIGHT & HILLCREST,DAYLIGHT,,,7/29/2019 8:34:17 AM,False,6933,Accepted,
25417426,0568000,LOUISVILLE METRO POLICE DEPT,Accepted,JEFFERSON,,,MANNER DALE,DR,,,SUMMERFIELD,,,,,38.200788278,-85.615359446,0.402,7/27/2019 12:00:00 AM,1658,3,3,0,0,CLEAR,DRY,False,ANGLE COLLISION - ONE VEHICLE TURNING RIGHT,ANGLE,STRAIGHT & LEVEL,DAYLIGHT,,,8/2/2019 8:15:25 AM,False,7482,Accepted,
25397877,0568000,LOUISVILLE METRO POLICE DEPT,Accepted,JEFFERSON,US0031W,,MAIN,ST,W,,ROY WILKINS,,,,,38.257595945,-85.765449859,21.439,7/27/2019 12:00:00 AM,1953,2,1,0,1,CLEAR,DRY,False,COLLISION WITH PEDESTRIAN IN INTERSECTION,SINGLE VEHICLE,STRAIGHT & LEVEL,DAYLIGHT,,,7/29/2019 8:42:05 AM,False,7118,Accepted,
25397911,0568000,LOUISVILLE METRO POLICE DEPT,Accepted,JEFFERSON,KY1865,,TAYLOR,BLVD,,,BLUEGRASS,,,,,38.179617404,-85.783269661,5.029,7/27/2019 12:00:00 AM,1152,2,1,0,0,CLEAR,DRY,True,COLLISION WITH BICYCLE IN INTERSECTION,SINGLE VEHICLE,STRAIGHT & LEVEL,DAYLIGHT,,,7/29/2019 8:44:47 AM,False,7183,Accepted,
25397801,0568000,LOUISVILLE METRO POLICE DEPT,Accepted,JEFFERSON,,,ANTLE,DR,,KY6302,OLD KY 61 RD,,,,,38.087487618,-85.668217021,0.128,7/27/2019 12:00:00 AM,1700,2,2,0,0,CLEAR,DRY,False,SIDESWIPE-SAME DIRECTION,SIDESWIPE-SAME DIRECTION,STRAIGHT & LEVEL,DAYLIGHT,,,7/29/2019 8:36:05 AM,False,7955,Accepted,
25397725,0568000,LOUISVILLE METRO POLICE DEPT,Accepted,JEFFERSON,,,41ST,ST,S,,ELLIOTT,,,,,38.253364251,-85.819438565,1.218,7/27/2019 12:00:00 AM,0048,2,2,0,0,CLEAR,DRY,True,SIDESWIPE-SAME DIRECTION,SIDESWIPE-SAME DIRECTION,STRAIGHT & LEVEL,DARK-HWY LIGHTED/ON,,,7/29/2019 8:31:22 AM,False,5057,Accepted,
25397837,0568000,LOUISVILLE METRO POLICE DEPT,Accepted,JEFFERSON,US0150,,BROADWAY,,W,,1ST,,,,,38.245659098,-85.753359492,2.652,7/27/2019 12:00:00 AM,1410,2,2,0,0,CLEAR,DRY,False,SIDESWIPE-SAME DIRECTION,SIDESWIPE-SAME DIRECTION,STRAIGHT & GRADE,DAYLIGHT,,,7/29/2019 8:38:31 AM,False,2661,Accepted,
25459840,0568000,LOUISVILLE METRO POLICE DEPT,Accepted,JEFFERSON,I 0065,,I65 N,,,I 0065,I65 N EXIT135 OFF RAMP TO  E SAINT CATHERINE ST,,,,,38.233703168,-85.750818073,134.404,7/27/2019 12:00:00 AM,0546,2,2,0,0,CLEAR,DRY,False,SIDESWIPE-SAME DIRECTION,SIDESWIPE-SAME DIRECTION,CURVE & LEVEL,DAWN,,,8/12/2019 8:52:33 AM,False,7132,Accepted,
25397822,0568000,LOUISVILLE METRO POLICE DEPT,Accepted,JEFFERSON,,,HIGHLAND,AVE,,,,,,,,38.241725497,-85.721650492,0.916,7/27/2019 12:00:00 AM,1839,2,2,0,0,CLEAR,DRY,False,1 VEHICLE PARKED POSITION (NOT PARKING LOT/DRIVEWAY),SIDESWIPE-SAME DIRECTION,STRAIGHT & LEVEL,DAYLIGHT,,,7/29/2019 8:37:27 AM,False,7083,Accepted,
25397897,0568000,LOUISVILLE METRO POLICE DEPT,Accepted,JEFFERSON,,,PAYNE,ST,,,,,BISHOP,US0031E,BAXTER,38.246472524,-85.728603656,0.133,7/27/2019 12:00:00 AM,2006,2,2,0,0,CLEAR,DRY,False,1 VEHICLE PARKED POSITION (NOT PARKING LOT/DRIVEWAY),SIDESWIPE-SAME DIRECTION,STRAIGHT & LEVEL,DAYLIGHT,,,7/29/2019 8:43:10 AM,False,5240,Accepted,
25397805,0568000,LOUISVILLE METRO POLICE DEPT,Accepted,JEFFERSON,I 0071,,I71 N,,,,,I 0071,I71 N EXIT9A RAMP TO I265 E,I 0071,I71 TURN AROUND8,38.311296236,-85.588695959,8.646,7/27/2019 12:00:00 AM,0255,2,2,0,1,CLEAR,DRY,False,1 VEHICLE PARKED POSITION (NOT PARKING LOT/DRIVEWAY),REAR END,STRAIGHT & LEVEL,DARK-HWY NOT LIGHTED,,,7/29/2019 8:36:27 AM,False,5128,Accepted,
25397798,0568000,LOUISVILLE METRO POLICE DEPT,Accepted,JEFFERSON,,2718,ALANMEDE,RD,,,,,,,,38.220550913,-85.659057826,0.562,7/27/2019 12:00:00 AM,0935,2,2,0,0,CLEAR,DRY,False,1 VEHICLE PARKED POSITION (NOT PARKING LOT/DRIVEWAY),REAR END,STRAIGHT & LEVEL,DAYLIGHT,,,7/29/2019 8:35:49 AM,False,2278,Accepted,
25397895,0568000,LOUISVILLE METRO POLICE DEPT,Accepted,JEFFERSON,,5512,GREEN ACRES,DR,,,,,,,,38.173681438,-85.880848947,0.054,7/27/2019 12:00:00 AM,2047,3,3,0,0,CLEAR,DRY,True,1 VEHICLE PARKED POSITION (NOT PARKING LOT/DRIVEWAY),ANGLE,STRAIGHT & LEVEL,DAYLIGHT,,,7/29/2019 8:42:55 AM,False,5217,Accepted,
25397906,0568000,LOUISVILLE METRO POLICE DEPT,Accepted,JEFFERSON,,,CARDINAL,BLVD,W,,,,4TH,KY1020,3RD,38.220630930,-85.761907105,0.221,7/27/2019 12:00:00 AM,1519,2,2,0,0,CLEAR,DRY,False,1 VEHICLE PARKED POSITION (NOT PARKING LOT/DRIVEWAY),SIDESWIPE-SAME DIRECTION,STRAIGHT & LEVEL,DAYLIGHT,,,7/29/2019 8:44:21 AM,False,7418,Accepted,
25397872,0568000,LOUISVILLE METRO POLICE DEPT,Accepted,JEFFERSON,US0031E,2217,BARDSTOWN,RD,,,,,,,,38.228660500,-85.701430287,14.148,7/27/2019 12:00:00 AM,2123,2,2,0,0,CLEAR,DRY,False,1 VEHICLE PARKED POSITION (NOT PARKING LOT/DRIVEWAY),SIDESWIPE-SAME DIRECTION,STRAIGHT & LEVEL,DARK-HWY LIGHTED/ON,,,7/29/2019 8:41:13 AM,False,2192,Accepted,
25397860,0568000,LOUISVILLE METRO POLICE DEPT,Accepted,JEFFERSON,,6700,CAROLYN,RD,,,,,,,,38.157536052,-85.766843611,0.152,7/27/2019 12:00:00 AM,2245,1,1,0,1,CLEAR,DRY,False,COLLISION WITH FIXED OBJECT NON - INTERSECTION - FIRST EVENT COLLISION 09 - 32 EXCLUDING 16,SINGLE VEHICLE,STRAIGHT & HILLCREST,DARK-HWY LIGHTED/OFF,,,7/29/2019 8:40:09 AM,False,7436,Accepted,
25397804,0568000,LOUISVILLE METRO POLICE DEPT,Accepted,JEFFERSON,KY1065,,OUTER,LOOP,,,,,,,,38.137000783,-85.706615927,4.938,7/27/2019 12:00:00 AM,1025,4,4,0,0,CLEAR,DRY,False,COLLISION WITH FIXED OBJECT NON - INTERSECTION - FIRST EVENT COLLISION 09 - 32 EXCLUDING 16,REAR END,STRAIGHT & GRADE,DAYLIGHT,,,7/29/2019 8:36:23 AM,True,7354,Accepted,
25435849,0564400,INDIAN HILLS POLICE DEPARTMENT,Accepted,JEFFERSON,US0042,,BROWNSBORO,RD,,,CHENOWETH,,,,,38.265836713,-85.665802476,3.887,7/27/2019 12:00:00 AM,2145,2,2,0,0,CLEAR,DRY,False,OTHER INTERSECTION COLLISIONS,REAR END,STRAIGHT & LEVEL,DARK-HWY LIGHTED/ON,,,8/6/2019 3:12:57 PM,False,4430,Accepted,
25397835,0568000,LOUISVILLE METRO POLICE DEPT,Accepted,JEFFERSON,,,3RD,ST,S,,KINGSTON,,,,,38.173081797,-85.767689481,1.776,7/27/2019 12:00:00 AM,2255,2,2,0,1,CLEAR,DRY,False,OTHER INTERSECTION COLLISIONS,REAR END,STRAIGHT & LEVEL,DARK-HWY LIGHTED/ON,,,7/29/2019 8:38:26 AM,False,5204,Accepted,
25397815,0568000,LOUISVILLE METRO POLICE DEPT,Accepted,JEFFERSON,I 0265,,I265 N EXIT33 CROSSOVER KY1447,,,I 0265,I265 N EXIT33 OFF RAMP TO KY1447,,,,,38.297959177,-85.547327946,0.004,7/27/2019 12:00:00 AM,1542,2,2,0,1,CLOUDY,DRY,False,OTHER INTERSECTION COLLISIONS,REAR END,STRAIGHT & LEVEL,DAYLIGHT,,,7/29/2019 8:37:07 AM,False,6830,Accepted,
25397853,0568000,LOUISVILLE METRO POLICE DEPT,Accepted,JEFFERSON,US0031W,,DIXIE,HWY,,KY1849,MOORMAN,,,,,38.085423957,-85.879901963,6.939,7/27/2019 12:00:00 AM,2304,2,2,0,0,CLEAR,DRY,False,OTHER INTERSECTION COLLISIONS,REAR END,STRAIGHT & LEVEL,DARK-HWY LIGHTED/ON,,,7/29/2019 8:39:42 AM,False,5103,Accepted,
25397870,0568000,LOUISVILLE METRO POLICE DEPT,Accepted,JEFFERSON,KY0907,,VALLEY STATION,RD,,US0031W,DIXIE,,,,,38.107639690,-85.866671050,0.003,7/27/2019 12:00:00 AM,1943,2,2,0,0,CLEAR,DRY,False,OTHER INTERSECTION COLLISIONS,REAR END,STRAIGHT & LEVEL,DAYLIGHT,,,7/29/2019 8:41:04 AM,False,7483,Accepted,
25397807,0568000,LOUISVILLE METRO POLICE DEPT,Accepted,JEFFERSON,US0031W,,MARKET,ST,W,,ROY WILKINS,,,,,38.256501341,-85.765048538,21.350,7/27/2019 12:00:00 AM,1044,2,2,0,0,CLEAR,DRY,False,OTHER INTERSECTION COLLISIONS,REAR END,STRAIGHT & LEVEL,DAYLIGHT,,,7/29/2019 8:36:35 AM,False,5168,Accepted,
25434178,0568000,LOUISVILLE METRO POLICE DEPT,Accepted,JEFFERSON,,,3RD,ST,S,KY2801,FLORENCE,,,,,38.191170570,-85.764900093,0.649,7/27/2019 12:00:00 AM,2113,2,2,0,0,CLEAR,DRY,False,OTHER INTERSECTION COLLISIONS,REAR END,STRAIGHT & LEVEL,DUSK,,,8/6/2019 11:00:34 AM,False,2139,Accepted,
25397918,0568000,LOUISVILLE METRO POLICE DEPT,Accepted,JEFFERSON,KY1447,,WESTPORT,RD,,,,,,,,38.299228926,-85.541714680,7.040,7/27/2019 12:00:00 AM,2155,2,2,0,0,CLEAR,DRY,False,REAR END IN TRAFFIC LANES BOTH VEHICLES MOVING,REAR END,STRAIGHT & LEVEL,DARK-HWY LIGHTED/ON,,,7/29/2019 8:45:51 AM,False,7785,Accepted,
25397858,0568000,LOUISVILLE METRO POLICE DEPT,Accepted,JEFFERSON,KY1447,,WESTPORT,RD,,,,,,,,38.299248920,-85.542204398,7.011,7/27/2019 12:00:00 AM,1804,2,2,0,0,CLOUDY,DRY,True,REAR END IN TRAFFIC LANES BOTH VEHICLES MOVING,REAR END,STRAIGHT & LEVEL,DAYLIGHT,,,7/29/2019 8:40:00 AM,False,6830,Accepted,
25397765,0568000,LOUISVILLE METRO POLICE DEPT,Accepted,JEFFERSON,US0031W,,DIXIE,HWY,,,,,,,,38.056024684,-85.890678770,4.801,7/27/2019 12:00:00 AM,1450,3,3,0,6,CLEAR,DRY,False,REAR END IN TRAFFIC LANES BOTH VEHICLES MOVING,REAR END,STRAIGHT & LEVEL,DAYLIGHT,,,7/29/2019 8:33:13 AM,False,6010,Accepted,
25397832,0568000,LOUISVILLE METRO POLICE DEPT,Accepted,JEFFERSON,KY0155,,TAYLORSVILLE,RD,,,,,,,,38.188015912,-85.512696591,6.281,7/27/2019 12:00:00 AM,1546,2,2,0,0,CLEAR,DRY,False,REAR END IN TRAFFIC LANES BOTH VEHICLES MOVING,REAR END,STRAIGHT & LEVEL,DAYLIGHT,,,7/29/2019 8:38:14 AM,False,5156,Accepted,
25397810,0568000,LOUISVILLE METRO POLICE DEPT,Accepted,JEFFERSON,KY1450,,BLUE LICK,RD,,,,,,,,38.117736408,-85.689454201,2.271,7/27/2019 12:00:00 AM,1548,2,2,0,0,CLEAR,DRY,False,REAR END IN TRAFFIC LANES BOTH VEHICLES MOVING,REAR END,STRAIGHT & LEVEL,DAYLIGHT,,,7/29/2019 8:36:50 AM,False,7348,Accepted,
25397857,0568000,LOUISVILLE METRO POLICE DEPT,Accepted,JEFFERSON,,4400,TOWNE CENTER,DR,,,,,,,,38.299187079,-85.556651860,0.280,7/27/2019 12:00:00 AM,2115,2,2,0,0,CLEAR,DRY,True,1 VEHICLE PARKED POSITION (NOT PARKING LOT/DRIVEWAY),SIDESWIPE-SAME DIRECTION,STRAIGHT & LEVEL,DARK-HWY LIGHTED/ON,,,7/29/2019 8:39:56 AM,False,2321,Accepted,
25397874,0568000,LOUISVILLE METRO POLICE DEPT,Accepted,JEFFERSON,,2734,HALE,AVE,,,,,,,,38.239408434,-85.799590074,1.216,7/27/2019 12:00:00 AM,0645,1,1,0,0,CLEAR,DRY,True,1 VEHICLE PARKED POSITION (NOT PARKING LOT/DRIVEWAY),SINGLE VEHICLE,STRAIGHT & LEVEL,UNKNOWN,,,7/29/2019 8:41:19 AM,False,7476,Accepted,
25397760,0568000,LOUISVILLE METRO POLICE DEPT,Accepted,JEFFERSON,KY1020,,3RD,ST,S,,,,MUHAMMAD ALI,,POST OFFICE,38.251068200,-85.755817476,12.455,7/27/2019 12:00:00 AM,0112,2,2,0,0,CLEAR,DRY,False,1 VEHICLE PARKED POSITION (NOT PARKING LOT/DRIVEWAY),REAR END,STRAIGHT & LEVEL,DARK-HWY LIGHTED/ON,,,7/29/2019 8:33:07 AM,False,7823,Accepted,
25397745,0568000,LOUISVILLE METRO POLICE DEPT,Accepted,JEFFERSON,KY1447,,WESTPORT,RD,,,,,,,,38.287943298,-85.571458842,5.285,7/27/2019 12:00:00 AM,1020,2,2,0,0,CLEAR,DRY,False,REAR END IN TRAFFIC LANES BOTH VEHICLES MOVING,REAR END,STRAIGHT & LEVEL,DAYLIGHT,,,7/29/2019 8:31:51 AM,False,6830,Accepted,
25397830,0568000,LOUISVILLE METRO POLICE DEPT,Accepted,JEFFERSON,KY0841,,GENE SNYDER,FWY,,,,,,,,38.322211218,-85.616627226,36.687,7/27/2019 12:00:00 AM,0024,2,2,0,2,CLEAR,DRY,False,REAR END IN TRAFFIC LANES BOTH VEHICLES MOVING,REAR END,STRAIGHT & LEVEL,DARK-HWY LIGHTED/ON,,,7/29/2019 8:38:03 AM,False,7475,Accepted,
25397936,0568000,LOUISVILLE METRO POLICE DEPT,Accepted,JEFFERSON,,,ORMSBY,AVE,E,,,,HANCOCK,KY0061,JACKSON,38.230681972,-85.747061676,0.483,7/27/2019 12:00:00 AM,1156,2,2,0,0,CLEAR,DRY,False,SIDESWIPE COLLISION - SAME DIRECTION,SIDESWIPE-SAME DIRECTION,STRAIGHT & LEVEL,DAYLIGHT,,,7/29/2019 8:47:36 AM,False,7418,Accepted,
25397739,0568000,LOUISVILLE METRO POLICE DEPT,Accepted,JEFFERSON,I 0264,,I264 W,,,,,,,,,38.242468945,-85.622168543,19.232,7/27/2019 12:00:00 AM,1015,2,2,0,0,CLEAR,DRY,False,SIDESWIPE COLLISION - SAME DIRECTION,SIDESWIPE-SAME DIRECTION,STRAIGHT & LEVEL,DAYLIGHT,,,7/29/2019 8:31:41 AM,False,6953,Accepted,
25397855,0568000,LOUISVILLE METRO POLICE DEPT,Accepted,JEFFERSON,US0060,,SHELBYVILLE,RD,,,,,,,,38.245020171,-85.558863499,8.844,7/27/2019 12:00:00 AM,2257,2,2,0,0,CLEAR,DRY,False,SIDESWIPE COLLISION - SAME DIRECTION,SIDESWIPE-SAME DIRECTION,STRAIGHT & LEVEL,DARK-HWY LIGHTED/ON,,,7/29/2019 8:39:49 AM,False,7475,Accepted,
25446089,0560000,JEFFERSON COUNTY SHERIFF DEPT.,Accepted,JEFFERSON,,,1ST,ST,S,,,,,,,38.236621900,-85.755039667,1.355,7/27/2019 12:00:00 AM,1700,2,2,0,0,CLEAR,DRY,False,SIDESWIPE COLLISION - SAME DIRECTION,SIDESWIPE-SAME DIRECTION,STRAIGHT & LEVEL,DAYLIGHT,,,8/8/2019 2:51:36 PM,False,4023,Accepted,
25804595,0568000,LOUISVILLE METRO POLICE DEPT,Accepted,JEFFERSON,US0031E,,BARDSTOWN,RD,,,,,GRINSTEAD,,ELLWOOD,38.238399376,-85.720956999,15.421,7/27/2019 12:00:00 AM,1847,2,2,0,0,CLEAR,DRY,False,SIDESWIPE COLLISION - SAME DIRECTION,SIDESWIPE-SAME DIRECTION,STRAIGHT & LEVEL,DAYLIGHT,,,10/21/2019 11:43:27 AM,False,7129,Accepted,
25397693,0568000,LOUISVILLE METRO POLICE DEPT,Accepted,JEFFERSON,,,4TH,ST,N,US0031W,MAIN,,,,,38.257506017,-85.756413337,0.061,7/27/2019 12:00:00 AM,1303,2,2,0,0,CLEAR,DRY,False,HEAD-ON COLLISION,HEAD ON,STRAIGHT & GRADE,DAYLIGHT,,,7/29/2019 8:30:42 AM,False,5168,Accepted,
25397816,0568000,LOUISVILLE METRO POLICE DEPT,Accepted,JEFFERSON,,5619,RUSTIC,WAY,,,,,,,,38.167668437,-85.671578618,0.088,7/27/2019 12:00:00 AM,0210,2,2,0,0,CLEAR,DRY,True,HEAD-ON COLLISION,HEAD ON,STRAIGHT & LEVEL,DARK-HWY LIGHTED/ON,,,7/29/2019 8:37:11 AM,False,7045,Accepted,
25412803,0568000,LOUISVILLE METRO POLICE DEPT,Accepted,JEFFERSON,US0031E,,BARDSTOWN,RD,,,,,SCHLATTER,,BARDSTOWN FALLS,38.108827611,-85.567389437,2.497,7/27/2019 12:00:00 AM,0730,2,2,0,0,CLEAR,DRY,False,SIDESWIPE COLLISION - SAME DIRECTION,SIDESWIPE-SAME DIRECTION,STRAIGHT & LEVEL,DAYLIGHT,,,8/1/2019 8:16:54 AM,False,6494,Accepted,