IncidentID,AgencyORI,AgencyName,IncidentStatusDesc,County,RdwyNumber,Street,RoadwayName,StreetSfx,StreetDir,IntersectionRdwy,IntersectionRdwyName,BetweenStRdwy1,BetweenStRdwyName1,BetweenStRdwy2,BetweenStRdwyName2,Latitude,Longitude,Milepoint,CollisionDate,CollisionTime,UnitsInvolved,MotorVehiclesInvolved,NumberKilled,NumberInjured,Weather,RdwyConditionCode,HitandRun,DirAnalysisCode,MannerofCollision,RdwyCharacter,LightCondition,RampFromRdwyId,RampToRdwyId,AcceptedDate,IsSecondaryCollision,OwnerBadge,IncidentStatus,
25397741,0568000,LOUISVILLE METRO POLICE DEPT,Accepted,JEFFERSON,,,JEFFERSON,BLVD,,,,,,,,38.156677349,-85.671525593,0.074,7/27/2019 12:00:00 AM,1730,2,2,0,0,CLEAR,DRY,False,1 VEHICLE ENTERING/LEAVING ENTRANCE,ANGLE,STRAIGHT & LEVEL,DAYLIGHT,,,7/29/2019 8:31:46 AM,False,7379,Accepted,
25397850,0568000,LOUISVILLE METRO POLICE DEPT,Accepted,JEFFERSON,KY0864,4744,POPLAR LEVEL,RD,,,,,INDIAN,,VALLA,38.173511330,-85.686464394,9.371,7/27/2019 12:00:00 AM,2222,2,2,0,0,CLEAR,DRY,False,1 VEHICLE ENTERING/LEAVING ENTRANCE,ANGLE,STRAIGHT & LEVEL,DARK-HWY LIGHTED/ON,,,7/29/2019 8:39:33 AM,False,5053,Accepted,
25438849,0568000,LOUISVILLE METRO POLICE DEPT,Accepted,JEFFERSON,US0031W,,22ND,ST,S,,,,,,,38.249339645,-85.788253552,19.552,7/27/2019 12:00:00 AM,1734,2,2,0,2,CLEAR,DRY,False,1 VEHICLE ENTERING/LEAVING ENTRANCE,ANGLE,STRAIGHT & LEVEL,DAYLIGHT,,,8/7/2019 8:24:07 AM,False,7377,Accepted,
25397856,0568000,LOUISVILLE METRO POLICE DEPT,Accepted,JEFFERSON,US0060,2214,FRANKFORT,AVE,,,,,,,,38.253538447,-85.705600114,0.807,7/27/2019 12:00:00 AM,1832,2,2,0,0,CLEAR,DRY,False,1 VEHICLE ENTERING/LEAVING ENTRANCE,ANGLE,STRAIGHT & LEVEL,DAYLIGHT,,,7/29/2019 8:39:52 AM,False,7570,Accepted,
25397938,0568000,LOUISVILLE METRO POLICE DEPT,Accepted,JEFFERSON,KY0061,9100,PRESTON,HWY,,,,,,,,38.119325272,-85.677648546,2.543,7/27/2019 12:00:00 AM,2053,1,1,0,1,CLEAR,DRY,False,OTHER ROADWAY OR MID-BLOCK COLLISION,SINGLE VEHICLE,STRAIGHT & LEVEL,DAYLIGHT,,,7/29/2019 8:47:50 AM,False,7372,Accepted,
25397823,0568000,LOUISVILLE METRO POLICE DEPT,Accepted,JEFFERSON,KY1065,,OUTER,LOOP,,,,,,,,38.137140818,-85.706033286,4.969,7/27/2019 12:00:00 AM,1025,2,2,0,0,CLEAR,DRY,False,OTHER ROADWAY OR MID-BLOCK COLLISION,REAR END,STRAIGHT & LEVEL,DAYLIGHT,,,7/29/2019 8:37:32 AM,False,7348,Accepted,
25412750,0568000,LOUISVILLE METRO POLICE DEPT,Accepted,JEFFERSON,I 0065,,,,,,,,,,,38.189685439,-85.728450500,0.075,7/27/2019 12:00:00 AM,1140,2,2,0,0,CLEAR,DRY,False,OTHER RAMP RELATED COLLISIONS NOT LISTED ABOVE,REAR END,STRAIGHT & LEVEL,DAYLIGHT,I 0065,FREEDOM WAY N,8/1/2019 8:14:43 AM,False,7938,Accepted,
25397928,0568000,LOUISVILLE METRO POLICE DEPT,Accepted,JEFFERSON,,3419,BOHNE,AVE,,,,,,,,38.228365413,-85.813745364,0.311,7/27/2019 12:00:00 AM,2357,2,2,0,0,CLEAR,DRY,False,COLLISION IN PARKING LOT,BACKING,STRAIGHT & LEVEL,DARK-HWY LIGHTED/ON,,,7/29/2019 8:46:52 AM,False,7769,Accepted,
25524801,0568000,LOUISVILLE METRO POLICE DEPT,Accepted,JEFFERSON,,1841,TAYLOR,AVE,,,,,,,,38.201387020,-85.703932871,1.208,7/27/2019 12:00:00 AM,2125,2,2,0,0,CLEAR,DRY,True,COLLISION IN PARKING LOT,BACKING,STRAIGHT & LEVEL,DARK-HWY LIGHTED/ON,,,8/21/2019 8:26:48 AM,False,7972,Accepted,
25397646,0568000,LOUISVILLE METRO POLICE DEPT,Accepted,JEFFERSON,,3165,2ND,ST,S,,,,,,,38.203346129,-85.763214018,2.339,7/26/2019 12:00:00 AM,1740,2,1,0,1,CLEAR,DRY,False,COLLISION IN PARKING LOT,SINGLE VEHICLE,STRAIGHT & LEVEL,DAYLIGHT,,,7/29/2019 8:28:38 AM,False,7872,Accepted,
25397629,0568000,LOUISVILLE METRO POLICE DEPT,Accepted,JEFFERSON,,,ARNOLDTOWN,RD,,KY0907,3RD ST,,,,,38.121617822,-85.803694511,2.288,7/26/2019 12:00:00 AM,1531,2,2,0,0,CLEAR,DRY,True,COLLISION IN PARKING LOT,SIDESWIPE-SAME DIRECTION,STRAIGHT & LEVEL,DAYLIGHT,,,7/29/2019 8:27:55 AM,False,6318,Accepted,
25402956,0568000,LOUISVILLE METRO POLICE DEPT,Accepted,JEFFERSON,I 0065,,,,,,,,,,,38.147577821,-85.712036662,1.109,7/26/2019 12:00:00 AM,1336,2,2,0,0,CLEAR,DRY,False,OTHER RAMP RELATED COLLISIONS NOT LISTED ABOVE,SIDESWIPE-SAME DIRECTION,STRAIGHT & LEVEL,DAYLIGHT,I 0065,KY1631,7/30/2019 8:18:18 AM,False,8278,Accepted,
25397632,0568000,LOUISVILLE METRO POLICE DEPT,Accepted,JEFFERSON,KY0841,,,,,,,,,,,38.100421662,-85.825282247,0.408,7/26/2019 12:00:00 AM,0651,2,2,0,0,CLEAR,DRY,False,OTHER RAMP RELATED COLLISIONS NOT LISTED ABOVE,REAR END,STRAIGHT & LEVEL,DAWN,KY0841,STONESTREET RD,7/29/2019 8:28:07 AM,False,7267,Accepted,
25397770,0568000,LOUISVILLE METRO POLICE DEPT,Accepted,JEFFERSON,KY1934,4136,CANE RUN,RD,,,,,,,,38.203358994,-85.832122449,9.589,7/26/2019 12:00:00 AM,1715,2,2,0,1,CLEAR,DRY,False,OTHER ROADWAY OR MID-BLOCK COLLISION,REAR END,STRAIGHT & LEVEL,DAYLIGHT,,,7/29/2019 8:33:47 AM,False,7420,Accepted,
25397796,0568000,LOUISVILLE METRO POLICE DEPT,Accepted,JEFFERSON,KY1932,,BRECKENRIDGE,LN,,,,,HIKES,,CHURCHILL PARK,38.215845357,-85.627239820,2.518,7/26/2019 12:00:00 AM,1800,2,2,0,0,CLEAR,DRY,False,OTHER ROADWAY OR MID-BLOCK COLLISION,REAR END,CURVE & GRADE,DAYLIGHT,,,7/29/2019 8:35:43 AM,False,7294,Accepted,
25397664,0568000,LOUISVILLE METRO POLICE DEPT,Accepted,JEFFERSON,US0031E,3317,BARDSTOWN,RD,,,,,,,,38.208057857,-85.668552080,11.740,7/26/2019 12:00:00 AM,1637,3,3,0,0,CLEAR,DRY,False,OTHER ROADWAY OR MID-BLOCK COLLISION,REAR END,STRAIGHT & LEVEL,DAYLIGHT,,,7/29/2019 8:29:36 AM,False,7540,Accepted,
25397896,0568000,LOUISVILLE METRO POLICE DEPT,Accepted,JEFFERSON,I 0065,,,,,,,,,,,38.191111588,-85.724788078,0.004,7/26/2019 12:00:00 AM,2226,2,2,0,0,CLEAR,DRY,True,OTHER RAMP RELATED COLLISIONS NOT LISTED ABOVE,SIDESWIPE-SAME DIRECTION,STRAIGHT & LEVEL,DARK-HWY LIGHTED/ON,I 0065,I 0065,7/29/2019 8:43:04 AM,False,5053,Accepted,
25397820,0568000,LOUISVILLE METRO POLICE DEPT,Accepted,JEFFERSON,I 0064,,I 64 EAST,,,,,,,,,38.258506460,-85.744984619,0.098,7/26/2019 12:00:00 AM,2041,2,2,0,0,CLEAR,DRY,False,OTHER RAMP RELATED COLLISIONS NOT LISTED ABOVE,REAR END,STRAIGHT & LEVEL,DAYLIGHT,I 0064,I 0065,7/29/2019 8:37:20 AM,False,7111,Accepted,
25397647,0568000,LOUISVILLE METRO POLICE DEPT,Accepted,JEFFERSON,I 0065,,,,,,,,,,,38.157418766,-85.716333970,0.482,7/26/2019 12:00:00 AM,1604,2,2,0,0,CLOUDY,DRY,False,OTHER RAMP RELATED COLLISIONS NOT LISTED ABOVE,REAR END,CURVE & HILLCREST,DAYLIGHT,I 0065,KY1631,7/29/2019 8:28:41 AM,False,4693,Accepted,
25402938,0568000,LOUISVILLE METRO POLICE DEPT,Accepted,JEFFERSON,I 0065,,I65 N,,,,,,,,,38.199013692,-85.734001820,131.410,7/26/2019 12:00:00 AM,1017,1,1,0,1,CLEAR,DRY,False,OTHER ROADWAY OR MID-BLOCK COLLISION,SINGLE VEHICLE,STRAIGHT & LEVEL,DAYLIGHT,,,7/30/2019 8:17:12 AM,False,4656,Accepted,
25432606,0565000,LYNDON POLICE DEPARTMENT,Accepted,JEFFERSON,KY0022,,BROWNSBORO,RD,,,,KY2050,HERR,,HOLIDAY MANOR,38.283322143,-85.629118140,0.365,7/26/2019 12:00:00 AM,1407,2,1,0,1,CLEAR,DRY,False,OTHER ROADWAY OR MID-BLOCK COLLISION,OPPOSING LEFT TURN,STRAIGHT & LEVEL,DAYLIGHT,,,8/6/2019 3:03:40 AM,False,1345,Accepted,
25397642,0568000,LOUISVILLE METRO POLICE DEPT,Accepted,JEFFERSON,,,DEL PARK,TER,,,,,MAGAZINE,,31ST,38.252546204,-85.802244884,0.022,7/26/2019 12:00:00 AM,1135,1,1,0,0,CLEAR,DRY,False,OTHER ROADWAY OR MID-BLOCK COLLISION,SINGLE VEHICLE,STRAIGHT & LEVEL,DAYLIGHT,,,7/29/2019 8:28:21 AM,False,5251,Accepted,
25412749,0568000,LOUISVILLE METRO POLICE DEPT,Accepted,JEFFERSON,KY1747,,HURSTBOURNE,PKWY,S,,,,,,,38.218314415,-85.585213649,11.407,7/26/2019 12:00:00 AM,1609,2,2,0,0,CLEAR,DRY,False,OTHER ROADWAY OR MID-BLOCK COLLISION,REAR TO REAR,STRAIGHT & LEVEL,DAYLIGHT,,,8/1/2019 8:14:40 AM,False,5159,Accepted,
25397630,0568000,LOUISVILLE METRO POLICE DEPT,Accepted,JEFFERSON,KY1142,,PALATKA,RD,,,,,,,,38.151110652,-85.776459754,1.425,7/26/2019 12:00:00 AM,1638,2,2,0,0,CLEAR,DRY,False,1 VEHICLE ENTERING/LEAVING ENTRANCE,ANGLE,STRAIGHT & LEVEL,DAYLIGHT,,,7/29/2019 8:27:59 AM,False,7331,Accepted,
25397696,0568000,LOUISVILLE METRO POLICE DEPT,Accepted,JEFFERSON,,,GRAND,AVE,,,,,,,,38.240490756,-85.792200240,0.350,7/26/2019 12:00:00 AM,1800,2,2,0,0,CLEAR,DRY,False,1 VEHICLE ENTERING/LEAVING ENTRANCE,ANGLE,STRAIGHT & LEVEL,DAYLIGHT,,,7/29/2019 8:30:59 AM,False,5114,Accepted,
25397662,0568000,LOUISVILLE METRO POLICE DEPT,Accepted,JEFFERSON,KY1703,,NEWBURG,RD,,,,,,,,38.198920113,-85.683479360,1.888,7/26/2019 12:00:00 AM,1221,2,2,0,0,CLEAR,DRY,False,1 VEHICLE ENTERING/LEAVING ENTRANCE,ANGLE,STRAIGHT & LEVEL,DAYLIGHT,,,7/29/2019 8:29:30 AM,False,7722,Accepted,
25397614,0568000,LOUISVILLE METRO POLICE DEPT,Accepted,JEFFERSON,US0031W,,DIXIE,HWY,,,,,,,,38.152921556,-85.836169946,12.245,7/26/2019 12:00:00 AM,1617,2,2,0,1,CLEAR,DRY,False,1 VEHICLE ENTERING/LEAVING ENTRANCE,ANGLE,STRAIGHT & LEVEL,DAYLIGHT,,,7/29/2019 8:26:43 AM,False,7234,Accepted,
25397834,0568000,LOUISVILLE METRO POLICE DEPT,Accepted,JEFFERSON,,,DOVER,RD,,,,,BENOCH,,PLEBE,38.182616144,-85.839136279,1.170,7/26/2019 12:00:00 AM,2203,2,2,0,0,CLEAR,DRY,True,1 VEHICLE ENTERING/LEAVING ENTRANCE,ANGLE,CURVE & LEVEL,DARK-HWY NOT LIGHTED,,,7/29/2019 8:38:23 AM,False,5164,Accepted,
25397650,0568000,LOUISVILLE METRO POLICE DEPT,Accepted,JEFFERSON,KY0061,,PRESTON,HWY,,,,,PIGEON PASS,,ROSE,38.175833623,-85.713993723,6.984,7/26/2019 12:00:00 AM,1255,2,2,0,0,CLEAR,DRY,False,1 VEHICLE ENTERING/LEAVING ENTRANCE,ANGLE,STRAIGHT & LEVEL,DAYLIGHT,,,7/29/2019 8:28:52 AM,False,7451,Accepted,
25397660,0568000,LOUISVILLE METRO POLICE DEPT,Accepted,JEFFERSON,KY0907,8320,3RD ST,RD,,,,,,,,38.121275565,-85.803551525,3.937,7/26/2019 12:00:00 AM,1512,2,2,0,0,CLEAR,DRY,False,1 VEHICLE ENTERING/LEAVING ENTRANCE,ANGLE,STRAIGHT & LEVEL,DAYLIGHT,,,7/29/2019 8:29:26 AM,False,7496,Accepted,
25397626,0568000,LOUISVILLE METRO POLICE DEPT,Accepted,JEFFERSON,KY1931,,GREENWOOD,RD,,,,US0031W,DIXIE,,GREENWOOD MANOR,38.143503045,-85.840309634,3.104,7/26/2019 12:00:00 AM,1228,2,2,0,0,CLEAR,DRY,False,1 VEHICLE ENTERING/LEAVING ENTRANCE,ANGLE,STRAIGHT & LEVEL,DAYLIGHT,,,7/29/2019 8:27:35 AM,False,6326,Accepted,
25397621,0568000,LOUISVILLE METRO POLICE DEPT,Accepted,JEFFERSON,KY1934,,CANE RUN,RD,,,,,,,,38.184070742,-85.855267684,7.803,7/26/2019 12:00:00 AM,1438,2,2,0,0,CLEAR,DRY,False,VEHICLE BACKING NON INTERSECTION,BACKING,STRAIGHT & LEVEL,DAYLIGHT,,,7/29/2019 8:27:16 AM,False,7234,Accepted,
25397783,0568000,LOUISVILLE METRO POLICE DEPT,Accepted,JEFFERSON,US0031W,,MAIN,ST,W,,,,7TH,,8TH,38.257195795,-85.761728083,21.670,7/26/2019 12:00:00 AM,1844,2,2,0,0,CLEAR,DRY,False,SIDESWIPE COLLISION - SAME DIRECTION,SIDESWIPE-SAME DIRECTION,STRAIGHT & LEVEL,DAYLIGHT,,,7/29/2019 8:35:04 AM,False,5173,Accepted,
25397734,0568000,LOUISVILLE METRO POLICE DEPT,Accepted,JEFFERSON,US0031W,,DIXIE,HWY,,,,,,,,38.022991914,-85.916698288,1.935,7/26/2019 12:00:00 AM,1757,2,2,0,0,CLEAR,DRY,False,SIDESWIPE COLLISION - SAME DIRECTION,SIDESWIPE-SAME DIRECTION,CURVE & GRADE,DAYLIGHT,,,7/29/2019 8:31:29 AM,False,2461,Accepted,
25397766,0568000,LOUISVILLE METRO POLICE DEPT,Accepted,JEFFERSON,I 0065,,I65 S,,,,,,,,,38.213005006,-85.752686961,132.904,7/26/2019 12:00:00 AM,1750,2,2,0,0,CLEAR,DRY,True,SIDESWIPE COLLISION - SAME DIRECTION,SIDESWIPE-SAME DIRECTION,STRAIGHT & LEVEL,DAYLIGHT,,,7/29/2019 8:33:21 AM,False,7418,Accepted,
25586569,0568000,LOUISVILLE METRO POLICE DEPT,Accepted,JEFFERSON,I 0265,,I265 N,,,,,,,,,38.227551830,-85.505058320,25.814,7/26/2019 12:00:00 AM,1437,2,2,0,0,CLEAR,DRY,False,REAR END IN TRAFFIC LANES BOTH VEHICLES MOVING,REAR END,STRAIGHT & LEVEL,DAYLIGHT,,,9/3/2019 12:57:15 PM,False,7764,Accepted,
25397813,0568000,LOUISVILLE METRO POLICE DEPT,Accepted,JEFFERSON,US0031W,7500,DIXIE,HWY,,,,,,,,38.152623245,-85.836250269,12.227,7/26/2019 12:00:00 AM,1600,2,2,0,0,CLEAR,DRY,False,SIDESWIPE COLLISION - SAME DIRECTION,SIDESWIPE-SAME DIRECTION,STRAIGHT & LEVEL,DAYLIGHT,,,7/29/2019 8:37:02 AM,False,2311,Accepted,
25397838,0568000,LOUISVILLE METRO POLICE DEPT,Accepted,JEFFERSON,I 0264,,I264 W,,,,,,,,,38.285443182,-85.642454798,22.563,7/26/2019 12:00:00 AM,2225,3,3,0,2,CLEAR,DRY,False,SIDESWIPE COLLISION - SAME DIRECTION,SIDESWIPE-SAME DIRECTION,STRAIGHT & LEVEL,DARK-HWY LIGHTED/OFF,,,7/29/2019 8:38:35 AM,False,7785,Accepted,
25397779,0568000,LOUISVILLE METRO POLICE DEPT,Accepted,JEFFERSON,,,JEFFERSON,ST,E,,,,FLOYD,,BROOK,38.253072126,-85.749906636,0.933,7/26/2019 12:00:00 AM,2211,2,2,0,0,CLEAR,DRY,False,SIDESWIPE COLLISION - SAME DIRECTION,SIDESWIPE-SAME DIRECTION,STRAIGHT & LEVEL,DARK-HWY LIGHTED/ON,,,7/29/2019 8:34:41 AM,False,5135,Accepted,
25397637,0568000,LOUISVILLE METRO POLICE DEPT,Accepted,JEFFERSON,KY1865,,NEW CUT,RD,,,,,BAKERS,,COGAN,38.142090432,-85.774450030,2.410,7/26/2019 12:00:00 AM,1454,2,2,0,0,CLEAR,DRY,False,SIDESWIPE COLLISION - SAME DIRECTION,SIDESWIPE-SAME DIRECTION,STRAIGHT & LEVEL,DAYLIGHT,,,7/29/2019 8:28:13 AM,False,7202,Accepted,
25397612,0568000,LOUISVILLE METRO POLICE DEPT,Accepted,JEFFERSON,US0031E,,BARDSTOWN,RD,,,,I 0264,I264 E EXIT16 ON RAMP FROM US31E N,US0031E,US31E CROSSOVER,38.210689322,-85.670710752,11.998,7/26/2019 12:00:00 AM,1400,2,2,0,0,CLEAR,DRY,False,SIDESWIPE COLLISION - SAME DIRECTION,SIDESWIPE-SAME DIRECTION,STRAIGHT & LEVEL,DAYLIGHT,,,7/29/2019 8:26:35 AM,False,7059,Accepted,
25397669,0568000,LOUISVILLE METRO POLICE DEPT,Accepted,JEFFERSON,KY1747,,FERN VALLEY,RD,,,,,,,,38.156221840,-85.659072846,4.014,7/26/2019 12:00:00 AM,1103,3,3,0,0,CLEAR,DRY,False,SIDESWIPE COLLISION - SAME DIRECTION,SIDESWIPE-SAME DIRECTION,STRAIGHT & LEVEL,DAYLIGHT,,,7/29/2019 8:29:47 AM,False,4693,Accepted,
25390450,0566900,LOUISVILLE AIRPORT POLICE,Accepted,JEFFERSON,,,TERMINAL,DR,,,,,,,,38.188942444,-85.742362634,0.590,7/26/2019 12:00:00 AM,1518,2,2,0,0,CLEAR,DRY,False,SIDESWIPE COLLISION - SAME DIRECTION,SIDESWIPE-SAME DIRECTION,STRAIGHT & LEVEL,DAYLIGHT,,,7/26/2019 10:36:45 PM,False,5855,Accepted,
25397795,0568000,LOUISVILLE METRO POLICE DEPT,Accepted,JEFFERSON,,,WATTERSON,TRL,S,,,,FERN,,FAIR,38.159440242,-85.614464935,1.771,7/26/2019 12:00:00 AM,1756,2,2,0,0,CLEAR,DRY,False,REAR END IN TRAFFIC LANES BOTH VEHICLES MOVING,REAR END,CURVE & LEVEL,DAYLIGHT,,,7/29/2019 8:35:33 AM,False,7465,Accepted,
25397812,0568000,LOUISVILLE METRO POLICE DEPT,Accepted,JEFFERSON,I 0071,,I71 S,,,,,,,,,38.312224915,-85.588148118,8.789,7/26/2019 12:00:00 AM,2145,2,2,0,1,CLEAR,DRY,False,REAR END IN TRAFFIC LANES BOTH VEHICLES MOVING,REAR END,STRAIGHT & LEVEL,DARK-HWY LIGHTED/ON,,,7/29/2019 8:36:59 AM,False,2920,Accepted,
25397930,0568000,LOUISVILLE METRO POLICE DEPT,Accepted,JEFFERSON,I 0264,,I264 E,,,,,I 0264,I264 E EXIT17A OFF RAMP TO KY155 S,I 0264,I264 E EXIT16 ON RAMP FROM US31E,38.218995831,-85.656060283,16.660,7/26/2019 12:00:00 AM,1658,2,2,0,0,CLEAR,DRY,False,REAR END IN TRAFFIC LANES BOTH VEHICLES MOVING,REAR END,STRAIGHT & LEVEL,DAYLIGHT,,,7/29/2019 8:47:15 AM,False,2278,Accepted,
25521163,0568000,LOUISVILLE METRO POLICE DEPT,Accepted,JEFFERSON,I 0064,,I64 E,,,,,I 0064,I64 E EXIT15 ON RAMP FROM KY1747,I 0064,I64 E EXIT17 OFF RAMP TO KY913,38.223609861,-85.548463560,16.670,7/26/2019 12:00:00 AM,1740,2,2,0,0,CLEAR,DRY,False,REAR END IN TRAFFIC LANES BOTH VEHICLES MOVING,REAR END,STRAIGHT & LEVEL,DAYLIGHT,,,8/20/2019 1:35:47 PM,False,6406,Accepted,
25397671,0568000,LOUISVILLE METRO POLICE DEPT,Accepted,JEFFERSON,,,MUD,LN,,,,,,,,38.087952250,-85.670862221,0.489,7/26/2019 12:00:00 AM,1712,2,2,0,0,CLOUDY,DRY,False,REAR END IN TRAFFIC LANES BOTH VEHICLES MOVING,REAR END,STRAIGHT & LEVEL,DAYLIGHT,,,7/29/2019 8:29:52 AM,False,4693,Accepted,
25387502,0568000,LOUISVILLE METRO POLICE DEPT,Accepted,JEFFERSON,KY1727,,TERRY,RD,,,,,,,,38.163732897,-85.865808305,2.951,7/26/2019 12:00:00 AM,0428,2,2,0,1,CLEAR,DRY,False,REAR END IN TRAFFIC LANES BOTH VEHICLES MOVING,REAR END,STRAIGHT & LEVEL,DARK-HWY NOT LIGHTED,,,7/26/2019 9:05:01 AM,False,5170,Accepted,
25397826,0568000,LOUISVILLE METRO POLICE DEPT,Accepted,JEFFERSON,,2012,WILSON,AVE,,,,,,,,38.234044786,-85.787153041,0.649,7/26/2019 12:00:00 AM,1149,2,2,0,0,CLEAR,DRY,False,1 VEHICLE PARKED POSITION (NOT PARKING LOT/DRIVEWAY),REAR END,STRAIGHT & LEVEL,DAYLIGHT,,,7/29/2019 8:37:43 AM,False,5114,Accepted,
25397767,0568000,LOUISVILLE METRO POLICE DEPT,Accepted,JEFFERSON,,3706,WHEATMORE,DR,E,,,,,,,38.190861127,-85.797041376,0.175,7/26/2019 12:00:00 AM,1950,2,2,0,0,CLEAR,DRY,True,1 VEHICLE PARKED POSITION (NOT PARKING LOT/DRIVEWAY),REAR END,CURVE & LEVEL,DARK-HWY LIGHTED/ON,,,7/29/2019 8:33:26 AM,False,7468,Accepted,
25397768,0568000,LOUISVILLE METRO POLICE DEPT,Accepted,JEFFERSON,US0060,3202,FRANKFORT,AVE,,,,,,,,38.254298771,-85.675022471,2.484,7/26/2019 12:00:00 AM,2044,2,2,0,0,CLEAR,DRY,True,1 VEHICLE PARKED POSITION (NOT PARKING LOT/DRIVEWAY),BACKING,STRAIGHT & LEVEL,DUSK,,,7/29/2019 8:33:30 AM,False,7219,Accepted,
25397635,0568000,LOUISVILLE METRO POLICE DEPT,Accepted,JEFFERSON,,3608,BRIARCLIFF,CT,,,,,,,,38.135184340,-85.696073149,0.061,7/26/2019 12:00:00 AM,1713,2,2,0,0,CLEAR,DRY,False,1 VEHICLE PARKED POSITION (NOT PARKING LOT/DRIVEWAY),BACKING,STRAIGHT & LEVEL,DAYLIGHT,,,7/29/2019 8:28:10 AM,False,7354,Accepted,
25402988,0568000,LOUISVILLE METRO POLICE DEPT,Accepted,JEFFERSON,,900B,JEFFERSON,ST,W,,,,,,,38.254916991,-85.766833791,0.812,7/26/2019 12:00:00 AM,0238,2,2,0,0,CLEAR,DRY,False,1 VEHICLE PARKED POSITION (NOT PARKING LOT/DRIVEWAY),REAR END,STRAIGHT & LEVEL,DARK-HWY LIGHTED/ON,,,7/30/2019 8:19:44 AM,False,7464,Accepted,
25397833,0568000,LOUISVILLE METRO POLICE DEPT,Accepted,JEFFERSON,,,CHESTNUT,ST,W,,,KY1020,3RD,,4TH,38.248839774,-85.756818275,2.422,7/26/2019 12:00:00 AM,1000,2,2,0,0,CLEAR,DRY,False,1 VEHICLE PARKED POSITION (NOT PARKING LOT/DRIVEWAY),SIDESWIPE-SAME DIRECTION,STRAIGHT & LEVEL,DAYLIGHT,,,7/29/2019 8:38:19 AM,False,5173,Accepted,
25412844,0568000,LOUISVILLE METRO POLICE DEPT,Accepted,JEFFERSON,,,34TH,ST,S,,,,,,,38.259909543,-85.807155509,0.158,7/26/2019 12:00:00 AM,2249,2,2,0,0,CLEAR,DRY,False,1 VEHICLE PARKED POSITION (NOT PARKING LOT/DRIVEWAY),SIDESWIPE-SAME DIRECTION,STRAIGHT & LEVEL,DARK-HWY LIGHTED/ON,,,8/1/2019 8:19:08 AM,False,7481,Accepted,
25397625,0568000,LOUISVILLE METRO POLICE DEPT,Accepted,JEFFERSON,US0031E,,MAIN,ST,E,,,,,,,38.254396764,-85.735968668,16.910,7/26/2019 12:00:00 AM,1236,3,3,0,0,CLEAR,DRY,False,1 VEHICLE PARKED POSITION (NOT PARKING LOT/DRIVEWAY),SIDESWIPE-SAME DIRECTION,STRAIGHT & LEVEL,DAYLIGHT,,,7/29/2019 8:27:31 AM,False,7216,Accepted,
25397617,0568000,LOUISVILLE METRO POLICE DEPT,Accepted,JEFFERSON,,2144,LAKESIDE,DR,,,,,,,,38.221913631,-85.684277728,0.054,7/26/2019 12:00:00 AM,1730,2,2,0,0,CLEAR,DRY,True,1 VEHICLE PARKED POSITION (NOT PARKING LOT/DRIVEWAY),BACKING,STRAIGHT & LEVEL,DAYLIGHT,,,7/29/2019 8:26:55 AM,False,7570,Accepted,
25397604,0568000,LOUISVILLE METRO POLICE DEPT,Accepted,JEFFERSON,,,27TH,ST,N,,,,,,,38.271752315,-85.792207167,0.314,7/26/2019 12:00:00 AM,1302,2,2,0,0,CLEAR,DRY,False,1 VEHICLE PARKED POSITION (NOT PARKING LOT/DRIVEWAY),REAR END,STRAIGHT & LEVEL,DAYLIGHT,,,7/29/2019 8:25:58 AM,False,7988,Accepted,
25397685,0568000,LOUISVILLE METRO POLICE DEPT,Accepted,JEFFERSON,I 0065,,I65 S,,,,,,,,,38.123699359,-85.702152815,125.760,7/26/2019 12:00:00 AM,1629,2,2,0,0,CLOUDY,DRY,False,REAR END IN TRAFFIC LANES BOTH VEHICLES MOVING,REAR END,STRAIGHT & LEVEL,DAYLIGHT,,,7/29/2019 8:30:08 AM,False,4693,Accepted,
25397649,0568000,LOUISVILLE METRO POLICE DEPT,Accepted,JEFFERSON,KY1447,,WESTPORT,RD,,,,I 0265,I265 S EXIT33 ON RAMP FROM KY1447,I 0265,I265 N EXIT33 OFF RAMP TO KY1447,38.297685812,-85.547607484,6.715,7/26/2019 12:00:00 AM,1713,2,2,0,0,CLEAR,DRY,False,REAR END IN TRAFFIC LANES BOTH VEHICLES MOVING,REAR END,STRAIGHT & LEVEL,DAYLIGHT,,,7/29/2019 8:28:48 AM,False,7142,Accepted,
25397651,0568000,LOUISVILLE METRO POLICE DEPT,Accepted,JEFFERSON,KY1447,,WESTPORT,RD,,,,I 0265,I265 S EXIT33 ON RAMP FROM KY1447,I 0265,I265 N EXIT33 OFF RAMP TO KY1447,38.297629235,-85.547823796,6.703,7/26/2019 12:00:00 AM,1650,2,2,0,0,CLEAR,DRY,False,REAR END IN TRAFFIC LANES BOTH VEHICLES MOVING,REAR END,STRAIGHT & LEVEL,DAYLIGHT,,,7/29/2019 8:28:55 AM,False,7142,Accepted,
25412814,0568000,LOUISVILLE METRO POLICE DEPT,Accepted,JEFFERSON,I 0064,,I64 W,,,,,,,,,38.233702894,-85.610746637,13.000,7/26/2019 12:00:00 AM,1558,4,4,0,2,CLEAR,DRY,False,REAR END IN TRAFFIC LANES BOTH VEHICLES MOVING,REAR END,STRAIGHT & LEVEL,DAYLIGHT,,,8/1/2019 8:17:31 AM,False,2217,Accepted,