IncidentID,AgencyORI,AgencyName,IncidentStatusDesc,County,RdwyNumber,Street,RoadwayName,StreetSfx,StreetDir,IntersectionRdwy,IntersectionRdwyName,BetweenStRdwy1,BetweenStRdwyName1,BetweenStRdwy2,BetweenStRdwyName2,Latitude,Longitude,Milepoint,CollisionDate,CollisionTime,UnitsInvolved,MotorVehiclesInvolved,NumberKilled,NumberInjured,Weather,RdwyConditionCode,HitandRun,DirAnalysisCode,MannerofCollision,RdwyCharacter,LightCondition,RampFromRdwyId,RampToRdwyId,AcceptedDate,IsSecondaryCollision,OwnerBadge,IncidentStatus,
25397608,0568000,LOUISVILLE METRO POLICE DEPT,Accepted,JEFFERSON,KY0155,,TAYLORSVILLE,RD,,,,,CURRAN,,BEAUMONT,38.222720734,-85.665854375,15.509,7/26/2019 12:00:00 AM,1244,2,2,0,0,CLEAR,DRY,False,REAR END IN TRAFFIC LANES BOTH VEHICLES MOVING,REAR END,STRAIGHT & LEVEL,DAYLIGHT,,,7/29/2019 8:26:15 AM,False,2278,Accepted,
25412751,0568000,LOUISVILLE METRO POLICE DEPT,Accepted,JEFFERSON,KY1747,,HURSTBOURNE,PKWY,S,,,,,,,38.219014947,-85.584136590,11.474,7/26/2019 12:00:00 AM,1430,2,2,0,0,CLEAR,DRY,False,REAR END IN TRAFFIC LANES BOTH VEHICLES MOVING,REAR END,STRAIGHT & LEVEL,DAYLIGHT,,,8/1/2019 8:14:46 AM,False,5159,Accepted,
25397648,0568000,LOUISVILLE METRO POLICE DEPT,Accepted,JEFFERSON,,,GRADE LN CONN,,,,GRADE,,,,,38.168031382,-85.721357963,0.004,7/26/2019 12:00:00 AM,0825,2,2,0,0,CLEAR,DRY,False,OTHER INTERSECTION COLLISIONS,REAR END,CURVE & HILLCREST,DAYLIGHT,,,7/29/2019 8:28:45 AM,False,7451,Accepted,
25387506,0568000,LOUISVILLE METRO POLICE DEPT,Accepted,JEFFERSON,,,SMYRNA,PKWY,,KY2845,MANSLICK,,,,,38.122938959,-85.643248094,1.051,7/26/2019 12:00:00 AM,0630,2,2,0,0,CLOUDY,DRY,False,OTHER INTERSECTION COLLISIONS,REAR END,STRAIGHT & LEVEL,DAYLIGHT,,,7/26/2019 9:05:26 AM,False,5141,Accepted,
25390472,0560300,ST. MATTHEWS POLICE DEPARTMENT,Accepted,JEFFERSON,US0060,,SHELBYVILLE,RD,,I 0264,I264 W EXIT20B OFF RAMP TO US60,,,,,38.250097798,-85.620475834,5.473,7/26/2019 12:00:00 AM,1701,2,2,0,0,CLOUDY,DRY,False,OTHER INTERSECTION COLLISIONS,REAR END,STRAIGHT & LEVEL,DAYLIGHT,,,7/26/2019 10:42:28 PM,False,9193,Accepted,
25397631,0568000,LOUISVILLE METRO POLICE DEPT,Accepted,JEFFERSON,KY2860,,GRINSTEAD,DR,,,CHEROKEE,,,,,38.239179477,-85.719542334,0.094,7/26/2019 12:00:00 AM,1722,2,2,0,0,CLEAR,DRY,False,OTHER INTERSECTION COLLISIONS,REAR END,STRAIGHT & LEVEL,DAYLIGHT,,,7/29/2019 8:28:03 AM,False,7129,Accepted,
25397615,0568000,LOUISVILLE METRO POLICE DEPT,Accepted,JEFFERSON,KY0061,,PRESTON,HWY,,,INDIAN,,,,,38.168338575,-85.706106421,6.301,7/26/2019 12:00:00 AM,1224,2,2,0,0,CLEAR,DRY,False,OTHER INTERSECTION COLLISIONS,REAR END,STRAIGHT & LEVEL,DAYLIGHT,,,7/29/2019 8:26:47 AM,False,7319,Accepted,
25397769,0568000,LOUISVILLE METRO POLICE DEPT,Accepted,JEFFERSON,KY1065,,OUTER,LOOP,,I 0065,I65 S EXIT127 OFF RAMP TO KY1065,,,,,38.136594834,-85.713924136,4.539,7/26/2019 12:00:00 AM,1945,2,2,0,0,CLEAR,DRY,False,OTHER INTERSECTION COLLISIONS,REAR END,CURVE & LEVEL,DAYLIGHT,,,7/29/2019 8:33:34 AM,False,6360,Accepted,
25397847,0568000,LOUISVILLE METRO POLICE DEPT,Accepted,JEFFERSON,,,1ST,ST,S,US0150,BROADWAY,,,,,38.245747107,-85.753454256,0.717,7/26/2019 12:00:00 AM,1329,2,2,0,0,CLOUDY,DRY,False,OTHER INTERSECTION COLLISIONS,REAR END,STRAIGHT & LEVEL,DAYLIGHT,,,7/29/2019 8:39:21 AM,False,2403,Accepted,
25397773,0568000,LOUISVILLE METRO POLICE DEPT,Accepted,JEFFERSON,KY1447,,WESTPORT,RD,,I 0265,I265 N EXIT33 OFF RAMP TO KY1447,,,,,38.296953904,-85.550880854,6.552,7/26/2019 12:00:00 AM,2142,2,2,0,0,CLEAR,DRY,False,OTHER INTERSECTION COLLISIONS,REAR END,STRAIGHT & LEVEL,DAWN,,,7/29/2019 8:33:56 AM,False,5155,Accepted,
25397613,0568000,LOUISVILLE METRO POLICE DEPT,Accepted,JEFFERSON,KY1865,,NEW CUT,RD,,KY1065,OUTER,,,,,38.126401192,-85.776135647,1.263,7/26/2019 12:00:00 AM,0650,2,2,0,0,CLEAR,DRY,False,OTHER INTERSECTION COLLISIONS,REAR END,STRAIGHT & LEVEL,DAYLIGHT,,,7/29/2019 8:26:39 AM,False,6326,Accepted,
25387500,0568000,LOUISVILLE METRO POLICE DEPT,Accepted,JEFFERSON,US0060,,SHELBYVILLE,RD,,,LA FONTENAY,,,,,38.245072955,-85.559197926,8.827,7/26/2019 12:00:00 AM,1920,2,2,0,0,CLEAR,DRY,False,OTHER INTERSECTION COLLISIONS,REAR END,STRAIGHT & LEVEL,DAYLIGHT,,,7/26/2019 9:04:45 AM,False,5204,Accepted,
25397831,0568000,LOUISVILLE METRO POLICE DEPT,Accepted,JEFFERSON,I 0264,,,,,,,,,,,38.271569413,-85.809864428,0.254,7/26/2019 12:00:00 AM,2028,1,1,0,0,CLEAR,DRY,False,COLLISION WITH FIXED OBJECT NON - INTERSECTION - FIRST EVENT COLLISION 09 - 32 EXCLUDING 16,SINGLE VEHICLE,CURVE & GRADE,DAYLIGHT,,,7/29/2019 8:38:08 AM,False,7481,Accepted,
25397677,0568000,LOUISVILLE METRO POLICE DEPT,Accepted,JEFFERSON,KY1747,,HURSTBOURNE,PKWY,S,,,,,,,38.171858280,-85.604594466,7.689,7/26/2019 12:00:00 AM,1304,1,1,0,0,CLEAR,DRY,True,COLLISION WITH FIXED OBJECT NON - INTERSECTION - FIRST EVENT COLLISION 09 - 32 EXCLUDING 16,SINGLE VEHICLE,CURVE & GRADE,DAYLIGHT,,,7/29/2019 8:29:57 AM,False,4693,Accepted,
25397905,0568000,LOUISVILLE METRO POLICE DEPT,Accepted,JEFFERSON,KY1020,,3RD,ST,S,,,,LIBERTY,,POST OFFICE,38.252630231,-85.755648642,12.563,7/26/2019 12:00:00 AM,1624,2,2,0,0,CLEAR,DRY,True,1 VEHICLE PARKED POSITION (NOT PARKING LOT/DRIVEWAY),BACKING,STRAIGHT & LEVEL,DAYLIGHT,,,7/29/2019 8:44:16 AM,False,2403,Accepted,
25397829,0568000,LOUISVILLE METRO POLICE DEPT,Accepted,JEFFERSON,,,LONGFIELD,AVE,,,LESTER,,,,,38.198745450,-85.786432115,0.977,7/26/2019 12:00:00 AM,1836,2,2,0,0,CLEAR,DRY,True,VEHICLE BACKING IN INTERSECTION,BACKING,STRAIGHT & LEVEL,DAYLIGHT,,,7/29/2019 8:37:58 AM,False,7472,Accepted,
25397618,0568000,LOUISVILLE METRO POLICE DEPT,Accepted,JEFFERSON,,,WITHERSPOON,ST,W,,2ND,,,,,38.257938665,-85.752769977,0.009,7/26/2019 12:00:00 AM,1313,3,3,0,0,CLEAR,DRY,False,VEHICLE BACKING IN INTERSECTION,BACKING,STRAIGHT & LEVEL,DAYLIGHT,,,7/29/2019 8:26:59 AM,False,5168,Accepted,
25569355,0568000,LOUISVILLE METRO POLICE DEPT,Accepted,JEFFERSON,,,ASHBY,LN,,,LOWER RIVER,,,,,38.109866824,-85.889481233,1.196,7/26/2019 12:00:00 AM,1816,3,3,0,8,CLEAR,DRY,False,OPPOSITE DIRECTION - BOTH VEHICLES GOING STRAIGHT AHEAD,SIDESWIPE-OPPOSITE DIRECTION,STRAIGHT & LEVEL,DAYLIGHT,,,8/30/2019 8:28:33 AM,False,2509,Accepted,
25397628,0568000,LOUISVILLE METRO POLICE DEPT,Accepted,JEFFERSON,US0031W,,MARKET,ST,W,,8TH,,,,,38.255954560,-85.763393856,21.484,7/26/2019 12:00:00 AM,1447,2,2,0,0,CLEAR,DRY,True,SIDESWIPE-SAME DIRECTION,SIDESWIPE-SAME DIRECTION,STRAIGHT & LEVEL,DAYLIGHT,,,7/29/2019 8:27:51 AM,False,5187,Accepted,
25397778,0568000,LOUISVILLE METRO POLICE DEPT,Accepted,JEFFERSON,,,PAYNE,ST,,,RASTETTER,,,,,38.252265547,-85.704615758,1.558,7/26/2019 12:00:00 AM,2000,2,2,0,0,CLEAR,DRY,False,SIDESWIPE-SAME DIRECTION,SIDESWIPE-SAME DIRECTION,STRAIGHT & LEVEL,DAYLIGHT,,,7/29/2019 8:34:27 AM,False,5154,Accepted,
25403002,0568000,LOUISVILLE METRO POLICE DEPT,Accepted,JEFFERSON,,,MUHAMMAD ALI,BLVD,W,,7TH,,,,,38.251674711,-85.762452698,0.545,7/26/2019 12:00:00 AM,0716,2,2,0,0,CLOUDY,DRY,False,SIDESWIPE-SAME DIRECTION,SIDESWIPE-SAME DIRECTION,STRAIGHT & LEVEL,DAYLIGHT,,,7/30/2019 8:22:17 AM,False,5008,Accepted,
25397658,0568000,LOUISVILLE METRO POLICE DEPT,Accepted,JEFFERSON,,,HILL,ST,W,KY1020,2ND,,,,,38.225648709,-85.758603331,0.090,7/26/2019 12:00:00 AM,0937,2,2,0,0,CLEAR,DRY,False,SIDESWIPE-SAME DIRECTION,SIDESWIPE-SAME DIRECTION,STRAIGHT & LEVEL,DAYLIGHT,,,7/29/2019 8:29:21 AM,False,7418,Accepted,
25397624,0568000,LOUISVILLE METRO POLICE DEPT,Accepted,JEFFERSON,KY0061,,JACKSON,ST,S,,MUHAMMAD ALI,,,,,38.249784870,-85.744756316,12.608,7/26/2019 12:00:00 AM,1027,2,2,0,0,CLEAR,DRY,False,SIDESWIPE-SAME DIRECTION,SIDESWIPE-SAME DIRECTION,STRAIGHT & LEVEL,DAYLIGHT,,,7/29/2019 8:27:27 AM,False,7377,Accepted,
25397758,0568000,LOUISVILLE METRO POLICE DEPT,Accepted,JEFFERSON,US0060A,,TAYLOR,BLVD,,,DRESDEN,,,,,38.196996696,-85.782897852,1.517,7/26/2019 12:00:00 AM,1723,2,2,0,0,CLEAR,DRY,True,SIDESWIPE-SAME DIRECTION,SIDESWIPE-SAME DIRECTION,STRAIGHT & LEVEL,DAYLIGHT,,,7/29/2019 8:32:55 AM,False,7402,Accepted,
25397808,0568000,LOUISVILLE METRO POLICE DEPT,Accepted,JEFFERSON,,,HIKES,LN,,,HUNSINGER,,,,,38.219482474,-85.626287816,3.185,7/26/2019 12:00:00 AM,1309,2,2,0,0,CLEAR,DRY,False,SIDESWIPE-SAME DIRECTION,SIDESWIPE-SAME DIRECTION,STRAIGHT & LEVEL,DAYLIGHT,,,7/29/2019 8:36:41 AM,False,7294,Accepted,
25397700,0568000,LOUISVILLE METRO POLICE DEPT,Accepted,JEFFERSON,KY0146,,LA GRANGE,RD,,I 0265,I265 N EXIT30 ON RAMP FROM KY146,,,,,38.288244979,-85.513148515,7.465,7/26/2019 12:00:00 AM,2154,2,2,0,1,CLEAR,DRY,False,OPPOSING LEFT TURN,OPPOSING LEFT TURN,STRAIGHT & LEVEL,DARK-HWY NOT LIGHTED,,,7/29/2019 8:31:09 AM,False,5128,Accepted,
25397680,0568000,LOUISVILLE METRO POLICE DEPT,Accepted,JEFFERSON,,,MAPLE,WAY,,KY2053,MT WASHINGTON,,,,,38.092106289,-85.662864447,0.001,7/26/2019 12:00:00 AM,1640,2,2,0,0,CLEAR,DRY,False,OPPOSITE DIRECTION - BOTH VEHICLES GOING STRAIGHT AHEAD,SIDESWIPE-OPPOSITE DIRECTION,STRAIGHT & LEVEL,DAYLIGHT,,,7/29/2019 8:30:03 AM,False,7486,Accepted,
25397803,0568000,LOUISVILLE METRO POLICE DEPT,Accepted,JEFFERSON,,,7TH,ST,S,,HILL,,,,,38.226737954,-85.768990023,0.656,7/26/2019 12:00:00 AM,0927,2,2,0,0,CLEAR,DRY,False,REAR END - ONE VEHICLE TURNING LEFT,REAR END,STRAIGHT & LEVEL,DAYLIGHT,,,7/29/2019 8:36:16 AM,False,7472,Accepted,
25397737,0568000,LOUISVILLE METRO POLICE DEPT,Accepted,JEFFERSON,,,CYNTHIA,DR,,,MARY DELL,,,,,38.167583170,-85.575021171,0.402,7/26/2019 12:00:00 AM,1924,2,1,0,0,CLEAR,DRY,False,COLLISION WITH BICYCLE IN INTERSECTION,SINGLE VEHICLE,STRAIGHT & LEVEL,DAYLIGHT,,,7/29/2019 8:31:35 AM,False,5214,Accepted,
25417419,0568000,LOUISVILLE METRO POLICE DEPT,Accepted,JEFFERSON,,,GRAF,DR,,,DON DEE,,,,,38.203269302,-85.632605610,0.173,7/26/2019 12:00:00 AM,1119,1,1,0,0,CLEAR,DRY,False,COLLISION WITH FIXED OBJECT IN INTERSECTION - FIRST EVENT COLLISION 09 - 32,SINGLE VEHICLE,STRAIGHT & LEVEL,DAYLIGHT,,,8/2/2019 8:14:48 AM,False,7482,Accepted,
25397641,0568000,LOUISVILLE METRO POLICE DEPT,Accepted,JEFFERSON,KY1865,,TAYLOR,BLVD,,,STRADER,,,,,38.191111209,-85.783306743,5.839,7/26/2019 12:00:00 AM,1707,2,2,0,2,CLEAR,DRY,False,ANGLE COLLISION - ONE VEHICLE TURNING LEFT,ANGLE,STRAIGHT & LEVEL,DAYLIGHT,,,7/29/2019 8:28:17 AM,False,7433,Accepted,
25397667,0568000,LOUISVILLE METRO POLICE DEPT,Accepted,JEFFERSON,US0031W,,22ND,ST,S,,BROADWAY,,,,,38.249256678,-85.788209420,19.556,7/26/2019 12:00:00 AM,1350,2,2,0,0,CLEAR,DRY,False,ANGLE COLLISION - ONE VEHICLE TURNING LEFT,ANGLE,STRAIGHT & LEVEL,DAYLIGHT,,,7/29/2019 8:29:42 AM,False,7479,Accepted,
25397828,0568000,LOUISVILLE METRO POLICE DEPT,Accepted,JEFFERSON,,,26TH,ST,S,,GARLAND,,,,,38.244635796,-85.795449630,1.115,7/26/2019 12:00:00 AM,1829,2,2,0,0,CLEAR,DRY,False,COLLISION WITH PARKED VEHICLE,HEAD ON,STRAIGHT & LEVEL,DAYLIGHT,,,7/29/2019 8:37:52 AM,False,5032,Accepted,
25397656,0568000,LOUISVILLE METRO POLICE DEPT,Accepted,JEFFERSON,,,CLARKS,LN,,,LYDIA,,,,,38.218491007,-85.731489175,0.663,7/26/2019 12:00:00 AM,1618,2,2,0,0,CLEAR,DRY,False,ANGLE COLLISION - OTHER,ANGLE,STRAIGHT & LEVEL,DAYLIGHT,,,7/29/2019 8:29:17 AM,False,2532,Accepted,
25397687,0568000,LOUISVILLE METRO POLICE DEPT,Accepted,JEFFERSON,,,CENTRAL,AVE,,,RODMAN,,,,,38.205733845,-85.770510568,0.713,7/26/2019 12:00:00 AM,0703,2,2,0,0,CLEAR,DRY,False,ANGLE COLLISION - OTHER,ANGLE,STRAIGHT & LEVEL,DAYLIGHT,,,7/29/2019 8:30:15 AM,False,7398,Accepted,
25397619,0568000,LOUISVILLE METRO POLICE DEPT,Accepted,JEFFERSON,,,6TH,ST,S,,HILL,,,,,38.226347975,-85.765231713,2.132,7/26/2019 12:00:00 AM,1246,2,2,0,1,CLEAR,DRY,False,ANGLE COLLISION - OTHER,ANGLE,STRAIGHT & LEVEL,DAYLIGHT,,,7/29/2019 8:27:03 AM,False,5230,Accepted,
25397644,0568000,LOUISVILLE METRO POLICE DEPT,Accepted,JEFFERSON,KY1447,,WESTPORT,RD,,,SHELBURN PARK,,,,,38.294980848,-85.556419214,6.204,7/26/2019 12:00:00 AM,1433,2,2,0,0,CLEAR,DRY,False,ANGLE COLLISION - OTHER,ANGLE,STRAIGHT & LEVEL,DAYLIGHT,,,7/29/2019 8:28:28 AM,False,7142,Accepted,
25397690,0568000,LOUISVILLE METRO POLICE DEPT,Accepted,JEFFERSON,KY0061,,ARTHUR,ST,,,LEE,,,,,38.222203545,-85.751488769,11.221,7/26/2019 12:00:00 AM,1525,2,2,0,0,CLEAR,DRY,False,ANGLE COLLISION - OTHER,ANGLE,STRAIGHT & LEVEL,DAYLIGHT,,,7/29/2019 8:30:28 AM,False,7418,Accepted,
25397749,0568000,LOUISVILLE METRO POLICE DEPT,Accepted,JEFFERSON,KY0061,,PRESTON,ST,S,US0150,BROADWAY,,,,,38.245283689,-85.747583985,12.255,7/26/2019 12:00:00 AM,2010,2,2,0,2,CLEAR,DRY,False,ANGLE COLLISION - OTHER,ANGLE,STRAIGHT & LEVEL,DAYLIGHT,,,7/29/2019 8:31:55 AM,False,5199,Accepted,
25397809,0568000,LOUISVILLE METRO POLICE DEPT,Accepted,JEFFERSON,,,KENTON,ST,W,,3RD,,,,,38.198174370,-85.765071997,0.184,7/26/2019 12:00:00 AM,2330,2,2,0,0,CLEAR,DRY,False,ANGLE COLLISION - OTHER,ANGLE,STRAIGHT & LEVEL,DARK-HWY LIGHTED/ON,,,7/29/2019 8:36:46 AM,False,5175,Accepted,
25397616,0568000,LOUISVILLE METRO POLICE DEPT,Accepted,JEFFERSON,,,INDIAN,TRL,E,KY0864,POPLAR LEVEL,,,,,38.171463326,-85.685257947,1.227,7/26/2019 12:00:00 AM,1154,2,2,0,0,CLEAR,DRY,False,ANGLE COLLISION - OTHER,ANGLE,STRAIGHT & LEVEL,DAYLIGHT,,,7/29/2019 8:26:52 AM,False,7319,Accepted,
25387396,0568000,LOUISVILLE METRO POLICE DEPT,Accepted,JEFFERSON,,,INDIAN LAKE,DR,,KY1447,WESTPORT,,,,,38.296091156,-85.553349796,0.007,7/25/2019 12:00:00 AM,1036,2,2,0,0,CLEAR,DRY,False,ANGLE COLLISION - OTHER,ANGLE,STRAIGHT & LEVEL,DAYLIGHT,,,7/26/2019 8:57:01 AM,False,7313,Accepted,
25382827,0568000,LOUISVILLE METRO POLICE DEPT,Accepted,JEFFERSON,,,LIBERTY,ST,E,,FLOYD,,,,,38.252153867,-85.748512167,0.201,7/25/2019 12:00:00 AM,0616,2,2,0,1,CLEAR,DRY,False,ANGLE COLLISION - OTHER,ANGLE,STRAIGHT & LEVEL,DAWN,,,7/25/2019 8:52:50 AM,False,5172,Accepted,
25402954,0568000,LOUISVILLE METRO POLICE DEPT,Accepted,JEFFERSON,,,1ST,ST,S,US0150,BROADWAY,,,,,38.245701459,-85.753393420,0.721,7/25/2019 12:00:00 AM,1700,2,2,0,0,CLOUDY,DRY,False,ANGLE COLLISION - OTHER,ANGLE,STRAIGHT & LEVEL,DAYLIGHT,,,7/30/2019 8:18:14 AM,False,7239,Accepted,
25387497,0568000,LOUISVILLE METRO POLICE DEPT,Accepted,JEFFERSON,KY0155,,TAYLORSVILLE,RD,,,LOWE,,,,,38.218998113,-85.606839692,12.299,7/25/2019 12:00:00 AM,1852,2,2,0,1,CLOUDY,DRY,False,ANGLE COLLISION - OTHER,ANGLE,STRAIGHT & LEVEL,DAYLIGHT,,,7/26/2019 9:04:25 AM,False,6100,Accepted,
25387409,0568000,LOUISVILLE METRO POLICE DEPT,Accepted,JEFFERSON,KY1020,,SOUTHSIDE,DR,,,KENWOOD,,,,,38.156256122,-85.764654133,5.955,7/25/2019 12:00:00 AM,1328,2,2,0,0,CLOUDY,DRY,False,ANGLE COLLISION - OTHER,ANGLE,STRAIGHT & LEVEL,DAYLIGHT,,,7/26/2019 8:57:37 AM,False,7232,Accepted,
25382828,0568000,LOUISVILLE METRO POLICE DEPT,Accepted,JEFFERSON,,,GOOSE CREEK,RD,,KY1447,WESTPORT,,,,,38.286027474,-85.577562269,1.348,7/25/2019 12:00:00 AM,0632,2,2,0,0,CLEAR,DRY,False,ANGLE COLLISION - OTHER,ANGLE,STRAIGHT & LEVEL,DAWN,,,7/25/2019 8:52:53 AM,False,5204,Accepted,
25402962,0568000,LOUISVILLE METRO POLICE DEPT,Accepted,JEFFERSON,US0031W,,DIXIE,HWY,,,DIXIE GARDEN,,,,,38.099055165,-85.871913516,7.978,7/25/2019 12:00:00 AM,1730,2,2,0,0,CLEAR,DRY,False,ANGLE COLLISION - OTHER,ANGLE,STRAIGHT & LEVEL,DAYLIGHT,,,7/30/2019 8:18:40 AM,False,7336,Accepted,
25402951,0568000,LOUISVILLE METRO POLICE DEPT,Accepted,JEFFERSON,,,1ST,ST,S,,CHESTNUT,,,,,38.248439367,-85.752970886,0.530,7/25/2019 12:00:00 AM,1600,2,2,0,1,CLOUDY,DRY,False,ANGLE COLLISION - OTHER,ANGLE,STRAIGHT & LEVEL,DAYLIGHT,,,7/30/2019 8:18:03 AM,False,7239,Accepted,
25387394,0568000,LOUISVILLE METRO POLICE DEPT,Accepted,JEFFERSON,,,6TH,ST,S,,JEFFERSON,,,,,38.254199167,-85.760319616,0.194,7/25/2019 12:00:00 AM,1054,2,2,0,0,CLEAR,DRY,False,ANGLE COLLISION - OTHER,ANGLE,STRAIGHT & LEVEL,DAYLIGHT,,,7/26/2019 8:56:56 AM,False,7463,Accepted,
25387444,0568000,LOUISVILLE METRO POLICE DEPT,Accepted,JEFFERSON,,,TYLER,LN,,,ELEANOR,,,,,38.216431873,-85.679941244,0.663,7/25/2019 12:00:00 AM,1745,2,2,0,0,CLEAR,DRY,False,ANGLE COLLISION - OTHER,ANGLE,STRAIGHT & LEVEL,DAYLIGHT,,,7/26/2019 9:00:20 AM,False,7284,Accepted,
25387452,0568000,LOUISVILLE METRO POLICE DEPT,Accepted,JEFFERSON,KY0061,,PRESTON,HWY,,,MARKWELL,,,,,38.139988346,-85.687644487,4.072,7/25/2019 12:00:00 AM,1730,2,2,0,0,CLEAR,DRY,False,ANGLE COLLISION - OTHER,ANGLE,STRAIGHT & LEVEL,DAYLIGHT,,,7/26/2019 9:01:20 AM,False,2321,Accepted,
25387493,0568000,LOUISVILLE METRO POLICE DEPT,Accepted,JEFFERSON,,,8TH,ST,S,,CHESTNUT,,,,,38.249675125,-85.764494580,0.534,7/25/2019 12:00:00 AM,1405,2,2,0,0,CLEAR,DRY,False,ANGLE COLLISION - OTHER,ANGLE,STRAIGHT & LEVEL,DAYLIGHT,,,7/26/2019 9:04:10 AM,False,5124,Accepted,
25387486,0568000,LOUISVILLE METRO POLICE DEPT,Accepted,JEFFERSON,KY1450,,BLUE LICK,RD,,,WILLIAM G PENNY,,,,,38.133199941,-85.685238837,3.468,7/25/2019 12:00:00 AM,1623,2,2,0,0,CLEAR,DRY,False,ANGLE COLLISION - OTHER,ANGLE,STRAIGHT & LEVEL,DAYLIGHT,,,7/26/2019 9:03:28 AM,False,4693,Accepted,
25387400,0568000,LOUISVILLE METRO POLICE DEPT,Accepted,JEFFERSON,,,4TH,ST,S,US0060A,WINKLER,,,,,38.210330507,-85.764657056,3.223,7/25/2019 12:00:00 AM,1114,2,2,0,0,CLEAR,DRY,False,COLLISION WITH PARKED VEHICLE,SIDESWIPE-OPPOSITE DIRECTION,STRAIGHT & LEVEL,DAYLIGHT,,,7/26/2019 8:57:14 AM,False,7251,Accepted,
25387426,0568000,LOUISVILLE METRO POLICE DEPT,Accepted,JEFFERSON,,,BASHFORD MANOR,LN,,,ADELE,,,,,38.201376537,-85.667586267,0.202,7/25/2019 12:00:00 AM,1522,2,2,0,0,CLEAR,DRY,False,ANGLE COLLISION - ONE VEHICLE TURNING RIGHT,ANGLE,STRAIGHT & LEVEL,DAYLIGHT,,,7/26/2019 8:58:56 AM,False,7400,Accepted,
25397752,0568000,LOUISVILLE METRO POLICE DEPT,Accepted,JEFFERSON,,,LIBERTY,ST,W,,4TH,,,,,38.253050850,-85.757127347,0.606,7/25/2019 12:00:00 AM,1800,1,1,0,0,CLEAR,DRY,False,COLLISION WITH FIXED OBJECT IN INTERSECTION - FIRST EVENT COLLISION 09 - 32,SINGLE VEHICLE,STRAIGHT & LEVEL,DAYLIGHT,,,7/29/2019 8:32:12 AM,False,7852,Accepted,
25402976,0568000,LOUISVILLE METRO POLICE DEPT,Accepted,JEFFERSON,,,OAK,ST,W,,12TH,,,,,38.236240029,-85.773650498,0.999,7/25/2019 12:00:00 AM,1857,2,1,0,1,CLEAR,DRY,False,COLLISION WITH BICYCLE IN INTERSECTION,SINGLE VEHICLE,STRAIGHT & LEVEL,DAYLIGHT,,,7/30/2019 8:19:16 AM,False,7489,Accepted,
25387487,0568000,LOUISVILLE METRO POLICE DEPT,Accepted,JEFFERSON,,,GRADE,LN,,KY1065,OUTER,,,,,38.130064270,-85.737435950,4.069,7/25/2019 12:00:00 AM,1645,2,2,0,0,CLEAR,DRY,True,REAR END - ONE VEHICLE TURNING RIGHT,REAR END,CURVE & GRADE,DAYLIGHT,,,7/26/2019 9:03:37 AM,False,4693,Accepted,
25387429,0568000,LOUISVILLE METRO POLICE DEPT,Accepted,JEFFERSON,,,BASHFORD MANOR,LN,,US0031E,BARDSTOWN,,,,,38.202879684,-85.664568838,0.011,7/25/2019 12:00:00 AM,1608,2,2,0,0,CLEAR,DRY,False,SIDESWIPE-SAME DIRECTION,SIDESWIPE-SAME DIRECTION,STRAIGHT & LEVEL,DAYLIGHT,,,7/26/2019 8:59:09 AM,False,7864,Accepted,
25402957,0568000,LOUISVILLE METRO POLICE DEPT,Accepted,JEFFERSON,,,BROOK,ST,S,US0150,BROADWAY,,,,,38.245638008,-85.751743093,2.855,7/25/2019 12:00:00 AM,1200,2,2,0,0,CLOUDY,DRY,False,SIDESWIPE-SAME DIRECTION,SIDESWIPE-SAME DIRECTION,STRAIGHT & LEVEL,DAYLIGHT,,,7/30/2019 8:18:22 AM,False,7239,Accepted,
25407802,0568000,LOUISVILLE METRO POLICE DEPT,Accepted,JEFFERSON,US0150,,BROADWAY,,W,,6TH,,,,,38.246318581,-85.761708623,2.173,7/25/2019 12:00:00 AM,1720,2,2,0,0,CLEAR,DRY,False,OTHER INTERSECTION COLLISIONS,REAR END,STRAIGHT & LEVEL,DAYLIGHT,,,7/31/2019 8:16:19 AM,False,2764,Accepted,
25387402,0568000,LOUISVILLE METRO POLICE DEPT,Accepted,JEFFERSON,,,CONN,ST,,,CONTINENTAL,,,,,38.196005144,-85.796012392,0.704,7/25/2019 12:00:00 AM,0902,2,2,0,0,CLEAR,DRY,False,OTHER INTERSECTION COLLISIONS,REAR END,STRAIGHT & LEVEL,DAYLIGHT,,,7/26/2019 8:57:24 AM,False,7705,Accepted,
25387494,0568000,LOUISVILLE METRO POLICE DEPT,Accepted,JEFFERSON,US0150,,BROADWAY,,W,KY1020,3RD,,,,,38.245957650,-85.756715349,2.475,7/25/2019 12:00:00 AM,1659,3,3,0,0,CLEAR,DRY,False,OTHER INTERSECTION COLLISIONS,REAR END,STRAIGHT & LEVEL,DAYLIGHT,,,7/26/2019 9:04:15 AM,False,5124,Accepted,
25387503,0568000,LOUISVILLE METRO POLICE DEPT,Accepted,JEFFERSON,KY0864,,BEULAH CHURCH,RD,,,ADAMS RUN,,,,,38.116360695,-85.615427115,2.784,7/25/2019 12:00:00 AM,1957,2,2,0,0,CLEAR,DRY,False,OTHER INTERSECTION COLLISIONS,REAR END,STRAIGHT & LEVEL,DAYLIGHT,,,7/26/2019 9:05:10 AM,False,5014,Accepted,