IncidentID,AgencyORI,AgencyName,IncidentStatusDesc,County,RdwyNumber,Street,RoadwayName,StreetSfx,StreetDir,IntersectionRdwy,IntersectionRdwyName,BetweenStRdwy1,BetweenStRdwyName1,BetweenStRdwy2,BetweenStRdwyName2,Latitude,Longitude,Milepoint,CollisionDate,CollisionTime,UnitsInvolved,MotorVehiclesInvolved,NumberKilled,NumberInjured,Weather,RdwyConditionCode,HitandRun,DirAnalysisCode,MannerofCollision,RdwyCharacter,LightCondition,RampFromRdwyId,RampToRdwyId,AcceptedDate,IsSecondaryCollision,OwnerBadge,IncidentStatus,
25387393,0568000,LOUISVILLE METRO POLICE DEPT,Accepted,JEFFERSON,KY1747,,FERN VALLEY,RD,,KY2052,SHEPHERDSVILLE,,,,,38.156284387,-85.659771296,3.974,7/25/2019 12:00:00 AM,0938,2,2,0,0,CLEAR,DRY,False,OTHER INTERSECTION COLLISIONS,REAR END,STRAIGHT & LEVEL,DAYLIGHT,,,7/26/2019 8:56:51 AM,False,6937,Accepted,
25387484,0568000,LOUISVILLE METRO POLICE DEPT,Accepted,JEFFERSON,KY1065,,OUTER,LOOP,,,AIR COMMERCE,,,,,38.134776636,-85.719249008,4.229,7/25/2019 12:00:00 AM,1126,2,2,0,0,CLEAR,DRY,False,OTHER INTERSECTION COLLISIONS,REAR END,STRAIGHT & LEVEL,DAYLIGHT,,,7/26/2019 9:02:50 AM,False,4693,Accepted,
25387463,0568000,LOUISVILLE METRO POLICE DEPT,Accepted,JEFFERSON,,,BASHFORD MANOR,LN,,KY1703,NEWBURG,,,,,38.195359284,-85.679094751,0.950,7/25/2019 12:00:00 AM,1223,2,2,0,0,CLEAR,DRY,False,OTHER INTERSECTION COLLISIONS,REAR END,STRAIGHT & LEVEL,DAYLIGHT,,,7/26/2019 9:01:38 AM,False,7250,Accepted,
25387439,0568000,LOUISVILLE METRO POLICE DEPT,Accepted,JEFFERSON,US0060A,,EASTERN,PKWY,,KY0061,SHELBY,,,,,38.215173362,-85.742125989,4.571,7/25/2019 12:00:00 AM,1731,2,2,0,0,CLEAR,DRY,False,OTHER INTERSECTION COLLISIONS,REAR END,STRAIGHT & LEVEL,DAYLIGHT,,,7/26/2019 8:59:52 AM,False,7390,Accepted,
25387498,0568000,LOUISVILLE METRO POLICE DEPT,Accepted,JEFFERSON,KY1747,,FERN VALLEY,RD,,,HANSES,,,,,38.157394716,-85.680078439,2.895,7/25/2019 12:00:00 AM,1918,2,2,0,0,CLEAR,DRY,False,OTHER INTERSECTION COLLISIONS,REAR END,STRAIGHT & LEVEL,DAYLIGHT,,,7/26/2019 9:04:30 AM,False,5141,Accepted,
25427686,0568000,LOUISVILLE METRO POLICE DEPT,Accepted,JEFFERSON,,,HIKES,LN,,KY2251,BARDSTOWN,,,,,38.199064046,-85.659983076,0.862,7/25/2019 12:00:00 AM,2200,2,2,0,0,CLEAR,DRY,False,OTHER INTERSECTION COLLISIONS,REAR END,STRAIGHT & LEVEL,DARK-HWY LIGHTED/ON,,,8/5/2019 8:39:44 AM,False,7200,Accepted,
25387491,0568000,LOUISVILLE METRO POLICE DEPT,Accepted,JEFFERSON,,,ROY WILKINS,AVE,,,CHESTNUT,,,,,38.249860415,-85.766155712,0.538,7/25/2019 12:00:00 AM,0926,2,2,0,0,CLEAR,DRY,False,SIDESWIPE-SAME DIRECTION,SIDESWIPE-SAME DIRECTION,STRAIGHT & LEVEL,DAYLIGHT,,,7/26/2019 9:04:02 AM,False,5124,Accepted,
25387492,0568000,LOUISVILLE METRO POLICE DEPT,Accepted,JEFFERSON,KY1020,,2ND,ST,S,,JEFFERSON,,,,,38.253475889,-85.753709076,12.627,7/25/2019 12:00:00 AM,1456,2,2,0,0,CLEAR,DRY,False,SIDESWIPE-SAME DIRECTION,SIDESWIPE-SAME DIRECTION,STRAIGHT & LEVEL,DAYLIGHT,,,7/26/2019 9:04:07 AM,False,5124,Accepted,
25387420,0568000,LOUISVILLE METRO POLICE DEPT,Accepted,JEFFERSON,I 0064,,I64 E,,,,,,,,,38.223457416,-85.531115014,17.600,7/25/2019 12:00:00 AM,1708,2,2,0,0,CLEAR,DRY,False,REAR END IN TRAFFIC LANES BOTH VEHICLES MOVING,REAR END,STRAIGHT & GRADE,DAYLIGHT,,,7/26/2019 8:58:28 AM,False,8278,Accepted,
25387437,0568000,LOUISVILLE METRO POLICE DEPT,Accepted,JEFFERSON,I 0071,,I71 N,,,,,I 0064,I64 N TRANSIT,I 0071,I71 N EXIT2 OFF RAMP TO  ZORN AVE,38.265179290,-85.712152821,0.711,7/25/2019 12:00:00 AM,1749,2,2,0,0,CLEAR,DRY,False,REAR END IN TRAFFIC LANES BOTH VEHICLES MOVING,REAR END,STRAIGHT & LEVEL,DAYLIGHT,,,7/26/2019 8:59:45 AM,False,7128,Accepted,
25387457,0568000,LOUISVILLE METRO POLICE DEPT,Accepted,JEFFERSON,I 0264,,I264 E EXIT18 TRANSIT,,,,,I 0264,I264 E EXIT18 ON RAMP FROM KY1932 S,I 0264,I264 E EXIT18B OFF RAMP TO KY1932 N,38.228225627,-85.635832039,0.210,7/25/2019 12:00:00 AM,0753,2,2,0,0,CLOUDY,DRY,False,REAR END IN TRAFFIC LANES BOTH VEHICLES MOVING,REAR END,STRAIGHT & LEVEL,DAYLIGHT,,,7/26/2019 9:01:27 AM,False,7250,Accepted,
25384857,0561000,JEFFERSONTOWN POLICE DEPT,Accepted,JEFFERSON,KY1747,,HURSTBOURNE,PKWY,S,,,,,I 0064,I64 E EXIT15 ON RAMP FROM KY1747 N,38.221509293,-85.579662456,11.765,7/25/2019 12:00:00 AM,0844,2,2,0,0,CLEAR,DRY,False,REAR END IN TRAFFIC LANES BOTH VEHICLES MOVING,REAR END,STRAIGHT & LEVEL,DAYLIGHT,,,7/25/2019 4:32:08 PM,False,8278,Accepted,
25387468,0568000,LOUISVILLE METRO POLICE DEPT,Accepted,JEFFERSON,,,ELLINGTON,AVE,,,,,TUBMAN,,BUNCHE,38.180556967,-85.664786824,0.117,7/25/2019 12:00:00 AM,1757,2,2,0,0,CLEAR,DRY,True,1 VEHICLE PARKED POSITION (NOT PARKING LOT/DRIVEWAY),SIDESWIPE-OPPOSITE DIRECTION,STRAIGHT & LEVEL,DAYLIGHT,,,7/26/2019 9:01:44 AM,False,7250,Accepted,
25407724,0568000,LOUISVILLE METRO POLICE DEPT,Accepted,JEFFERSON,,,CAMP,ST,,,,KY0061,JACKSON,KY0061,PRESTON,38.231608349,-85.747259418,0.161,7/25/2019 12:00:00 AM,1600,2,2,0,0,CLEAR,DRY,False,1 VEHICLE PARKED POSITION (NOT PARKING LOT/DRIVEWAY),SIDESWIPE-SAME DIRECTION,STRAIGHT & LEVEL,DAYLIGHT,,,7/31/2019 8:12:56 AM,False,7116,Accepted,
25387478,0568000,LOUISVILLE METRO POLICE DEPT,Accepted,JEFFERSON,KY0061,,PRESTON,HWY,,,,,STANDIFORD,,GRADE,38.180745790,-85.719155322,7.413,7/25/2019 12:00:00 AM,1626,2,2,0,0,CLEAR,DRY,False,REAR END IN TRAFFIC LANES BOTH VEHICLES MOVING,REAR END,STRAIGHT & LEVEL,DAYLIGHT,,,7/26/2019 9:01:51 AM,False,7473,Accepted,
25387410,0568000,LOUISVILLE METRO POLICE DEPT,Accepted,JEFFERSON,I 0064,,I64 W,,,,,,,,,38.233307889,-85.609587859,13.069,7/25/2019 12:00:00 AM,0906,3,3,0,0,CLEAR,DRY,False,REAR END IN TRAFFIC LANES BOTH VEHICLES MOVING,REAR END,STRAIGHT & LEVEL,DAYLIGHT,,,7/26/2019 8:57:40 AM,False,5109,Accepted,
25387483,0568000,LOUISVILLE METRO POLICE DEPT,Accepted,JEFFERSON,I 0264,,I264 W,,,,,,,,,38.214876411,-85.664565825,16.116,7/25/2019 12:00:00 AM,1755,4,4,0,0,CLEAR,DRY,False,REAR END IN TRAFFIC LANES BOTH VEHICLES MOVING,REAR END,STRAIGHT & LEVEL,DAYLIGHT,,,7/26/2019 9:02:37 AM,False,7628,Accepted,
25387435,0568000,LOUISVILLE METRO POLICE DEPT,Accepted,JEFFERSON,KY1447,,WESTPORT,RD,,,,,,,,38.296497845,-85.552162059,6.483,7/25/2019 12:00:00 AM,1636,2,2,0,0,CLEAR,DRY,True,REAR END IN TRAFFIC LANES BOTH VEHICLES MOVING,REAR END,,DAYLIGHT,,,7/26/2019 8:59:34 AM,False,2346,Accepted,
25387416,0568000,LOUISVILLE METRO POLICE DEPT,Accepted,JEFFERSON,I 0264,,I264 W,,,,,,,,,38.231341505,-85.631095005,18.246,7/25/2019 12:00:00 AM,1303,2,2,0,0,CLEAR,DRY,False,REAR END IN TRAFFIC LANES BOTH VEHICLES MOVING,REAR END,STRAIGHT & LEVEL,DAYLIGHT,,,7/26/2019 8:58:10 AM,False,2228,Accepted,
25387443,0568000,LOUISVILLE METRO POLICE DEPT,Accepted,JEFFERSON,US0060,,SHELBYVILLE,RD,,,,,LA FONTENAY,,BURNSDALE,38.244998526,-85.558578231,8.859,7/25/2019 12:00:00 AM,1321,3,3,0,1,CLEAR,DRY,False,SIDESWIPE COLLISION - SAME DIRECTION,SIDESWIPE-SAME DIRECTION,STRAIGHT & LEVEL,DAYLIGHT,,,7/26/2019 9:00:11 AM,False,7751,Accepted,
25387496,0568000,LOUISVILLE METRO POLICE DEPT,Accepted,JEFFERSON,,,PEACHTREE,AVE,,,ASHLAND,,,,,38.186186943,-85.781121515,0.826,7/25/2019 12:00:00 AM,1329,2,2,0,1,CLEAR,DRY,False,HEAD-ON COLLISION,HEAD ON,STRAIGHT & LEVEL,DAYLIGHT,,,7/26/2019 9:04:22 AM,False,7262,Accepted,
25387430,0568000,LOUISVILLE METRO POLICE DEPT,Accepted,JEFFERSON,KY0841,,GENE SNYDER,FWY,,,,,,,,38.106352208,-85.813782685,3.815,7/25/2019 12:00:00 AM,1207,1,1,0,0,CLEAR,DRY,False,OTHER COLLISIONS ON SHOULDER,SINGLE VEHICLE,STRAIGHT & LEVEL,DAYLIGHT,,,7/26/2019 8:59:15 AM,False,7234,Accepted,
25387413,0568000,LOUISVILLE METRO POLICE DEPT,Accepted,JEFFERSON,,8018,ST ANTHONY CHURCH,RD,,,,,WISERTOWN,,WHIPPERWILL,38.132965088,-85.803961514,1.690,7/25/2019 12:00:00 AM,1141,1,1,0,1,CLEAR,DRY,False,OTHER COLLISIONS ON SHOULDER,SINGLE VEHICLE,STRAIGHT & LEVEL,DAYLIGHT,,,7/26/2019 8:57:57 AM,False,6326,Accepted,
25397645,0568000,LOUISVILLE METRO POLICE DEPT,Accepted,JEFFERSON,I 0071,,I71 S,,,,,I 0071,I71 TURN AROUND11,I 0071,I71 S EXIT9B OFF RAMP TO KY841 N,38.318039886,-85.573455941,9.598,7/25/2019 12:00:00 AM,0751,1,1,0,0,CLEAR,DRY,False,OTHER COLLISIONS ON SHOULDER,SINGLE VEHICLE,STRAIGHT & LEVEL,DAYLIGHT,,,7/29/2019 8:28:34 AM,False,7720,Accepted,
25387414,0568000,LOUISVILLE METRO POLICE DEPT,Accepted,JEFFERSON,US0031W,,DIXIE,HWY,,,,,GUTERMUTH,,ST ANDREWS CHURCH,38.144944610,-85.838970426,11.777,7/25/2019 12:00:00 AM,1359,2,2,0,0,CLEAR,DRY,False,SIDESWIPE COLLISION - SAME DIRECTION,SIDESWIPE-SAME DIRECTION,STRAIGHT & LEVEL,DAYLIGHT,,,7/26/2019 8:58:01 AM,False,6326,Accepted,
25387490,0568000,LOUISVILLE METRO POLICE DEPT,Accepted,JEFFERSON,KY1447,,WESTPORT,RD,,,,I 0265,I265 N EXIT33 OFF RAMP TO KY1447,I 0265,I265 S EXIT33 ON RAMP FROM KY1447,38.297811127,-85.547133239,6.743,7/25/2019 12:00:00 AM,1705,2,2,0,0,CLEAR,DRY,False,SIDESWIPE COLLISION - SAME DIRECTION,SIDESWIPE-SAME DIRECTION,STRAIGHT & LEVEL,DAYLIGHT,,,7/26/2019 9:03:58 AM,False,7703,Accepted,
25387406,0568000,LOUISVILLE METRO POLICE DEPT,Accepted,JEFFERSON,,610,LOCUST,LN,,,,,,,,38.206941582,-85.739694992,0.256,7/25/2019 12:00:00 AM,1127,2,2,0,0,CLEAR,DRY,False,SIDESWIPE COLLISION - SAME DIRECTION,SIDESWIPE-SAME DIRECTION,STRAIGHT & LEVEL,DAYLIGHT,,,7/26/2019 8:57:30 AM,False,6030,Accepted,
25387415,0568000,LOUISVILLE METRO POLICE DEPT,Accepted,JEFFERSON,US0150,,BROADWAY,,W,,,,8TH,,ROY WILKINS,38.246825698,-85.765882971,1.971,7/25/2019 12:00:00 AM,1430,2,2,0,0,CLEAR,DRY,True,SIDESWIPE COLLISION - SAME DIRECTION,SIDESWIPE-SAME DIRECTION,STRAIGHT & LEVEL,DAYLIGHT,,,7/26/2019 8:58:07 AM,False,7463,Accepted,
25387423,0568000,LOUISVILLE METRO POLICE DEPT,Accepted,JEFFERSON,US0060,,SHELBYVILLE,RD,,,,,,,,38.244066764,-85.547110976,9.475,7/25/2019 12:00:00 AM,1534,2,2,0,0,CLEAR,DRY,False,SIDESWIPE COLLISION - SAME DIRECTION,SIDESWIPE-SAME DIRECTION,CURVE & LEVEL,DAYLIGHT,,,7/26/2019 8:58:41 AM,False,7899,Accepted,
25387432,0568000,LOUISVILLE METRO POLICE DEPT,Accepted,JEFFERSON,KY2055,,MANSLICK,RD,W,,,,,,,38.125502803,-85.796271444,4.197,7/25/2019 12:00:00 AM,1431,2,2,0,0,CLEAR,DRY,False,1 VEHICLE ENTERING/LEAVING ENTRANCE,ANGLE,STRAIGHT & LEVEL,DAYLIGHT,,,7/26/2019 8:59:24 AM,False,7234,Accepted,
25387488,0568000,LOUISVILLE METRO POLICE DEPT,Accepted,JEFFERSON,KY1747,,FERN VALLEY,RD,,,,,,,,38.157037944,-85.710637558,1.184,7/25/2019 12:00:00 AM,1812,2,2,0,0,CLEAR,DRY,False,1 VEHICLE ENTERING/LEAVING ENTRANCE,ANGLE,STRAIGHT & LEVEL,DAYLIGHT,,,7/26/2019 9:03:44 AM,False,4693,Accepted,
25387438,0568000,LOUISVILLE METRO POLICE DEPT,Accepted,JEFFERSON,US0031E,,BARDSTOWN,RD,,,,,ROANOKE,,KENILWORTH,38.227535346,-85.699687323,14.022,7/25/2019 12:00:00 AM,1700,2,2,0,0,CLEAR,DRY,False,1 VEHICLE ENTERING/LEAVING ENTRANCE,ANGLE,STRAIGHT & LEVEL,DAYLIGHT,,,7/26/2019 8:59:49 AM,False,2100,Accepted,
25387481,0568000,LOUISVILLE METRO POLICE DEPT,Accepted,JEFFERSON,KY1934,4060,CANE RUN,RD,,,,,,,,38.204778422,-85.830300111,9.722,7/25/2019 12:00:00 AM,1500,2,2,0,1,CLOUDY,DRY,False,1 VEHICLE ENTERING/LEAVING ENTRANCE,ANGLE,STRAIGHT & LEVEL,DAYLIGHT,,,7/26/2019 9:02:08 AM,False,5202,Accepted,
25387424,0568000,LOUISVILLE METRO POLICE DEPT,Accepted,JEFFERSON,,,GARDINER,LN,,,,,,,,38.211966422,-85.673559793,1.133,7/25/2019 12:00:00 AM,1559,2,2,0,0,CLEAR,DRY,False,1 VEHICLE ENTERING/LEAVING ENTRANCE,ANGLE,STRAIGHT & LEVEL,DAYLIGHT,,,7/26/2019 8:58:47 AM,False,7284,Accepted,
25387425,0568000,LOUISVILLE METRO POLICE DEPT,Accepted,JEFFERSON,KY1747,,FERN VALLEY,RD,,,,,,,,38.156584755,-85.665285489,3.674,7/25/2019 12:00:00 AM,1308,2,2,0,0,CLEAR,DRY,False,1 VEHICLE ENTERING/LEAVING ENTRANCE,ANGLE,STRAIGHT & LEVEL,DAYLIGHT,,,7/26/2019 8:58:52 AM,False,5233,Accepted,
25402953,0568000,LOUISVILLE METRO POLICE DEPT,Accepted,JEFFERSON,US0042,1200,STORY,AVE,,,,,,,,38.255380791,-85.729382386,0.192,7/25/2019 12:00:00 AM,1631,2,2,0,0,CLEAR,DRY,False,1 VEHICLE ENTERING/LEAVING ENTRANCE,ANGLE,STRAIGHT & LEVEL,DAYLIGHT,,,7/30/2019 8:18:11 AM,False,5256,Accepted,
25427762,0568000,LOUISVILLE METRO POLICE DEPT,Accepted,JEFFERSON,KY1934,,CANE RUN,RD,,,,,HUDSON,KY2056,BELLS,38.221556029,-85.812220383,11.245,7/25/2019 12:00:00 AM,1631,2,2,0,2,CLEAR,DRY,True,OTHER ROADWAY OR MID-BLOCK COLLISION,REAR END,STRAIGHT & LEVEL,DAYLIGHT,,,8/5/2019 8:44:27 AM,False,6860,Accepted,
25387448,0568000,LOUISVILLE METRO POLICE DEPT,Accepted,JEFFERSON,KY1747,,FERN VALLEY,RD,,,,,PARAMOUNT PARK,,ULRICH,38.157093485,-85.712234210,1.096,7/25/2019 12:00:00 AM,1628,2,2,0,0,CLEAR,DRY,False,OTHER ROADWAY OR MID-BLOCK COLLISION,REAR END,STRAIGHT & LEVEL,DAYLIGHT,,,7/26/2019 9:01:06 AM,False,2324,Accepted,
25387482,0568000,LOUISVILLE METRO POLICE DEPT,Accepted,JEFFERSON,KY0907,,3RD ST,RD,,,,,,,,38.130269333,-85.792668375,4.878,7/25/2019 12:00:00 AM,1600,1,1,0,0,CLEAR,DRY,True,OTHER ROADWAY OR MID-BLOCK COLLISION,SINGLE VEHICLE,STRAIGHT & LEVEL,DAYLIGHT,,,7/26/2019 9:02:29 AM,False,7174,Accepted,
25387431,0568000,LOUISVILLE METRO POLICE DEPT,Accepted,JEFFERSON,KY2051,,ROCKFORD,LN,,,,,,,,38.181832912,-85.853360183,1.798,7/25/2019 12:00:00 AM,1403,2,2,0,0,CLEAR,DRY,False,OTHER ROADWAY OR MID-BLOCK COLLISION,REAR END,STRAIGHT & LEVEL,DAYLIGHT,,,7/26/2019 8:59:20 AM,False,7234,Accepted,
25387495,0568000,LOUISVILLE METRO POLICE DEPT,Accepted,JEFFERSON,,3306,HALE,AVE,,,,,,,,38.240302023,-85.809053862,1.686,7/25/2019 12:00:00 AM,1552,2,2,0,0,CLEAR,DRY,True,OTHER ROADWAY OR MID-BLOCK COLLISION,REAR END,STRAIGHT & LEVEL,DAYLIGHT,,,7/26/2019 9:04:19 AM,False,5151,Accepted,
25387445,0568000,LOUISVILLE METRO POLICE DEPT,Accepted,JEFFERSON,KY0061,,PRESTON,HWY,,,,KY1747,FERN VALLEY,,OLD FERN VALLEY,38.155289820,-85.695995317,5.222,7/25/2019 12:00:00 AM,1628,2,2,0,0,CLEAR,DRY,False,OTHER ROADWAY OR MID-BLOCK COLLISION,REAR END,STRAIGHT & LEVEL,DAYLIGHT,,,7/26/2019 9:00:43 AM,False,2324,Accepted,
25382835,0568000,LOUISVILLE METRO POLICE DEPT,Accepted,JEFFERSON,I 0064,,I64 W,,,,,,,,,38.243144467,-85.695368871,8.212,7/25/2019 12:00:00 AM,0425,1,1,0,2,CLEAR,DRY,False,OTHER ROADWAY OR MID-BLOCK COLLISION,SINGLE VEHICLE,STRAIGHT & LEVEL,DARK-HWY LIGHTED/ON,,,7/25/2019 8:53:13 AM,False,5104,Accepted,
25387433,0568000,LOUISVILLE METRO POLICE DEPT,Accepted,JEFFERSON,I 0064,,,,,,,,,,,38.257932038,-85.723655138,0.148,7/25/2019 12:00:00 AM,0716,2,2,0,0,CLEAR,DRY,False,OTHER RAMP RELATED COLLISIONS NOT LISTED ABOVE,REAR END,CURVE & HILLCREST,DAYLIGHT,I 0064,STORY AVE,7/26/2019 8:59:28 AM,False,5256,Accepted,
25387442,0568000,LOUISVILLE METRO POLICE DEPT,Accepted,JEFFERSON,,,ZORN,AVE,,,,I 0071,I71 S EXIT2 ON RAMP FROM  ZORN AVE,,RIVER,38.276196012,-85.698468113,1.663,7/25/2019 12:00:00 AM,1622,2,2,0,0,CLEAR,DRY,False,OTHER ROADWAY OR MID-BLOCK COLLISION,REAR END,STRAIGHT & LEVEL,DAYLIGHT,,,7/26/2019 9:00:00 AM,False,2413,Accepted,
25387485,0568000,LOUISVILLE METRO POLICE DEPT,Accepted,JEFFERSON,I 0065,,I65 S EXIT127 TRANSIT,,,,,,,,,38.140067538,-85.708880723,0.445,7/25/2019 12:00:00 AM,1227,1,1,0,1,CLEAR,DRY,False,OTHER ROADWAY OR MID-BLOCK COLLISION,SINGLE VEHICLE,STRAIGHT & LEVEL,DAYLIGHT,,,7/26/2019 9:03:16 AM,False,4693,Accepted,
25403208,0560600,WEST BUECHEL POLICE DEPT.,Accepted,JEFFERSON,I 0064,,,,,,,,,,,38.255173536,-85.765031318,0.039,7/25/2019 12:00:00 AM,1720,2,2,0,0,CLEAR,DRY,False,OTHER RAMP RELATED COLLISIONS NOT LISTED ABOVE,SIDESWIPE-SAME DIRECTION,STRAIGHT & LEVEL,DAYLIGHT,I 0064,JEFFERSON ST,7/30/2019 8:57:14 AM,False,1717,Accepted,
25386951,0561500,UNIV. OF LOUISVILLE POLICE,Accepted,JEFFERSON,,2126,FLOYD,ST,S,,,,,,,38.213778897,-85.755436129,2.886,7/25/2019 12:00:00 AM,1446,1,1,0,0,CLEAR,DRY,False,COLLISION IN PARKING LOT,SINGLE VEHICLE,STRAIGHT & LEVEL,DAYLIGHT,,,7/26/2019 6:52:04 AM,False,5620,Accepted,
25387408,0568000,LOUISVILLE METRO POLICE DEPT,Accepted,JEFFERSON,,,15TH,ST,S,,JEFFERSON,,,,,38.255844722,-85.775206588,2.114,7/25/2019 12:00:00 AM,1304,2,2,0,0,CLEAR,DRY,True,COLLISION IN PARKING LOT,SIDESWIPE-SAME DIRECTION,STRAIGHT & LEVEL,DAYLIGHT,,,7/26/2019 8:57:34 AM,False,7220,Accepted,
25449371,0568000,LOUISVILLE METRO POLICE DEPT,Accepted,JEFFERSON,US0031E,4744,BARDSTOWN,RD,,,,,,,,38.179845498,-85.624438101,8.448,7/25/2019 12:00:00 AM,1731,2,2,0,0,CLEAR,DRY,True,COLLISION IN PARKING LOT,ANGLE,STRAIGHT & LEVEL,DAYLIGHT,,,8/9/2019 8:23:00 AM,False,7303,Accepted,
25387390,0568000,LOUISVILLE METRO POLICE DEPT,Accepted,JEFFERSON,US0150,834,BROADWAY,,E,,,,,,,38.244660866,-85.739195344,3.422,7/24/2019 12:00:00 AM,0945,2,2,0,0,CLEAR,DRY,True,COLLISION IN PARKING LOT,BACKING,STRAIGHT & LEVEL,DAYLIGHT,,,7/26/2019 8:56:35 AM,False,2764,Accepted,
25382831,0568000,LOUISVILLE METRO POLICE DEPT,Accepted,JEFFERSON,KY2052,6214,SHEPHERDSVILLE,RD,,,,,,,,38.158280859,-85.659848961,1.358,7/24/2019 12:00:00 AM,1841,2,2,0,0,CLEAR,DRY,True,COLLISION IN PARKING LOT,REAR TO REAR,CURVE & LEVEL,DARK-HWY LIGHTED/ON,,,7/25/2019 8:53:03 AM,False,7830,Accepted,
25382751,0568000,LOUISVILLE METRO POLICE DEPT,Accepted,JEFFERSON,I 0071,,,,,,,,,,,38.275585839,-85.697540677,0.230,7/24/2019 12:00:00 AM,1622,2,2,0,0,CLEAR,DRY,False,OTHER RAMP RELATED COLLISIONS NOT LISTED ABOVE,REAR END,CURVE & GRADE,DAYLIGHT,I 0071,ZORN AVE,7/25/2019 8:49:55 AM,False,2413,Accepted,
25387417,0568000,LOUISVILLE METRO POLICE DEPT,Accepted,JEFFERSON,I 0065,,I65 N,,,,,,,,,38.213594251,-85.752846609,133.004,7/24/2019 12:00:00 AM,0753,2,2,0,2,CLEAR,DRY,False,OTHER ROADWAY OR MID-BLOCK COLLISION,REAR END,STRAIGHT & LEVEL,DAYLIGHT,,,7/26/2019 8:58:15 AM,False,4656,Accepted,
25402933,0568000,LOUISVILLE METRO POLICE DEPT,Accepted,JEFFERSON,KY0061,,PRESTON,ST,S,,,,,,,38.254311921,-85.746087252,12.860,7/24/2019 12:00:00 AM,1200,2,1,0,1,CLOUDY,DRY,True,OTHER ROADWAY OR MID-BLOCK COLLISION,SINGLE VEHICLE,STRAIGHT & LEVEL,DAYLIGHT,,,7/30/2019 8:16:55 AM,False,7239,Accepted,
25382765,0568000,LOUISVILLE METRO POLICE DEPT,Accepted,JEFFERSON,KY1747,,FERN VALLEY,RD,,,,,,,,38.157495559,-85.695341012,2.037,7/24/2019 12:00:00 AM,1611,2,2,0,0,CLEAR,DRY,False,OTHER ROADWAY OR MID-BLOCK COLLISION,OPPOSING LEFT TURN,STRAIGHT & LEVEL,DAYLIGHT,,,7/25/2019 8:50:53 AM,False,4693,Accepted,
25382823,0568000,LOUISVILLE METRO POLICE DEPT,Accepted,JEFFERSON,,,RIVER,RD,,,,,BLANKENBAKER,,RIVERSIDE,38.294387673,-85.673544713,1.653,7/24/2019 12:00:00 AM,0806,2,2,0,0,CLEAR,DRY,False,OTHER ROADWAY OR MID-BLOCK COLLISION,REAR END,STRAIGHT & LEVEL,DAYLIGHT,,,7/25/2019 8:52:38 AM,False,7751,Accepted,
25412756,0568000,LOUISVILLE METRO POLICE DEPT,Accepted,JEFFERSON,I 0265,,I265 N,,,,,I 0265,I265 N EXIT34 ON RAMP FROM KY22 W,I 0071,I71 N EXIT35A RAMP TO I71 N,38.311029664,-85.574897402,34.256,7/24/2019 12:00:00 AM,0922,2,2,0,1,CLEAR,DRY,False,OTHER ROADWAY OR MID-BLOCK COLLISION,REAR END,STRAIGHT & HILLCREST,DAYLIGHT,,,8/1/2019 8:15:05 AM,False,7840,Accepted,
25378102,0568000,LOUISVILLE METRO POLICE DEPT,Accepted,JEFFERSON,,4700B,3RD,ST,S,,,,,,,38.181473496,-85.766262328,1.325,7/24/2019 12:00:00 AM,0022,2,2,0,1,CLEAR,DRY,False,1 VEHICLE ENTERING/LEAVING ENTRANCE,ANGLE,STRAIGHT & LEVEL,DARK-HWY LIGHTED/ON,,,7/24/2019 8:49:37 AM,False,7963,Accepted,
25382764,0568000,LOUISVILLE METRO POLICE DEPT,Accepted,JEFFERSON,,,JOHNSONTOWN,RD,,,,,,,,38.121260967,-85.857772964,0.114,7/24/2019 12:00:00 AM,1442,2,2,0,0,CLEAR,DRY,False,1 VEHICLE ENTERING/LEAVING ENTRANCE,ANGLE,STRAIGHT & LEVEL,DAYLIGHT,,,7/25/2019 8:50:49 AM,False,7234,Accepted,
25382763,0568000,LOUISVILLE METRO POLICE DEPT,Accepted,JEFFERSON,KY1020,,NATIONAL,TPKE,,,,,,,,38.127917963,-85.749400274,3.731,7/24/2019 12:00:00 AM,1707,2,2,0,1,CLEAR,DRY,False,1 VEHICLE ENTERING/LEAVING ENTRANCE,ANGLE,STRAIGHT & LEVEL,DAYLIGHT,,,7/25/2019 8:50:45 AM,False,7234,Accepted,
25382770,0568000,LOUISVILLE METRO POLICE DEPT,Accepted,JEFFERSON,US0031W,,DIXIE,HWY,,,,,,,,38.102908029,-85.869571286,8.269,7/24/2019 12:00:00 AM,1229,2,2,0,2,CLEAR,DRY,False,1 VEHICLE ENTERING/LEAVING ENTRANCE,ANGLE,STRAIGHT & LEVEL,DAYLIGHT,,,7/25/2019 8:51:14 AM,False,7234,Accepted,
25382746,0568000,LOUISVILLE METRO POLICE DEPT,Accepted,JEFFERSON,,3012,MEADOW FARMS,PL,,,,,,,,38.279142166,-85.477938547,0.021,7/24/2019 12:00:00 AM,1522,2,2,0,0,CLEAR,DRY,False,1 VEHICLE ENTERING/LEAVING ENTRANCE,ANGLE,CURVE & GRADE,DAYLIGHT,,,7/25/2019 8:49:36 AM,False,6532,Accepted,