IncidentID,AgencyORI,AgencyName,IncidentStatusDesc,County,RdwyNumber,Street,RoadwayName,StreetSfx,StreetDir,IntersectionRdwy,IntersectionRdwyName,BetweenStRdwy1,BetweenStRdwyName1,BetweenStRdwy2,BetweenStRdwyName2,Latitude,Longitude,Milepoint,CollisionDate,CollisionTime,UnitsInvolved,MotorVehiclesInvolved,NumberKilled,NumberInjured,Weather,RdwyConditionCode,HitandRun,DirAnalysisCode,MannerofCollision,RdwyCharacter,LightCondition,RampFromRdwyId,RampToRdwyId,AcceptedDate,IsSecondaryCollision,OwnerBadge,IncidentStatus,
25378074,0568000,LOUISVILLE METRO POLICE DEPT,Accepted,JEFFERSON,I 0064,,,,,,,,,,,38.236035563,-85.621737363,0.392,7/23/2019 12:00:00 AM,1741,2,2,0,0,CLEAR,DRY,False,OTHER RAMP RELATED COLLISIONS NOT LISTED ABOVE,REAR END,STRAIGHT & LEVEL,DAYLIGHT,I 0064,I 0064,7/24/2019 8:46:29 AM,False,5228,Accepted,
25377988,0568000,LOUISVILLE METRO POLICE DEPT,Accepted,JEFFERSON,I 0265,,,,,,,,,,,38.139412813,-85.582326356,0.396,7/23/2019 12:00:00 AM,0749,2,2,0,0,CLEAR,DRY,False,OTHER RAMP RELATED COLLISIONS NOT LISTED ABOVE,REAR END,STRAIGHT & LEVEL,DAYLIGHT,I 0265,US31E,7/24/2019 8:41:49 AM,False,4656,Accepted,
25372308,0568000,LOUISVILLE METRO POLICE DEPT,Accepted,JEFFERSON,,,MEDORA,RD,,,,,BLEVINS GAP,,PENDLETON,38.062436154,-85.868968231,0.346,7/23/2019 12:00:00 AM,0130,1,1,0,2,CLOUDY,DRY,False,OTHER ROADWAY OR MID-BLOCK COLLISION,SINGLE VEHICLE,CURVE & GRADE,DARK-HWY NOT LIGHTED,,,7/23/2019 8:22:18 AM,True,2021,Accepted,
25378080,0568000,LOUISVILLE METRO POLICE DEPT,Accepted,JEFFERSON,,7031,GLOBAL,DR,,,,,,,,38.140030851,-85.888451225,0.004,7/23/2019 12:00:00 AM,1820,2,2,0,0,CLEAR,DRY,True,COLLISION IN PARKING LOT,BACKING,STRAIGHT & LEVEL,DAYLIGHT,,,7/24/2019 8:46:34 AM,False,5033,Accepted,
25378082,0568000,LOUISVILLE METRO POLICE DEPT,Accepted,JEFFERSON,US0060,,SHELBYVILLE,RD,,,,,,,,38.248635203,-85.604143547,6.367,7/23/2019 12:00:00 AM,2312,2,2,0,0,CLEAR,DRY,False,COLLISION IN PARKING LOT,ANGLE,STRAIGHT & LEVEL,DARK-HWY LIGHTED/ON,,,7/24/2019 8:46:38 AM,False,7055,Accepted,
25372074,0561500,UNIV. OF LOUISVILLE POLICE,Accepted,JEFFERSON,,2126,FLOYD,ST,S,,,,,,,38.217189413,-85.754916577,2.650,7/22/2019 12:00:00 AM,1527,2,1,0,0,CLOUDY,DRY,True,COLLISION IN PARKING LOT,SINGLE VEHICLE,STRAIGHT & GRADE,DAYLIGHT,,,7/23/2019 7:47:21 AM,False,5620,Accepted,
25377991,0568000,LOUISVILLE METRO POLICE DEPT,Accepted,JEFFERSON,,,HUNSINGER,LN,,,,,,,,38.217523173,-85.623182003,0.186,7/22/2019 12:00:00 AM,1413,2,2,0,0,CLOUDY,DRY,False,COLLISION IN PARKING LOT,SIDESWIPE-OPPOSITE DIRECTION,STRAIGHT & LEVEL,DAYLIGHT,,,7/24/2019 8:42:04 AM,False,5159,Accepted,
25372256,0568000,LOUISVILLE METRO POLICE DEPT,Accepted,JEFFERSON,,11313,BOLD FORBES,BLVD,,,,,,,,38.091560643,-85.850998159,0.153,7/22/2019 12:00:00 AM,1407,1,1,0,1,CLOUDY,DRY,False,COLLISION IN PARKING LOT,SINGLE VEHICLE,STRAIGHT & LEVEL,DAYLIGHT,,,7/23/2019 8:19:12 AM,False,7496,Accepted,
25382826,0568000,LOUISVILLE METRO POLICE DEPT,Accepted,JEFFERSON,I 0264,,,,,,,,,,,38.224873079,-85.643131948,0.010,7/22/2019 12:00:00 AM,0006,2,2,0,0,RAINING,DRY,True,OTHER RAMP RELATED COLLISIONS NOT LISTED ABOVE,REAR END,,DARK-HWY LIGHTED/ON,I 0264,KY1932,7/25/2019 8:52:47 AM,False,7200,Accepted,
25402996,0568000,LOUISVILLE METRO POLICE DEPT,Accepted,JEFFERSON,I 0065,,,,,,,,,,,38.157428732,-85.716311238,0.484,7/22/2019 12:00:00 AM,1559,2,2,0,0,CLEAR,DRY,False,OTHER RAMP RELATED COLLISIONS NOT LISTED ABOVE,SIDESWIPE-SAME DIRECTION,STRAIGHT & HILLCREST,DAYLIGHT,I 0065,KY1631,7/30/2019 8:20:22 AM,False,7669,Accepted,
25377999,0568000,LOUISVILLE METRO POLICE DEPT,Accepted,JEFFERSON,,1939,GOLDSMITH,LN,,,,,,,,38.202500705,-85.680283851,0.285,7/22/2019 12:00:00 AM,1112,1,1,0,0,OTHER,DRY,True,OTHER ROADWAY OR MID-BLOCK COLLISION,SINGLE VEHICLE,STRAIGHT & LEVEL,UNKNOWN,,,7/24/2019 8:42:36 AM,False,5027,Accepted,
25378000,0568000,LOUISVILLE METRO POLICE DEPT,Accepted,JEFFERSON,I 0065,,I65 S,,,,,,,,,38.242030816,-85.752903059,135.000,7/22/2019 12:00:00 AM,1742,3,3,0,0,CLOUDY,DRY,False,OTHER ROADWAY OR MID-BLOCK COLLISION,REAR END,CURVE & LEVEL,DAYLIGHT,,,7/24/2019 8:42:41 AM,False,8278,Accepted,
25367555,0568000,LOUISVILLE METRO POLICE DEPT,Accepted,JEFFERSON,I 0065,,I65 S,,,,,,,,,38.239292929,-85.753319670,134.809,7/22/2019 12:00:00 AM,0026,1,1,0,1,RAINING,WATER (STANDING OR MOVING),False,OTHER ROADWAY OR MID-BLOCK COLLISION,SINGLE VEHICLE,STRAIGHT & LEVEL,DARK-HWY LIGHTED/ON,,,7/22/2019 9:02:39 AM,False,5111,Accepted,
25367541,0568000,LOUISVILLE METRO POLICE DEPT,Accepted,JEFFERSON,I 0065,,I65 S,,,,,,,,,38.210767708,-85.753118520,132.805,7/22/2019 12:00:00 AM,0025,1,1,0,1,RAINING,WET,False,OTHER ROADWAY OR MID-BLOCK COLLISION,SINGLE VEHICLE,CURVE & GRADE,DARK-HWY LIGHTED/ON,,,7/22/2019 9:01:55 AM,False,2745,Accepted,
25372288,0568000,LOUISVILLE METRO POLICE DEPT,Accepted,JEFFERSON,KY1065,,OUTER,LOOP,,,,,CANDLEWORTH,KY1865,NEW CUT,38.126625944,-85.777817700,0.934,7/22/2019 12:00:00 AM,0815,3,3,0,0,CLOUDY,DRY,False,OTHER ROADWAY OR MID-BLOCK COLLISION,REAR END,STRAIGHT & LEVEL,DAYLIGHT,,,7/23/2019 8:21:19 AM,False,6326,Accepted,
25372255,0568000,LOUISVILLE METRO POLICE DEPT,Accepted,JEFFERSON,KY1065,,OUTER,LOOP,,,,,LAUREL RIDGE,,JEFFERSON,38.138057764,-85.674404818,6.732,7/22/2019 12:00:00 AM,1000,2,2,0,0,CLOUDY,DRY,False,OTHER ROADWAY OR MID-BLOCK COLLISION,REAR END,STRAIGHT & LEVEL,DAYLIGHT,,,7/23/2019 8:19:00 AM,False,2017,Accepted,
25387436,0568000,LOUISVILLE METRO POLICE DEPT,Accepted,JEFFERSON,,,MELTON,AVE,,,,,ABELL,,GRADE,38.145850116,-85.735791353,0.097,7/22/2019 12:00:00 AM,2235,2,2,0,0,CLOUDY,DRY,False,OTHER ROADWAY OR MID-BLOCK COLLISION,REAR END,STRAIGHT & LEVEL,DARK-HWY LIGHTED/ON,,,7/26/2019 8:59:42 AM,False,6860,Accepted,
25372271,0568000,LOUISVILLE METRO POLICE DEPT,Accepted,JEFFERSON,I 0264,,,,,,,,,,,38.210601809,-85.671016591,0.318,7/22/2019 12:00:00 AM,1410,2,2,0,0,CLOUDY,DRY,False,OTHER RAMP RELATED COLLISIONS NOT LISTED ABOVE,REAR END,CURVE & LEVEL,DAYLIGHT,I 0264,US31E S,7/23/2019 8:20:04 AM,False,7059,Accepted,
25372309,0568000,LOUISVILLE METRO POLICE DEPT,Accepted,JEFFERSON,I 0065,,,,,,,,,,,38.158102157,-85.721825073,0.030,7/22/2019 12:00:00 AM,2215,2,2,0,0,CLEAR,DRY,False,OTHER RAMP RELATED COLLISIONS NOT LISTED ABOVE,REAR END,STRAIGHT & LEVEL,DARK-HWY LIGHTED/ON,I 0065,KY1631,7/23/2019 8:22:21 AM,False,7431,Accepted,
25372247,0568000,LOUISVILLE METRO POLICE DEPT,Accepted,JEFFERSON,,3600B,VIRGINIA,AVE,,,,,,,,38.239624116,-85.815243352,1.044,7/22/2019 12:00:00 AM,0925,2,2,0,0,CLOUDY,DRY,False,1 VEHICLE ENTERING/LEAVING ENTRANCE,ANGLE,STRAIGHT & LEVEL,DAYLIGHT,,,7/23/2019 8:18:24 AM,False,7233,Accepted,
25372275,0568000,LOUISVILLE METRO POLICE DEPT,Accepted,JEFFERSON,KY1931,,ST ANDREWS CHURCH,RD,,,,US0031W,DIXIE,,ST ANDREWS CHURCH,38.143455854,-85.838841641,3.186,7/22/2019 12:00:00 AM,1657,2,2,0,0,CLOUDY,WET,False,1 VEHICLE ENTERING/LEAVING ENTRANCE,ANGLE,STRAIGHT & LEVEL,DAYLIGHT,,,7/23/2019 8:20:15 AM,False,7073,Accepted,
25372301,0568000,LOUISVILLE METRO POLICE DEPT,Accepted,JEFFERSON,KY1020,,SOUTHSIDE,DR,,,,,,,,38.172762714,-85.764687173,7.087,7/22/2019 12:00:00 AM,1942,2,2,0,0,CLEAR,DRY,False,1 VEHICLE ENTERING/LEAVING ENTRANCE,ANGLE,STRAIGHT & LEVEL,DAYLIGHT,,,7/23/2019 8:21:50 AM,False,7963,Accepted,
25444127,0568000,LOUISVILLE METRO POLICE DEPT,Accepted,JEFFERSON,,8003,SHEPHERDSVILLE,RD,,,,,,,,38.134376929,-85.659015046,0.331,7/22/2019 12:00:00 AM,0112,1,1,0,0,CLEAR,WET,False,OTHER ROADWAY OR MID-BLOCK COLLISION,SINGLE VEHICLE,STRAIGHT & GRADE,DARK-HWY LIGHTED/ON,,,8/8/2019 8:28:47 AM,False,7484,Accepted,
25372305,0568000,LOUISVILLE METRO POLICE DEPT,Accepted,JEFFERSON,KY1934,,CANE RUN,RD,,,,,HARTLAGE,,KRAMERS,38.200827245,-85.835288202,9.338,7/22/2019 12:00:00 AM,2145,2,2,0,1,CLEAR,DRY,True,SIDESWIPE COLLISION - OPPOSITE DIRECTION,SIDESWIPE-OPPOSITE DIRECTION,STRAIGHT & LEVEL,DARK-HWY LIGHTED/ON,,,7/23/2019 8:22:05 AM,False,2877,Accepted,
25372303,0568000,LOUISVILLE METRO POLICE DEPT,Accepted,JEFFERSON,I 0264,,I264 E,,,,,I 0264,I264 E EXIT16 OFF RAMP TO US31E,I 0264,I264 E EXIT15 ON RAMP FROM KY1703,38.208101542,-85.676047016,15.335,7/22/2019 12:00:00 AM,2215,1,1,0,0,CLOUDY,DRY,False,OTHER COLLISIONS ON SHOULDER,SINGLE VEHICLE,STRAIGHT & HILLCREST,DARK-HWY LIGHTED/ON,,,7/23/2019 8:21:57 AM,False,7935,Accepted,
25377982,0568000,LOUISVILLE METRO POLICE DEPT,Accepted,JEFFERSON,I 0064,,I64 W,,,,,,,,,38.259053103,-85.743830009,5.001,7/22/2019 12:00:00 AM,1418,2,2,0,0,CLOUDY,DRY,False,SIDESWIPE COLLISION - SAME DIRECTION,SIDESWIPE-SAME DIRECTION,CURVE & GRADE,DAYLIGHT,,,7/24/2019 8:41:17 AM,False,8278,Accepted,
25382830,0568000,LOUISVILLE METRO POLICE DEPT,Accepted,JEFFERSON,I 0265,,I265 E,,,,,,,,,38.138470980,-85.592567140,16.746,7/22/2019 12:00:00 AM,0551,2,2,0,1,CLOUDY,DRY,False,SIDESWIPE COLLISION - SAME DIRECTION,SIDESWIPE-SAME DIRECTION,STRAIGHT & LEVEL,DARK-HWY NOT LIGHTED,,,7/25/2019 8:52:59 AM,False,5169,Accepted,
25378092,0568000,LOUISVILLE METRO POLICE DEPT,Accepted,JEFFERSON,KY0061,,PRESTON,HWY,,,,,LAVISTA,,MINOR,38.145089737,-85.690419191,4.452,7/22/2019 12:00:00 AM,1729,2,2,0,0,CLEAR,DRY,False,SIDESWIPE COLLISION - SAME DIRECTION,SIDESWIPE-SAME DIRECTION,STRAIGHT & LEVEL,DAYLIGHT,,,7/24/2019 8:47:30 AM,False,7669,Accepted,
25372274,0568000,LOUISVILLE METRO POLICE DEPT,Accepted,JEFFERSON,KY1447,,WESTPORT,RD,,,,,FREYS HILL,,SHELBURN PARK,38.293835752,-85.558886895,6.048,7/22/2019 12:00:00 AM,1625,2,2,0,0,CLOUDY,DRY,False,REAR END IN TRAFFIC LANES BOTH VEHICLES MOVING,REAR END,STRAIGHT & GRADE,DAYLIGHT,,,7/23/2019 8:20:11 AM,False,6929,Accepted,
25378050,0568000,LOUISVILLE METRO POLICE DEPT,Accepted,JEFFERSON,I 0264,,I264 E,,,,,I 0264,I264 E EXIT18 OFF RAMP TO KY1932,I 0264,I264 E EXIT18 TRANSIT,38.226371008,-85.640116335,17.667,7/22/2019 12:00:00 AM,1525,2,2,0,0,CLOUDY,WET,False,REAR END IN TRAFFIC LANES BOTH VEHICLES MOVING,REAR END,STRAIGHT & LEVEL,DAYLIGHT,,,7/24/2019 8:45:54 AM,False,7482,Accepted,
25372283,0568000,LOUISVILLE METRO POLICE DEPT,Accepted,JEFFERSON,I 0264,,I264 E,,,,,,,,,38.221510558,-85.650625057,17.000,7/22/2019 12:00:00 AM,1711,2,2,0,0,CLOUDY,DRY,False,REAR END IN TRAFFIC LANES BOTH VEHICLES MOVING,REAR END,STRAIGHT & LEVEL,DAYLIGHT,,,7/23/2019 8:21:08 AM,False,7243,Accepted,
25372276,0568000,LOUISVILLE METRO POLICE DEPT,Accepted,JEFFERSON,I 0264,,I264 E,,,,,I 0264,I264 E EXIT11 OFF RAMP,I 0264,I264 E EXIT10 ON RAMP FROM KY1020,38.190133586,-85.754416507,10.751,7/22/2019 12:00:00 AM,1522,2,2,0,0,CLOUDY,DRY,False,REAR END IN TRAFFIC LANES BOTH VEHICLES MOVING,REAR END,STRAIGHT & LEVEL,DAYLIGHT,,,7/23/2019 8:20:20 AM,False,7451,Accepted,
25378037,0568000,LOUISVILLE METRO POLICE DEPT,Accepted,JEFFERSON,I 0264,,I264 E,,,,,,,,,38.232255198,-85.628835075,18.403,7/22/2019 12:00:00 AM,0530,2,2,0,0,CLEAR,DRY,False,REAR END IN TRAFFIC LANES BOTH VEHICLES MOVING,REAR END,STRAIGHT & LEVEL,DAWN,,,7/24/2019 8:44:47 AM,False,7633,Accepted,
25377987,0568000,LOUISVILLE METRO POLICE DEPT,Accepted,JEFFERSON,I 0264,,I264 E,,,,,,,,,38.224547187,-85.643948547,17.423,7/22/2019 12:00:00 AM,1547,2,2,0,0,CLOUDY,WET,False,REAR END IN TRAFFIC LANES BOTH VEHICLES MOVING,REAR END,STRAIGHT & LEVEL,DAYLIGHT,,,7/24/2019 8:41:45 AM,False,8278,Accepted,
25372257,0568000,LOUISVILLE METRO POLICE DEPT,Accepted,JEFFERSON,I 0064,,I64 W,,,,,,,,,38.233500469,-85.610158494,13.035,7/22/2019 12:00:00 AM,1355,2,2,0,0,CLOUDY,DRY,False,REAR END IN TRAFFIC LANES BOTH VEHICLES MOVING,REAR END,STRAIGHT & LEVEL,DAYLIGHT,,,7/23/2019 8:19:16 AM,False,7358,Accepted,
25378003,0568000,LOUISVILLE METRO POLICE DEPT,Accepted,JEFFERSON,I 0264,,I264 E,,,,,,,,,38.224280331,-85.644542726,17.385,7/22/2019 12:00:00 AM,1650,2,2,0,0,CLOUDY,DRY,False,REAR END IN TRAFFIC LANES BOTH VEHICLES MOVING,REAR END,STRAIGHT & LEVEL,DAYLIGHT,,,7/24/2019 8:42:59 AM,False,8278,Accepted,
25378044,0568000,LOUISVILLE METRO POLICE DEPT,Accepted,JEFFERSON,,9907,GANDY,RD,,,,,,,,38.107202089,-85.853628166,0.031,7/22/2019 12:00:00 AM,1024,2,2,0,0,CLEAR,DRY,True,1 VEHICLE PARKED POSITION (NOT PARKING LOT/DRIVEWAY),REAR END,STRAIGHT & LEVEL,DAYLIGHT,,,7/24/2019 8:45:31 AM,False,6326,Accepted,
25372258,0568000,LOUISVILLE METRO POLICE DEPT,Accepted,JEFFERSON,,735,42ND,ST,S,,,,,,,38.248879762,-85.822173138,0.919,7/22/2019 12:00:00 AM,1351,2,2,0,0,CLOUDY,DRY,False,1 VEHICLE PARKED POSITION (NOT PARKING LOT/DRIVEWAY),BACKING,STRAIGHT & LEVEL,DAYLIGHT,,,7/23/2019 8:19:19 AM,False,7458,Accepted,
25372251,0568000,LOUISVILLE METRO POLICE DEPT,Accepted,JEFFERSON,,,MERIWETHER,AVE,,,,,SHELBY,,BLAND,38.228585147,-85.742026824,0.006,7/22/2019 12:00:00 AM,1051,2,2,0,0,CLOUDY,DRY,False,1 VEHICLE PARKED POSITION (NOT PARKING LOT/DRIVEWAY),SIDESWIPE-SAME DIRECTION,STRAIGHT & LEVEL,DAYLIGHT,,,7/23/2019 8:18:41 AM,False,7418,Accepted,
25427960,0568000,LOUISVILLE METRO POLICE DEPT,Accepted,JEFFERSON,KY1020,,NATIONAL,TPKE,,,,,,,,38.121996244,-85.748450708,3.348,7/22/2019 12:00:00 AM,1632,2,2,0,0,RAINING,WET,False,REAR END IN TRAFFIC LANES BOTH VEHICLES MOVING,REAR END,STRAIGHT & LEVEL,DAYLIGHT,,,8/5/2019 8:53:11 AM,False,7221,Accepted,
25387398,0568000,LOUISVILLE METRO POLICE DEPT,Accepted,JEFFERSON,I 0264,,I264 W,,,,,,,,,38.231435780,-85.630867671,18.260,7/22/2019 12:00:00 AM,1319,3,3,0,0,CLOUDY,DRY,False,REAR END IN TRAFFIC LANES BOTH VEHICLES MOVING,REAR END,STRAIGHT & LEVEL,DAYLIGHT,,,7/26/2019 8:57:05 AM,False,7944,Accepted,
25372250,0568000,LOUISVILLE METRO POLICE DEPT,Accepted,JEFFERSON,,,JEFFERSON,ST,E,,HANCOCK,,,,,38.252280011,-85.742412303,0.509,7/22/2019 12:00:00 AM,0954,2,2,0,0,CLOUDY,DRY,False,SIDESWIPE-SAME DIRECTION,SIDESWIPE-SAME DIRECTION,STRAIGHT & LEVEL,DAYLIGHT,,,7/23/2019 8:18:37 AM,False,2403,Accepted,
25367539,0568000,LOUISVILLE METRO POLICE DEPT,Accepted,JEFFERSON,I 0071,,I71 N,,,,,,,,,38.290007421,-85.649105868,4.898,7/22/2019 12:00:00 AM,0142,1,1,0,0,RAINING,WET,False,RAN OFF ROADWAY (1 VEHICLE WITH/EARTH EMBANKMENT/DITCH),SINGLE VEHICLE,CURVE & GRADE,DARK-HWY LIGHTED/OFF,,,7/22/2019 9:01:34 AM,False,5004,Accepted,
25372289,0568000,LOUISVILLE METRO POLICE DEPT,Accepted,JEFFERSON,KY0907,5414,VALLEY STATION,RD,,,,,,,,38.106593801,-85.863817352,0.174,7/22/2019 12:00:00 AM,1342,3,3,0,0,CLOUDY,WET,False,1 VEHICLE PARKED POSITION (NOT PARKING LOT/DRIVEWAY),ANGLE,STRAIGHT & LEVEL,DAYLIGHT,,,7/23/2019 8:21:23 AM,False,6326,Accepted,
25378004,0568000,LOUISVILLE METRO POLICE DEPT,Accepted,JEFFERSON,,,LIVERPOOL,LN,,,,,,,,38.202026339,-85.661801628,0.205,7/22/2019 12:00:00 AM,1530,2,2,0,0,RAINING,WET,True,1 VEHICLE PARKED POSITION (NOT PARKING LOT/DRIVEWAY),SIDESWIPE-SAME DIRECTION,CURVE & LEVEL,DAYLIGHT,,,7/24/2019 8:43:04 AM,False,5159,Accepted,
25372304,0568000,LOUISVILLE METRO POLICE DEPT,Accepted,JEFFERSON,US0031W,,DIXIE,HWY,,,BLANTON,,,,,38.157352109,-85.833935821,12.534,7/22/2019 12:00:00 AM,2348,2,2,0,0,CLEAR,DRY,True,OTHER INTERSECTION COLLISIONS,REAR END,STRAIGHT & LEVEL,DARK-HWY LIGHTED/ON,,,7/23/2019 8:22:00 AM,False,5217,Accepted,
25372254,0568000,LOUISVILLE METRO POLICE DEPT,Accepted,JEFFERSON,,,FEGENBUSH,LN,,,NEWPORT,,,,,38.178155703,-85.638875421,0.622,7/22/2019 12:00:00 AM,0741,2,2,0,0,RAINING,WET,False,OTHER INTERSECTION COLLISIONS,REAR END,STRAIGHT & LEVEL,DAYLIGHT,,,7/23/2019 8:18:56 AM,False,7338,Accepted,
25372307,0568000,LOUISVILLE METRO POLICE DEPT,Accepted,JEFFERSON,KY0864,,POPLAR LEVEL,RD,,,GILMORE,,,,,38.182570179,-85.698011635,10.295,7/22/2019 12:00:00 AM,1904,2,2,0,0,CLEAR,DRY,False,OTHER INTERSECTION COLLISIONS,REAR END,STRAIGHT & LEVEL,DAYLIGHT,,,7/23/2019 8:22:14 AM,False,5165,Accepted,
25372262,0568000,LOUISVILLE METRO POLICE DEPT,Accepted,JEFFERSON,KY1819,,BILLTOWN,RD,,,SHAFFER,,,,,38.153761306,-85.559352755,6.083,7/22/2019 12:00:00 AM,1556,1,1,0,0,RAINING,WET,False,OTHER INTERSECTION COLLISIONS,SINGLE VEHICLE,CURVE & LEVEL,DAYLIGHT,,,7/23/2019 8:19:37 AM,False,5248,Accepted,
25372264,0568000,LOUISVILLE METRO POLICE DEPT,Accepted,JEFFERSON,US0031E,,BARDSTOWN,RD,,,WROCKLAGE,,,,,38.223816146,-85.688855750,13.366,7/22/2019 12:00:00 AM,1527,2,2,0,0,CLOUDY,WET,False,OTHER INTERSECTION COLLISIONS,REAR END,STRAIGHT & LEVEL,DAYLIGHT,,,7/23/2019 8:19:44 AM,False,7570,Accepted,
25382819,0568000,LOUISVILLE METRO POLICE DEPT,Accepted,JEFFERSON,US0150,,22ND,ST,N,US0031W,MAIN,,,,,38.259925522,-85.786309408,0.740,7/22/2019 12:00:00 AM,0030,2,2,0,0,CLEAR,DRY,True,OTHER INTERSECTION COLLISIONS,REAR END,,DARK-HWY LIGHTED/ON,,,7/25/2019 8:52:26 AM,False,7417,Accepted,
25397607,0568000,LOUISVILLE METRO POLICE DEPT,Accepted,JEFFERSON,KY0864,,FEGENBUSH,LN,,,HIGHVIEW,,,,,38.143302963,-85.624046088,4.950,7/22/2019 12:00:00 AM,1830,2,2,0,0,CLEAR,DRY,False,OTHER INTERSECTION COLLISIONS,REAR END,STRAIGHT & LEVEL,DAYLIGHT,,,7/29/2019 8:26:11 AM,False,7289,Accepted,
25372266,0568000,LOUISVILLE METRO POLICE DEPT,Accepted,JEFFERSON,,,OAK,ST,E,,FLOYD,,,,,38.234237040,-85.751677641,0.201,7/22/2019 12:00:00 AM,,3,3,0,0,CLOUDY,WET,True,OTHER INTERSECTION COLLISIONS,REAR END,STRAIGHT & LEVEL,DAYLIGHT,,,7/23/2019 8:19:48 AM,False,7391,Accepted,
25377985,0568000,LOUISVILLE METRO POLICE DEPT,Accepted,JEFFERSON,KY1065,,OUTER,LOOP,,,BRIARCLIFF,,,,,38.136138953,-85.697194695,5.461,7/22/2019 12:00:00 AM,1354,3,3,0,0,CLOUDY,DRY,False,OTHER INTERSECTION COLLISIONS,REAR END,STRAIGHT & LEVEL,DAYLIGHT,,,7/24/2019 8:41:36 AM,False,2017,Accepted,
25378043,0568000,LOUISVILLE METRO POLICE DEPT,Accepted,JEFFERSON,US0150,,BROADWAY,,W,,1ST,,,,,38.245806856,-85.753485492,2.647,7/22/2019 12:00:00 AM,1559,2,2,0,0,CLOUDY,DRY,True,OTHER INTERSECTION COLLISIONS,REAR END,STRAIGHT & LEVEL,DAYLIGHT,,,7/24/2019 8:45:25 AM,False,2403,Accepted,
25397603,0568000,LOUISVILLE METRO POLICE DEPT,Accepted,JEFFERSON,KY2052,,SHEPHERDSVILLE,RD,,KY1065,OUTER,,,,,38.139706631,-85.657735192,0.050,7/22/2019 12:00:00 AM,1840,2,2,0,0,CLEAR,DRY,False,OTHER INTERSECTION COLLISIONS,REAR END,STRAIGHT & LEVEL,DAYLIGHT,,,7/29/2019 8:25:53 AM,False,7486,Accepted,
25377989,0568000,LOUISVILLE METRO POLICE DEPT,Accepted,JEFFERSON,US0150,,BROADWAY,,W,KY1020,2ND,,,,,38.245868046,-85.755265143,2.549,7/22/2019 12:00:00 AM,1555,3,3,0,0,CLEAR,DRY,True,OTHER INTERSECTION COLLISIONS,REAR END,STRAIGHT & LEVEL,DAYLIGHT,,,7/24/2019 8:41:54 AM,False,5168,Accepted,
25372287,0568000,LOUISVILLE METRO POLICE DEPT,Accepted,JEFFERSON,KY2054,,ALGONQUIN,PKWY,,,RODMAN,,,,,38.211524572,-85.769774634,3.277,7/22/2019 12:00:00 AM,1600,1,1,0,1,RAINING,WET,False,OTHER INTERSECTION COLLISIONS,SINGLE VEHICLE,CURVE & LEVEL,DAYLIGHT,,,7/23/2019 8:21:15 AM,False,7402,Accepted,
25372269,0568000,LOUISVILLE METRO POLICE DEPT,Accepted,JEFFERSON,KY0864,,POPLAR LEVEL,RD,,,INDIAN,,,,,38.171689013,-85.685164966,9.228,7/22/2019 12:00:00 AM,1209,2,2,0,0,CLOUDY,DRY,False,OTHER INTERSECTION COLLISIONS,REAR END,STRAIGHT & LEVEL,DAYLIGHT,,,7/23/2019 8:19:55 AM,False,7319,Accepted,
25372277,0568000,LOUISVILLE METRO POLICE DEPT,Accepted,JEFFERSON,KY1934,,GREENBELT,HWY,,,JOHNSONTOWN,,,,,38.116573915,-85.895001244,2.313,7/22/2019 12:00:00 AM,1544,2,2,0,0,RAINING,WET,False,OTHER INTERSECTION COLLISIONS,REAR END,STRAIGHT & LEVEL,DAYLIGHT,,,7/23/2019 8:20:25 AM,False,2509,Accepted,
25372292,0568000,LOUISVILLE METRO POLICE DEPT,Accepted,JEFFERSON,,,SOUTHERN,PKWY,,,WOODLAWN,,,,,38.181828236,-85.768443221,0.001,7/22/2019 12:00:00 AM,1143,2,2,0,0,CLEAR,DRY,False,OTHER INTERSECTION COLLISIONS,REAR END,STRAIGHT & LEVEL,DAYLIGHT,,,7/23/2019 8:21:26 AM,False,7488,Accepted,
25378088,0568000,LOUISVILLE METRO POLICE DEPT,Accepted,JEFFERSON,KY1932,,BRECKENRIDGE,LN,,,MANNER DALE,,,,,38.202578079,-85.622424891,1.498,7/22/2019 12:00:00 AM,1645,2,2,0,0,CLOUDY,DRY,False,OTHER INTERSECTION COLLISIONS,REAR END,STRAIGHT & LEVEL,DAYLIGHT,,,7/24/2019 8:47:14 AM,False,7482,Accepted,
25378095,0568000,LOUISVILLE METRO POLICE DEPT,Accepted,JEFFERSON,KY1747,,FERN VALLEY,RD,,I 0065,I65 S EXIT128 ON RAMP FROM KY1631 W,,,,,38.157702093,-85.718887690,0.727,7/22/2019 12:00:00 AM,1722,2,2,0,0,CLOUDY,DRY,False,OTHER INTERSECTION COLLISIONS,REAR END,STRAIGHT & HILLCREST,DAYLIGHT,,,7/24/2019 8:47:40 AM,False,7354,Accepted,