IncidentID,AgencyORI,AgencyName,IncidentStatusDesc,County,RdwyNumber,Street,RoadwayName,StreetSfx,StreetDir,IntersectionRdwy,IntersectionRdwyName,BetweenStRdwy1,BetweenStRdwyName1,BetweenStRdwy2,BetweenStRdwyName2,Latitude,Longitude,Milepoint,CollisionDate,CollisionTime,UnitsInvolved,MotorVehiclesInvolved,NumberKilled,NumberInjured,Weather,RdwyConditionCode,HitandRun,DirAnalysisCode,MannerofCollision,RdwyCharacter,LightCondition,RampFromRdwyId,RampToRdwyId,AcceptedDate,IsSecondaryCollision,OwnerBadge,IncidentStatus,
25372311,0568000,LOUISVILLE METRO POLICE DEPT,Accepted,JEFFERSON,,10203,KEYS FERRY,RD,,,,,,,,38.105183238,-85.775647750,0.688,7/22/2019 12:00:00 AM,2043,1,1,0,1,CLEAR,DRY,False,COLLISION WITH ANIMAL NON INTERSECTION,SINGLE VEHICLE,STRAIGHT & LEVEL,DUSK,,,7/23/2019 8:22:27 AM,False,7975,Accepted,
25397811,0568000,LOUISVILLE METRO POLICE DEPT,Accepted,JEFFERSON,,,MUHAMMAD ALI,BLVD,W,,7TH,,,,,38.251690733,-85.762471865,0.544,7/22/2019 12:00:00 AM,1601,2,2,0,0,CLOUDY,DRY,False,SIDESWIPE-SAME DIRECTION,SIDESWIPE-SAME DIRECTION,STRAIGHT & LEVEL,DAYLIGHT,,,7/29/2019 8:36:55 AM,False,5173,Accepted,
25372298,0568000,LOUISVILLE METRO POLICE DEPT,Accepted,JEFFERSON,KY1703,,NEWBURG,RD,,,TREVILIAN,,,,,38.213614480,-85.701115509,3.393,7/22/2019 12:00:00 AM,1615,2,2,0,0,CLOUDY,WET,False,SIDESWIPE-SAME DIRECTION,SIDESWIPE-SAME DIRECTION,STRAIGHT & GRADE,DAYLIGHT,,,7/23/2019 8:21:39 AM,False,7960,Accepted,
25372282,0568000,LOUISVILLE METRO POLICE DEPT,Accepted,JEFFERSON,US0031W,,22ND,ST,S,,MAPLE,,,,,38.247259113,-85.788557513,19.417,7/22/2019 12:00:00 AM,1652,2,2,0,0,CLOUDY,DRY,False,SIDESWIPE-SAME DIRECTION,SIDESWIPE-SAME DIRECTION,STRAIGHT & LEVEL,DAYLIGHT,,,7/23/2019 8:21:03 AM,False,5140,Accepted,
25372284,0568000,LOUISVILLE METRO POLICE DEPT,Accepted,JEFFERSON,,,BURNETT,AVE,E,,HOERTZ,,,,,38.223664028,-85.740516504,0.931,7/22/2019 12:00:00 AM,1633,2,2,0,0,CLOUDY,DRY,False,OPPOSING LEFT TURN,OPPOSING LEFT TURN,STRAIGHT & LEVEL,DAYLIGHT,,,7/23/2019 8:21:11 AM,False,7418,Accepted,
25372295,0568000,LOUISVILLE METRO POLICE DEPT,Accepted,JEFFERSON,,,ASHLAND,AVE,W,KY1020,SOUTHERN,,,,,38.185236831,-85.767404633,0.092,7/22/2019 12:00:00 AM,1724,2,2,0,0,CLEAR,DRY,False,OPPOSITE DIRECTION - BOTH VEHICLES GOING STRAIGHT AHEAD,SIDESWIPE-OPPOSITE DIRECTION,STRAIGHT & LEVEL,DAYLIGHT,,,7/23/2019 8:21:31 AM,False,7488,Accepted,
25372249,0568000,LOUISVILLE METRO POLICE DEPT,Accepted,JEFFERSON,,,WOODLAWN,AVE,W,,2ND,,,,,38.181385873,-85.764566934,0.869,7/22/2019 12:00:00 AM,1015,2,2,0,0,CLOUDY,DRY,False,OPPOSITE DIRECTION - BOTH VEHICLES GOING STRAIGHT AHEAD,SIDESWIPE-OPPOSITE DIRECTION,STRAIGHT & LEVEL,DAYLIGHT,,,7/23/2019 8:18:33 AM,False,7301,Accepted,
25417421,0568000,LOUISVILLE METRO POLICE DEPT,Accepted,JEFFERSON,,,ARNOLDTOWN,RD,,KY1931,ST ANDREWS CHURCH,,,,,38.149539217,-85.824084197,,7/22/2019 12:00:00 AM,1604,2,2,0,0,CLOUDY,DRY,False,OPPOSITE DIRECTION - BOTH VEHICLES GOING STRAIGHT AHEAD,SIDESWIPE-OPPOSITE DIRECTION,STRAIGHT & LEVEL,DAYLIGHT,,,8/2/2019 8:14:56 AM,False,7817,Accepted,
25372245,0568000,LOUISVILLE METRO POLICE DEPT,Accepted,JEFFERSON,,,RIVER PARK,DR,,,34TH,,,,,38.254467026,-85.807521703,1.064,7/22/2019 12:00:00 AM,0947,2,2,0,0,CLOUDY,DRY,False,REAR END - ONE VEHICLE TURNING LEFT,REAR END,STRAIGHT & LEVEL,DAYLIGHT,,,7/23/2019 8:18:17 AM,False,7240,Accepted,
25378006,0568000,LOUISVILLE METRO POLICE DEPT,Accepted,JEFFERSON,US0031W,,MARKET,ST,W,,6TH,,,,,38.255486146,-85.759170779,21.713,7/22/2019 12:00:00 AM,1721,2,1,0,1,CLEAR,DRY,False,COLLISION WITH PEDESTRIAN IN INTERSECTION,SINGLE VEHICLE,STRAIGHT & LEVEL,DAYLIGHT,,,7/24/2019 8:43:18 AM,False,5168,Accepted,
25372268,0568000,LOUISVILLE METRO POLICE DEPT,Accepted,JEFFERSON,US0060A,,EASTERN,PKWY,,,NORRIS,,,,,38.230752853,-85.711585497,6.678,7/22/2019 12:00:00 AM,1547,2,2,0,0,CLOUDY,WET,False,ANGLE COLLISION - ONE VEHICLE TURNING RIGHT,ANGLE,STRAIGHT & LEVEL,DAYLIGHT,,,7/23/2019 8:19:52 AM,False,5236,Accepted,
25382832,0568000,LOUISVILLE METRO POLICE DEPT,Accepted,JEFFERSON,KY3064,,PORTLAND,AVE,,,CARTER,,,,,38.268911390,-85.783871692,0.082,7/22/2019 12:00:00 AM,0230,2,2,0,0,CLEAR,DRY,False,COLLISION WITH PARKED VEHICLE,REAR END,STRAIGHT & LEVEL,DARK-HWY LIGHTED/ON,,,7/25/2019 8:53:06 AM,False,7487,Accepted,
25367560,0568000,LOUISVILLE METRO POLICE DEPT,Accepted,JEFFERSON,,,WINTER,AVE,,,RUBEL,,,,,38.237356839,-85.724332079,0.078,7/22/2019 12:00:00 AM,2206,2,2,0,0,CLEAR,DRY,False,ANGLE COLLISION - OTHER,ANGLE,STRAIGHT & LEVEL,DARK-HWY NOT LIGHTED,,,7/22/2019 9:03:07 AM,False,5152,Accepted,
25372263,0568000,LOUISVILLE METRO POLICE DEPT,Accepted,JEFFERSON,KY2054,,ALGONQUIN,PKWY,,US0031W,22ND,,,,,38.223410181,-85.795206045,1.496,7/22/2019 12:00:00 AM,1619,2,2,0,0,RAINING,WET,False,ANGLE COLLISION - OTHER,ANGLE,STRAIGHT & LEVEL,DAYLIGHT,,,7/23/2019 8:19:40 AM,False,7233,Accepted,
25372270,0568000,LOUISVILLE METRO POLICE DEPT,Accepted,JEFFERSON,,,INDIAN,TRL,E,,LODEMA,,,,,38.171169229,-85.686134022,1.134,7/22/2019 12:00:00 AM,1543,2,2,0,1,CLOUDY,DRY,False,ANGLE COLLISION - OTHER,ANGLE,STRAIGHT & LEVEL,DAYLIGHT,,,7/23/2019 8:20:00 AM,False,7319,Accepted,
25372296,0568000,LOUISVILLE METRO POLICE DEPT,Accepted,JEFFERSON,US0031W,,22ND,ST,S,,GRAND,,,,,38.240266531,-85.789773027,18.936,7/22/2019 12:00:00 AM,1426,2,2,0,0,CLEAR,DRY,False,ANGLE COLLISION - OTHER,ANGLE,STRAIGHT & LEVEL,DAYLIGHT,,,7/23/2019 8:21:34 AM,False,5179,Accepted,
25372273,0568000,LOUISVILLE METRO POLICE DEPT,Accepted,JEFFERSON,,,LOWE,RD,,KY0155,TAYLORSVILLE,,,,,38.219126397,-85.606849706,0.007,7/22/2019 12:00:00 AM,1518,2,2,0,0,RAINING,WET,False,ANGLE COLLISION - OTHER,ANGLE,STRAIGHT & LEVEL,DAYLIGHT,,,7/23/2019 8:20:08 AM,False,7059,Accepted,
25372280,0568000,LOUISVILLE METRO POLICE DEPT,Accepted,JEFFERSON,KY1631,2900B,CRITTENDEN,DR,,,FARMINGTON,,,,,38.201598923,-85.750788099,0.938,7/22/2019 12:00:00 AM,1512,2,2,0,0,RAINING,WET,False,ANGLE COLLISION - OTHER,ANGLE,STRAIGHT & LEVEL,DAYLIGHT,,,7/23/2019 8:20:54 AM,False,7398,Accepted,
25397609,0568000,LOUISVILLE METRO POLICE DEPT,Accepted,JEFFERSON,US0031E,,BARDSTOWN,RD,,,ICHABOD,,,,,38.131500140,-85.578190882,4.174,7/22/2019 12:00:00 AM,1630,2,2,0,0,CLOUDY,WET,False,ANGLE COLLISION - OTHER,ANGLE,STRAIGHT & LEVEL,DAYLIGHT,,,7/29/2019 8:26:20 AM,False,7289,Accepted,
25618147,0568000,LOUISVILLE METRO POLICE DEPT,Accepted,JEFFERSON,,,23RD,ST,S,,OAK,,,,,38.237682326,-85.792641750,1.135,7/22/2019 12:00:00 AM,1310,4,2,1,3,CLOUDY,DRY,False,ANGLE COLLISION - OTHER,ANGLE,STRAIGHT & LEVEL,DAYLIGHT,,,9/10/2019 9:00:20 AM,False,2217,Accepted,
25367558,0568000,LOUISVILLE METRO POLICE DEPT,Accepted,JEFFERSON,KY0061,,PRESTON,HWY,,KY2845,MANSLICK,,,,,38.118082768,-85.677233208,2.452,7/21/2019 12:00:00 AM,1118,2,2,0,1,CLEAR,DRY,False,ANGLE COLLISION - OTHER,ANGLE,STRAIGHT & LEVEL,DAYLIGHT,,,7/22/2019 9:02:58 AM,False,7720,Accepted,
25367491,0568000,LOUISVILLE METRO POLICE DEPT,Accepted,JEFFERSON,,,HILL,ST,W,KY1020,2ND,,,,,38.225634427,-85.758628510,0.030,7/21/2019 12:00:00 AM,1329,2,2,0,1,CLEAR,DRY,False,ANGLE COLLISION - OTHER,ANGLE,STRAIGHT & LEVEL,DAYLIGHT,,,7/22/2019 8:58:08 AM,False,7619,Accepted,
25367494,0568000,LOUISVILLE METRO POLICE DEPT,Accepted,JEFFERSON,,,HICKORY,ST,,,ASH,,,,,38.226081650,-85.735878925,0.069,7/21/2019 12:00:00 AM,1036,2,2,0,0,CLEAR,DRY,False,ANGLE COLLISION - OTHER,ANGLE,STRAIGHT & LEVEL,DAYLIGHT,,,7/22/2019 8:58:15 AM,False,7390,Accepted,
25367489,0568000,LOUISVILLE METRO POLICE DEPT,Accepted,JEFFERSON,US0060,,FRANKFORT,AVE,,KY2048,CANNONS,,,,,38.254061545,-85.670455528,2.734,7/21/2019 12:00:00 AM,1215,2,2,0,0,CLOUDY,DRY,False,ANGLE COLLISION - OTHER,ANGLE,STRAIGHT & LEVEL,DAYLIGHT,,,7/22/2019 8:58:04 AM,False,2228,Accepted,
25367519,0568000,LOUISVILLE METRO POLICE DEPT,Accepted,JEFFERSON,,,19TH,ST,S,,MADISON,,,,,38.252802075,-85.782546415,0.461,7/21/2019 12:00:00 AM,1617,2,2,0,0,CLEAR,DRY,False,ANGLE COLLISION - OTHER,ANGLE,STRAIGHT & LEVEL,DAYLIGHT,,,7/22/2019 8:59:26 AM,False,7969,Accepted,
25367521,0568000,LOUISVILLE METRO POLICE DEPT,Accepted,JEFFERSON,US0031W,,DR W J HODGE,ST,,,DATE,,,,,38.242986653,-85.787651866,19.201,7/21/2019 12:00:00 AM,1638,2,2,0,0,CLEAR,DRY,True,ANGLE COLLISION - OTHER,ANGLE,STRAIGHT & LEVEL,DAYLIGHT,,,7/22/2019 8:59:30 AM,False,7387,Accepted,
25367512,0568000,LOUISVILLE METRO POLICE DEPT,Accepted,JEFFERSON,,,ROY WILKINS,AVE,,US0150,BROADWAY,,,,,38.246839874,-85.766679909,0.748,7/21/2019 12:00:00 AM,1204,2,2,0,0,CLEAR,DRY,False,ANGLE COLLISION - OTHER,ANGLE,STRAIGHT & LEVEL,DAYLIGHT,,,7/22/2019 8:59:09 AM,False,5124,Accepted,
25367498,0568000,LOUISVILLE METRO POLICE DEPT,Accepted,JEFFERSON,,,18TH,ST,S,,MAGAZINE,,,,,38.250189681,-85.781282738,0.626,7/21/2019 12:00:00 AM,1539,2,2,0,0,CLEAR,DRY,True,ANGLE COLLISION - OTHER,ANGLE,STRAIGHT & LEVEL,DAYLIGHT,,,7/22/2019 8:58:28 AM,False,7463,Accepted,
25367471,0568000,LOUISVILLE METRO POLICE DEPT,Accepted,JEFFERSON,,,HANCOCK,ST,S,US0031E,MAIN,,,,,38.255017411,-85.741798179,0.001,7/21/2019 12:00:00 AM,0247,2,2,0,0,CLEAR,DRY,False,ANGLE COLLISION - OTHER,ANGLE,STRAIGHT & LEVEL,DARK-HWY LIGHTED/ON,,,7/22/2019 8:57:01 AM,False,7790,Accepted,
25367546,0568000,LOUISVILLE METRO POLICE DEPT,Accepted,JEFFERSON,,,MANSLICK,RD,,KY1142,PALATKA,,,,,38.152850109,-85.791086427,0.001,7/21/2019 12:00:00 AM,2200,2,2,0,0,CLOUDY,DRY,False,ANGLE COLLISION - OTHER,ANGLE,STRAIGHT & LEVEL,DARK-HWY LIGHTED/ON,,,7/22/2019 9:02:13 AM,False,7340,Accepted,
25367553,0568000,LOUISVILLE METRO POLICE DEPT,Accepted,JEFFERSON,KY2801,,SOUTHERN HEIGHTS,AVE,W,,3RD,,,,,38.189189900,-85.764911671,0.085,7/21/2019 12:00:00 AM,2133,2,2,0,0,CLEAR,DRY,False,ANGLE COLLISION - OTHER,ANGLE,STRAIGHT & LEVEL,DARK-HWY LIGHTED/ON,,,7/22/2019 9:02:28 AM,False,7462,Accepted,
25367481,0568000,LOUISVILLE METRO POLICE DEPT,Accepted,JEFFERSON,US0031W,,DIXIE,HWY,,,BLANTON,,,,,38.157681361,-85.833908205,12.520,7/21/2019 12:00:00 AM,0641,2,2,0,0,CLEAR,DRY,False,ANGLE COLLISION - OTHER,ANGLE,STRAIGHT & LEVEL,DAWN,,,7/22/2019 8:57:36 AM,False,7356,Accepted,
25367503,0568000,LOUISVILLE METRO POLICE DEPT,Accepted,JEFFERSON,,,YOUNG,AVE,,,32ND,,,,,38.229997739,-85.808540044,0.129,7/21/2019 12:00:00 AM,1533,2,2,0,0,CLOUDY,DRY,False,ANGLE COLLISION - OTHER,ANGLE,STRAIGHT & LEVEL,DAYLIGHT,,,7/22/2019 8:58:42 AM,False,5247,Accepted,
25367502,0568000,LOUISVILLE METRO POLICE DEPT,Accepted,JEFFERSON,,,21ST,ST,N,,DUNCAN,,,,,38.262138674,-85.783687965,0.277,7/21/2019 12:00:00 AM,1400,2,2,0,0,CLEAR,DRY,False,COLLISION WITH PARKED VEHICLE,SIDESWIPE-SAME DIRECTION,STRAIGHT & LEVEL,DAYLIGHT,,,7/22/2019 8:58:37 AM,False,7058,Accepted,
25367534,0568000,LOUISVILLE METRO POLICE DEPT,Accepted,JEFFERSON,,,LIBERTY,ST,W,KY1020,2ND,,,,,38.252725677,-85.754017946,0.779,7/21/2019 12:00:00 AM,0726,1,1,0,0,CLEAR,DRY,False,COLLISION WITH FIXED OBJECT IN INTERSECTION - FIRST EVENT COLLISION 09 - 32,SINGLE VEHICLE,STRAIGHT & LEVEL,DAWN,,,7/22/2019 9:00:11 AM,False,7464,Accepted,
25367530,0568000,LOUISVILLE METRO POLICE DEPT,Accepted,JEFFERSON,US0031E,,BARDSTOWN,RD,,,LOWELL,,,,,38.220903148,-85.681543601,12.899,7/21/2019 12:00:00 AM,1955,1,1,0,0,CLEAR,DRY,False,COLLISION WITH FIXED OBJECT IN INTERSECTION - FIRST EVENT COLLISION 09 - 32,SINGLE VEHICLE,STRAIGHT & GRADE,DUSK,,,7/22/2019 8:59:54 AM,False,2816,Accepted,
25367554,0568000,LOUISVILLE METRO POLICE DEPT,Accepted,JEFFERSON,,,CENTRAL,AVE,,KY1020,3RD,,,,,38.204741182,-85.763956730,0.351,7/21/2019 12:00:00 AM,2153,1,1,0,0,CLEAR,DRY,False,COLLISION WITH FIXED OBJECT IN INTERSECTION - FIRST EVENT COLLISION 09 - 32,SINGLE VEHICLE,STRAIGHT & LEVEL,DARK-HWY LIGHTED/ON,,,7/22/2019 9:02:33 AM,False,7462,Accepted,
25367517,0568000,LOUISVILLE METRO POLICE DEPT,Accepted,JEFFERSON,US0150,,BROADWAY,,E,US0031E,BAXTER,,,,,38.243732109,-85.726973007,4.092,7/21/2019 12:00:00 AM,1526,2,2,0,0,CLOUDY,DRY,False,REAR END - ONE VEHICLE TURNING LEFT,REAR END,STRAIGHT & LEVEL,DAYLIGHT,,,7/22/2019 8:59:23 AM,False,5020,Accepted,
25367544,0568000,LOUISVILLE METRO POLICE DEPT,Accepted,JEFFERSON,KY1931,,ST ANDREWS CHURCH,RD,,,ARNOLDTOWN,,,,,38.149560050,-85.824061480,4.121,7/21/2019 12:00:00 AM,1930,2,2,0,0,CLEAR,DRY,False,REAR END - ONE VEHICLE TURNING LEFT,REAR END,STRAIGHT & LEVEL,DAYLIGHT,,,7/22/2019 9:02:07 AM,False,5170,Accepted,
25377998,0568000,LOUISVILLE METRO POLICE DEPT,Accepted,JEFFERSON,KY0146,,NEW LA GRANGE,RD,,,SUNDANCE,,,,,38.255150674,-85.610248402,0.564,7/21/2019 12:00:00 AM,0100,2,2,0,0,CLEAR,DRY,False,REAR END - ONE VEHICLE TURNING LEFT,REAR END,STRAIGHT & LEVEL,DARK-HWY NOT LIGHTED,,,7/24/2019 8:42:32 AM,False,7633,Accepted,
25372248,0568000,LOUISVILLE METRO POLICE DEPT,Accepted,JEFFERSON,US0031W,,MARKET,ST,W,,7TH,,,,,38.255775263,-85.761774337,21.572,7/21/2019 12:00:00 AM,1515,2,2,0,1,CLOUDY,DRY,False,SIDESWIPE-SAME DIRECTION,SIDESWIPE-SAME DIRECTION,STRAIGHT & LEVEL,DAYLIGHT,,,7/23/2019 8:18:28 AM,False,2406,Accepted,
25387428,0568000,LOUISVILLE METRO POLICE DEPT,Accepted,JEFFERSON,KY1747,,FERN VALLEY,RD,,,,,FERN GRADE,I 0065,I65 S EXIT128 OFF RAMP TO KY1631 W,38.157998957,-85.723083052,0.501,7/21/2019 12:00:00 AM,0642,1,1,0,0,CLEAR,DRY,False,COLLISION WITH ANIMAL NON INTERSECTION,SINGLE VEHICLE,STRAIGHT & LEVEL,DAWN,,,7/26/2019 8:59:06 AM,False,2324,Accepted,
25367628,0568000,LOUISVILLE METRO POLICE DEPT,Accepted,JEFFERSON,I 0064,,I64 W,,,,,,,,,38.242155984,-85.691379487,8.435,7/21/2019 12:00:00 AM,2356,1,1,0,1,RAINING,WET,False,COLLISION WITH FIXED OBJECT NON - INTERSECTION - FIRST EVENT COLLISION 09 - 32 EXCLUDING 16,SINGLE VEHICLE,STRAIGHT & LEVEL,DARK-HWY NOT LIGHTED,,,7/22/2019 9:10:04 AM,False,5252,Accepted,
25367559,0568000,LOUISVILLE METRO POLICE DEPT,Accepted,JEFFERSON,KY1865,5437,NEW CUT,RD,,,,KY0907,3RD ST,,JONES,38.146627758,-85.775659714,2.727,7/21/2019 12:00:00 AM,2232,2,1,0,1,CLOUDY,DRY,False,COLLISION WITH PEDESTRIAN NON - INTERSECTION,SINGLE VEHICLE,STRAIGHT & LEVEL,DARK-HWY LIGHTED/ON,,,7/22/2019 9:03:03 AM,False,7444,Accepted,
25367532,0568000,LOUISVILLE METRO POLICE DEPT,Accepted,JEFFERSON,,,ZORN,AVE,,I 0071,I71 N EXIT2 OFF RAMP TO  ZORN AVE,,,,,38.274551241,-85.695758067,1.399,7/21/2019 12:00:00 AM,2250,2,2,0,0,RAINING,WET,False,OTHER INTERSECTION COLLISIONS,REAR END,CURVE & LEVEL,DARK-HWY LIGHTED/ON,,,7/22/2019 8:59:57 AM,False,2229,Accepted,
25367526,0568000,LOUISVILLE METRO POLICE DEPT,Accepted,JEFFERSON,,,32ND,ST,S,,VIRGINIA,,,,,38.238709917,-85.806937974,0.832,7/21/2019 12:00:00 AM,2005,2,2,0,0,CLEAR,DRY,True,OTHER INTERSECTION COLLISIONS,REAR END,STRAIGHT & LEVEL,DAYLIGHT,,,7/22/2019 8:59:43 AM,False,5110,Accepted,
25367536,0568000,LOUISVILLE METRO POLICE DEPT,Accepted,JEFFERSON,,,BLUEGRASS,AVE,,KY1931,MANSLICK,,,,,38.178928740,-85.798832859,0.001,7/21/2019 12:00:00 AM,2208,2,2,0,0,CLOUDY,DRY,True,OTHER INTERSECTION COLLISIONS,REAR END,STRAIGHT & LEVEL,DARK-HWY LIGHTED/ON,,,7/22/2019 9:00:28 AM,False,7441,Accepted,
25367474,0568000,LOUISVILLE METRO POLICE DEPT,Accepted,JEFFERSON,,2723,GREENWOOD,AVE,,,,,,,,38.242109264,-85.797726793,0.678,7/21/2019 12:00:00 AM,0207,2,2,0,0,CLEAR,DRY,False,1 VEHICLE PARKED POSITION (NOT PARKING LOT/DRIVEWAY),SIDESWIPE-SAME DIRECTION,STRAIGHT & LEVEL,DARK-HWY LIGHTED/ON,,,7/22/2019 8:57:08 AM,False,7370,Accepted,
25367492,0568000,LOUISVILLE METRO POLICE DEPT,Accepted,JEFFERSON,KY2052,6203,SHEPHERDSVILLE,RD,,,,,,,,38.159137301,-85.659927282,1.415,7/21/2019 12:00:00 AM,0130,3,3,0,0,CLEAR,DRY,True,1 VEHICLE PARKED POSITION (NOT PARKING LOT/DRIVEWAY),HEAD ON,STRAIGHT & LEVEL,DARK-HWY LIGHTED/ON,,,7/22/2019 8:58:11 AM,False,7307,Accepted,
25618031,0568000,LOUISVILLE METRO POLICE DEPT,Accepted,JEFFERSON,,1320,LACONA,LN,,,,,,,,38.186501631,-85.715240429,0.122,7/21/2019 12:00:00 AM,0100,2,2,0,0,CLEAR,DRY,True,1 VEHICLE PARKED POSITION (NOT PARKING LOT/DRIVEWAY),REAR END,STRAIGHT & LEVEL,DARK (UNKNOWN ROADWAY LIGHTING),,,9/10/2019 8:44:50 AM,False,2796,Accepted,
25382769,0568000,LOUISVILLE METRO POLICE DEPT,Accepted,JEFFERSON,,2809,JOAN,AVE,,,,,,,,38.221259785,-85.657259210,0.044,7/21/2019 12:00:00 AM,1830,1,1,0,0,CLEAR,DRY,False,COLLISION WITH FIXED OBJECT NON - INTERSECTION - FIRST EVENT COLLISION 09 - 32 EXCLUDING 16,SINGLE VEHICLE,STRAIGHT & LEVEL,DAYLIGHT,,,7/25/2019 8:51:10 AM,False,6947,Accepted,
25367551,0568000,LOUISVILLE METRO POLICE DEPT,Accepted,JEFFERSON,I 0264,,I264 W,,,,,I 0264,I264 W EXIT10 OFF RAMP TO KY1020,I 0264,I264 W EXIT10 ON RAMP FROM KY1020,38.190173540,-85.761342123,10.440,7/21/2019 12:00:00 AM,0059,2,2,0,1,CLEAR,DRY,False,1 VEHICLE PARKED POSITION (NOT PARKING LOT/DRIVEWAY),HEAD ON,STRAIGHT & GRADE,DARK-HWY LIGHTED/ON,,,7/22/2019 9:02:23 AM,False,7462,Accepted,
25402925,0568000,LOUISVILLE METRO POLICE DEPT,Accepted,JEFFERSON,KY0061,,PRESTON,HWY,,,,,,,,38.110379292,-85.674922504,1.899,7/21/2019 12:00:00 AM,1100,2,2,0,1,CLEAR,DRY,False,REAR END IN TRAFFIC LANES BOTH VEHICLES MOVING,REAR END,STRAIGHT & LEVEL,DAYLIGHT,,,7/30/2019 8:16:28 AM,False,7573,Accepted,
25398156,0568000,LOUISVILLE METRO POLICE DEPT,Accepted,JEFFERSON,KY1020,,NATIONAL,TPKE,,,,,,,,38.093554895,-85.726786310,0.715,7/21/2019 12:00:00 AM,2046,2,1,0,0,CLEAR,DRY,False,REAR END IN TRAFFIC LANES BOTH VEHICLES MOVING,REAR END,STRAIGHT & HILLCREST,DARK-HWY LIGHTED/ON,,,7/29/2019 9:22:40 AM,False,7244,Accepted,
25367545,0568000,LOUISVILLE METRO POLICE DEPT,Accepted,JEFFERSON,KY1931,,ST ANDREWS CHURCH,RD,,,,,,,,38.154273212,-85.814350284,4.761,7/21/2019 12:00:00 AM,2142,2,2,0,0,CLEAR,DRY,False,REAR END IN TRAFFIC LANES BOTH VEHICLES MOVING,REAR END,STRAIGHT & LEVEL,DARK-HWY LIGHTED/ON,,,7/22/2019 9:02:10 AM,False,5170,Accepted,
25372242,0568000,LOUISVILLE METRO POLICE DEPT,Accepted,JEFFERSON,I 0065,,I65 N,,,,,,,,,38.172918946,-85.720188135,129.366,7/21/2019 12:00:00 AM,1500,3,3,0,2,CLEAR,DRY,False,REAR END IN TRAFFIC LANES BOTH VEHICLES MOVING,REAR END,STRAIGHT & LEVEL,DAYLIGHT,,,7/23/2019 8:18:04 AM,False,7628,Accepted,
25367508,0568000,LOUISVILLE METRO POLICE DEPT,Accepted,JEFFERSON,I 0064,,I64 W,,,,,,,,,38.223670415,-85.531961064,17.431,7/21/2019 12:00:00 AM,1110,4,4,0,7,CLEAR,DRY,False,REAR END IN TRAFFIC LANES BOTH VEHICLES MOVING,REAR END,STRAIGHT & LEVEL,DAYLIGHT,,,7/22/2019 8:58:54 AM,False,7751,Accepted,
25367464,0568000,LOUISVILLE METRO POLICE DEPT,Accepted,JEFFERSON,I 0264,,I264 W,,,,,,,,,38.190708482,-85.724623533,12.361,7/21/2019 12:00:00 AM,0051,2,2,0,0,CLEAR,DRY,False,SIDESWIPE COLLISION - SAME DIRECTION,SIDESWIPE-SAME DIRECTION,CURVE & LEVEL,DARK-HWY LIGHTED/ON,,,7/22/2019 8:56:44 AM,False,5127,Accepted,
25367495,0568000,LOUISVILLE METRO POLICE DEPT,Accepted,JEFFERSON,US0031E,,BARDSTOWN,RD,,,,,,,,38.151832796,-85.588144743,5.696,7/21/2019 12:00:00 AM,1345,2,2,0,0,CLEAR,DRY,False,SIDESWIPE COLLISION - SAME DIRECTION,SIDESWIPE-SAME DIRECTION,STRAIGHT & LEVEL,DAYLIGHT,,,7/22/2019 8:58:19 AM,False,7755,Accepted,
25367505,0568000,LOUISVILLE METRO POLICE DEPT,Accepted,JEFFERSON,I 0071,,I71 S,,,,,,,,,38.310814269,-85.590253980,8.546,7/21/2019 12:00:00 AM,1016,1,1,0,0,CLEAR,DRY,False,OTHER COLLISIONS ON SHOULDER,SINGLE VEHICLE,STRAIGHT & LEVEL,DAYLIGHT,,,7/22/2019 8:58:48 AM,False,7751,Accepted,
25367488,0568000,LOUISVILLE METRO POLICE DEPT,Accepted,JEFFERSON,,7810,ST ANTHONY CHURCH,RD,,,,,,,,38.136977083,-85.806558803,1.340,7/21/2019 12:00:00 AM,1217,2,2,0,1,CLEAR,DRY,False,SIDESWIPE COLLISION - OPPOSITE DIRECTION,SIDESWIPE-OPPOSITE DIRECTION,CURVE & GRADE,DAYLIGHT,,,7/22/2019 8:58:00 AM,False,7232,Accepted,
25367509,0568000,LOUISVILLE METRO POLICE DEPT,Accepted,JEFFERSON,,,HIKES,LN,,,,KY1932,BRECKENRIDGE,,HUNSINGER,38.218505668,-85.628081735,3.066,7/21/2019 12:00:00 AM,1441,2,2,0,0,CLOUDY,DRY,False,VEHICLE BACKING NON INTERSECTION,BACKING,STRAIGHT & LEVEL,DAYLIGHT,,,7/22/2019 8:59:03 AM,False,5191,Accepted,
25367542,0568000,LOUISVILLE METRO POLICE DEPT,Accepted,JEFFERSON,US0150,,BROADWAY,,E,,,,,,,38.245166714,-85.745598127,3.073,7/21/2019 12:00:00 AM,0134,2,2,0,0,CLEAR,DRY,False,1 VEHICLE ENTERING/LEAVING ENTRANCE,ANGLE,STRAIGHT & LEVEL,DARK-HWY LIGHTED/ON,,,7/22/2019 9:01:58 AM,False,5025,Accepted,