IncidentID,AgencyORI,AgencyName,IncidentStatusDesc,County,RdwyNumber,Street,RoadwayName,StreetSfx,StreetDir,IntersectionRdwy,IntersectionRdwyName,BetweenStRdwy1,BetweenStRdwyName1,BetweenStRdwy2,BetweenStRdwyName2,Latitude,Longitude,Milepoint,CollisionDate,CollisionTime,UnitsInvolved,MotorVehiclesInvolved,NumberKilled,NumberInjured,Weather,RdwyConditionCode,HitandRun,DirAnalysisCode,MannerofCollision,RdwyCharacter,LightCondition,RampFromRdwyId,RampToRdwyId,AcceptedDate,IsSecondaryCollision,OwnerBadge,IncidentStatus,
25367527,0568000,LOUISVILLE METRO POLICE DEPT,Accepted,JEFFERSON,,,JOHNSONTOWN,RD,,,,US0031W,DIXIE,,ALEXANDER,38.121209320,-85.856205567,0.028,7/21/2019 12:00:00 AM,1710,2,2,0,0,CLOUDY,DRY,False,1 VEHICLE ENTERING/LEAVING ENTRANCE,ANGLE,STRAIGHT & LEVEL,DAYLIGHT,,,7/22/2019 8:59:47 AM,False,7336,Accepted,
25367487,0568000,LOUISVILLE METRO POLICE DEPT,Accepted,JEFFERSON,I 0264,,,,,,,,,,,38.249267929,-85.617726335,0.101,7/21/2019 12:00:00 AM,1137,2,2,0,0,CLEAR,DRY,False,OTHER RAMP RELATED COLLISIONS NOT LISTED ABOVE,SIDESWIPE-SAME DIRECTION,STRAIGHT & LEVEL,DAYLIGHT,I 0264,US0060,7/22/2019 8:57:57 AM,False,5109,Accepted,
25367483,0568000,LOUISVILLE METRO POLICE DEPT,Accepted,JEFFERSON,I 0264,,,,,,,,,,,38.195060443,-85.707901145,0.096,7/21/2019 12:00:00 AM,0923,2,2,0,0,CLEAR,DRY,True,OTHER RAMP RELATED COLLISIONS NOT LISTED ABOVE,REAR END,,DAYLIGHT,I 0264,KY0864,7/22/2019 8:57:43 AM,False,7898,Accepted,
25387412,0568000,LOUISVILLE METRO POLICE DEPT,Accepted,JEFFERSON,I 0065,,I65 S,,,,,I 0065,I65 S EXIT134 ON RAMP FROM  MAGNOLIA AVE,I 0065,I65 S EXIT134 OFF RAMP TO  ARTHUR ST,38.224742610,-85.751290159,133.778,7/21/2019 12:00:00 AM,1300,2,2,0,0,CLEAR,DRY,False,OTHER ROADWAY OR MID-BLOCK COLLISION,REAR END,CURVE & GRADE,DAYLIGHT,,,7/26/2019 8:57:52 AM,False,7116,Accepted,
25382825,0568000,LOUISVILLE METRO POLICE DEPT,Accepted,JEFFERSON,KY1065,5716,LOVERS,LN,,,,,,,,38.160914800,-85.571920428,13.316,7/21/2019 12:00:00 AM,2245,1,1,0,1,CLOUDY,DRY,False,OTHER ROADWAY OR MID-BLOCK COLLISION,SINGLE VEHICLE,STRAIGHT & LEVEL,DARK (UNKNOWN ROADWAY LIGHTING),,,7/25/2019 8:52:44 AM,False,5169,Accepted,
25367499,0568000,LOUISVILLE METRO POLICE DEPT,Accepted,JEFFERSON,US0031W,6701,DIXIE,HWY,,,,,,,,38.151062235,-85.836875437,12.134,7/21/2019 12:00:00 AM,1318,2,2,0,0,CLEAR,DRY,False,OTHER ROADWAY OR MID-BLOCK COLLISION,REAR END,STRAIGHT & LEVEL,DAYLIGHT,,,7/22/2019 8:58:30 AM,False,7485,Accepted,
25367496,0568000,LOUISVILLE METRO POLICE DEPT,Accepted,JEFFERSON,I 0265,,I265 E,,,,,I 0265,I265 E EXIT23 OFF RAMP TO KY155,I 0265,I265 E EXIT23 ON RAMP FROM KY155,38.185645284,-85.508517872,22.910,7/21/2019 12:00:00 AM,1500,1,1,0,0,CLOUDY,WET,False,OTHER ROADWAY OR MID-BLOCK COLLISION,SINGLE VEHICLE,STRAIGHT & LEVEL,DAYLIGHT,,,7/22/2019 8:58:22 AM,False,6878,Accepted,
25367538,0568000,LOUISVILLE METRO POLICE DEPT,Accepted,JEFFERSON,KY0841,,GENE SNYDER,FWY,,,,KY0841,KY841 RAMP TO US42,,WOLF PEN BRANCH,38.322352669,-85.617109244,36.715,7/21/2019 12:00:00 AM,2255,1,1,0,3,RAINING,WET,False,OTHER ROADWAY OR MID-BLOCK COLLISION,SINGLE VEHICLE,STRAIGHT & LEVEL,DARK-HWY LIGHTED/ON,,,7/22/2019 9:01:20 AM,False,7098,Accepted,
25367516,0568000,LOUISVILLE METRO POLICE DEPT,Accepted,JEFFERSON,KY1747,,HURSTBOURNE,PKWY,S,,,,BUNSEN,KY6159,BLUEGRASS PKWY ACCESS,38.219522122,-85.582700826,11.550,7/21/2019 12:00:00 AM,1819,2,2,0,0,CLEAR,DRY,False,OTHER ROADWAY OR MID-BLOCK COLLISION,REAR END,STRAIGHT & LEVEL,DUSK,,,7/22/2019 8:59:19 AM,False,2429,Accepted,
25367437,0568000,LOUISVILLE METRO POLICE DEPT,Accepted,JEFFERSON,KY0061,,PRESTON,HWY,,,,,MINOR,,LAVISTA,38.144779719,-85.690242309,4.428,7/20/2019 12:00:00 AM,1142,2,2,0,0,CLEAR,DRY,False,OTHER ROADWAY OR MID-BLOCK COLLISION,REAR END,STRAIGHT & LEVEL,DAYLIGHT,,,7/22/2019 8:55:00 AM,False,2324,Accepted,
25363246,0560300,ST. MATTHEWS POLICE DEPARTMENT,Accepted,JEFFERSON,US0060,5000,SHELBYVILLE,RD,,,,,,,,38.250322167,-85.623342883,5.317,7/20/2019 12:00:00 AM,1740,2,2,0,0,CLEAR,DRY,False,OTHER ROADWAY OR MID-BLOCK COLLISION,REAR END,STRAIGHT & LEVEL,DAYLIGHT,,,7/20/2019 10:48:28 PM,False,9172,Accepted,
25367384,0568000,LOUISVILLE METRO POLICE DEPT,Accepted,JEFFERSON,I 0065,,,,,,,,,,,38.190757145,-85.731849178,0.457,7/20/2019 12:00:00 AM,0121,1,1,0,0,CLOUDY,DRY,False,OVERTURNED ON RAMP,SINGLE VEHICLE,CURVE & HILLCREST,DARK-HWY LIGHTED/ON,I 0264,I 0065,7/22/2019 8:51:26 AM,False,7786,Accepted,
25367422,0568000,LOUISVILLE METRO POLICE DEPT,Accepted,JEFFERSON,I 0071,,,,,,,,,,,38.275215375,-85.697682118,0.014,7/20/2019 12:00:00 AM,1452,2,2,0,0,CLEAR,DRY,False,OTHER RAMP RELATED COLLISIONS NOT LISTED ABOVE,SIDESWIPE-OPPOSITE DIRECTION,STRAIGHT & GRADE,DAYLIGHT,ZORN AVE,I 0071,7/22/2019 8:54:09 AM,False,7128,Accepted,
25367450,0568000,LOUISVILLE METRO POLICE DEPT,Accepted,JEFFERSON,US0150,909,BROADWAY,,E,,,,,,,38.244522900,-85.737346760,3.523,7/20/2019 12:00:00 AM,1805,2,2,0,0,CLEAR,DRY,True,COLLISION IN PARKING LOT,ANGLE,STRAIGHT & LEVEL,DAYLIGHT,,,7/22/2019 8:55:54 AM,False,5124,Accepted,
25367432,0568000,LOUISVILLE METRO POLICE DEPT,Accepted,JEFFERSON,,4600,STRAWBERRY,LN,,,,,,,,38.182069610,-85.755180833,1.942,7/20/2019 12:00:00 AM,1135,1,1,0,0,CLEAR,DRY,False,COLLISION IN PARKING LOT,SINGLE VEHICLE,STRAIGHT & LEVEL,DAYLIGHT,,,7/22/2019 8:54:45 AM,False,7455,Accepted,
25367440,0568000,LOUISVILLE METRO POLICE DEPT,Accepted,JEFFERSON,,5400,MINOR,LN,,,,,,,,38.143803845,-85.700723414,0.658,7/20/2019 12:00:00 AM,1559,2,2,0,0,CLEAR,DRY,False,COLLISION IN PARKING LOT,ANGLE,STRAIGHT & LEVEL,DAYLIGHT,,,7/22/2019 8:55:14 AM,False,2324,Accepted,
25367427,0568000,LOUISVILLE METRO POLICE DEPT,Accepted,JEFFERSON,,100 BLK,JEFFERSON,ST,E,,,,,,,38.253205834,-85.751271896,1.008,7/20/2019 12:00:00 AM,1434,2,2,0,0,CLEAR,DRY,False,1 VEHICLE ENTERING/LEAVING ENTRANCE,ANGLE,STRAIGHT & LEVEL,DAYLIGHT,,,7/22/2019 8:54:25 AM,False,7406,Accepted,
25367438,0568000,LOUISVILLE METRO POLICE DEPT,Accepted,JEFFERSON,KY0061,,PRESTON,HWY,,,,KY1747,FERN VALLEY,,OLD FERN VALLEY,38.155927828,-85.696340439,5.279,7/20/2019 12:00:00 AM,1335,2,2,0,0,CLEAR,DRY,False,1 VEHICLE ENTERING/LEAVING ENTRANCE,ANGLE,STRAIGHT & LEVEL,DAYLIGHT,,,7/22/2019 8:55:04 AM,False,2324,Accepted,
25367385,0568000,LOUISVILLE METRO POLICE DEPT,Accepted,JEFFERSON,,2508,ELLIOTT,AVE,,,,,,,,38.250557891,-85.793403190,0.111,7/20/2019 12:00:00 AM,0143,2,2,0,1,CLEAR,DRY,False,1 VEHICLE ENTERING/LEAVING ENTRANCE,ANGLE,STRAIGHT & LEVEL,DARK-HWY LIGHTED/ON,,,7/22/2019 8:51:30 AM,False,7487,Accepted,
25367428,0568000,LOUISVILLE METRO POLICE DEPT,Accepted,JEFFERSON,,,LODGE HILL,RD,,,,,,,,38.258701823,-85.556922335,0.062,7/20/2019 12:00:00 AM,1615,2,2,0,0,CLEAR,DRY,True,SIDESWIPE COLLISION - OPPOSITE DIRECTION,SIDESWIPE-OPPOSITE DIRECTION,CURVE & LEVEL,DAYLIGHT,,,7/22/2019 8:54:30 AM,False,7899,Accepted,
25407756,0568000,LOUISVILLE METRO POLICE DEPT,Accepted,JEFFERSON,,3419,BOHNE,AVE,,,,,,,,38.228430407,-85.814374969,0.276,7/20/2019 12:00:00 AM,1527,2,2,0,0,CLEAR,DRY,False,SIDESWIPE COLLISION - OPPOSITE DIRECTION,SIDESWIPE-OPPOSITE DIRECTION,STRAIGHT & LEVEL,DAYLIGHT,,,7/31/2019 8:14:27 AM,False,5002,Accepted,
25623432,0568000,LOUISVILLE METRO POLICE DEPT,Accepted,JEFFERSON,,,BROOK,ST,S,,,,,,,38.234333298,-85.753673821,2.067,7/20/2019 12:00:00 AM,1410,2,2,0,0,CLEAR,DRY,True,1 VEHICLE ENTERING/LEAVING ENTRANCE,ANGLE,STRAIGHT & LEVEL,DAYLIGHT,,,9/11/2019 10:16:25 AM,False,7296,Accepted,
25367446,0568000,LOUISVILLE METRO POLICE DEPT,Accepted,JEFFERSON,I 0071,,I71 S,,,,,I 0071,I71 N EXIT35B RAMP TO I71 S,I 0071,I71 S EXIT9B OFF RAMP TO KY841 N,38.315429869,-85.581030184,9.143,7/20/2019 12:00:00 AM,0926,1,1,0,0,CLEAR,DRY,False,OTHER COLLISIONS ON SHOULDER,SINGLE VEHICLE,STRAIGHT & LEVEL,DAYLIGHT,,,7/22/2019 8:55:42 AM,False,2030,Accepted,
25367473,0568000,LOUISVILLE METRO POLICE DEPT,Accepted,JEFFERSON,US0060,,FRANKFORT,AVE,,,EWING,,,,,38.253746099,-85.699864445,1.119,7/20/2019 12:00:00 AM,2319,2,2,0,0,CLEAR,DRY,True,HEAD-ON COLLISION,HEAD ON,STRAIGHT & LEVEL,DARK-HWY LIGHTED/ON,,,7/22/2019 8:57:04 AM,False,5152,Accepted,
25367400,0568000,LOUISVILLE METRO POLICE DEPT,Accepted,JEFFERSON,US0031E,,BUECHEL,BYP,,,,,,,,38.199668657,-85.662320137,11.101,7/20/2019 12:00:00 AM,0915,2,2,0,0,CLEAR,DRY,False,SIDESWIPE COLLISION - SAME DIRECTION,SIDESWIPE-SAME DIRECTION,STRAIGHT & LEVEL,DAYLIGHT,,,7/22/2019 8:52:50 AM,False,7864,Accepted,
25367415,0568000,LOUISVILLE METRO POLICE DEPT,Accepted,JEFFERSON,KY2049,,CRUMS,LN,,,,KY1934,CANE RUN,,POPPY,38.198914603,-85.836421356,0.055,7/20/2019 12:00:00 AM,1025,2,2,0,0,CLEAR,DRY,False,SIDESWIPE COLLISION - SAME DIRECTION,SIDESWIPE-SAME DIRECTION,STRAIGHT & LEVEL,DAYLIGHT,,,7/22/2019 8:53:49 AM,False,7467,Accepted,
25367388,0568000,LOUISVILLE METRO POLICE DEPT,Accepted,JEFFERSON,I 0065,,I65 E EXIT12 TRANSIT,,,,,,,,,38.190062254,-85.729268186,1.093,7/20/2019 12:00:00 AM,0230,2,2,0,0,CLEAR,DRY,False,REAR END IN TRAFFIC LANES BOTH VEHICLES MOVING,REAR END,STRAIGHT & LEVEL,DARK-HWY LIGHTED/ON,,,7/22/2019 8:51:39 AM,False,5178,Accepted,
25367445,0568000,LOUISVILLE METRO POLICE DEPT,Accepted,JEFFERSON,KY0022,,BROWNSBORO,RD,,,,I 0265,I265 S EXIT34 ON RAMP FROM KY22 E,I 0265,I265 S EXIT34 ON RAMP FROM KY22 W,38.308773559,-85.572986301,4.053,7/20/2019 12:00:00 AM,1515,2,2,0,0,CLEAR,DRY,False,REAR END IN TRAFFIC LANES BOTH VEHICLES MOVING,REAR END,STRAIGHT & LEVEL,DAYLIGHT,,,7/22/2019 8:55:39 AM,False,7751,Accepted,
25367453,0568000,LOUISVILLE METRO POLICE DEPT,Accepted,JEFFERSON,I 0264,,I264 E,,,,,,,,,38.223812945,-85.822027455,3.950,7/20/2019 12:00:00 AM,1646,2,2,0,0,CLEAR,DRY,False,REAR END IN TRAFFIC LANES BOTH VEHICLES MOVING,REAR END,STRAIGHT & LEVEL,DAYLIGHT,,,7/22/2019 8:56:07 AM,False,7420,Accepted,
25367413,0568000,LOUISVILLE METRO POLICE DEPT,Accepted,JEFFERSON,US0060A,,BERRY,BLVD,,,,,,,,38.196324072,-85.783108592,1.464,7/20/2019 12:00:00 AM,1045,2,2,0,0,CLEAR,DRY,False,REAR END IN TRAFFIC LANES BOTH VEHICLES MOVING,REAR END,STRAIGHT & LEVEL,DAYLIGHT,,,7/22/2019 8:53:39 AM,False,7977,Accepted,
25367382,0568000,LOUISVILLE METRO POLICE DEPT,Accepted,JEFFERSON,US0150,1700B,BROADWAY,,W,,,,17TH,,18TH,38.248827182,-85.780915618,1.134,7/20/2019 12:00:00 AM,0250,2,2,0,0,CLEAR,DRY,True,REAR END IN TRAFFIC LANES BOTH VEHICLES MOVING,REAR END,STRAIGHT & LEVEL,DARK-HWY LIGHTED/ON,,,7/22/2019 8:51:18 AM,False,7417,Accepted,
25367458,0568000,LOUISVILLE METRO POLICE DEPT,Accepted,JEFFERSON,KY1065,,OUTER,LOOP,,KY6162,MINOR,,,,,38.136483169,-85.713437397,4.560,7/20/2019 12:00:00 AM,2242,2,2,0,0,CLEAR,DRY,False,REAR END IN TRAFFIC LANES BOTH VEHICLES MOVING,REAR END,STRAIGHT & LEVEL,DARK-HWY LIGHTED/ON,,,7/22/2019 8:56:23 AM,False,5222,Accepted,
25367460,0568000,LOUISVILLE METRO POLICE DEPT,Accepted,JEFFERSON,I 0265,,I265 N,,,,,I 0265,I265 N EXIT27 ON RAMP FROM US60,I 0265,I265 N EXIT29 OFF RAMP TO KY3084,38.251901759,-85.502703795,27.499,7/20/2019 12:00:00 AM,2257,2,2,0,0,CLEAR,DRY,False,REAR END IN TRAFFIC LANES BOTH VEHICLES MOVING,REAR END,STRAIGHT & LEVEL,DARK (UNKNOWN ROADWAY LIGHTING),,,7/22/2019 8:56:30 AM,False,5204,Accepted,
25367443,0568000,LOUISVILLE METRO POLICE DEPT,Accepted,JEFFERSON,I 0071,,I71 S,,,,,,,,,38.314941932,-85.582013338,9.080,7/20/2019 12:00:00 AM,0903,2,2,0,1,CLOUDY,DRY,False,REAR END IN TRAFFIC LANES BOTH VEHICLES MOVING,REAR END,STRAIGHT & LEVEL,DAYLIGHT,,,7/22/2019 8:55:24 AM,False,7751,Accepted,
25399248,0560000,JEFFERSON COUNTY SHERIFF DEPT.,Accepted,JEFFERSON,KY0061,,PRESTON,HWY,,,,,,,,38.107520135,-85.674050642,1.704,7/20/2019 12:00:00 AM,1608,2,2,0,0,CLEAR,DRY,False,REAR END IN TRAFFIC LANES BOTH VEHICLES MOVING,REAR END,STRAIGHT & HILLCREST,DAYLIGHT,,,7/29/2019 12:38:53 PM,False,4025,Accepted,
25367467,0568000,LOUISVILLE METRO POLICE DEPT,Accepted,JEFFERSON,,1230,CENTRAL,AVE,,,,,,,,38.208303593,-85.777830443,1.190,7/20/2019 12:00:00 AM,2050,2,2,0,0,CLEAR,DRY,False,1 VEHICLE PARKED POSITION (NOT PARKING LOT/DRIVEWAY),ANGLE,STRAIGHT & LEVEL,DUSK,,,7/22/2019 8:56:48 AM,False,7426,Accepted,
25382731,0568000,LOUISVILLE METRO POLICE DEPT,Accepted,JEFFERSON,KY2845,,MANSLICK,RD,E,,,,MAPLE,,CINDERELLA,38.120128588,-85.654420458,1.453,7/20/2019 12:00:00 AM,1615,1,1,0,1,CLOUDY,DRY,False,COLLISION WITH FIXED OBJECT NON - INTERSECTION - FIRST EVENT COLLISION 09 - 32 EXCLUDING 16,SINGLE VEHICLE,STRAIGHT & LEVEL,DAYLIGHT,,,7/25/2019 8:48:53 AM,False,2583,Accepted,
25367435,0568000,LOUISVILLE METRO POLICE DEPT,Accepted,JEFFERSON,,,JEFFERSON,ST,W,,5TH,,,,,38.254098849,-85.758639911,0.358,7/20/2019 12:00:00 AM,1720,2,2,0,0,CLEAR,DRY,True,OTHER INTERSECTION COLLISIONS,REAR END,STRAIGHT & LEVEL,DAYLIGHT,,,7/22/2019 8:54:53 AM,False,7345,Accepted,
25382713,0568000,LOUISVILLE METRO POLICE DEPT,Accepted,JEFFERSON,KY1747,,FERN VALLEY,RD,,I 0065,I65 S EXIT128 OFF RAMP TO KY1631,,,,,38.158041678,-85.721632142,0.584,7/20/2019 12:00:00 AM,1145,3,3,0,1,CLOUDY,DRY,True,OTHER INTERSECTION COLLISIONS,REAR END,STRAIGHT & LEVEL,DAYLIGHT,,,7/25/2019 8:48:08 AM,False,2583,Accepted,
25367456,0568000,LOUISVILLE METRO POLICE DEPT,Accepted,JEFFERSON,US0031E,,BARDSTOWN,RD,,,FEGENBUSH,,,,,38.187182516,-85.638085546,9.443,7/20/2019 12:00:00 AM,2245,2,2,0,0,CLEAR,DRY,True,OTHER INTERSECTION COLLISIONS,REAR END,STRAIGHT & LEVEL,DARK-HWY LIGHTED/ON,,,7/22/2019 8:56:17 AM,False,7830,Accepted,
25367439,0568000,LOUISVILLE METRO POLICE DEPT,Accepted,JEFFERSON,I 0065,,,,,KY1747,FERN VALLEY,,,,,38.157427193,-85.716312944,0.484,7/20/2019 12:00:00 AM,1444,2,2,0,0,CLEAR,DRY,False,OTHER INTERSECTION COLLISIONS,REAR END,CURVE & LEVEL,DAYLIGHT,,,7/22/2019 8:55:08 AM,False,2324,Accepted,
25367419,0568000,LOUISVILLE METRO POLICE DEPT,Accepted,JEFFERSON,US0060,,FRANKFORT,AVE,,,BIRCHWOOD,,,,,38.254760672,-85.690787758,1.596,7/20/2019 12:00:00 AM,1140,2,2,0,0,CLEAR,DRY,False,OTHER INTERSECTION COLLISIONS,REAR END,STRAIGHT & LEVEL,DAYLIGHT,,,7/22/2019 8:54:00 AM,False,7128,Accepted,
25367420,0568000,LOUISVILLE METRO POLICE DEPT,Accepted,JEFFERSON,KY0155,,TAYLORSVILLE,RD,,I 0265,I265 E EXIT23 ON RAMP FROM KY155,,,,,38.189509423,-85.506087283,5.893,7/20/2019 12:00:00 AM,1312,2,2,0,0,CLEAR,DRY,False,OTHER INTERSECTION COLLISIONS,REAR END,STRAIGHT & LEVEL,DAYLIGHT,,,7/22/2019 8:54:04 AM,False,5233,Accepted,
25367405,0568000,LOUISVILLE METRO POLICE DEPT,Accepted,JEFFERSON,I 0071,,I71 S,,,I 0071,I71 TURN AROUND6,,,,,38.300711068,-85.613809203,7.056,7/20/2019 12:00:00 AM,1700,3,3,0,0,CLEAR,DRY,False,OTHER INTERSECTION COLLISIONS,REAR END,STRAIGHT & LEVEL,DAYLIGHT,,,7/22/2019 8:53:04 AM,False,7631,Accepted,
25367514,0568000,LOUISVILLE METRO POLICE DEPT,Accepted,JEFFERSON,KY2251,,BARDSTOWN,RD,,,HIKES,,,,,38.199064384,-85.660000166,1.042,7/20/2019 12:00:00 AM,1105,2,2,0,0,CLEAR,DRY,True,OTHER INTERSECTION COLLISIONS,REAR END,STRAIGHT & LEVEL,DAYLIGHT,,,7/22/2019 8:59:16 AM,False,2429,Accepted,
25402983,0568000,LOUISVILLE METRO POLICE DEPT,Accepted,JEFFERSON,KY3082,,BANK,ST,,,30TH,,,,,38.271579605,-85.797226134,0.716,7/20/2019 12:00:00 AM,0620,1,1,0,1,CLEAR,DRY,False,OTHER INTERSECTION COLLISIONS,SINGLE VEHICLE,STRAIGHT & GRADE,DAWN,,,7/30/2019 8:19:29 AM,False,7416,Accepted,
25407712,0568000,LOUISVILLE METRO POLICE DEPT,Accepted,JEFFERSON,US0060,,SHELBYVILLE,RD,,,CHRISTIAN,,,,,38.248812087,-85.606577534,6.222,7/20/2019 12:00:00 AM,0742,2,2,0,0,CLEAR,DRY,False,OTHER INTERSECTION COLLISIONS,REAR END,STRAIGHT & LEVEL,DAYLIGHT,,,7/31/2019 8:12:15 AM,False,5109,Accepted,
25367540,0568000,LOUISVILLE METRO POLICE DEPT,Accepted,JEFFERSON,KY1631,,CRITTENDEN,DR,,,BOXLEY,,,,,38.205363815,-85.750811534,1.202,7/20/2019 12:00:00 AM,2314,2,2,0,0,CLEAR,DRY,False,SIDESWIPE-SAME DIRECTION,SIDESWIPE-SAME DIRECTION,STRAIGHT & LEVEL,DARK-HWY LIGHTED/ON,,,7/22/2019 9:01:50 AM,False,2745,Accepted,
25417494,0568000,LOUISVILLE METRO POLICE DEPT,Accepted,JEFFERSON,,,HIKES,LN,,,GOLDSMITH,,,,,38.205271281,-85.650062862,1.555,7/20/2019 12:00:00 AM,2005,2,2,1,3,CLEAR,DRY,False,OPPOSING LEFT TURN,OPPOSING LEFT TURN,STRAIGHT & LEVEL,DAYLIGHT,,,8/2/2019 8:18:16 AM,False,7072,Accepted,
25367548,0568000,LOUISVILLE METRO POLICE DEPT,Accepted,JEFFERSON,US0060A,,TAYLOR,BLVD,,,CENTRAL,,,,,38.206322544,-85.776176777,2.292,7/20/2019 12:00:00 AM,2133,2,2,0,0,CLEAR,DRY,False,OPPOSING LEFT TURN,OPPOSING LEFT TURN,STRAIGHT & LEVEL,DARK-HWY LIGHTED/ON,,,7/22/2019 9:02:17 AM,False,7462,Accepted,
25367426,0568000,LOUISVILLE METRO POLICE DEPT,Accepted,JEFFERSON,US0060A,,EASTERN,PKWY,,KY1703,BAXTER,,,,,38.228931993,-85.715292869,6.441,7/20/2019 12:00:00 AM,1552,2,2,0,1,CLEAR,DRY,False,OPPOSING LEFT TURN,OPPOSING LEFT TURN,STRAIGHT & LEVEL,DAYLIGHT,,,7/22/2019 8:54:17 AM,False,7403,Accepted,
25367390,0568000,LOUISVILLE METRO POLICE DEPT,Accepted,JEFFERSON,KY1865,,NEW CUT,RD,,,GLEN HOLLOW,,,,,38.149710928,-85.776219317,2.910,7/20/2019 12:00:00 AM,0559,2,2,0,0,CLEAR,DRY,False,REAR END - ONE VEHICLE TURNING LEFT,REAR END,STRAIGHT & LEVEL,DAWN,,,7/22/2019 8:51:52 AM,False,7649,Accepted,
25379292,0568000,LOUISVILLE METRO POLICE DEPT,Accepted,JEFFERSON,,,HIKES,LN,,KY1932,BRECKENRIDGE,,,,,38.217987094,-85.628728579,3.016,7/20/2019 12:00:00 AM,1025,2,2,0,0,CLEAR,DRY,False,REAR END - ONE VEHICLE TURNING RIGHT,REAR END,STRAIGHT & LEVEL,DAYLIGHT,,,7/24/2019 1:40:53 PM,False,5191,Accepted,
25367442,0568000,LOUISVILLE METRO POLICE DEPT,Accepted,JEFFERSON,KY3064,,PORTLAND,AVE,,,26TH,,,,,38.271067076,-85.789966100,0.445,7/20/2019 12:00:00 AM,1557,2,1,0,1,CLEAR,DRY,False,COLLISION WITH BICYCLE IN INTERSECTION,SINGLE VEHICLE,STRAIGHT & LEVEL,DAYLIGHT,,,7/22/2019 8:55:18 AM,False,2854,Accepted,
25367452,0568000,LOUISVILLE METRO POLICE DEPT,Accepted,JEFFERSON,,,ELLIOTT,AVE,,,44TH,,,,,38.253937842,-85.824817616,1.006,7/20/2019 12:00:00 AM,2120,2,2,0,0,CLEAR,DRY,False,COLLISION WITH PARKED VEHICLE,BACKING,STRAIGHT & LEVEL,DARK-HWY LIGHTED/ON,,,7/22/2019 8:56:02 AM,False,7349,Accepted,
25367455,0568000,LOUISVILLE METRO POLICE DEPT,Accepted,JEFFERSON,KY0864,,FEGENBUSH,LN,,KY0864,BEULAH CHURCH,,,,,38.137650727,-85.613503715,4.254,7/20/2019 12:00:00 AM,2332,2,2,0,0,CLEAR,DRY,False,ANGLE COLLISION - ONE VEHICLE TURNING LEFT,ANGLE,STRAIGHT & LEVEL,DARK-HWY LIGHTED/ON,,,7/22/2019 8:56:14 AM,False,7120,Accepted,
25367412,0568000,LOUISVILLE METRO POLICE DEPT,Accepted,JEFFERSON,US0060A,,EASTERN,PKWY,,US0060A,WILLOW,,,,,38.232941468,-85.707898351,6.932,7/20/2019 12:00:00 AM,1143,2,2,0,1,CLOUDY,DRY,False,ANGLE COLLISION - ONE VEHICLE TURNING LEFT,ANGLE,STRAIGHT & LEVEL,DAYLIGHT,,,7/22/2019 8:53:34 AM,False,5020,Accepted,
25367461,0568000,LOUISVILLE METRO POLICE DEPT,Accepted,JEFFERSON,,,26TH,ST,S,,VIRGINIA,,,,,38.237773271,-85.796302302,1.596,7/20/2019 12:00:00 AM,1911,2,2,0,1,CLEAR,DRY,False,ANGLE COLLISION - OTHER,ANGLE,STRAIGHT & LEVEL,DAYLIGHT,,,7/22/2019 8:56:33 AM,False,7489,Accepted,
25367449,0568000,LOUISVILLE METRO POLICE DEPT,Accepted,JEFFERSON,US0150,,BROADWAY,,E,KY0061,JACKSON,,,,,38.245136593,-85.745596806,3.075,7/20/2019 12:00:00 AM,0835,2,2,0,1,CLEAR,DRY,False,ANGLE COLLISION - OTHER,ANGLE,STRAIGHT & LEVEL,DAYLIGHT,,,7/22/2019 8:55:50 AM,False,5124,Accepted,
25367475,0568000,LOUISVILLE METRO POLICE DEPT,Accepted,JEFFERSON,KY1447,,WESTPORT,RD,,,CHAMBERLAIN,,,,,38.299248166,-85.541680947,7.038,7/20/2019 12:00:00 AM,1958,2,2,0,2,CLEAR,DRY,False,ANGLE COLLISION - OTHER,ANGLE,STRAIGHT & GRADE,DUSK,,,7/22/2019 8:57:12 AM,False,7159,Accepted,
25367476,0568000,LOUISVILLE METRO POLICE DEPT,Accepted,JEFFERSON,KY1747,,FERN VALLEY,RD,,,JEANINE,,,,,38.157869315,-85.688561165,2.399,7/19/2019 12:00:00 AM,1725,2,2,0,2,CLOUDY,DRY,True,ANGLE COLLISION - OTHER,ANGLE,STRAIGHT & LEVEL,DAYLIGHT,,,7/22/2019 8:57:16 AM,False,2583,Accepted,
25367513,0568000,LOUISVILLE METRO POLICE DEPT,Accepted,JEFFERSON,US0060A,,EASTERN,PKWY,,,LYDIA,,,,,38.220709392,-85.733196268,5.240,7/19/2019 12:00:00 AM,1500,2,2,0,1,CLEAR,DRY,False,ANGLE COLLISION - OTHER,ANGLE,STRAIGHT & LEVEL,DAYLIGHT,,,7/22/2019 8:59:12 AM,False,7116,Accepted,
25367524,0568000,LOUISVILLE METRO POLICE DEPT,Accepted,JEFFERSON,,,OAK,ST,W,,23RD,,,,,38.237659528,-85.792655919,2.046,7/19/2019 12:00:00 AM,2243,5,5,0,2,CLEAR,DRY,False,ANGLE COLLISION - OTHER,ANGLE,STRAIGHT & LEVEL,DARK-HWY LIGHTED/ON,,,7/22/2019 8:59:38 AM,False,5110,Accepted,