IncidentID,AgencyORI,AgencyName,IncidentStatusDesc,County,RdwyNumber,Street,RoadwayName,StreetSfx,StreetDir,IntersectionRdwy,IntersectionRdwyName,BetweenStRdwy1,BetweenStRdwyName1,BetweenStRdwy2,BetweenStRdwyName2,Latitude,Longitude,Milepoint,CollisionDate,CollisionTime,UnitsInvolved,MotorVehiclesInvolved,NumberKilled,NumberInjured,Weather,RdwyConditionCode,HitandRun,DirAnalysisCode,MannerofCollision,RdwyCharacter,LightCondition,RampFromRdwyId,RampToRdwyId,AcceptedDate,IsSecondaryCollision,OwnerBadge,IncidentStatus,
25367360,0568000,LOUISVILLE METRO POLICE DEPT,Accepted,JEFFERSON,US0150,,DR W J HODGE,ST,,US0150T,MARKET,,,,,38.258349371,-85.784898491,0.841,7/19/2019 12:00:00 AM,1319,3,3,0,1,CLEAR,DRY,False,ANGLE COLLISION - OTHER,ANGLE,STRAIGHT & LEVEL,DAYLIGHT,,,7/22/2019 8:49:47 AM,False,7271,Accepted,
25367364,0568000,LOUISVILLE METRO POLICE DEPT,Accepted,JEFFERSON,,,POPE,ST,,,ARLINGTON,,,,,38.255551829,-85.717300010,0.325,7/19/2019 12:00:00 AM,1000,2,2,0,2,CLEAR,DRY,False,ANGLE COLLISION - OTHER,ANGLE,STRAIGHT & LEVEL,DAYLIGHT,,,7/22/2019 8:50:10 AM,False,7128,Accepted,
25382802,0568000,LOUISVILLE METRO POLICE DEPT,Accepted,JEFFERSON,US0150,,22ND,ST,N,,PORTLAND,,,,,38.268175805,-85.782651912,0.118,7/19/2019 12:00:00 AM,1930,2,2,0,0,CLEAR,DRY,False,ANGLE COLLISION - OTHER,ANGLE,STRAIGHT & LEVEL,DAYLIGHT,,,7/25/2019 8:51:59 AM,False,7487,Accepted,
25367409,0568000,LOUISVILLE METRO POLICE DEPT,Accepted,JEFFERSON,US0060A,,WINKLER,AVE,,,4TH,,,,,38.210345373,-85.764641987,3.070,7/19/2019 12:00:00 AM,1816,2,2,0,1,CLEAR,DRY,False,ANGLE COLLISION - ONE VEHICLE TURNING LEFT,ANGLE,STRAIGHT & LEVEL,DAYLIGHT,,,7/22/2019 8:53:23 AM,False,7094,Accepted,
25367424,0568000,LOUISVILLE METRO POLICE DEPT,Accepted,JEFFERSON,,,PAYNE,ST,,US0031E,BAXTER,,,,,38.246237928,-85.728956648,0.107,7/19/2019 12:00:00 AM,1822,2,2,0,0,CLEAR,DRY,False,ANGLE COLLISION - ONE VEHICLE TURNING LEFT,ANGLE,STRAIGHT & LEVEL,DAYLIGHT,,,7/22/2019 8:54:13 AM,False,7403,Accepted,
25367368,0568000,LOUISVILLE METRO POLICE DEPT,Accepted,JEFFERSON,KY0061,,PRESTON,ST,S,,GWENDOLYN,,,,,38.233442012,-85.749599881,11.422,7/19/2019 12:00:00 AM,1421,2,2,0,0,CLEAR,DRY,True,ANGLE COLLISION - ONE VEHICLE TURNING LEFT,ANGLE,STRAIGHT & LEVEL,DAYLIGHT,,,7/22/2019 8:50:21 AM,False,7390,Accepted,
25367399,0568000,LOUISVILLE METRO POLICE DEPT,Accepted,JEFFERSON,US0031E,,BARDSTOWN,RD,,,ST GABRIEL,,,,,38.166432960,-85.601317348,6.969,7/19/2019 12:00:00 AM,1844,5,4,0,4,CLEAR,DRY,False,ANGLE COLLISION - ONE VEHICLE TURNING LEFT,ANGLE,STRAIGHT & LEVEL,DAYLIGHT,,,7/22/2019 8:52:41 AM,False,6337,Accepted,
25367431,0568000,LOUISVILLE METRO POLICE DEPT,Accepted,JEFFERSON,US0031W,,DIXIE,HWY,,,UPPER HUNTERS,,,,,38.168555445,-85.828379491,13.263,7/19/2019 12:00:00 AM,1942,2,2,0,0,CLEAR,DRY,False,COLLISION WITH FIXED OBJECT IN INTERSECTION - FIRST EVENT COLLISION 09 - 32,ANGLE,STRAIGHT & LEVEL,DAYLIGHT,,,7/22/2019 8:54:39 AM,False,5170,Accepted,
25367339,0568000,LOUISVILLE METRO POLICE DEPT,Accepted,JEFFERSON,,,WOODLAWN,AVE,W,,3RD,,,,,38.181566484,-85.766186445,0.776,7/19/2019 12:00:00 AM,1448,1,1,0,0,CLEAR,DRY,False,COLLISION WITH FIXED OBJECT IN INTERSECTION - FIRST EVENT COLLISION 09 - 32,SINGLE VEHICLE,STRAIGHT & LEVEL,DAYLIGHT,,,7/22/2019 8:48:24 AM,False,5237,Accepted,
25367497,0568000,LOUISVILLE METRO POLICE DEPT,Accepted,JEFFERSON,US0031W,,DIXIE,HWY,,,DEPOT,,,,,38.037390839,-85.908989913,3.157,7/19/2019 12:00:00 AM,1424,1,1,0,0,CLEAR,DRY,False,COLLISION WITH FIXED OBJECT IN INTERSECTION - FIRST EVENT COLLISION 09 - 32,SINGLE VEHICLE,STRAIGHT & LEVEL,DAYLIGHT,,,7/22/2019 8:58:25 AM,False,7634,Accepted,
25367331,0568000,LOUISVILLE METRO POLICE DEPT,Accepted,JEFFERSON,KY2053,,MT WASHINGTON,RD,,,RAY NAN,,,,,38.091977470,-85.660141874,0.483,7/19/2019 12:00:00 AM,1419,2,2,0,0,CLEAR,DRY,False,REAR END - ONE VEHICLE TURNING LEFT,REAR END,STRAIGHT & LEVEL,DAYLIGHT,,,7/22/2019 8:47:49 AM,False,7989,Accepted,
25367349,0568000,LOUISVILLE METRO POLICE DEPT,Accepted,JEFFERSON,,,HEYWOOD,AVE,,,4TH,,,,,38.206432622,-85.765340184,0.089,7/19/2019 12:00:00 AM,1411,2,2,0,0,CLEAR,DRY,False,REAR END - ONE VEHICLE TURNING LEFT,REAR END,STRAIGHT & LEVEL,DAYLIGHT,,,7/22/2019 8:48:57 AM,False,7094,Accepted,
25557655,0568000,LOUISVILLE METRO POLICE DEPT,Accepted,JEFFERSON,,,NORTHWESTERN,PKWY,,,42ND,,,,,38.273736294,-85.815075462,2.052,7/19/2019 12:00:00 AM,1722,2,2,0,0,CLEAR,DRY,False,ANGLE COLLISION - OTHER,ANGLE,CURVE & LEVEL,DAYLIGHT,,,8/28/2019 8:22:37 AM,False,5113,Accepted,
25367395,0568000,LOUISVILLE METRO POLICE DEPT,Accepted,JEFFERSON,KY0022,,BROWNSBORO,RD,,,SUMMIT PLAZA,,,,,38.306952447,-85.575377730,3.877,7/19/2019 12:00:00 AM,1026,2,2,0,0,CLOUDY,DRY,False,OPPOSING LEFT TURN,OPPOSING LEFT TURN,CURVE & LEVEL,DARK (UNKNOWN ROADWAY LIGHTING),,,7/22/2019 8:52:20 AM,False,7751,Accepted,
25367393,0568000,LOUISVILLE METRO POLICE DEPT,Accepted,JEFFERSON,KY0022,,BROWNSBORO,RD,,I 0265,I265 S EXIT34 OFF RAMP TO KY22,,,,,38.309040334,-85.572958759,4.068,7/19/2019 12:00:00 AM,0920,2,2,0,0,CLOUDY,DRY,False,OPPOSING LEFT TURN,OPPOSING LEFT TURN,STRAIGHT & LEVEL,DAYLIGHT,,,7/22/2019 8:52:15 AM,False,7751,Accepted,
25383795,0564400,INDIAN HILLS POLICE DEPARTMENT,Accepted,JEFFERSON,US0042,,BROWNSBORO,RD,,,HUBBARDS,,,,,38.270526487,-85.652816165,4.670,7/19/2019 12:00:00 AM,1610,2,2,0,0,CLEAR,DRY,False,OPPOSING LEFT TURN,OPPOSING LEFT TURN,STRAIGHT & GRADE,DAYLIGHT,,,7/25/2019 12:41:06 PM,False,4432,Accepted,
25367332,0568000,LOUISVILLE METRO POLICE DEPT,Accepted,JEFFERSON,,,RALPH,AVE,,,LIKENS,,,,,38.210411034,-85.830812343,1.880,7/19/2019 12:00:00 AM,1353,2,2,0,1,CLEAR,DRY,False,OPPOSITE DIRECTION - BOTH VEHICLES GOING STRAIGHT AHEAD,SIDESWIPE-OPPOSITE DIRECTION,STRAIGHT & LEVEL,DAYLIGHT,,,7/22/2019 8:47:54 AM,False,5239,Accepted,
25535595,0568000,LOUISVILLE METRO POLICE DEPT,Accepted,JEFFERSON,US0031E,,BARDSTOWN,RD,,,DEL MARIA,,,,,38.170157394,-85.607008316,7.378,7/19/2019 12:00:00 AM,1640,3,3,0,1,CLEAR,DRY,False,OPPOSING LEFT TURN,OPPOSING LEFT TURN,STRAIGHT & LEVEL,DAYLIGHT,,,8/23/2019 8:18:56 AM,False,7366,Accepted,
25367533,0568000,LOUISVILLE METRO POLICE DEPT,Accepted,JEFFERSON,KY1020,,3RD,ST,S,US0150,BROADWAY,,,,,38.245937337,-85.756749440,12.098,7/19/2019 12:00:00 AM,2246,2,2,0,0,CLEAR,DRY,False,SIDESWIPE-SAME DIRECTION,SIDESWIPE-SAME DIRECTION,STRAIGHT & LEVEL,DARK-HWY LIGHTED/ON,,,7/22/2019 9:00:02 AM,False,7464,Accepted,
25397754,0568000,LOUISVILLE METRO POLICE DEPT,Accepted,JEFFERSON,US0042,,STORY,AVE,,,SPRING,,,,,38.257341730,-85.724866236,0.451,7/19/2019 12:00:00 AM,1505,2,2,0,0,CLEAR,DRY,False,SIDESWIPE-SAME DIRECTION,SIDESWIPE-SAME DIRECTION,STRAIGHT & LEVEL,DAYLIGHT,,,7/29/2019 8:32:32 AM,False,7852,Accepted,
25367380,0568000,LOUISVILLE METRO POLICE DEPT,Accepted,JEFFERSON,,,HOLIDAY TOWERS,BLVD,,KY1747,FERN VALLEY,,,,,38.157344550,-85.714424310,0.003,7/19/2019 12:00:00 AM,2157,2,2,0,0,CLEAR,DRY,True,SIDESWIPE-SAME DIRECTION,SIDESWIPE-SAME DIRECTION,STRAIGHT & LEVEL,DARK-HWY LIGHTED/ON,,,7/22/2019 8:51:11 AM,False,5222,Accepted,
25367469,0568000,LOUISVILLE METRO POLICE DEPT,Accepted,JEFFERSON,,,CARDINAL,BLVD,W,,4TH,,,,,38.220739058,-85.762827483,0.271,7/19/2019 12:00:00 AM,2132,2,2,0,0,CLEAR,DRY,False,SIDESWIPE-SAME DIRECTION,SIDESWIPE-SAME DIRECTION,STRAIGHT & LEVEL,DARK-HWY LIGHTED/ON,,,7/22/2019 8:56:54 AM,False,5139,Accepted,
25367325,0568000,LOUISVILLE METRO POLICE DEPT,Accepted,JEFFERSON,KY1931,,GREENWOOD,RD,,US0031W,DIXIE,,,,,38.143507014,-85.839787474,3.132,7/19/2019 12:00:00 AM,1248,2,2,0,0,CLEAR,DRY,False,SIDESWIPE-SAME DIRECTION,SIDESWIPE-SAME DIRECTION,STRAIGHT & LEVEL,DAYLIGHT,,,7/22/2019 8:47:21 AM,False,7224,Accepted,
25367319,0568000,LOUISVILLE METRO POLICE DEPT,Accepted,JEFFERSON,KY2052,,SHEPHERDSVILLE,RD,,KY0864,POPLAR LEVEL,,,,,38.159990355,-85.659955156,1.470,7/19/2019 12:00:00 AM,0915,2,2,0,0,CLEAR,DRY,True,SIDESWIPE-SAME DIRECTION,SIDESWIPE-SAME DIRECTION,STRAIGHT & LEVEL,DAYLIGHT,,,7/22/2019 8:47:00 AM,False,7755,Accepted,
25357761,0568000,LOUISVILLE METRO POLICE DEPT,Accepted,JEFFERSON,,,BROOK,ST,S,,JEFFERSON,,,,,38.253109172,-85.750397765,3.390,7/19/2019 12:00:00 AM,0720,2,2,0,0,CLEAR,DRY,False,SIDESWIPE-SAME DIRECTION,SIDESWIPE-SAME DIRECTION,STRAIGHT & LEVEL,DAWN,,,7/19/2019 10:09:43 AM,False,5199,Accepted,
25367345,0568000,LOUISVILLE METRO POLICE DEPT,Accepted,JEFFERSON,,,WATTERSON,TRL,,US0031E,BARDSTOWN,,,,,38.179081865,-85.622931406,0.012,7/19/2019 12:00:00 AM,1234,2,2,0,0,CLEAR,DRY,False,OTHER INTERSECTION COLLISIONS,REAR END,CURVE & LEVEL,DAYLIGHT,,,7/22/2019 8:48:39 AM,False,7366,Accepted,
25361700,0566900,LOUISVILLE AIRPORT POLICE,Accepted,JEFFERSON,,,CRITTENDEN,DR,,,,,,,,38.184621166,-85.755121423,0.866,7/19/2019 12:00:00 AM,1029,1,1,0,0,CLEAR,DRY,False,COLLISION WITH FIXED OBJECT NON - INTERSECTION - FIRST EVENT COLLISION 09 - 32 EXCLUDING 16,SINGLE VEHICLE,STRAIGHT & GRADE,DAYLIGHT,,,7/20/2019 7:31:10 AM,False,5856,Accepted,
25357768,0568000,LOUISVILLE METRO POLICE DEPT,Accepted,JEFFERSON,,1507,HASKIN,AVE,,,,,,,,38.173237654,-85.788791533,0.377,7/19/2019 12:00:00 AM,0100,1,1,0,0,CLEAR,DRY,False,COLLISION WITH FIXED OBJECT NON - INTERSECTION - FIRST EVENT COLLISION 09 - 32 EXCLUDING 16,SINGLE VEHICLE,STRAIGHT & HILLCREST,DARK-HWY LIGHTED/ON,,,7/19/2019 10:10:05 AM,False,7963,Accepted,
25357755,0568000,LOUISVILLE METRO POLICE DEPT,Accepted,JEFFERSON,KY0155,,TAYLORSVILLE,RD,,KY1932,BRECKENRIDGE,,,,,38.220192253,-85.630547036,13.590,7/19/2019 12:00:00 AM,0825,2,2,0,0,CLEAR,DRY,False,OTHER INTERSECTION COLLISIONS,REAR END,STRAIGHT & LEVEL,DAYLIGHT,,,7/19/2019 10:09:23 AM,False,7864,Accepted,
25367307,0568000,LOUISVILLE METRO POLICE DEPT,Accepted,JEFFERSON,,,INDIAN,TRL,E,KY0061,PRESTON,,,,,38.168743005,-85.706558318,0.001,7/19/2019 12:00:00 AM,0751,2,2,0,0,CLEAR,DRY,False,OTHER INTERSECTION COLLISIONS,REAR END,STRAIGHT & LEVEL,DAYLIGHT,,,7/22/2019 8:45:57 AM,False,2796,Accepted,
25367372,0568000,LOUISVILLE METRO POLICE DEPT,Accepted,JEFFERSON,KY1865,,TAYLOR,BLVD,,,BEECHER,,,,,38.191673102,-85.783281079,5.876,7/19/2019 12:00:00 AM,1522,2,2,0,0,CLEAR,DRY,False,OTHER INTERSECTION COLLISIONS,REAR END,STRAIGHT & LEVEL,DAYLIGHT,,,7/22/2019 8:50:43 AM,False,7705,Accepted,
25367355,0568000,LOUISVILLE METRO POLICE DEPT,Accepted,JEFFERSON,US0031E,,BARDSTOWN,RD,,,BONNYCASTLE,,,,,38.230644474,-85.704506515,14.350,7/19/2019 12:00:00 AM,1407,2,2,0,0,CLOUDY,DRY,False,OTHER INTERSECTION COLLISIONS,REAR END,STRAIGHT & LEVEL,DAYLIGHT,,,7/22/2019 8:49:29 AM,False,7740,Accepted,
25367378,0568000,LOUISVILLE METRO POLICE DEPT,Accepted,JEFFERSON,,,CRUMS,LN,,KY1931,MANSLICK,,,,,38.189221067,-85.801294916,0.433,7/19/2019 12:00:00 AM,1619,2,2,0,0,CLEAR,DRY,False,OTHER INTERSECTION COLLISIONS,REAR END,STRAIGHT & LEVEL,DAYLIGHT,,,7/22/2019 8:51:00 AM,False,7360,Accepted,
25367374,0568000,LOUISVILLE METRO POLICE DEPT,Accepted,JEFFERSON,,,ROY WILKINS,AVE,,US0150,BROADWAY,,,,,38.246793015,-85.766429156,0.731,7/19/2019 12:00:00 AM,1800,2,2,0,0,CLEAR,DRY,False,OTHER INTERSECTION COLLISIONS,REAR END,STRAIGHT & LEVEL,DAYLIGHT,,,7/22/2019 8:50:50 AM,False,7345,Accepted,
25367343,0568000,LOUISVILLE METRO POLICE DEPT,Accepted,JEFFERSON,KY1747,,FERN VALLEY,RD,,,ULRICH,,,,,38.156988849,-85.708214309,1.317,7/19/2019 12:00:00 AM,0851,2,2,0,1,CLEAR,DRY,False,OTHER INTERSECTION COLLISIONS,REAR END,STRAIGHT & LEVEL,DAYLIGHT,,,7/22/2019 8:48:36 AM,False,5026,Accepted,
25367358,0568000,LOUISVILLE METRO POLICE DEPT,Accepted,JEFFERSON,,,BISHOP,LN,,,GARDINER,,,,,38.198328162,-85.686315668,1.247,7/19/2019 12:00:00 AM,1722,2,2,0,0,CLEAR,DRY,False,OTHER INTERSECTION COLLISIONS,REAR END,STRAIGHT & LEVEL,DAYLIGHT,,,7/22/2019 8:49:38 AM,False,7879,Accepted,
25372306,0568000,LOUISVILLE METRO POLICE DEPT,Accepted,JEFFERSON,KY1020,,2ND,ST,S,,JEFFERSON,,,,,38.253476694,-85.753708502,12.627,7/19/2019 12:00:00 AM,0615,4,4,0,1,CLEAR,DRY,False,OTHER INTERSECTION COLLISIONS,REAR END,STRAIGHT & LEVEL,DAWN,,,7/23/2019 8:22:09 AM,False,7118,Accepted,
25367543,0568000,LOUISVILLE METRO POLICE DEPT,Accepted,JEFFERSON,US0031E,,BARDSTOWN,RD,,,GOLDSMITH,,,,,38.208477741,-85.668906457,11.771,7/19/2019 12:00:00 AM,2205,2,2,0,0,CLEAR,DRY,False,OTHER INTERSECTION COLLISIONS,REAR END,STRAIGHT & LEVEL,DARK-HWY LIGHTED/ON,,,7/22/2019 9:02:03 AM,False,7200,Accepted,
25367485,0568000,LOUISVILLE METRO POLICE DEPT,Accepted,JEFFERSON,,,JEFFERSON,ST,W,,,,20TH,,20TH,38.256769792,-85.783527345,1.725,7/19/2019 12:00:00 AM,1418,2,2,0,0,CLEAR,DRY,False,1 VEHICLE PARKED POSITION (NOT PARKING LOT/DRIVEWAY),REAR END,STRAIGHT & LEVEL,DAYLIGHT,,,7/22/2019 8:57:50 AM,False,7947,Accepted,
25367402,0568000,LOUISVILLE METRO POLICE DEPT,Accepted,JEFFERSON,,,WAGON,TRL,,,,,,,,38.205336639,-85.835997623,0.011,7/19/2019 12:00:00 AM,1900,2,2,0,0,CLEAR,DRY,True,1 VEHICLE PARKED POSITION (NOT PARKING LOT/DRIVEWAY),SIDESWIPE-SAME DIRECTION,CURVE & GRADE,DAYLIGHT,,,7/22/2019 8:52:55 AM,False,5208,Accepted,
25367357,0568000,LOUISVILLE METRO POLICE DEPT,Accepted,JEFFERSON,,10207,WAYCROSS,AVE,,,,,,,,38.099313714,-85.653591611,0.053,7/19/2019 12:00:00 AM,0709,2,2,0,0,CLEAR,DRY,False,1 VEHICLE PARKED POSITION (NOT PARKING LOT/DRIVEWAY),REAR END,STRAIGHT & LEVEL,DAYLIGHT,,,7/22/2019 8:49:34 AM,False,7442,Accepted,
25367406,0568000,LOUISVILLE METRO POLICE DEPT,Accepted,JEFFERSON,I 0071,,I71 S,,,,,,,,,38.312130703,-85.587723409,8.778,7/19/2019 12:00:00 AM,1630,2,2,0,0,CLEAR,DRY,False,REAR END IN TRAFFIC LANES BOTH VEHICLES MOVING,REAR END,STRAIGHT & LEVEL,DAYLIGHT,,,7/22/2019 8:53:11 AM,False,7631,Accepted,
25367389,0568000,LOUISVILLE METRO POLICE DEPT,Accepted,JEFFERSON,I 0064,,I64 E,,,,,,,,,38.243754305,-85.696708135,8.387,7/19/2019 12:00:00 AM,2209,2,2,0,0,CLEAR,DRY,False,REAR END IN TRAFFIC LANES BOTH VEHICLES MOVING,REAR END,STRAIGHT & LEVEL,DARK-HWY LIGHTED/ON,,,7/22/2019 8:51:45 AM,False,5104,Accepted,
25367397,0568000,LOUISVILLE METRO POLICE DEPT,Accepted,JEFFERSON,I 0264,,I264 E,,,,,,,,,38.231452384,-85.630339822,18.304,7/19/2019 12:00:00 AM,1553,2,2,0,0,CLOUDY,DRY,False,REAR END IN TRAFFIC LANES BOTH VEHICLES MOVING,REAR END,STRAIGHT & LEVEL,DAYLIGHT,,,7/22/2019 8:52:30 AM,False,7751,Accepted,
25367381,0568000,LOUISVILLE METRO POLICE DEPT,Accepted,JEFFERSON,I 0264,,I264 W,,,,,,,,,38.232867270,-85.628191698,18.435,7/19/2019 12:00:00 AM,2050,2,2,0,0,CLEAR,DRY,False,REAR END IN TRAFFIC LANES BOTH VEHICLES MOVING,REAR END,STRAIGHT & LEVEL,DUSK,,,7/22/2019 8:51:13 AM,False,7383,Accepted,
25367477,0568000,LOUISVILLE METRO POLICE DEPT,Accepted,JEFFERSON,I 0064,,I64 E,,,,,,,,,38.222800215,-85.513391469,18.553,7/19/2019 12:00:00 AM,1837,3,3,0,0,CLEAR,DRY,False,REAR END IN TRAFFIC LANES BOTH VEHICLES MOVING,REAR END,STRAIGHT & GRADE,DAYLIGHT,,,7/22/2019 8:57:20 AM,True,6532,Accepted,
25382723,0568000,LOUISVILLE METRO POLICE DEPT,Accepted,JEFFERSON,KY0155,,TAYLORSVILLE,RD,,,,,BETTY,I 0264,I264 W EXIT17 ON RAMP FROM KY155,38.222096845,-85.657104577,15.032,7/19/2019 12:00:00 AM,1140,2,2,0,0,CLEAR,DRY,False,REAR END IN TRAFFIC LANES BOTH VEHICLES MOVING,REAR END,STRAIGHT & LEVEL,DAYLIGHT,,,7/25/2019 8:48:35 AM,False,7793,Accepted,
25367535,0568000,LOUISVILLE METRO POLICE DEPT,Accepted,JEFFERSON,I 0264,,I264 W,,,,,,,,,38.230762605,-85.632154534,18.176,7/19/2019 12:00:00 AM,2050,2,2,0,0,CLEAR,DRY,False,REAR END IN TRAFFIC LANES BOTH VEHICLES MOVING,REAR END,STRAIGHT & LEVEL,DAYLIGHT,,,7/22/2019 9:00:19 AM,True,7200,Accepted,
25367383,0568000,LOUISVILLE METRO POLICE DEPT,Accepted,JEFFERSON,I 0264,,I264 W,,,,,,,,,38.238542556,-85.623187953,18.951,7/19/2019 12:00:00 AM,2138,2,2,0,0,CLOUDY,DRY,False,REAR END IN TRAFFIC LANES BOTH VEHICLES MOVING,REAR END,STRAIGHT & LEVEL,DARK-HWY LIGHTED/ON,,,7/22/2019 8:51:21 AM,False,7786,Accepted,
25367359,0568000,LOUISVILLE METRO POLICE DEPT,Accepted,JEFFERSON,I 0071,,I71 S,,,,,,,,,38.320346549,-85.561474979,10.276,7/19/2019 12:00:00 AM,1612,3,3,0,1,CLEAR,DRY,False,REAR END IN TRAFFIC LANES BOTH VEHICLES MOVING,REAR END,STRAIGHT & LEVEL,DAYLIGHT,,,7/22/2019 8:49:43 AM,False,7313,Accepted,
25367352,0568000,LOUISVILLE METRO POLICE DEPT,Accepted,JEFFERSON,,,RAGGARD,RD,,,,,,,,38.174513888,-85.871141888,0.004,7/19/2019 12:00:00 AM,1547,2,2,0,0,CLEAR,DRY,False,REAR END IN TRAFFIC LANES BOTH VEHICLES MOVING,REAR END,STRAIGHT & LEVEL,DAYLIGHT,,,7/22/2019 8:49:15 AM,False,7234,Accepted,
25367350,0568000,LOUISVILLE METRO POLICE DEPT,Accepted,JEFFERSON,KY1865,,NEW CUT,RD,,,,,,,,38.143706657,-85.774838932,2.522,7/19/2019 12:00:00 AM,1314,2,2,0,1,CLEAR,DRY,False,REAR END IN TRAFFIC LANES BOTH VEHICLES MOVING,REAR END,STRAIGHT & LEVEL,DAYLIGHT,,,7/22/2019 8:49:06 AM,False,7234,Accepted,
25367342,0568000,LOUISVILLE METRO POLICE DEPT,Accepted,JEFFERSON,I 0071,,I71 S,,,,,I 0071,I71 S RAMP FROM I264,I 0071,I71 S EXIT5 RAMP TO I264 W,38.290202847,-85.645064284,5.162,7/19/2019 12:00:00 AM,1136,2,2,0,0,CLEAR,DRY,False,REAR END IN TRAFFIC LANES BOTH VEHICLES MOVING,REAR END,CURVE & GRADE,DAYLIGHT,,,7/22/2019 8:48:32 AM,False,2000,Accepted,
25367529,0568000,LOUISVILLE METRO POLICE DEPT,Accepted,JEFFERSON,I 0264,,I264 W,,,,,I 0064,I64 W EXIT19 RAMP TO I64,I 0264,I264 W EXIT18B OFF RAMP TO KY1932 N,38.232737896,-85.628591654,18.412,7/19/2019 12:00:00 AM,2050,2,2,0,1,CLEAR,DRY,False,REAR END IN TRAFFIC LANES BOTH VEHICLES MOVING,REAR END,STRAIGHT & LEVEL,DAYLIGHT,,,7/22/2019 8:59:51 AM,False,6947,Accepted,
25367330,0568000,LOUISVILLE METRO POLICE DEPT,Accepted,JEFFERSON,KY1703,2815,NEWBURG,RD,,,,,,,,38.209656379,-85.693771013,2.897,7/19/2019 12:00:00 AM,1326,2,2,0,0,CLEAR,DRY,False,REAR END IN TRAFFIC LANES BOTH VEHICLES MOVING,REAR END,CURVE & HILLCREST,DAYLIGHT,,,7/22/2019 8:47:45 AM,False,7284,Accepted,
25367336,0568000,LOUISVILLE METRO POLICE DEPT,Accepted,JEFFERSON,I 0264,,I264 W,,,,,,,,,38.193496248,-85.711235916,13.129,7/19/2019 12:00:00 AM,1221,3,3,0,3,CLEAR,DRY,False,REAR END IN TRAFFIC LANES BOTH VEHICLES MOVING,REAR END,CURVE & GRADE,DAYLIGHT,,,7/22/2019 8:48:10 AM,False,7772,Accepted,
25367351,0568000,LOUISVILLE METRO POLICE DEPT,Accepted,JEFFERSON,US0031W,,DIXIE,HWY,,,,,,,,38.068218270,-85.885098910,5.709,7/19/2019 12:00:00 AM,1215,2,2,0,0,CLEAR,DRY,True,SIDESWIPE COLLISION - SAME DIRECTION,SIDESWIPE-SAME DIRECTION,STRAIGHT & LEVEL,DAYLIGHT,,,7/22/2019 8:49:11 AM,False,7234,Accepted,
25367407,0568000,LOUISVILLE METRO POLICE DEPT,Accepted,JEFFERSON,KY2052,,SHEPHERDSVILLE,RD,,,,,,,,38.153002772,-85.659674817,0.992,7/19/2019 12:00:00 AM,1804,2,2,0,0,CLEAR,DRY,True,SIDESWIPE COLLISION - SAME DIRECTION,SIDESWIPE-SAME DIRECTION,STRAIGHT & LEVEL,DAYLIGHT,,,7/22/2019 8:53:15 AM,False,7755,Accepted,
25367408,0568000,LOUISVILLE METRO POLICE DEPT,Accepted,JEFFERSON,KY1747,,FERN VALLEY,RD,,,,,,,,38.157831816,-85.688100477,2.421,7/19/2019 12:00:00 AM,1852,2,2,0,0,CLEAR,DRY,True,SIDESWIPE COLLISION - SAME DIRECTION,SIDESWIPE-SAME DIRECTION,STRAIGHT & LEVEL,DAYLIGHT,,,7/22/2019 8:53:19 AM,False,7755,Accepted,
25367308,0568000,LOUISVILLE METRO POLICE DEPT,Accepted,JEFFERSON,I 0264,,I264 W,,,,,,,,,38.218278188,-85.658055484,16.564,7/19/2019 12:00:00 AM,0845,2,2,0,0,CLEAR,DRY,False,SIDESWIPE COLLISION - SAME DIRECTION,SIDESWIPE-SAME DIRECTION,STRAIGHT & LEVEL,DAYLIGHT,,,7/22/2019 8:46:02 AM,False,7284,Accepted,
25367403,0568000,LOUISVILLE METRO POLICE DEPT,Accepted,JEFFERSON,,,HANCOCK,ST,S,,,,,,,38.250279116,-85.742669291,0.329,7/19/2019 12:00:00 AM,1151,2,2,0,0,CLEAR,DRY,False,SIDESWIPE COLLISION - SAME DIRECTION,SIDESWIPE-SAME DIRECTION,STRAIGHT & LEVEL,DAYLIGHT,,,7/22/2019 8:52:58 AM,False,7406,Accepted,
25367454,0568000,LOUISVILLE METRO POLICE DEPT,Accepted,JEFFERSON,,1248,SCHILLER,AVE,,,,,,,,38.231488939,-85.729736484,0.598,7/19/2019 12:00:00 AM,2015,3,3,0,0,CLEAR,DRY,False,SIDESWIPE COLLISION - SAME DIRECTION,SIDESWIPE-SAME DIRECTION,STRAIGHT & LEVEL,DAYLIGHT,,,7/22/2019 8:56:10 AM,False,5022,Accepted,
25367362,0568000,LOUISVILLE METRO POLICE DEPT,Accepted,JEFFERSON,I 0064,,I64 E,,,,,I 0064,I64 E EXIT17 ON RAMP FROM KY913,I 0064,I64 E EXIT19A RAMP TO I265 S,38.223482943,-85.530967808,17.608,7/19/2019 12:00:00 AM,1745,2,2,0,0,CLEAR,DRY,True,SIDESWIPE COLLISION - SAME DIRECTION,SIDESWIPE-SAME DIRECTION,STRAIGHT & LEVEL,DAYLIGHT,,,7/22/2019 8:50:02 AM,False,5253,Accepted,