IncidentID,AgencyORI,AgencyName,IncidentStatusDesc,County,RdwyNumber,Street,RoadwayName,StreetSfx,StreetDir,IntersectionRdwy,IntersectionRdwyName,BetweenStRdwy1,BetweenStRdwyName1,BetweenStRdwy2,BetweenStRdwyName2,Latitude,Longitude,Milepoint,CollisionDate,CollisionTime,UnitsInvolved,MotorVehiclesInvolved,NumberKilled,NumberInjured,Weather,RdwyConditionCode,HitandRun,DirAnalysisCode,MannerofCollision,RdwyCharacter,LightCondition,RampFromRdwyId,RampToRdwyId,AcceptedDate,IsSecondaryCollision,OwnerBadge,IncidentStatus,
25367371,0568000,LOUISVILLE METRO POLICE DEPT,Accepted,JEFFERSON,,,TOWNE CENTER,DR,,,,,FISCHER PARK,,SPRINGHURST,38.297414637,-85.555435634,0.139,7/19/2019 12:00:00 AM,1615,2,2,0,0,CLEAR,DRY,False,SIDESWIPE COLLISION - SAME DIRECTION,SIDESWIPE-SAME DIRECTION,STRAIGHT & LEVEL,DAYLIGHT,,,7/22/2019 8:50:39 AM,False,7018,Accepted,
25367448,0568000,LOUISVILLE METRO POLICE DEPT,Accepted,JEFFERSON,I 0065,,,,,,,,,,,38.191167554,-85.722207424,0.204,7/19/2019 12:00:00 AM,1605,2,2,0,0,CLEAR,DRY,False,OTHER COLLISIONS ON SHOULDER,SIDESWIPE-SAME DIRECTION,STRAIGHT & LEVEL,DAYLIGHT,,,7/22/2019 8:55:46 AM,False,7286,Accepted,
25367369,0568000,LOUISVILLE METRO POLICE DEPT,Accepted,JEFFERSON,,,WATTERSON,TRL,S,,,,WILDWOOD,,WILDWOOD,38.177698295,-85.622651031,0.080,7/19/2019 12:00:00 AM,1726,2,2,0,0,CLEAR,DRY,False,1 VEHICLE ENTERING/LEAVING ENTRANCE,ANGLE,STRAIGHT & LEVEL,DAYLIGHT,,,7/22/2019 8:50:27 AM,False,5191,Accepted,
25367386,0568000,LOUISVILLE METRO POLICE DEPT,Accepted,JEFFERSON,KY0061,,PRESTON,HWY,,,,,,,,38.133619949,-85.684064155,3.625,7/19/2019 12:00:00 AM,2000,2,2,0,0,CLEAR,DRY,False,1 VEHICLE ENTERING/LEAVING ENTRANCE,ANGLE,STRAIGHT & LEVEL,DAYLIGHT,,,7/22/2019 8:51:35 AM,False,5198,Accepted,
25367377,0568000,LOUISVILLE METRO POLICE DEPT,Accepted,JEFFERSON,,3704,DENA,DR,,,,,,,,38.192068296,-85.802048537,0.085,7/19/2019 12:00:00 AM,1615,2,2,0,0,CLEAR,DRY,False,SIDESWIPE COLLISION - OPPOSITE DIRECTION,SIDESWIPE-OPPOSITE DIRECTION,STRAIGHT & LEVEL,DAYLIGHT,,,7/22/2019 8:50:56 AM,False,7360,Accepted,
25367315,0568000,LOUISVILLE METRO POLICE DEPT,Accepted,JEFFERSON,KY1020,,3RD,ST,S,,,,,,,38.248713484,-85.756230907,12.292,7/19/2019 12:00:00 AM,0903,2,2,0,0,CLEAR,DRY,False,1 VEHICLE ENTERING/LEAVING ENTRANCE,ANGLE,STRAIGHT & LEVEL,DAYLIGHT,,,7/22/2019 8:46:45 AM,False,2854,Accepted,
25367392,0568000,LOUISVILLE METRO POLICE DEPT,Accepted,JEFFERSON,,,CROSSTIMBERS,DR,,,,KY1531,JOHNSON,,HIDDEN POND,38.260287804,-85.455642146,0.006,7/19/2019 12:00:00 AM,0749,2,2,0,0,CLOUDY,DRY,False,VEHICLE BACKING NON INTERSECTION,BACKING,STRAIGHT & HILLCREST,DAYLIGHT,,,7/22/2019 8:52:10 AM,False,7751,Accepted,
25367373,0568000,LOUISVILLE METRO POLICE DEPT,Accepted,JEFFERSON,I 0064,,,,,,,,,,,38.248602691,-85.705038502,0.020,7/19/2019 12:00:00 AM,1550,1,1,0,1,CLEAR,DRY,False,OTHER RAMP RELATED COLLISIONS NOT LISTED ABOVE,SINGLE VEHICLE,STRAIGHT & LEVEL,DAYLIGHT,I 0064,GRINSTEAD DR,7/22/2019 8:50:46 AM,False,5020,Accepted,
25372302,0568000,LOUISVILLE METRO POLICE DEPT,Accepted,JEFFERSON,I 0065,,,,,,,,,,,38.243995511,-85.752102871,0.056,7/19/2019 12:00:00 AM,0401,2,2,0,0,CLEAR,DRY,False,OTHER RAMP RELATED COLLISIONS NOT LISTED ABOVE,SIDESWIPE-SAME DIRECTION,STRAIGHT & LEVEL,DARK-HWY LIGHTED/ON,E JACOB ST,I 0065,7/23/2019 8:21:53 AM,False,7344,Accepted,
25367327,0568000,LOUISVILLE METRO POLICE DEPT,Accepted,JEFFERSON,I 0064,,,,,,,,,,,38.223731379,-85.505765184,0.173,7/19/2019 12:00:00 AM,1017,1,1,0,1,CLEAR,DRY,False,OVERTURNED ON RAMP,SINGLE VEHICLE,CURVE & HILLCREST,DAYLIGHT,I 0064,I 0265,7/22/2019 8:47:35 AM,False,5256,Accepted,
25387389,0568000,LOUISVILLE METRO POLICE DEPT,Accepted,JEFFERSON,I 0064,,I64 W,,,,,,,,,38.234446680,-85.612658326,12.884,7/19/2019 12:00:00 AM,1640,3,3,0,1,CLOUDY,DRY,False,OTHER ROADWAY OR MID-BLOCK COLLISION,REAR END,STRAIGHT & LEVEL,DAYLIGHT,,,7/26/2019 8:56:27 AM,False,6954,Accepted,
25403010,0568000,LOUISVILLE METRO POLICE DEPT,Accepted,JEFFERSON,,,SOUTHERN,AVE,,,,,,,,38.232017710,-85.802761252,0.020,7/19/2019 12:00:00 AM,2137,1,1,0,0,CLEAR,DRY,True,OTHER ROADWAY OR MID-BLOCK COLLISION,SINGLE VEHICLE,STRAIGHT & LEVEL,DARK-HWY LIGHTED/ON,,,7/30/2019 8:22:40 AM,False,7154,Accepted,
25367323,0568000,LOUISVILLE METRO POLICE DEPT,Accepted,JEFFERSON,KY1703,,NEWBURG,RD,,,,CS1306G,MEADOWCREEK,CS1720G,LARKMOOR,38.198034175,-85.682377575,1.802,7/19/2019 12:00:00 AM,1257,2,2,0,0,CLEAR,DRY,False,OTHER ROADWAY OR MID-BLOCK COLLISION,REAR TO REAR,STRAIGHT & LEVEL,DAYLIGHT,,,7/22/2019 8:47:16 AM,False,7400,Accepted,
25367398,0568000,LOUISVILLE METRO POLICE DEPT,Accepted,JEFFERSON,KY0841,,GENE SNYDER,FWY,,,,,,,,38.318059625,-85.597102003,35.583,7/19/2019 12:00:00 AM,1759,3,3,0,0,CLEAR,DRY,False,OTHER ROADWAY OR MID-BLOCK COLLISION,REAR END,STRAIGHT & LEVEL,DAYLIGHT,,,7/22/2019 8:52:33 AM,False,7751,Accepted,
25367363,0568000,LOUISVILLE METRO POLICE DEPT,Accepted,JEFFERSON,,,PARK,RD,S,,,,ARIA,,MINOR,38.115721358,-85.718616520,2.461,7/19/2019 12:00:00 AM,1709,2,2,0,0,CLEAR,DRY,False,OTHER ROADWAY OR MID-BLOCK COLLISION,OPPOSING LEFT TURN,STRAIGHT & HILLCREST,DAYLIGHT,,,7/22/2019 8:50:06 AM,False,2324,Accepted,
25367468,0568000,LOUISVILLE METRO POLICE DEPT,Accepted,JEFFERSON,US0031E,3330 BLOCK,BARDSTOWN,RD,,,,,,,,38.206404557,-85.667151656,11.617,7/19/2019 12:00:00 AM,2032,1,1,0,0,CLEAR,DRY,True,OTHER ROADWAY OR MID-BLOCK COLLISION,SINGLE VEHICLE,,DAYLIGHT,,,7/22/2019 8:56:51 AM,False,7200,Accepted,
25357760,0568000,LOUISVILLE METRO POLICE DEPT,Accepted,JEFFERSON,I 0264,,I264 W,,,,,,,,,38.190461703,-85.753013216,10.868,7/19/2019 12:00:00 AM,2331,1,1,0,0,CLEAR,DRY,False,OTHER ROADWAY OR MID-BLOCK COLLISION,SINGLE VEHICLE,STRAIGHT & LEVEL,DARK-HWY LIGHTED/ON,,,7/19/2019 10:09:40 AM,False,5183,Accepted,
25367347,0568000,LOUISVILLE METRO POLICE DEPT,Accepted,JEFFERSON,KY1447,,WESTPORT,RD,,,,I 0265,I265 S EXIT33 ON RAMP FROM KY1447,I 0265,I265 N EXIT33 OFF RAMP TO KY1447,38.297547845,-85.548134396,6.685,7/19/2019 12:00:00 AM,1639,3,3,0,0,CLEAR,DRY,False,OTHER ROADWAY OR MID-BLOCK COLLISION,REAR TO REAR,STRAIGHT & LEVEL,DAYLIGHT,,,7/22/2019 8:48:53 AM,False,2030,Accepted,
25367337,0568000,LOUISVILLE METRO POLICE DEPT,Accepted,JEFFERSON,,,PARK,RD,S,,,KY0061,PRESTON,,MATILDA,38.118031234,-85.677415926,0.009,7/19/2019 12:00:00 AM,1141,2,2,0,0,CLOUDY,DRY,False,OTHER ROADWAY OR MID-BLOCK COLLISION,REAR END,STRAIGHT & LEVEL,DAYLIGHT,,,7/22/2019 8:48:15 AM,False,2324,Accepted,
25365494,0560300,ST. MATTHEWS POLICE DEPARTMENT,Accepted,JEFFERSON,US0060,5000,SHELBYVILLE,RD,,,,,,,,38.250255163,-85.623848545,5.306,7/19/2019 12:00:00 AM,2245,2,2,0,0,CLEAR,DRY,False,COLLISION IN PARKING LOT,BACKING,STRAIGHT & LEVEL,DARK-HWY LIGHTED/ON,,,7/21/2019 9:29:47 PM,False,9186,Accepted,
25367365,0568000,LOUISVILLE METRO POLICE DEPT,Accepted,JEFFERSON,KY0061,1913,PRESTON,ST,S,,,,,,,38.220060412,-85.748265679,10.647,7/19/2019 12:00:00 AM,1056,2,1,0,1,CLEAR,DRY,False,COLLISION IN PARKING LOT,SINGLE VEHICLE,STRAIGHT & HILLCREST,DAYLIGHT,,,7/22/2019 8:50:15 AM,False,7390,Accepted,
25357740,0568000,LOUISVILLE METRO POLICE DEPT,Accepted,JEFFERSON,,4960,NORTON HEALTHCARE,BLVD,,,,,,,,38.314709145,-85.575296033,0.415,7/18/2019 12:00:00 AM,2109,1,1,0,0,CLEAR,DRY,False,COLLISION IN PARKING LOT,SINGLE VEHICLE,CURVE & LEVEL,DARK-HWY LIGHTED/ON,,,7/19/2019 10:08:03 AM,False,7369,Accepted,
25357751,0568000,LOUISVILLE METRO POLICE DEPT,Accepted,JEFFERSON,KY1020,,3RD,ST,S,CS1477F,CARDINAL,,,,,38.220553427,-85.761187913,10.322,7/18/2019 12:00:00 AM,1922,2,2,0,0,CLEAR,DRY,False,OTHER ROADWAY OR MID-BLOCK COLLISION,REAR END,STRAIGHT & LEVEL,DAYLIGHT,,,7/19/2019 10:09:01 AM,False,7450,Accepted,
25357753,0568000,LOUISVILLE METRO POLICE DEPT,Accepted,JEFFERSON,I 0071,,I71 S,,,,,,,,,38.302255244,-85.607106790,7.439,7/18/2019 12:00:00 AM,1903,1,1,0,0,CLEAR,DRY,False,OTHER ROADWAY OR MID-BLOCK COLLISION,SINGLE VEHICLE,CURVE & LEVEL,DAYLIGHT,,,7/19/2019 10:09:14 AM,False,7912,Accepted,
25357727,0568000,LOUISVILLE METRO POLICE DEPT,Accepted,JEFFERSON,KY1065,,OUTER,LOOP,,,,,,,,38.126605949,-85.779404831,0.847,7/18/2019 12:00:00 AM,1629,3,3,0,0,CLEAR,DRY,False,OTHER ROADWAY OR MID-BLOCK COLLISION,REAR END,STRAIGHT & GRADE,DAYLIGHT,,,7/19/2019 10:07:19 AM,False,7221,Accepted,
25366892,0561500,UNIV. OF LOUISVILLE POLICE,Accepted,JEFFERSON,US0060A,220,EASTERN,PKWY,,,,,,,,38.213408601,-85.759299171,3.572,7/18/2019 12:00:00 AM,1140,2,2,0,0,CLEAR,DRY,False,OTHER ROADWAY OR MID-BLOCK COLLISION,REAR END,STRAIGHT & LEVEL,DAYLIGHT,,,7/22/2019 7:23:16 AM,False,5618,Accepted,
25357734,0568000,LOUISVILLE METRO POLICE DEPT,Accepted,JEFFERSON,I 0065,,I65 S,,,,,,,,,38.121839719,-85.702029653,125.622,7/18/2019 12:00:00 AM,1659,3,3,0,0,CLEAR,DRY,False,OTHER ROADWAY OR MID-BLOCK COLLISION,REAR END,STRAIGHT & LEVEL,DAYLIGHT,,,7/19/2019 10:07:41 AM,False,8278,Accepted,
25357675,0568000,LOUISVILLE METRO POLICE DEPT,Accepted,JEFFERSON,US0031W,,DIXIE,HWY,,,BLANTON,,,,,38.157554530,-85.833850147,12.553,7/18/2019 12:00:00 AM,1400,2,1,0,0,CLEAR,DRY,True,COLLISION IN PARKING LOT,SINGLE VEHICLE,STRAIGHT & LEVEL,DAYLIGHT,,,7/19/2019 10:05:12 AM,False,7267,Accepted,
25357757,0568000,LOUISVILLE METRO POLICE DEPT,Accepted,JEFFERSON,,2006,FERN VALLEY,RD,,,,,,,,38.157730715,-85.720417055,,7/18/2019 12:00:00 AM,0843,2,2,0,7,CLEAR,DRY,False,COLLISION IN PARKING LOT,HEAD ON,CURVE & GRADE,DAYLIGHT,,,7/19/2019 10:09:30 AM,False,7669,Accepted,
25357661,0568000,LOUISVILLE METRO POLICE DEPT,Accepted,JEFFERSON,,915,PARK,RD,S,,,,,,,38.107802049,-85.734712036,4.107,7/18/2019 12:00:00 AM,1052,2,2,0,0,CLEAR,DRY,False,COLLISION IN PARKING LOT,ANGLE,STRAIGHT & LEVEL,DAYLIGHT,,,7/19/2019 10:04:20 AM,False,6326,Accepted,
25357668,0568000,LOUISVILLE METRO POLICE DEPT,Accepted,JEFFERSON,KY1065,7525,OUTER,LOOP,,,,,,,,38.137502821,-85.620572122,9.701,7/18/2019 12:00:00 AM,1234,2,2,0,0,CLEAR,DRY,True,COLLISION IN PARKING LOT,BACKING,STRAIGHT & LEVEL,DAYLIGHT,,,7/19/2019 10:04:50 AM,False,2017,Accepted,
25586571,0568000,LOUISVILLE METRO POLICE DEPT,Accepted,JEFFERSON,I 0264,,I264 W,,,,,,,,,38.199549148,-85.701440855,13.809,7/18/2019 12:00:00 AM,1715,2,2,0,0,CLEAR,DRY,False,OTHER ROADWAY OR MID-BLOCK COLLISION,REAR END,CURVE & GRADE,DAYLIGHT,,,9/3/2019 12:58:07 PM,False,7764,Accepted,
25368576,0560600,WEST BUECHEL POLICE DEPT.,Accepted,JEFFERSON,US0031E,3600,BUECHEL,BYP,,,,,,,,38.198598494,-85.661411027,11.003,7/18/2019 12:00:00 AM,1545,2,2,0,0,CLEAR,DRY,False,1 VEHICLE ENTERING/LEAVING ENTRANCE,ANGLE,STRAIGHT & LEVEL,DAYLIGHT,,,7/22/2019 11:53:18 AM,False,1290,Accepted,
25357747,0568000,LOUISVILLE METRO POLICE DEPT,Accepted,JEFFERSON,,4723,PEACHTREE,AVE,,,,,WOODLAWN,,LEHIGH,38.181452401,-85.779304811,1.185,7/18/2019 12:00:00 AM,1823,2,2,0,0,CLEAR,DRY,False,1 VEHICLE ENTERING/LEAVING ENTRANCE,ANGLE,STRAIGHT & LEVEL,DAYLIGHT,,,7/19/2019 10:08:38 AM,False,7689,Accepted,
25357698,0568000,LOUISVILLE METRO POLICE DEPT,Accepted,JEFFERSON,,,JUDGE,BLVD,,,,,,,,38.137260137,-85.669522847,0.029,7/18/2019 12:00:00 AM,1759,2,2,0,0,CLEAR,DRY,False,1 VEHICLE ENTERING/LEAVING ENTRANCE,ANGLE,STRAIGHT & LEVEL,DAYLIGHT,,,7/19/2019 10:06:56 AM,False,4693,Accepted,
25357683,0568000,LOUISVILLE METRO POLICE DEPT,Accepted,JEFFERSON,US0031E,,BARDSTOWN,RD,,,,,GOLDSMITH,,BELMONT,38.206801435,-85.667323653,11.642,7/18/2019 12:00:00 AM,1109,2,2,0,0,CLEAR,DRY,False,1 VEHICLE ENTERING/LEAVING ENTRANCE,ANGLE,STRAIGHT & LEVEL,DAYLIGHT,,,7/19/2019 10:06:08 AM,False,7482,Accepted,
25357666,0568000,LOUISVILLE METRO POLICE DEPT,Accepted,JEFFERSON,US0031W,,DIXIE,HWY,,,,,,,,38.097051483,-85.873045513,7.826,7/18/2019 12:00:00 AM,1354,3,3,0,3,CLEAR,DRY,False,1 VEHICLE ENTERING/LEAVING ENTRANCE,ANGLE,STRAIGHT & LEVEL,DAYLIGHT,,,7/19/2019 10:04:42 AM,False,7234,Accepted,
25367433,0568000,LOUISVILLE METRO POLICE DEPT,Accepted,JEFFERSON,KY0061,1014,PRESTON,ST,S,,,,,,,38.237237583,-85.748917392,11.686,7/18/2019 12:00:00 AM,1000,2,2,0,0,CLEAR,DRY,False,1 VEHICLE ENTERING/LEAVING ENTRANCE,ANGLE,STRAIGHT & LEVEL,DAYLIGHT,,,7/22/2019 8:54:48 AM,False,7116,Accepted,
25357687,0568000,LOUISVILLE METRO POLICE DEPT,Accepted,JEFFERSON,US0060,,SHELBYVILLE,RD,,,,,,,,38.246564071,-85.578747950,7.758,7/18/2019 12:00:00 AM,1329,2,2,0,0,CLEAR,DRY,False,1 VEHICLE ENTERING/LEAVING ENTRANCE,ANGLE,STRAIGHT & LEVEL,DAYLIGHT,,,7/19/2019 10:06:25 AM,False,7858,Accepted,
25357669,0568000,LOUISVILLE METRO POLICE DEPT,Accepted,JEFFERSON,,,MITCHELL HILL,RD,,,,,,,,38.105185662,-85.758927672,0.030,7/18/2019 12:00:00 AM,1210,2,2,0,0,CLEAR,DRY,False,1 VEHICLE ENTERING/LEAVING ENTRANCE,ANGLE,CURVE & LEVEL,DAYLIGHT,,,7/19/2019 10:04:54 AM,False,7234,Accepted,
25357667,0568000,LOUISVILLE METRO POLICE DEPT,Accepted,JEFFERSON,KY0907,,3RD ST,RD,,,,,,,,38.116430664,-85.812661748,3.344,7/18/2019 12:00:00 AM,1542,2,2,0,0,CLEAR,DRY,True,SIDESWIPE COLLISION - OPPOSITE DIRECTION,SIDESWIPE-OPPOSITE DIRECTION,STRAIGHT & LEVEL,DAYLIGHT,,,7/19/2019 10:04:46 AM,False,5220,Accepted,
25352794,0568000,LOUISVILLE METRO POLICE DEPT,Accepted,JEFFERSON,I 0071,,I71 N,,,,,,,,,38.296276299,-85.626361266,6.316,7/18/2019 12:00:00 AM,0127,1,1,0,0,CLOUDY,DRY,False,OTHER COLLISIONS ON SHOULDER,SINGLE VEHICLE,STRAIGHT & HILLCREST,DARK-HWY NOT LIGHTED,,,7/18/2019 10:12:34 AM,False,7912,Accepted,
25352830,0568000,LOUISVILLE METRO POLICE DEPT,Accepted,JEFFERSON,I 0265,,I265 E,,,,,,,,,38.121056093,-85.628350767,14.399,7/18/2019 12:00:00 AM,0829,1,1,0,0,CLOUDY,WET,False,OTHER COLLISIONS ON SHOULDER,SINGLE VEHICLE,STRAIGHT & LEVEL,DAYLIGHT,,,7/18/2019 10:13:49 AM,False,4903,Accepted,
25357681,0568000,LOUISVILLE METRO POLICE DEPT,Accepted,JEFFERSON,US0031E,,BARDSTOWN,RD,,,GLENMARY FARM,,,,,38.125373819,-85.574711391,3.707,7/18/2019 12:00:00 AM,1403,2,2,0,2,CLEAR,DRY,False,HEAD-ON COLLISION,HEAD ON,STRAIGHT & LEVEL,DAYLIGHT,,,7/19/2019 10:06:00 AM,False,2017,Accepted,
25357733,0568000,LOUISVILLE METRO POLICE DEPT,Accepted,JEFFERSON,I 0265,,I265 E,,,,,,,,,38.123767263,-85.617888921,15.000,7/18/2019 12:00:00 AM,1606,2,2,0,0,CLEAR,DRY,False,SIDESWIPE COLLISION - SAME DIRECTION,SIDESWIPE-SAME DIRECTION,STRAIGHT & GRADE,DAYLIGHT,,,7/19/2019 10:07:38 AM,False,8278,Accepted,
25357756,0568000,LOUISVILLE METRO POLICE DEPT,Accepted,JEFFERSON,KY2860,,GRINSTEAD,DR,,,,US0031E,BARDSTOWN,,CHEROKEE,38.239017458,-85.719857061,0.074,7/18/2019 12:00:00 AM,1557,2,2,0,0,CLEAR,DRY,False,SIDESWIPE COLLISION - SAME DIRECTION,SIDESWIPE-SAME DIRECTION,STRAIGHT & GRADE,DAYLIGHT,,,7/19/2019 10:09:26 AM,False,7960,Accepted,
25372243,0568000,LOUISVILLE METRO POLICE DEPT,Accepted,JEFFERSON,KY0864,,POPLAR LEVEL,RD,,,,,LINCOLN,,REDWOOD,38.197694105,-85.707971162,11.464,7/18/2019 12:00:00 AM,1216,2,2,0,0,CLEAR,DRY,False,SIDESWIPE COLLISION - SAME DIRECTION,SIDESWIPE-SAME DIRECTION,STRAIGHT & LEVEL,DAYLIGHT,,,7/23/2019 8:18:08 AM,False,7938,Accepted,
25357662,0568000,LOUISVILLE METRO POLICE DEPT,Accepted,JEFFERSON,,,FEGENBUSH,LN,,,,,,,,38.185542016,-85.638234201,0.118,7/18/2019 12:00:00 AM,1210,2,2,0,0,CLEAR,DRY,False,SIDESWIPE COLLISION - SAME DIRECTION,SIDESWIPE-SAME DIRECTION,STRAIGHT & LEVEL,DAYLIGHT,,,7/19/2019 10:04:24 AM,False,7739,Accepted,
25357737,0568000,LOUISVILLE METRO POLICE DEPT,Accepted,JEFFERSON,,1400,15TH,ST,S,,,,,,,38.229928470,-85.779796074,0.308,7/18/2019 12:00:00 AM,1439,2,2,0,0,CLEAR,DRY,False,REAR END IN TRAFFIC LANES BOTH VEHICLES MOVING,REAR END,STRAIGHT & LEVEL,DAYLIGHT,,,7/19/2019 10:07:53 AM,False,7070,Accepted,
25352813,0568000,LOUISVILLE METRO POLICE DEPT,Accepted,JEFFERSON,I 0071,,I71 S,,,,,,,,,38.290337100,-85.644346249,5.201,7/18/2019 12:00:00 AM,0555,2,2,0,0,CLEAR,DRY,False,REAR END IN TRAFFIC LANES BOTH VEHICLES MOVING,REAR END,CURVE & LEVEL,DARK-HWY LIGHTED/OFF,,,7/18/2019 10:13:17 AM,False,7785,Accepted,
25352831,0568000,LOUISVILLE METRO POLICE DEPT,Accepted,JEFFERSON,I 0265,,I265 N,,,,,,,,,38.229640472,-85.504856505,25.958,7/18/2019 12:00:00 AM,0559,2,2,0,0,CLOUDY,WET,True,REAR END IN TRAFFIC LANES BOTH VEHICLES MOVING,REAR END,STRAIGHT & LEVEL,DAYLIGHT,,,7/18/2019 10:13:52 AM,False,4903,Accepted,
25357689,0568000,LOUISVILLE METRO POLICE DEPT,Accepted,JEFFERSON,KY0061,,PRESTON,HWY,,,,,,,,38.116045043,-85.676782140,2.293,7/18/2019 12:00:00 AM,1555,2,2,0,0,CLEAR,DRY,False,REAR END IN TRAFFIC LANES BOTH VEHICLES MOVING,REAR END,STRAIGHT & LEVEL,DAYLIGHT,,,7/19/2019 10:06:34 AM,False,4693,Accepted,
25367322,0568000,LOUISVILLE METRO POLICE DEPT,Accepted,JEFFERSON,I 0264,,I264 W,,,,,,,,,38.224160980,-85.645455933,17.333,7/18/2019 12:00:00 AM,1645,2,2,0,2,CLEAR,DRY,False,REAR END IN TRAFFIC LANES BOTH VEHICLES MOVING,REAR END,STRAIGHT & LEVEL,DAYLIGHT,,,7/22/2019 8:47:12 AM,False,7628,Accepted,
25367335,0568000,LOUISVILLE METRO POLICE DEPT,Accepted,JEFFERSON,I 0264,,I264 W,,,,,,,,,38.217982938,-85.658616672,16.503,7/18/2019 12:00:00 AM,0740,2,2,0,1,CLEAR,DRY,False,REAR END IN TRAFFIC LANES BOTH VEHICLES MOVING,REAR END,STRAIGHT & LEVEL,DAYLIGHT,,,7/22/2019 8:48:05 AM,False,7772,Accepted,
25357670,0568000,LOUISVILLE METRO POLICE DEPT,Accepted,JEFFERSON,,1736,PATTON,CT,,,,,,,,38.223111299,-85.778252176,0.072,7/18/2019 12:00:00 AM,1645,2,2,0,0,CLEAR,DRY,True,1 VEHICLE PARKED POSITION (NOT PARKING LOT/DRIVEWAY),ANGLE,STRAIGHT & LEVEL,DAYLIGHT,,,7/19/2019 10:04:56 AM,False,7231,Accepted,
25357728,0568000,LOUISVILLE METRO POLICE DEPT,Accepted,JEFFERSON,,,VISTA GREENS,CT,,,,,,,,38.289769712,-85.540017447,0.016,7/18/2019 12:00:00 AM,0953,2,2,0,0,CLOUDY,DRY,False,1 VEHICLE PARKED POSITION (NOT PARKING LOT/DRIVEWAY),BACKING,STRAIGHT & LEVEL,DAYLIGHT,,,7/19/2019 10:07:22 AM,False,7858,Accepted,
25357743,0568000,LOUISVILLE METRO POLICE DEPT,Accepted,JEFFERSON,,1922,CHESTNUT,ST,W,,,,,,,38.251863616,-85.784377135,0.908,7/18/2019 12:00:00 AM,2120,2,2,0,0,CLEAR,DRY,True,1 VEHICLE PARKED POSITION (NOT PARKING LOT/DRIVEWAY),SIDESWIPE-SAME DIRECTION,STRAIGHT & LEVEL,DARK-HWY LIGHTED/ON,,,7/19/2019 10:08:12 AM,False,7217,Accepted,
25357685,0568000,LOUISVILLE METRO POLICE DEPT,Accepted,JEFFERSON,,,SHARON,WAY,,,,,ADA,,NORMA,38.216387681,-85.658070802,0.249,7/18/2019 12:00:00 AM,1726,2,2,0,0,CLEAR,DRY,False,1 VEHICLE PARKED POSITION (NOT PARKING LOT/DRIVEWAY),BACKING,STRAIGHT & LEVEL,DAYLIGHT,,,7/19/2019 10:06:16 AM,False,7482,Accepted,
25357741,0568000,LOUISVILLE METRO POLICE DEPT,Accepted,JEFFERSON,KY1932,,BRECKENRIDGE,LN,,KY0155,TAYLORSVILLE,,,,,38.220320265,-85.630670897,2.876,7/18/2019 12:00:00 AM,1912,2,2,0,0,CLEAR,DRY,False,OTHER INTERSECTION COLLISIONS,REAR END,STRAIGHT & LEVEL,DAYLIGHT,,,7/19/2019 10:08:06 AM,False,5117,Accepted,
25357766,0568000,LOUISVILLE METRO POLICE DEPT,Accepted,JEFFERSON,,,7TH,ST,S,,SHIPP,,,,,38.226247626,-85.769322366,0.613,7/18/2019 12:00:00 AM,1530,2,2,0,0,CLEAR,DRY,False,OTHER INTERSECTION COLLISIONS,REAR END,STRAIGHT & LEVEL,DAYLIGHT,,,7/19/2019 10:09:59 AM,False,7422,Accepted,
25357655,0568000,LOUISVILLE METRO POLICE DEPT,Accepted,JEFFERSON,US0031E,,BARDSTOWN,RD,,,FEGENBUSH,,,,,38.187196606,-85.638005899,9.441,7/18/2019 12:00:00 AM,1020,2,2,0,0,CLEAR,DRY,True,OTHER INTERSECTION COLLISIONS,REAR END,STRAIGHT & LEVEL,DAYLIGHT,,,7/19/2019 10:04:06 AM,False,7739,Accepted,
25357672,0568000,LOUISVILLE METRO POLICE DEPT,Accepted,JEFFERSON,US0042,,MELLWOOD,AVE,,,SPRING,,,,,38.255482071,-85.722237671,0.586,7/18/2019 12:00:00 AM,1718,3,3,0,0,CLEAR,DRY,False,OTHER INTERSECTION COLLISIONS,REAR END,STRAIGHT & GRADE,DAYLIGHT,,,7/19/2019 10:05:02 AM,False,5254,Accepted,
25357665,0568000,LOUISVILLE METRO POLICE DEPT,Accepted,JEFFERSON,US0031W,,DIXIE,HWY,,KY1931,ST ANDREWS CHURCH,,,,,38.143492421,-85.839622703,11.686,7/18/2019 12:00:00 AM,1447,2,2,0,0,CLEAR,DRY,False,OTHER INTERSECTION COLLISIONS,REAR END,STRAIGHT & LEVEL,DAYLIGHT,,,7/19/2019 10:04:38 AM,False,7073,Accepted,
25357764,0568000,LOUISVILLE METRO POLICE DEPT,Accepted,JEFFERSON,KY1932,,BRECKENRIDGE,LN,,,HIKES,,,,,38.218121623,-85.628498248,2.690,7/18/2019 12:00:00 AM,1313,2,2,0,0,CLEAR,DRY,False,OTHER INTERSECTION COLLISIONS,REAR END,STRAIGHT & LEVEL,DAYLIGHT,,,7/19/2019 10:09:52 AM,False,7059,Accepted,
25352796,0568000,LOUISVILLE METRO POLICE DEPT,Accepted,JEFFERSON,US0031E,,BARDSTOWN,RD,,,,,FAIRMOUNT,,RACE,38.114899159,-85.569131584,2.927,7/18/2019 12:00:00 AM,0244,1,1,0,0,CLOUDY,WET,False,COLLISION WITH FIXED OBJECT NON - INTERSECTION - FIRST EVENT COLLISION 09 - 32 EXCLUDING 16,SINGLE VEHICLE,STRAIGHT & HILLCREST,DARK-HWY NOT LIGHTED,,,7/18/2019 10:12:43 AM,False,6028,Accepted,