IncidentID,AgencyORI,AgencyName,IncidentStatusDesc,County,RdwyNumber,Street,RoadwayName,StreetSfx,StreetDir,IntersectionRdwy,IntersectionRdwyName,BetweenStRdwy1,BetweenStRdwyName1,BetweenStRdwy2,BetweenStRdwyName2,Latitude,Longitude,Milepoint,CollisionDate,CollisionTime,UnitsInvolved,MotorVehiclesInvolved,NumberKilled,NumberInjured,Weather,RdwyConditionCode,HitandRun,DirAnalysisCode,MannerofCollision,RdwyCharacter,LightCondition,RampFromRdwyId,RampToRdwyId,AcceptedDate,IsSecondaryCollision,OwnerBadge,IncidentStatus,
25352801,0568000,LOUISVILLE METRO POLICE DEPT,Accepted,JEFFERSON,US0060A,1280,EASTERN,PKWY,,,,,BARRET,,DAHLIA,38.226189383,-85.721820811,6.025,7/18/2019 12:00:00 AM,0251,1,1,0,0,CLEAR,WET,False,COLLISION WITH FIXED OBJECT NON - INTERSECTION - FIRST EVENT COLLISION 09 - 32 EXCLUDING 16,SINGLE VEHICLE,STRAIGHT & LEVEL,DARK-HWY LIGHTED/ON,,,7/18/2019 10:12:59 AM,False,5240,Accepted,
25352799,0568000,LOUISVILLE METRO POLICE DEPT,Accepted,JEFFERSON,I 0064,,I64 W,,,I 0064,I64 W EXIT12 RAMP TO I264 E,,,,,38.234519890,-85.613076104,12.838,7/18/2019 12:00:00 AM,0313,1,1,0,1,CLOUDY,WET,False,OTHER INTERSECTION COLLISIONS,SINGLE VEHICLE,STRAIGHT & LEVEL,DARK-HWY LIGHTED/ON,,,7/18/2019 10:12:56 AM,False,7337,Accepted,
25357752,0568000,LOUISVILLE METRO POLICE DEPT,Accepted,JEFFERSON,KY1865,,NEW CUT,RD,,KY0841,KY841 RAMP FROM KY1865,,,,,38.118031071,-85.775886154,0.578,7/18/2019 12:00:00 AM,2125,1,1,0,1,CLOUDY,DRY,False,OTHER INTERSECTION COLLISIONS,SINGLE VEHICLE,CURVE & LEVEL,DUSK,,,7/19/2019 10:09:11 AM,False,7957,Accepted,
25357763,0568000,LOUISVILLE METRO POLICE DEPT,Accepted,JEFFERSON,US0031W,,DIXIE,HWY,,,UPPER HUNTERS,,,,,38.168543367,-85.828578115,13.270,7/18/2019 12:00:00 AM,2215,2,2,0,0,CLEAR,DRY,False,OTHER INTERSECTION COLLISIONS,REAR END,STRAIGHT & LEVEL,DARK-HWY LIGHTED/ON,,,7/19/2019 10:09:49 AM,False,5059,Accepted,
25357694,0568000,LOUISVILLE METRO POLICE DEPT,Accepted,JEFFERSON,KY0061,,PRESTON,HWY,,KY1065,OUTER,,,,,38.138191912,-85.686486136,3.940,7/18/2019 12:00:00 AM,1237,2,2,0,0,CLEAR,DRY,False,OTHER INTERSECTION COLLISIONS,REAR END,STRAIGHT & LEVEL,DAYLIGHT,,,7/19/2019 10:06:43 AM,False,4693,Accepted,
25357659,0568000,LOUISVILLE METRO POLICE DEPT,Accepted,JEFFERSON,,,CHESTNUT,ST,W,,8TH,,,,,38.249657124,-85.764502973,2.001,7/18/2019 12:00:00 AM,1355,2,2,0,0,CLEAR,DRY,False,OTHER INTERSECTION COLLISIONS,REAR END,STRAIGHT & LEVEL,DAYLIGHT,,,7/19/2019 10:04:11 AM,False,7386,Accepted,
25357646,0568000,LOUISVILLE METRO POLICE DEPT,Accepted,JEFFERSON,,,BROADWAY,,W,,29TH,,,,,38.249710915,-85.799998508,0.632,7/18/2019 12:00:00 AM,0913,2,2,0,0,CLOUDY,DRY,True,OTHER INTERSECTION COLLISIONS,REAR END,STRAIGHT & LEVEL,DAYLIGHT,,,7/19/2019 10:03:41 AM,False,7361,Accepted,
25357696,0568000,LOUISVILLE METRO POLICE DEPT,Accepted,JEFFERSON,,,15TH,ST,S,,OAK,,,,,38.236673010,-85.778397742,0.783,7/18/2019 12:00:00 AM,1500,2,2,0,1,CLEAR,DRY,True,OTHER INTERSECTION COLLISIONS,REAR END,STRAIGHT & LEVEL,DAYLIGHT,,,7/19/2019 10:06:49 AM,False,5229,Accepted,
25357762,0568000,LOUISVILLE METRO POLICE DEPT,Accepted,JEFFERSON,,,LOWER HUNTERS,TRCE,,KY1934,GREENBELT,,,,,38.170143822,-85.875944731,2.523,7/18/2019 12:00:00 AM,2137,2,2,0,0,CLEAR,DRY,False,SIDESWIPE-SAME DIRECTION,SIDESWIPE-SAME DIRECTION,STRAIGHT & LEVEL,DUSK,,,7/19/2019 10:09:45 AM,False,5059,Accepted,
25357695,0568000,LOUISVILLE METRO POLICE DEPT,Accepted,JEFFERSON,US0031E,,BARDSTOWN,RD,,KY2860,GRINSTEAD,,,,,38.238495512,-85.721110861,15.415,7/18/2019 12:00:00 AM,1706,2,2,0,0,CLEAR,DRY,False,SIDESWIPE-SAME DIRECTION,SIDESWIPE-SAME DIRECTION,STRAIGHT & LEVEL,DAYLIGHT,,,7/19/2019 10:06:46 AM,False,5236,Accepted,
25357731,0568000,LOUISVILLE METRO POLICE DEPT,Accepted,JEFFERSON,KY1931,,MANSLICK,RD,,,VISTA JOHN,,,,,38.156102433,-85.801254036,5.544,7/18/2019 12:00:00 AM,1730,2,2,0,0,CLEAR,DRY,False,SIDESWIPE-SAME DIRECTION,SIDESWIPE-SAME DIRECTION,STRAIGHT & LEVEL,DAYLIGHT,,,7/19/2019 10:07:32 AM,False,7267,Accepted,
25357758,0568000,LOUISVILLE METRO POLICE DEPT,Accepted,JEFFERSON,,,15TH,ST,S,,MUHAMMAD ALI,,,,,38.253120454,-85.775703075,1.926,7/18/2019 12:00:00 AM,1856,2,2,0,0,CLEAR,DRY,False,SIDESWIPE-SAME DIRECTION,SIDESWIPE-SAME DIRECTION,STRAIGHT & LEVEL,DAYLIGHT,,,7/19/2019 10:09:34 AM,False,7077,Accepted,
25397606,0568000,LOUISVILLE METRO POLICE DEPT,Accepted,JEFFERSON,US0150,,BROADWAY,,E,KY0864,CAMPBELL,,,,,38.244588371,-85.737558172,3.459,7/18/2019 12:00:00 AM,1730,2,2,0,0,CLEAR,DRY,False,SIDESWIPE-SAME DIRECTION,SIDESWIPE-SAME DIRECTION,CURVE & GRADE,DAYLIGHT,,,7/29/2019 8:26:07 AM,False,2661,Accepted,
25357729,0568000,LOUISVILLE METRO POLICE DEPT,Accepted,JEFFERSON,KY1447,,WESTPORT,RD,,,NORTHUMBERLAND,,,,,38.304867673,-85.521941917,8.161,7/18/2019 12:00:00 AM,1551,2,2,0,0,CLEAR,DRY,False,OPPOSING LEFT TURN,OPPOSING LEFT TURN,STRAIGHT & LEVEL,DAYLIGHT,,,7/19/2019 10:07:25 AM,False,7858,Accepted,
25352795,0568000,LOUISVILLE METRO POLICE DEPT,Accepted,JEFFERSON,,,LOWER HUNTERS,TRCE,,,TRIPLETT,,,,,38.163857098,-85.863211345,1.699,7/18/2019 12:00:00 AM,0032,1,1,0,1,RAINING,WET,False,COLLISION WITH FIXED OBJECT IN INTERSECTION - FIRST EVENT COLLISION 09 - 32,SINGLE VEHICLE,CURVE & LEVEL,DARK (UNKNOWN ROADWAY LIGHTING),,,7/18/2019 10:12:38 AM,False,5217,Accepted,
25355787,0561000,JEFFERSONTOWN POLICE DEPT,Accepted,JEFFERSON,,,STONY BROOK,DR,,,ROMAN,,,,,38.175644810,-85.598688929,0.438,7/18/2019 12:00:00 AM,1624,1,1,0,0,CLEAR,DRY,False,COLLISION WITH FIXED OBJECT IN INTERSECTION - FIRST EVENT COLLISION 09 - 32,SINGLE VEHICLE,STRAIGHT & LEVEL,DAWN,,,7/18/2019 10:47:57 PM,True,8265,Accepted,
25352817,0568000,LOUISVILLE METRO POLICE DEPT,Accepted,JEFFERSON,US0150,,BROADWAY,,E,US0031E,BAXTER,,,,,38.243710183,-85.727054722,4.091,7/18/2019 12:00:00 AM,0415,1,1,0,0,CLOUDY,WET,False,COLLISION WITH FIXED OBJECT IN INTERSECTION - FIRST EVENT COLLISION 09 - 32,SINGLE VEHICLE,STRAIGHT & LEVEL,DARK-HWY LIGHTED/ON,,,7/18/2019 10:13:25 AM,False,7049,Accepted,
25372246,0568000,LOUISVILLE METRO POLICE DEPT,Accepted,JEFFERSON,,,HIKES,LN,,,MELBOURNE,,,,,38.216883168,-85.630902534,2.872,7/18/2019 12:00:00 AM,1118,2,1,0,1,CLEAR,DRY,False,COLLISION WITH BICYCLE IN INTERSECTION,SINGLE VEHICLE,STRAIGHT & LEVEL,DAYLIGHT,,,7/23/2019 8:18:20 AM,False,7059,Accepted,
25352811,0568000,LOUISVILLE METRO POLICE DEPT,Accepted,JEFFERSON,,,BUECHEL BANK,RD,,,PROGRESS,,,,,38.178200961,-85.653152006,1.228,7/18/2019 12:00:00 AM,0552,2,1,0,1,CLEAR,DRY,False,COLLISION WITH BICYCLE IN INTERSECTION,SINGLE VEHICLE,STRAIGHT & LEVEL,DARK-HWY NOT LIGHTED,,,7/18/2019 10:13:13 AM,False,7492,Accepted,
25357688,0568000,LOUISVILLE METRO POLICE DEPT,Accepted,JEFFERSON,US0060,,SHELBYVILLE,RD,,KY1747,HURSTBOURNE,,,,,38.246390765,-85.576857050,7.854,7/18/2019 12:00:00 AM,1035,2,2,0,0,CLOUDY,DRY,True,ANGLE COLLISION - ONE VEHICLE TURNING LEFT,ANGLE,STRAIGHT & LEVEL,DAYLIGHT,,,7/19/2019 10:06:29 AM,False,7858,Accepted,
25357677,0568000,LOUISVILLE METRO POLICE DEPT,Accepted,JEFFERSON,KY0864,,POPLAR LEVEL,RD,,,THRUSTON,,,,,38.217594298,-85.726726143,13.222,7/18/2019 12:00:00 AM,1155,2,2,0,2,CLEAR,DRY,False,ANGLE COLLISION - ONE VEHICLE TURNING LEFT,ANGLE,STRAIGHT & HILLCREST,DAYLIGHT,,,7/19/2019 10:05:23 AM,False,6148,Accepted,
25357678,0568000,LOUISVILLE METRO POLICE DEPT,Accepted,JEFFERSON,,,CRITTENDEN,DR,,,WOODLAWN,,,,,38.181536680,-85.750356799,1.433,7/18/2019 12:00:00 AM,0857,2,2,0,0,CLOUDY,DRY,False,ANGLE COLLISION - ONE VEHICLE TURNING RIGHT,ANGLE,CURVE & LEVEL,DAYLIGHT,,,7/19/2019 10:05:44 AM,False,7451,Accepted,
25357682,0568000,LOUISVILLE METRO POLICE DEPT,Accepted,JEFFERSON,,,STRAWBERRY,LN,,KY1020,SOUTHSIDE,,,,,38.159029276,-85.763452289,0.091,7/18/2019 12:00:00 AM,1444,2,2,0,0,CLEAR,DRY,False,ANGLE COLLISION - ONE VEHICLE TURNING LEFT,ANGLE,STRAIGHT & LEVEL,DAYLIGHT,,,7/19/2019 10:06:05 AM,False,7139,Accepted,
25357691,0568000,LOUISVILLE METRO POLICE DEPT,Accepted,JEFFERSON,,,ORMSBY,AVE,E,KY0061,PRESTON,,,,,38.230981231,-85.749984356,0.323,7/18/2019 12:00:00 AM,1701,2,2,0,0,CLEAR,DRY,False,ANGLE COLLISION - ONE VEHICLE TURNING LEFT,ANGLE,STRAIGHT & LEVEL,DAYLIGHT,,,7/19/2019 10:06:37 AM,False,7418,Accepted,
25417498,0568000,LOUISVILLE METRO POLICE DEPT,Accepted,JEFFERSON,,,26TH,ST,S,,CHESTNUT,,,,,38.253142130,-85.794478732,0.526,7/18/2019 12:00:00 AM,0212,4,4,0,0,CLEAR,DRY,True,COLLISION WITH PARKED VEHICLE,HEAD ON,STRAIGHT & LEVEL,DARK-HWY LIGHTED/ON,,,8/2/2019 8:18:33 AM,False,7253,Accepted,
25412853,0568000,LOUISVILLE METRO POLICE DEPT,Accepted,JEFFERSON,,,SOUTHERN,PKWY,,,BLUEGRASS,,,,,38.178920536,-85.771268961,0.261,7/18/2019 12:00:00 AM,1118,2,2,0,0,CLEAR,DRY,False,ANGLE COLLISION - OTHER,ANGLE,STRAIGHT & LEVEL,DAYLIGHT,,,8/1/2019 8:19:40 AM,False,7488,Accepted,
25357664,0568000,LOUISVILLE METRO POLICE DEPT,Accepted,JEFFERSON,,,LIBERTY,ST,W,KY1020,3RD,,,,,38.252915137,-85.755507182,0.697,7/18/2019 12:00:00 AM,1105,2,2,0,0,CLEAR,DRY,False,ANGLE COLLISION - OTHER,ANGLE,STRAIGHT & LEVEL,DAYLIGHT,,,7/19/2019 10:04:34 AM,False,5168,Accepted,
25357674,0568000,LOUISVILLE METRO POLICE DEPT,Accepted,JEFFERSON,KY1703,,NEWBURG,RD,,I 0264,I264 W EXIT15A OFF RAMP TO KY1703 N,,,,,38.202262626,-85.689461972,2.291,7/18/2019 12:00:00 AM,1310,2,2,0,0,CLEAR,DRY,False,ANGLE COLLISION - OTHER,ANGLE,STRAIGHT & LEVEL,DAYLIGHT,,,7/19/2019 10:05:09 AM,False,2278,Accepted,
25357699,0568000,LOUISVILLE METRO POLICE DEPT,Accepted,JEFFERSON,,,HALE,AVE,,,25TH,,,,,38.238830405,-85.794642561,0.886,7/18/2019 12:00:00 AM,1237,2,2,0,0,CLEAR,DRY,False,ANGLE COLLISION - OTHER,ANGLE,STRAIGHT & LEVEL,DAYLIGHT,,,7/19/2019 10:06:59 AM,False,5229,Accepted,
25357742,0568000,LOUISVILLE METRO POLICE DEPT,Accepted,JEFFERSON,KY1865,,TAYLOR,BLVD,,,ASHLAND,,,,,38.186665396,-85.783871461,5.534,7/18/2019 12:00:00 AM,0625,2,2,0,0,CLEAR,DRY,False,ANGLE COLLISION - OTHER,ANGLE,STRAIGHT & LEVEL,DAYLIGHT,,,7/19/2019 10:08:09 AM,False,5045,Accepted,
25357748,0568000,LOUISVILLE METRO POLICE DEPT,Accepted,JEFFERSON,,,INDIAN,TRL,E,,LEAMINGTON SPA,,,,,38.168655743,-85.701282934,0.288,7/18/2019 12:00:00 AM,2144,2,2,0,1,CLEAR,DRY,False,ANGLE COLLISION - OTHER,ANGLE,STRAIGHT & LEVEL,DARK-HWY LIGHTED/ON,,,7/19/2019 10:08:41 AM,False,5053,Accepted,
25357767,0568000,LOUISVILLE METRO POLICE DEPT,Accepted,JEFFERSON,,,NORRIS,PL,,,RICHMOND,,,,,38.223314983,-85.705263777,0.698,7/18/2019 12:00:00 AM,2115,2,2,0,0,CLEAR,DRY,False,ANGLE COLLISION - OTHER,ANGLE,STRAIGHT & LEVEL,DAYLIGHT,,,7/19/2019 10:10:02 AM,False,2192,Accepted,
25357745,0568000,LOUISVILLE METRO POLICE DEPT,Accepted,JEFFERSON,US0031W,,DIXIE,HWY,,,ROSE FARM,,,,,38.146011045,-85.838457548,11.837,7/18/2019 12:00:00 AM,2233,2,2,0,0,CLEAR,DRY,False,ANGLE COLLISION - OTHER,ANGLE,STRAIGHT & LEVEL,DARK (UNKNOWN ROADWAY LIGHTING),,,7/19/2019 10:08:19 AM,False,5217,Accepted,
25357769,0568000,LOUISVILLE METRO POLICE DEPT,Accepted,JEFFERSON,,,WASHINGTON,ST,E,,BUCHANAN,,,,,38.256008144,-85.730730638,0.922,7/18/2019 12:00:00 AM,1918,2,2,0,0,CLEAR,DRY,False,ANGLE COLLISION - OTHER,ANGLE,STRAIGHT & LEVEL,DAYLIGHT,,,7/19/2019 10:10:08 AM,False,7325,Accepted,
25357736,0568000,LOUISVILLE METRO POLICE DEPT,Accepted,JEFFERSON,KY1447,,WESTPORT,RD,,,CHAMBERLAIN,,,,,38.299358524,-85.541727911,7.038,7/18/2019 12:00:00 AM,0833,2,2,0,0,CLOUDY,DRY,False,ANGLE COLLISION - OTHER,ANGLE,STRAIGHT & LEVEL,DAYLIGHT,,,7/19/2019 10:07:49 AM,False,7858,Accepted,
25357754,0568000,LOUISVILLE METRO POLICE DEPT,Accepted,JEFFERSON,US0060A,,LEXINGTON,RD,,,COCHRAN HILL,,,,,38.245145279,-85.693455003,8.455,7/18/2019 12:00:00 AM,1837,3,3,0,1,CLEAR,DRY,False,ANGLE COLLISION - OTHER,ANGLE,STRAIGHT & LEVEL,DAYLIGHT,,,7/19/2019 10:09:17 AM,False,7960,Accepted,
25352714,0568000,LOUISVILLE METRO POLICE DEPT,Accepted,JEFFERSON,,,FERNWOOD,AVE,,US0060A,EASTERN,,,,,38.231699905,-85.709790227,,7/17/2019 12:00:00 AM,1340,2,2,0,0,CLOUDY,DRY,False,ANGLE COLLISION - OTHER,ANGLE,STRAIGHT & LEVEL,DAYLIGHT,,,7/18/2019 10:09:33 AM,False,7746,Accepted,
25352740,0568000,LOUISVILLE METRO POLICE DEPT,Accepted,JEFFERSON,KY1747,,FERN VALLEY,RD,,I 0065,I65 S EXIT128 ON RAMP FROM KY1631 W,,,,,38.157429374,-85.716421408,0.815,7/17/2019 12:00:00 AM,1416,2,2,0,0,CLOUDY,DRY,False,ANGLE COLLISION - OTHER,ANGLE,STRAIGHT & HILLCREST,DAYLIGHT,,,7/18/2019 10:10:59 AM,False,4693,Accepted,
25352780,0568000,LOUISVILLE METRO POLICE DEPT,Accepted,JEFFERSON,,,1ST,ST,S,,HILL,,,,,38.225467582,-85.756936494,2.131,7/17/2019 12:00:00 AM,1722,2,2,0,0,CLEAR,DRY,False,ANGLE COLLISION - OTHER,ANGLE,STRAIGHT & LEVEL,DAYLIGHT,,,7/18/2019 10:12:04 AM,False,2499,Accepted,
25352745,0568000,LOUISVILLE METRO POLICE DEPT,Accepted,JEFFERSON,KY1631,,CRITTENDEN,DR,,,PARK,,,,,38.192327187,-85.750900558,0.305,7/17/2019 12:00:00 AM,1634,2,2,0,0,CLEAR,DRY,False,ANGLE COLLISION - OTHER,ANGLE,STRAIGHT & LEVEL,DAYLIGHT,,,7/18/2019 10:11:07 AM,False,7872,Accepted,
25352695,0568000,LOUISVILLE METRO POLICE DEPT,Accepted,JEFFERSON,KY1819,,BILLTOWN,RD,,,EASUM,,,,,38.163881052,-85.566905102,6.919,7/17/2019 12:00:00 AM,0736,2,2,0,0,CLOUDY,WET,False,ANGLE COLLISION - OTHER,ANGLE,CURVE & LEVEL,DAYLIGHT,,,7/18/2019 10:08:17 AM,False,2017,Accepted,
25372252,0568000,LOUISVILLE METRO POLICE DEPT,Accepted,JEFFERSON,KY1020,,3RD,ST,S,,LEE,,,,,38.223201812,-85.760722282,10.507,7/17/2019 12:00:00 AM,0643,3,3,0,0,CLOUDY,WET,False,ANGLE COLLISION - OTHER,ANGLE,STRAIGHT & LEVEL,DAWN,,,7/23/2019 8:18:45 AM,False,7418,Accepted,
25352803,0568000,LOUISVILLE METRO POLICE DEPT,Accepted,JEFFERSON,,,SOUTHWESTERN,PKWY,,,BROADWAY,,,,,38.250461021,-85.826967109,1.274,7/17/2019 12:00:00 AM,2103,2,2,0,1,CLEAR,DRY,False,ANGLE COLLISION - OTHER,ANGLE,STRAIGHT & LEVEL,DAYLIGHT,,,7/18/2019 10:13:03 AM,False,5164,Accepted,
25352753,0568000,LOUISVILLE METRO POLICE DEPT,Accepted,JEFFERSON,KY1020,,2ND,ST,S,US0150,BROADWAY,,,,,38.245908714,-85.755121784,12.093,7/17/2019 12:00:00 AM,1735,4,4,0,1,CLOUDY,WET,False,ANGLE COLLISION - OTHER,ANGLE,STRAIGHT & LEVEL,DAWN,,,7/18/2019 10:11:19 AM,False,2403,Accepted,
25352725,0568000,LOUISVILLE METRO POLICE DEPT,Accepted,JEFFERSON,,,DIXIE,HWY,,,BERNHEIM,,,,,38.221411762,-85.793196907,1.992,7/17/2019 12:00:00 AM,1551,3,3,0,0,CLOUDY,DRY,False,ANGLE COLLISION - OTHER,ANGLE,STRAIGHT & LEVEL,DAYLIGHT,,,7/18/2019 10:09:57 AM,False,7233,Accepted,
25352737,0568000,LOUISVILLE METRO POLICE DEPT,Accepted,JEFFERSON,,,MINOR,LN,,,DONNA,,,,,38.121616927,-85.713384429,0.917,7/17/2019 12:00:00 AM,1326,2,2,0,0,CLOUDY,DRY,False,ANGLE COLLISION - ONE VEHICLE TURNING LEFT,ANGLE,STRAIGHT & LEVEL,DAYLIGHT,,,7/18/2019 10:10:53 AM,False,4693,Accepted,
25357684,0568000,LOUISVILLE METRO POLICE DEPT,Accepted,JEFFERSON,,,NORTON HEALTHCARE,BLVD,,,VON ALLMEN,,,,,38.311998200,-85.571321338,0.099,7/17/2019 12:00:00 AM,1559,2,2,0,0,CLOUDY,DRY,False,ANGLE COLLISION - ONE VEHICLE TURNING LEFT,ANGLE,STRAIGHT & LEVEL,DAYLIGHT,,,7/19/2019 10:06:13 AM,False,7858,Accepted,
25352731,0568000,LOUISVILLE METRO POLICE DEPT,Accepted,JEFFERSON,US0060A,,EASTERN,PKWY,,,BARRET,,,,,38.226518682,-85.720447933,6.104,7/17/2019 12:00:00 AM,1544,2,2,0,0,CLEAR,DRY,False,OPPOSING LEFT TURN,OPPOSING LEFT TURN,STRAIGHT & LEVEL,DAYLIGHT,,,7/18/2019 10:10:21 AM,False,5236,Accepted,
25352706,0568000,LOUISVILLE METRO POLICE DEPT,Accepted,JEFFERSON,KY1020,,NATIONAL,TPKE,,KY0841,KY841 RAMP FROM KY1020,,,,,38.119193446,-85.748243032,3.169,7/17/2019 12:00:00 AM,1356,2,2,0,0,CLEAR,DRY,False,OPPOSING LEFT TURN,OPPOSING LEFT TURN,STRAIGHT & LEVEL,DAYLIGHT,,,7/18/2019 10:08:57 AM,False,6326,Accepted,
25352790,0568000,LOUISVILLE METRO POLICE DEPT,Accepted,JEFFERSON,,,LEXINGTON,RD,,,PAYNE,,,,,38.250585655,-85.720699229,0.733,7/17/2019 12:00:00 AM,1940,2,2,0,0,CLEAR,DRY,False,OPPOSING LEFT TURN,OPPOSING LEFT TURN,STRAIGHT & LEVEL,DAYLIGHT,,,7/18/2019 10:12:23 AM,False,5240,Accepted,
25352719,0568000,LOUISVILLE METRO POLICE DEPT,Accepted,JEFFERSON,KY1747,,HURSTBOURNE,PKWY,S,,RIDGEHURST,,,,,38.193058461,-85.604953288,9.187,7/17/2019 12:00:00 AM,0746,2,2,0,1,RAINING,WET,False,OPPOSING LEFT TURN,OPPOSING LEFT TURN,STRAIGHT & LEVEL,DAYLIGHT,,,7/18/2019 10:09:50 AM,False,7121,Accepted,
25397623,0568000,LOUISVILLE METRO POLICE DEPT,Accepted,JEFFERSON,KY1747,,HURSTBOURNE,PKWY,S,KY6159,BLUEGRASS PKWY ACCESS,,,,,38.220192971,-85.581455548,11.635,7/17/2019 12:00:00 AM,0834,2,2,0,0,CLOUDY,DRY,False,SIDESWIPE-SAME DIRECTION,SIDESWIPE-SAME DIRECTION,STRAIGHT & LEVEL,DAYLIGHT,,,7/29/2019 8:27:22 AM,False,7739,Accepted,
25352771,0568000,LOUISVILLE METRO POLICE DEPT,Accepted,JEFFERSON,KY1865,,NEW CUT,RD,,,WILDERNESS,,,,,38.153643828,-85.777011668,3.218,7/17/2019 12:00:00 AM,2015,2,2,0,0,CLEAR,DRY,False,REAR END - ONE VEHICLE TURNING LEFT,REAR END,STRAIGHT & LEVEL,DAYLIGHT,,,7/18/2019 10:11:51 AM,False,7436,Accepted,
25352691,0568000,LOUISVILLE METRO POLICE DEPT,Accepted,JEFFERSON,US0031W,,MAIN,ST,W,,7TH,,,,,38.257158765,-85.761486281,21.660,7/17/2019 12:00:00 AM,0903,2,2,0,0,CLOUDY,DRY,False,REAR END - ONE VEHICLE TURNING RIGHT,REAR END,STRAIGHT & LEVEL,DAYLIGHT,,,7/18/2019 10:08:05 AM,False,7848,Accepted,
25352784,0568000,LOUISVILLE METRO POLICE DEPT,Accepted,JEFFERSON,US0031W,,DIXIE,HWY,,,KERRICK,,,,,38.153393419,-85.835904305,12.274,7/17/2019 12:00:00 AM,1940,2,2,0,0,CLEAR,DRY,True,REAR END - ONE VEHICLE TURNING RIGHT,REAR END,,DAYLIGHT,,,7/18/2019 10:12:10 AM,False,5059,Accepted,
25347384,0568000,LOUISVILLE METRO POLICE DEPT,Accepted,JEFFERSON,US0060A,,EASTERN,PKWY,,KY1703,BAXTER,,,,,38.228929125,-85.715286916,6.441,7/17/2019 12:00:00 AM,0001,2,2,0,0,CLEAR,DRY,True,SIDESWIPE-SAME DIRECTION,SIDESWIPE-SAME DIRECTION,CURVE & LEVEL,DARK-HWY LIGHTED/ON,,,7/17/2019 8:23:56 AM,False,2816,Accepted,
25352732,0568000,LOUISVILLE METRO POLICE DEPT,Accepted,JEFFERSON,US0031E,,BAXTER,AVE,,,CHRISTY,,,,,38.242079593,-85.725742179,15.784,7/17/2019 12:00:00 AM,1715,2,2,0,0,CLOUDY,DRY,False,SIDESWIPE-SAME DIRECTION,SIDESWIPE-SAME DIRECTION,STRAIGHT & LEVEL,DAYLIGHT,,,7/18/2019 10:10:25 AM,False,5236,Accepted,
25352713,0568000,LOUISVILLE METRO POLICE DEPT,Accepted,JEFFERSON,I 0065,,I65 S,,,I 0064,I64 S EXIT137 OFF RAMP,,,,,38.262268024,-85.742460402,136.713,7/17/2019 12:00:00 AM,0915,2,2,0,0,CLOUDY,DRY,False,SIDESWIPE-SAME DIRECTION,SIDESWIPE-SAME DIRECTION,STRAIGHT & LEVEL,DAYLIGHT,,,7/18/2019 10:09:30 AM,False,2403,Accepted,
25352791,0568000,LOUISVILLE METRO POLICE DEPT,Accepted,JEFFERSON,US0031E,,BARDSTOWN,RD,,US0060A,EASTERN,,,,,38.232011775,-85.709367412,14.623,7/17/2019 12:00:00 AM,2309,2,2,0,0,CLEAR,DRY,False,SIDESWIPE-SAME DIRECTION,SIDESWIPE-SAME DIRECTION,STRAIGHT & LEVEL,DAYLIGHT,,,7/18/2019 10:12:27 AM,False,5240,Accepted,
25352774,0568000,LOUISVILLE METRO POLICE DEPT,Accepted,JEFFERSON,KY0061,,PRESTON,ST,S,US0150,BROADWAY,,,,,38.245298559,-85.747630049,12.252,7/17/2019 12:00:00 AM,2042,2,2,0,0,CLEAR,DRY,False,SIDESWIPE-SAME DIRECTION,SIDESWIPE-SAME DIRECTION,STRAIGHT & LEVEL,DAYLIGHT,,,7/18/2019 10:11:54 AM,False,5135,Accepted,
25459853,0568000,LOUISVILLE METRO POLICE DEPT,Accepted,JEFFERSON,KY0061,,PRESTON,HWY,,,TRIO,,,,,38.129904684,-85.682091064,3.321,7/17/2019 12:00:00 AM,1830,2,2,0,0,CLEAR,DRY,False,SIDESWIPE-SAME DIRECTION,SIDESWIPE-SAME DIRECTION,STRAIGHT & LEVEL,DAYLIGHT,,,8/12/2019 8:53:27 AM,False,7955,Accepted,
25357726,0568000,LOUISVILLE METRO POLICE DEPT,Accepted,JEFFERSON,US0060,,SHELBYVILLE,RD,,KY1747,HURSTBOURNE,,,,,38.246348379,-85.576798936,7.860,7/17/2019 12:00:00 AM,1039,2,2,0,0,CLOUDY,WET,False,OTHER INTERSECTION COLLISIONS,REAR END,STRAIGHT & LEVEL,DAYLIGHT,,,7/19/2019 10:07:16 AM,False,7858,Accepted,
25352755,0568000,LOUISVILLE METRO POLICE DEPT,Accepted,JEFFERSON,US0031W,,DIXIE,HWY,,,TRENT,,,,,38.162028936,-85.831645742,12.875,7/17/2019 12:00:00 AM,1705,2,2,0,0,CLEAR,DRY,False,OTHER INTERSECTION COLLISIONS,REAR END,STRAIGHT & LEVEL,DAYLIGHT,,,7/18/2019 10:11:24 AM,False,7205,Accepted,
25352764,0568000,LOUISVILLE METRO POLICE DEPT,Accepted,JEFFERSON,KY0155,,TAYLORSVILLE,RD,,KY1932,BRECKENRIDGE,,,,,38.220186881,-85.630126391,13.566,7/17/2019 12:00:00 AM,0737,2,2,0,0,RAINING,WET,False,OTHER INTERSECTION COLLISIONS,REAR END,STRAIGHT & LEVEL,DAYLIGHT,,,7/18/2019 10:11:39 AM,False,7059,Accepted,