IncidentID,AgencyORI,AgencyName,IncidentStatusDesc,County,RdwyNumber,Street,RoadwayName,StreetSfx,StreetDir,IntersectionRdwy,IntersectionRdwyName,BetweenStRdwy1,BetweenStRdwyName1,BetweenStRdwy2,BetweenStRdwyName2,Latitude,Longitude,Milepoint,CollisionDate,CollisionTime,UnitsInvolved,MotorVehiclesInvolved,NumberKilled,NumberInjured,Weather,RdwyConditionCode,HitandRun,DirAnalysisCode,MannerofCollision,RdwyCharacter,LightCondition,RampFromRdwyId,RampToRdwyId,AcceptedDate,IsSecondaryCollision,OwnerBadge,IncidentStatus,
25352806,0568000,LOUISVILLE METRO POLICE DEPT,Accepted,JEFFERSON,I 0065,,I65 S,,,I 0064,I64 S EXIT137 OFF RAMP,,,,,38.261445759,-85.742059095,136.652,7/17/2019 12:00:00 AM,0611,1,1,0,0,RAINING,WET,False,OTHER INTERSECTION COLLISIONS,SINGLE VEHICLE,STRAIGHT & GRADE,DAYLIGHT,,,7/18/2019 10:13:09 AM,False,7720,Accepted,
25352704,0568000,LOUISVILLE METRO POLICE DEPT,Accepted,JEFFERSON,KY0061,,PRESTON,HWY,,KY1065,OUTER,,,,,38.138486036,-85.686890695,3.963,7/17/2019 12:00:00 AM,1203,2,2,0,0,CLOUDY,DRY,False,OTHER INTERSECTION COLLISIONS,REAR END,CURVE & LEVEL,DAYLIGHT,,,7/18/2019 10:08:50 AM,False,2017,Accepted,
25347382,0568000,LOUISVILLE METRO POLICE DEPT,Accepted,JEFFERSON,,,GRADE LN CONN,,,,GRADE,,,,,38.168060368,-85.721520871,0.016,7/17/2019 12:00:00 AM,0515,2,2,0,0,RAINING,WET,False,OTHER INTERSECTION COLLISIONS,REAR END,STRAIGHT & LEVEL,DARK-HWY LIGHTED/OFF,,,7/17/2019 8:23:47 AM,False,7206,Accepted,
25352703,0568000,LOUISVILLE METRO POLICE DEPT,Accepted,JEFFERSON,KY0061,,PRESTON,HWY,,,FOREST,,,,,38.161585719,-85.699667303,5.717,7/17/2019 12:00:00 AM,1224,2,2,0,3,CLOUDY,DRY,False,OTHER INTERSECTION COLLISIONS,REAR END,STRAIGHT & LEVEL,DAYLIGHT,,,7/18/2019 10:08:46 AM,False,2017,Accepted,
25352693,0568000,LOUISVILLE METRO POLICE DEPT,Accepted,JEFFERSON,I 0065,,I65 S,,,I 0064,I64 S EXIT137 OFF RAMP,,,,,38.265669348,-85.744214538,136.968,7/17/2019 12:00:00 AM,0816,2,2,0,1,CLOUDY,WET,False,OTHER INTERSECTION COLLISIONS,REAR END,STRAIGHT & LEVEL,DAYLIGHT,,,7/18/2019 10:08:13 AM,False,2403,Accepted,
25352701,0568000,LOUISVILLE METRO POLICE DEPT,Accepted,JEFFERSON,KY0864,,POPLAR LEVEL,RD,,,AUDUBON,,,,,38.210015872,-85.717282909,12.491,7/17/2019 12:00:00 AM,1239,2,2,0,0,CLOUDY,DRY,False,OTHER INTERSECTION COLLISIONS,REAR END,STRAIGHT & HILLCREST,DAYLIGHT,,,7/18/2019 10:08:40 AM,False,6148,Accepted,
25347370,0568000,LOUISVILLE METRO POLICE DEPT,Accepted,JEFFERSON,US0150,,BROADWAY,,W,,4TH,,,,,38.246101353,-85.758380066,2.381,7/17/2019 12:00:00 AM,0106,2,1,0,1,CLEAR,DRY,True,OTHER INTERSECTION COLLISIONS,SINGLE VEHICLE,STRAIGHT & LEVEL,DARK-HWY LIGHTED/ON,,,7/17/2019 8:23:11 AM,False,5047,Accepted,
25352787,0568000,LOUISVILLE METRO POLICE DEPT,Accepted,JEFFERSON,US0031W,,DIXIE,HWY,,,MEYERS,,,,,38.164887789,-85.830243303,13.083,7/17/2019 12:00:00 AM,2215,2,2,0,0,CLEAR,DRY,False,OTHER INTERSECTION COLLISIONS,REAR END,STRAIGHT & LEVEL,DUSK,,,7/18/2019 10:12:13 AM,False,5059,Accepted,
25397825,0568000,LOUISVILLE METRO POLICE DEPT,Accepted,JEFFERSON,,,ROY WILKINS,AVE,,,JEFFERSON,,,,,38.254554256,-85.765017451,0.216,7/17/2019 12:00:00 AM,1751,4,4,0,1,CLEAR,DRY,False,OTHER INTERSECTION COLLISIONS,REAR END,STRAIGHT & LEVEL,DAYLIGHT,,,7/29/2019 8:37:37 AM,False,5173,Accepted,
25586572,0568000,LOUISVILLE METRO POLICE DEPT,Accepted,JEFFERSON,I 0265,,I265 E,,,,,,,,,38.113239844,-85.666281583,12.255,7/17/2019 12:00:00 AM,1752,2,2,0,0,CLEAR,DRY,False,COLLISION WITH FIXED OBJECT NON - INTERSECTION - FIRST EVENT COLLISION 09 - 32 EXCLUDING 16,REAR END,STRAIGHT & LEVEL,DAYLIGHT,,,9/3/2019 12:58:20 PM,False,7764,Accepted,
25397601,0568000,LOUISVILLE METRO POLICE DEPT,Accepted,JEFFERSON,KY0907,9101,3RD ST,RD,,,,,JAMES HILL,,HAWTHORNE POINTE,38.116255028,-85.819812718,2.951,7/17/2019 12:00:00 AM,0916,1,1,0,1,RAINING,WET,False,RAN OFF ROADWAY (1 VEHICLE WITH/EARTH EMBANKMENT/DITCH),SINGLE VEHICLE,CURVE & GRADE,DAYLIGHT,,,7/29/2019 8:25:41 AM,False,2098,Accepted,
25347361,0568000,LOUISVILLE METRO POLICE DEPT,Accepted,JEFFERSON,,1110,MALONE,PL,,,,,,,,38.240203675,-85.444855309,,7/17/2019 12:00:00 AM,0355,3,3,0,0,CLEAR,DRY,False,1 VEHICLE PARKED POSITION (NOT PARKING LOT/DRIVEWAY),BACKING,STRAIGHT & LEVEL,DARK (UNKNOWN ROADWAY LIGHTING),,,7/17/2019 8:23:00 AM,False,5041,Accepted,
25352697,0568000,LOUISVILLE METRO POLICE DEPT,Accepted,JEFFERSON,KY1934,4445,CANE RUN,RD,,,,,,,,38.195376173,-85.842234481,8.797,7/17/2019 12:00:00 AM,1103,2,2,0,0,CLOUDY,DRY,False,1 VEHICLE PARKED POSITION (NOT PARKING LOT/DRIVEWAY),HEAD ON,STRAIGHT & LEVEL,DAYLIGHT,,,7/18/2019 10:08:23 AM,False,7233,Accepted,
25953601,0568000,LOUISVILLE METRO POLICE DEPT,Accepted,JEFFERSON,KY0061,,PRESTON,HWY,,,,,,,,38.145767544,-85.690800873,4.503,7/17/2019 12:00:00 AM,1313,2,2,0,0,CLOUDY,DRY,False,REAR END IN TRAFFIC LANES BOTH VEHICLES MOVING,REAR END,STRAIGHT & LEVEL,DAYLIGHT,,,11/21/2019 8:28:25 AM,False,4693,Accepted,
25352728,0568000,LOUISVILLE METRO POLICE DEPT,Accepted,JEFFERSON,,,SOUTHERN,PKWY,,,,,,,,38.169304500,-85.781207804,1.017,7/17/2019 12:00:00 AM,1406,2,2,0,0,CLEAR,DRY,False,REAR END IN TRAFFIC LANES BOTH VEHICLES MOVING,REAR END,STRAIGHT & LEVEL,DAYLIGHT,,,7/18/2019 10:10:06 AM,False,7234,Accepted,
25352734,0568000,LOUISVILLE METRO POLICE DEPT,Accepted,JEFFERSON,US0031E,,BARDSTOWN,RD,,,,,,,,38.184128917,-85.632214398,9.057,7/17/2019 12:00:00 AM,1732,2,2,0,0,CLEAR,DRY,False,REAR END IN TRAFFIC LANES BOTH VEHICLES MOVING,REAR END,STRAIGHT & LEVEL,DAYLIGHT,,,7/18/2019 10:10:43 AM,False,5159,Accepted,
25367486,0568000,LOUISVILLE METRO POLICE DEPT,Accepted,JEFFERSON,I 0065,,,,,,,,,,,38.191156294,-85.719974052,0.081,7/17/2019 12:00:00 AM,1720,2,2,0,1,CLEAR,DRY,False,REAR END IN TRAFFIC LANES BOTH VEHICLES MOVING,REAR END,STRAIGHT & LEVEL,DAYLIGHT,,,7/22/2019 8:57:53 AM,False,7243,Accepted,
25352777,0568000,LOUISVILLE METRO POLICE DEPT,Accepted,JEFFERSON,KY1020,,3RD,ST,S,,,,KENTUCKY,,BRECKINRIDGE,38.239367350,-85.757882592,11.640,7/17/2019 12:00:00 AM,1751,2,2,0,0,RAINING,WET,False,REAR END IN TRAFFIC LANES BOTH VEHICLES MOVING,REAR END,STRAIGHT & LEVEL,DAYLIGHT,,,7/18/2019 10:12:00 AM,False,2499,Accepted,
25354307,0561500,UNIV. OF LOUISVILLE POLICE,Accepted,JEFFERSON,,414,CHESTNUT,ST,E,,,,,,,38.247711039,-85.746227487,0.367,7/17/2019 12:00:00 AM,0937,2,2,0,0,CLOUDY,WET,False,REAR END IN TRAFFIC LANES BOTH VEHICLES MOVING,REAR END,STRAIGHT & LEVEL,DAYLIGHT,,,7/18/2019 3:29:23 PM,False,5619,Accepted,
25357700,0568000,LOUISVILLE METRO POLICE DEPT,Accepted,JEFFERSON,KY1020,,NATIONAL,TPKE,,,,,,,,38.151312966,-85.763723263,5.546,7/17/2019 12:00:00 AM,1756,2,2,0,0,CLEAR,DRY,False,REAR END IN TRAFFIC LANES BOTH VEHICLES MOVING,REAR END,STRAIGHT & LEVEL,DAYLIGHT,,,7/19/2019 10:07:04 AM,False,7053,Accepted,
25352757,0568000,LOUISVILLE METRO POLICE DEPT,Accepted,JEFFERSON,US0060A,,GRINSTEAD,DR,,,,,ETLEY,US0060A,LEXINGTON,38.245166692,-85.702183221,7.967,7/17/2019 12:00:00 AM,1203,2,2,0,0,CLEAR,DRY,False,REAR END IN TRAFFIC LANES BOTH VEHICLES MOVING,REAR END,STRAIGHT & HILLCREST,DAYLIGHT,,,7/18/2019 10:11:28 AM,False,7960,Accepted,
25352766,0568000,LOUISVILLE METRO POLICE DEPT,Accepted,JEFFERSON,I 0065,,,,,,,I 0065,I264 E EXIT12 ON RAMP FROM I65 N,I 0264,I264 E,38.190315141,-85.723134016,0.359,7/17/2019 12:00:00 AM,1752,2,2,0,0,CLOUDY,DRY,False,REAR END IN TRAFFIC LANES BOTH VEHICLES MOVING,REAR END,STRAIGHT & LEVEL,DAYLIGHT,,,7/18/2019 10:11:42 AM,False,7059,Accepted,
25352730,0568000,LOUISVILLE METRO POLICE DEPT,Accepted,JEFFERSON,KY1934,,CANE RUN,RD,,,,,,,,38.179277721,-85.859878479,7.406,7/17/2019 12:00:00 AM,1653,2,2,0,0,CLOUDY,WET,False,REAR END IN TRAFFIC LANES BOTH VEHICLES MOVING,REAR END,STRAIGHT & LEVEL,DAYLIGHT,,,7/18/2019 10:10:17 AM,False,7234,Accepted,
25352782,0568000,LOUISVILLE METRO POLICE DEPT,Accepted,JEFFERSON,,209,1ST,ST,S,,,,,,,38.255774939,-85.751651202,0.021,7/17/2019 12:00:00 AM,1750,2,2,0,0,CLEAR,DRY,False,REAR END IN TRAFFIC LANES BOTH VEHICLES MOVING,REAR END,STRAIGHT & LEVEL,DAYLIGHT,,,7/18/2019 10:12:07 AM,False,7862,Accepted,
25367321,0568000,LOUISVILLE METRO POLICE DEPT,Accepted,JEFFERSON,I 0264,,I264 E,,,,,,,,,38.189955414,-85.734242306,11.823,7/17/2019 12:00:00 AM,1700,2,2,0,0,CLEAR,DRY,False,REAR END IN TRAFFIC LANES BOTH VEHICLES MOVING,REAR END,STRAIGHT & LEVEL,DAYLIGHT,,,7/22/2019 8:47:07 AM,False,7628,Accepted,
25352698,0568000,LOUISVILLE METRO POLICE DEPT,Accepted,JEFFERSON,KY0841,,GENE SNYDER,FWY,,,,,,,,38.114592317,-85.712486332,9.641,7/17/2019 12:00:00 AM,0916,2,2,0,0,RAINING,WET,False,SIDESWIPE COLLISION - SAME DIRECTION,SIDESWIPE-SAME DIRECTION,STRAIGHT & LEVEL,DAYLIGHT,,,7/18/2019 10:08:27 AM,False,4903,Accepted,
25352687,0568000,LOUISVILLE METRO POLICE DEPT,Accepted,JEFFERSON,US0031E,,BARDSTOWN,RD,,,,,,,,38.107288827,-85.566596073,2.385,7/17/2019 12:00:00 AM,0820,2,2,0,0,CLOUDY,WET,True,SIDESWIPE COLLISION - SAME DIRECTION,SIDESWIPE-SAME DIRECTION,STRAIGHT & LEVEL,DAYLIGHT,,,7/18/2019 10:07:46 AM,False,5248,Accepted,
25352816,0568000,LOUISVILLE METRO POLICE DEPT,Accepted,JEFFERSON,I 0065,,I65 S,,,,,,,,,38.204810484,-85.741820005,131.981,7/17/2019 12:00:00 AM,2025,2,2,0,0,CLOUDY,DRY,True,SIDESWIPE COLLISION - SAME DIRECTION,SIDESWIPE-SAME DIRECTION,,DUSK,,,7/18/2019 10:13:21 AM,False,7291,Accepted,
25352798,0568000,LOUISVILLE METRO POLICE DEPT,Accepted,JEFFERSON,I 0065,,I65 S,,,,,I 0065,I65 S EXIT131B OFF RAMP,I 0065,I65 S EXIT132 ON RAMP FROM  CRITTENDEN DR,38.200781883,-85.735145119,131.533,7/17/2019 12:00:00 AM,2155,2,2,0,0,CLEAR,DRY,False,SIDESWIPE COLLISION - SAME DIRECTION,SIDESWIPE-SAME DIRECTION,CURVE & LEVEL,DARK-HWY LIGHTED/ON,,,7/18/2019 10:12:52 AM,False,5165,Accepted,
25352721,0568000,LOUISVILLE METRO POLICE DEPT,Accepted,JEFFERSON,,149,POPE,ST,,,,,,,,38.255333633,-85.717414332,0.341,7/17/2019 12:00:00 AM,1620,2,2,0,0,CLEAR,DRY,False,SIDESWIPE COLLISION - SAME DIRECTION,SIDESWIPE-SAME DIRECTION,STRAIGHT & LEVEL,DAYLIGHT,,,7/18/2019 10:09:53 AM,False,7023,Accepted,
25357730,0568000,LOUISVILLE METRO POLICE DEPT,Accepted,JEFFERSON,KY1747,,HURSTBOURNE,PKWY,S,,,,HURSTBOURNE,,HURSTBOURNE,38.217424388,-85.587106537,11.299,7/17/2019 12:00:00 AM,1351,2,2,0,0,CLEAR,DRY,False,SIDESWIPE COLLISION - SAME DIRECTION,SIDESWIPE-SAME DIRECTION,STRAIGHT & LEVEL,DAYLIGHT,,,7/19/2019 10:07:29 AM,False,7482,Accepted,
25385797,0560300,ST. MATTHEWS POLICE DEPARTMENT,Accepted,JEFFERSON,US0060,5000,SHELBYVILLE,RD,,,,,,,,38.250363276,-85.624198846,5.311,7/17/2019 12:00:00 AM,2245,2,2,0,0,CLOUDY,DRY,False,SIDESWIPE COLLISION - SAME DIRECTION,SIDESWIPE-SAME DIRECTION,STRAIGHT & LEVEL,DARK-HWY LIGHTED/OFF,,,7/25/2019 9:55:59 PM,True,9186,Accepted,
25352751,0568000,LOUISVILLE METRO POLICE DEPT,Accepted,JEFFERSON,I 0265,,I265 S,,,,,I 0265,I265 S EXIT27 ON RAMP FROM US60,I 0064,I265 S EXIT25B RAMP TO I64 W,38.238656400,-85.504188323,26.547,7/17/2019 12:00:00 AM,0847,2,2,0,0,RAINING,WET,False,SIDESWIPE COLLISION - SAME DIRECTION,SIDESWIPE-SAME DIRECTION,STRAIGHT & LEVEL,DAYLIGHT,,,7/18/2019 10:11:16 AM,False,5228,Accepted,
25347386,0568000,LOUISVILLE METRO POLICE DEPT,Accepted,JEFFERSON,I 0071,,I71 N,,,,,,,,,38.288804030,-85.645386233,5.139,7/17/2019 12:00:00 AM,0707,2,2,0,0,RAINING,WET,True,SIDESWIPE COLLISION - SAME DIRECTION,SIDESWIPE-SAME DIRECTION,CURVE & LEVEL,DAYLIGHT,,,7/17/2019 8:24:05 AM,False,4903,Accepted,
25352735,0568000,LOUISVILLE METRO POLICE DEPT,Accepted,JEFFERSON,,,RIVER,RD,,,,,,,,38.277644326,-85.698794925,2.952,7/17/2019 12:00:00 AM,0809,2,2,0,0,CLOUDY,WET,False,1 VEHICLE ENTERING/LEAVING ENTRANCE,ANGLE,STRAIGHT & LEVEL,DAWN,,,7/18/2019 10:10:45 AM,False,7028,Accepted,
25352736,0568000,LOUISVILLE METRO POLICE DEPT,Accepted,JEFFERSON,KY1065,,OUTER,LOOP,,,,,,,,38.135451816,-85.717413236,4.333,7/17/2019 12:00:00 AM,1147,2,2,0,0,CLOUDY,DRY,False,1 VEHICLE ENTERING/LEAVING ENTRANCE,ANGLE,STRAIGHT & LEVEL,DAYLIGHT,,,7/18/2019 10:10:48 AM,False,4693,Accepted,
25352727,0568000,LOUISVILLE METRO POLICE DEPT,Accepted,JEFFERSON,US0060A,1855,BERRY,BLVD,,,,,,,,38.196737648,-85.797687532,0.662,7/17/2019 12:00:00 AM,1540,2,2,0,1,CLEAR,DRY,True,1 VEHICLE ENTERING/LEAVING ENTRANCE,ANGLE,STRAIGHT & LEVEL,DAYLIGHT,,,7/18/2019 10:10:02 AM,False,7433,Accepted,
25357697,0568000,LOUISVILLE METRO POLICE DEPT,Accepted,JEFFERSON,KY2251,,BARDSTOWN,RD,,,,,,,,38.199452172,-85.660756320,1.088,7/17/2019 12:00:00 AM,1529,2,2,0,0,CLEAR,DRY,False,1 VEHICLE ENTERING/LEAVING ENTRANCE,ANGLE,STRAIGHT & LEVEL,DAYLIGHT,,,7/19/2019 10:06:52 AM,False,7722,Accepted,
25352797,0568000,LOUISVILLE METRO POLICE DEPT,Accepted,JEFFERSON,,,INDIAN,TRL,E,,,KY0864,POPLAR LEVEL,,LODEMA,38.171259962,-85.685709208,1.120,7/17/2019 12:00:00 AM,2043,2,2,0,0,CLEAR,DRY,True,1 VEHICLE ENTERING/LEAVING ENTRANCE,ANGLE,STRAIGHT & LEVEL,DARK-HWY LIGHTED/ON,,,7/18/2019 10:12:49 AM,False,5165,Accepted,
25352789,0568000,LOUISVILLE METRO POLICE DEPT,Accepted,JEFFERSON,KY0061,530,JACKSON,ST,S,,,,,,,38.248647740,-85.744989925,12.533,7/17/2019 12:00:00 AM,1915,2,2,0,0,CLEAR,DRY,False,1 VEHICLE ENTERING/LEAVING ENTRANCE,ANGLE,STRAIGHT & LEVEL,DAYLIGHT,,,7/18/2019 10:12:17 AM,False,7325,Accepted,
25352699,0568000,LOUISVILLE METRO POLICE DEPT,Accepted,JEFFERSON,,,NORTON HEALTHCARE,BLVD,,,,,,,,38.312315295,-85.571786997,0.133,7/17/2019 12:00:00 AM,1116,2,2,0,0,CLOUDY,DRY,False,1 VEHICLE ENTERING/LEAVING ENTRANCE,ANGLE,STRAIGHT & LEVEL,DAYLIGHT,,,7/18/2019 10:08:30 AM,False,2489,Accepted,
25352729,0568000,LOUISVILLE METRO POLICE DEPT,Accepted,JEFFERSON,KY1934,,GREENBELT,HWY,,,,,,,,38.174551095,-85.871169779,6.618,7/17/2019 12:00:00 AM,1517,2,2,0,4,CLEAR,DRY,False,1 VEHICLE ENTERING/LEAVING ENTRANCE,ANGLE,STRAIGHT & LEVEL,DAYLIGHT,,,7/18/2019 10:10:10 AM,False,7234,Accepted,
25352824,0568000,LOUISVILLE METRO POLICE DEPT,Accepted,JEFFERSON,KY2845,5922,MANSLICK,RD,E,,,,,,,38.120908915,-85.651342159,1.630,7/17/2019 12:00:00 AM,1449,2,2,0,0,CLEAR,DRY,False,VEHICLE BACKING NON INTERSECTION,BACKING,STRAIGHT & LEVEL,DAYLIGHT,,,7/18/2019 10:13:38 AM,False,7348,Accepted,
25352822,0568000,LOUISVILLE METRO POLICE DEPT,Accepted,JEFFERSON,,4520,POPLAR LEVEL,RD,,,,,,,,38.158693818,-85.653326988,,7/17/2019 12:00:00 AM,2134,2,1,0,1,CLOUDY,DRY,False,COLLISION IN PARKING LOT,SINGLE VEHICLE,STRAIGHT & LEVEL,DARK-HWY LIGHTED/ON,,,7/18/2019 10:13:34 AM,False,7431,Accepted,
25352775,0568000,LOUISVILLE METRO POLICE DEPT,Accepted,JEFFERSON,US0150,1212,BROADWAY,,W,,,,,,,38.247558848,-85.771939349,1.633,7/17/2019 12:00:00 AM,2045,2,2,0,0,CLEAR,DRY,True,COLLISION IN PARKING LOT,REAR END,STRAIGHT & LEVEL,DAYLIGHT,,,7/18/2019 10:11:58 AM,False,7823,Accepted,
25361761,0566900,LOUISVILLE AIRPORT POLICE,Accepted,JEFFERSON,,600,TERMINAL DRIVE,,,,,,,,,38.181093323,-85.733382713,,7/17/2019 12:00:00 AM,1620,2,2,0,0,CLEAR,DRY,False,COLLISION IN PARKING LOT,SIDESWIPE-OPPOSITE DIRECTION,STRAIGHT & LEVEL,DAYLIGHT,,,7/20/2019 8:18:46 AM,False,5817,Accepted,
25350620,0561000,JEFFERSONTOWN POLICE DEPT,Accepted,JEFFERSON,KY0913,2531,BLANKENBAKER,PKWY,,,,,,,,38.206755308,-85.538355853,1.688,7/17/2019 12:00:00 AM,1722,2,2,0,0,CLEAR,DRY,False,COLLISION IN PARKING LOT,SIDESWIPE-OPPOSITE DIRECTION,STRAIGHT & LEVEL,DAYLIGHT,,,7/17/2019 7:43:47 PM,False,8310,Accepted,
25352762,0568000,LOUISVILLE METRO POLICE DEPT,Accepted,JEFFERSON,KY0155,,TAYLORSVILLE,RD,,,,,HALLSDALE,,LOWE,38.218961751,-85.606272172,12.266,7/17/2019 12:00:00 AM,0717,2,2,0,0,RAINING,WET,False,OTHER ROADWAY OR MID-BLOCK COLLISION,REAR END,STRAIGHT & LEVEL,DAYLIGHT,,,7/18/2019 10:11:36 AM,False,7059,Accepted,
25352733,0568000,LOUISVILLE METRO POLICE DEPT,Accepted,JEFFERSON,I 0065,,I65 N,,,,,,,,,38.184607175,-85.723387632,130.228,7/17/2019 12:00:00 AM,0938,2,2,0,0,CLOUDY,DRY,False,OTHER ROADWAY OR MID-BLOCK COLLISION,REAR END,STRAIGHT & LEVEL,DAYLIGHT,,,7/18/2019 10:10:39 AM,False,7451,Accepted,
25352705,0568000,LOUISVILLE METRO POLICE DEPT,Accepted,JEFFERSON,KY1865,,NEW CUT,RD,,,,KY0907,SOUTHSIDE,,COGAN,38.145403324,-85.775176189,2.640,7/17/2019 12:00:00 AM,0903,2,2,0,0,CLOUDY,WET,False,OTHER ROADWAY OR MID-BLOCK COLLISION,REAR END,STRAIGHT & LEVEL,DAYLIGHT,,,7/18/2019 10:08:54 AM,False,6326,Accepted,
25352747,0568000,LOUISVILLE METRO POLICE DEPT,Accepted,JEFFERSON,US0031E,,BARDSTOWN,RD,,,,,,,,38.236143552,-85.716866696,15.150,7/17/2019 12:00:00 AM,1800,2,2,0,0,CLOUDY,WET,False,OTHER ROADWAY OR MID-BLOCK COLLISION,REAR END,STRAIGHT & LEVEL,DAYLIGHT,,,7/18/2019 10:11:11 AM,False,7023,Accepted,
25357701,0568000,LOUISVILLE METRO POLICE DEPT,Accepted,JEFFERSON,KY1020,,2ND,ST,S,,,,LIBERTY,,MUHAMMAD ALI,38.251846976,-85.754018589,12.512,7/17/2019 12:00:00 AM,1116,2,2,0,0,CLEAR,DRY,False,OTHER ROADWAY OR MID-BLOCK COLLISION,REAR END,STRAIGHT & LEVEL,DAYLIGHT,,,7/19/2019 10:07:07 AM,False,5173,Accepted,
25357686,0568000,LOUISVILLE METRO POLICE DEPT,Accepted,JEFFERSON,KY0022,,BROWNSBORO,RD,,,,,,,,38.309302875,-85.572285992,4.103,7/17/2019 12:00:00 AM,1430,2,2,0,0,CLOUDY,WET,False,OTHER ROADWAY OR MID-BLOCK COLLISION,REAR END,STRAIGHT & LEVEL,DAYLIGHT,,,7/19/2019 10:06:21 AM,False,7858,Accepted,
25357671,0568000,LOUISVILLE METRO POLICE DEPT,Accepted,JEFFERSON,I 0264,,I264 E,,,,,,,,,38.190116094,-85.756649020,10.600,7/17/2019 12:00:00 AM,1709,2,2,0,0,CLEAR,DRY,False,OTHER ROADWAY OR MID-BLOCK COLLISION,REAR END,STRAIGHT & GRADE,DAYLIGHT,,,7/19/2019 10:04:59 AM,False,8278,Accepted,
25367341,0568000,LOUISVILLE METRO POLICE DEPT,Accepted,JEFFERSON,I 0064,,,,,,,,,,,38.258409498,-85.739069252,0.322,7/17/2019 12:00:00 AM,0716,1,1,0,1,RAINING,WET,False,OVERTURNED ON RAMP,SINGLE VEHICLE,CURVE & GRADE,DAWN,I 0065,I 0064,7/22/2019 8:48:27 AM,False,2000,Accepted,
25352686,0568000,LOUISVILLE METRO POLICE DEPT,Accepted,JEFFERSON,I 0064,,,,,,,,,,,38.257338886,-85.741332134,0.085,7/17/2019 12:00:00 AM,0723,2,2,0,0,RAINING,WET,False,OTHER RAMP RELATED COLLISIONS NOT LISTED ABOVE,ANGLE,CURVE & GRADE,DAYLIGHT,I 0064,I 0071,7/18/2019 10:07:41 AM,False,4903,Accepted,
25352743,0568000,LOUISVILLE METRO POLICE DEPT,Accepted,JEFFERSON,I 0065,,,,,,,,,,,38.120001897,-85.702155144,0.125,7/17/2019 12:00:00 AM,1741,2,2,0,0,CLOUDY,DRY,False,OTHER RAMP RELATED COLLISIONS NOT LISTED ABOVE,SIDESWIPE-SAME DIRECTION,STRAIGHT & LEVEL,DAYLIGHT,,,7/18/2019 10:11:05 AM,False,4693,Accepted,
25347461,0568000,LOUISVILLE METRO POLICE DEPT,Accepted,JEFFERSON,I 0064,,,,,,,,,,,38.260933877,-85.733182715,0.009,7/17/2019 12:00:00 AM,0613,1,1,0,1,RAINING,WET,False,OTHER RAMP RELATED COLLISIONS NOT LISTED ABOVE,SINGLE VEHICLE,CURVE & LEVEL,DAWN,I 0064,I 0071,7/17/2019 8:31:56 AM,False,5025,Accepted,
25357725,0568000,LOUISVILLE METRO POLICE DEPT,Accepted,JEFFERSON,I 0064,,,,,,,,,,,38.222865483,-85.504525531,0.201,7/17/2019 12:00:00 AM,1812,1,1,0,1,CLOUDY,DRY,False,COLLISION WITH FIXED OBJECT NOT IN GORE ,SINGLE VEHICLE,CURVE & GRADE,DAYLIGHT,I 0064,I 0064,7/19/2019 10:07:12 AM,False,7858,Accepted,
25367436,0568000,LOUISVILLE METRO POLICE DEPT,Accepted,JEFFERSON,I 0064,,,,,,,,,,,38.236271835,-85.618637391,0.558,7/16/2019 12:00:00 AM,1947,1,1,0,0,RAINING,WET,False,OTHER RAMP RELATED COLLISIONS NOT LISTED ABOVE,SINGLE VEHICLE,CURVE & LEVEL,DAYLIGHT,I 0064,I 0064,7/22/2019 8:54:58 AM,False,7633,Accepted,
25345122,0568000,LOUISVILLE METRO POLICE DEPT,Accepted,JEFFERSON,I 0264,,,,,,,,,,,38.201402041,-85.693418948,0.192,7/16/2019 12:00:00 AM,1200,2,2,0,0,CLOUDY,DRY,False,OTHER RAMP RELATED COLLISIONS NOT LISTED ABOVE,SIDESWIPE-SAME DIRECTION,CURVE & LEVEL,DAYLIGHT,KY1703,I 0264,7/16/2019 5:25:53 PM,False,7793,Accepted,
25347343,0568000,LOUISVILLE METRO POLICE DEPT,Accepted,JEFFERSON,KY1865,,TAYLOR,BLVD,,,,,,,,38.170062817,-85.781344888,4.361,7/16/2019 12:00:00 AM,1243,2,2,0,0,CLEAR,DRY,False,OTHER ROADWAY OR MID-BLOCK COLLISION,REAR END,STRAIGHT & LEVEL,DAYLIGHT,,,7/17/2019 8:21:58 AM,False,7234,Accepted,
25347339,0568000,LOUISVILLE METRO POLICE DEPT,Accepted,JEFFERSON,I 0264,,I264 E,,,,,I 0264,I264 E EXIT15 OFF RAMP TO KY1703,I 0264,I264 E EXIT14 ON RAMP FROM KY864,38.200072327,-85.698425590,13.970,7/16/2019 12:00:00 AM,1730,2,2,0,0,CLEAR,DRY,True,OTHER ROADWAY OR MID-BLOCK COLLISION,REAR TO REAR,STRAIGHT & LEVEL,DAYLIGHT,,,7/17/2019 8:21:44 AM,False,7250,Accepted,