IncidentID,AgencyORI,AgencyName,IncidentStatusDesc,County,RdwyNumber,Street,RoadwayName,StreetSfx,StreetDir,IntersectionRdwy,IntersectionRdwyName,BetweenStRdwy1,BetweenStRdwyName1,BetweenStRdwy2,BetweenStRdwyName2,Latitude,Longitude,Milepoint,CollisionDate,CollisionTime,UnitsInvolved,MotorVehiclesInvolved,NumberKilled,NumberInjured,Weather,RdwyConditionCode,HitandRun,DirAnalysisCode,MannerofCollision,RdwyCharacter,LightCondition,RampFromRdwyId,RampToRdwyId,AcceptedDate,IsSecondaryCollision,OwnerBadge,IncidentStatus,
25345128,0568000,LOUISVILLE METRO POLICE DEPT,Accepted,JEFFERSON,US0031W,,DIXIE,HWY,,,,,,,,38.121208245,-85.855771085,9.745,7/16/2019 12:00:00 AM,1427,2,2,0,0,CLEAR,DRY,False,OTHER ROADWAY OR MID-BLOCK COLLISION,REAR END,STRAIGHT & LEVEL,DAYLIGHT,,,7/16/2019 5:26:05 PM,False,7224,Accepted,
25345144,0568000,LOUISVILLE METRO POLICE DEPT,Accepted,JEFFERSON,KY0864,,POPLAR LEVEL,RD,,,,,,,,38.212128154,-85.721063698,12.726,7/16/2019 12:00:00 AM,1453,2,2,0,0,CLOUDY,DRY,False,OTHER ROADWAY OR MID-BLOCK COLLISION,REAR END,STRAIGHT & LEVEL,DAYLIGHT,,,7/16/2019 5:26:44 PM,False,7898,Accepted,
25347390,0568000,LOUISVILLE METRO POLICE DEPT,Accepted,JEFFERSON,I 0064,,I64 E,,,,,,,,,38.258407485,-85.739724198,5.530,7/16/2019 12:00:00 AM,2012,1,1,0,1,CLOUDY,WET,False,OTHER ROADWAY OR MID-BLOCK COLLISION,SINGLE VEHICLE,CURVE & GRADE,DAYLIGHT,,,7/17/2019 8:24:13 AM,False,7786,Accepted,
25347337,0568000,LOUISVILLE METRO POLICE DEPT,Accepted,JEFFERSON,KY1447,,WESTPORT,RD,,,,,FREYS HILL,,ASSEMBLY,38.292971569,-85.560890959,5.924,7/16/2019 12:00:00 AM,1104,2,2,0,3,CLOUDY,DRY,False,OTHER ROADWAY OR MID-BLOCK COLLISION,OPPOSING LEFT TURN,STRAIGHT & LEVEL,DAYLIGHT,,,7/17/2019 8:21:35 AM,False,7751,Accepted,
25347347,0568000,LOUISVILLE METRO POLICE DEPT,Accepted,JEFFERSON,KY1631,,CRITTENDEN,DR,,,,,,,,38.195666927,-85.750903605,0.534,7/16/2019 12:00:00 AM,1520,2,2,0,0,CLEAR,DRY,False,OTHER ROADWAY OR MID-BLOCK COLLISION,OPPOSING LEFT TURN,STRAIGHT & LEVEL,DAYLIGHT,,,7/17/2019 8:22:06 AM,False,7286,Accepted,
25347377,0568000,LOUISVILLE METRO POLICE DEPT,Accepted,JEFFERSON,KY2048,,CANNONS,LN,,,,,,,,38.236200069,-85.658766667,1.337,7/16/2019 12:00:00 AM,2137,2,2,0,0,CLEAR,WET,False,OTHER ROADWAY OR MID-BLOCK COLLISION,OPPOSING LEFT TURN,STRAIGHT & LEVEL,DARK-HWY LIGHTED/ON,,,7/17/2019 8:23:24 AM,False,5104,Accepted,
25347330,0568000,LOUISVILLE METRO POLICE DEPT,Accepted,JEFFERSON,US0031E,,BARDSTOWN,RD,,,,,,,,38.146656491,-85.586858684,5.291,7/16/2019 12:00:00 AM,1250,2,2,0,0,CLOUDY,DRY,True,COLLISION IN PARKING LOT,HEAD ON,STRAIGHT & LEVEL,DAYLIGHT,,,7/17/2019 8:20:38 AM,False,4693,Accepted,
25387422,0568000,LOUISVILLE METRO POLICE DEPT,Accepted,JEFFERSON,,3125,RIVER,RD,,,,,MOCKINGBIRD VALLEY,,WALDOAH BEACH,38.279345580,-85.696490287,0.023,7/16/2019 12:00:00 AM,0953,1,1,0,0,CLEAR,DRY,False,COLLISION IN PARKING LOT,SINGLE VEHICLE,STRAIGHT & LEVEL,DAYLIGHT,,,7/26/2019 8:58:37 AM,False,7632,Accepted,
25345135,0568000,LOUISVILLE METRO POLICE DEPT,Accepted,JEFFERSON,I 0064,,,,,,,,,,,38.258096571,-85.742211271,1.047,7/16/2019 12:00:00 AM,1226,2,2,0,0,CLOUDY,DRY,False,OTHER RAMP RELATED COLLISIONS NOT LISTED ABOVE,REAR END,CURVE & HILLCREST,DAYLIGHT,I 0064,I 0065,7/16/2019 5:26:20 PM,True,4903,Accepted,
25382727,0568000,LOUISVILLE METRO POLICE DEPT,Accepted,JEFFERSON,I 0264,,,,,,,,,,,38.254065617,-85.805252398,0.252,7/16/2019 12:00:00 AM,1500,2,2,0,0,CLEAR,DRY,False,OTHER RAMP RELATED COLLISIONS NOT LISTED ABOVE,BACKING,CURVE & GRADE,DAYLIGHT,I 0264,MUHAMMAD ALI BLVD,7/25/2019 8:48:42 AM,False,7241,Accepted,
25347349,0568000,LOUISVILLE METRO POLICE DEPT,Accepted,JEFFERSON,KY1020,8814,NATIONAL,TPKE,,,,,,,,38.120771323,-85.748373176,3.270,7/16/2019 12:00:00 AM,1730,2,2,0,0,CLEAR,DRY,False,VEHICLE BACKING NON INTERSECTION,BACKING,STRAIGHT & GRADE,DAYLIGHT,,,7/17/2019 8:22:13 AM,False,7232,Accepted,
25351042,0560300,ST. MATTHEWS POLICE DEPARTMENT,Accepted,JEFFERSON,US0060,,SHELBYVILLE,RD,,,,I 0264,I264 W EXIT20B OFF RAMP TO US60,,TEN PIN,38.250134183,-85.620885824,5.450,7/16/2019 12:00:00 AM,1608,2,2,0,0,CLOUDY,DRY,False,VEHICLE BACKING NON INTERSECTION,BACKING,STRAIGHT & LEVEL,DAYLIGHT,,,7/17/2019 11:14:04 PM,False,9158,Accepted,
25347340,0568000,LOUISVILLE METRO POLICE DEPT,Accepted,JEFFERSON,KY1934,,GREENBELT,HWY,,,,,,,,38.139531101,-85.887587975,3.908,7/16/2019 12:00:00 AM,1514,2,2,0,2,CLEAR,DRY,False,1 VEHICLE ENTERING/LEAVING ENTRANCE,ANGLE,STRAIGHT & LEVEL,DAYLIGHT,,,7/17/2019 8:21:49 AM,False,7234,Accepted,
25347332,0568000,LOUISVILLE METRO POLICE DEPT,Accepted,JEFFERSON,KY2052,,SHEPHERDSVILLE,RD,,,,,,,,38.152075502,-85.659730825,0.928,7/16/2019 12:00:00 AM,1454,2,2,0,0,CLOUDY,DRY,False,1 VEHICLE ENTERING/LEAVING ENTRANCE,ANGLE,STRAIGHT & LEVEL,DAYLIGHT,,,7/17/2019 8:20:59 AM,False,4693,Accepted,
25345139,0568000,LOUISVILLE METRO POLICE DEPT,Accepted,JEFFERSON,US0031E,,BARDSTOWN,RD,,,,,GRINSTEAD,,ELLWOOD,38.238139035,-85.720517673,15.391,7/16/2019 12:00:00 AM,1235,3,3,0,0,CLEAR,DRY,True,1 VEHICLE ENTERING/LEAVING ENTRANCE,ANGLE,STRAIGHT & LEVEL,DAYLIGHT,,,7/16/2019 5:26:29 PM,False,2100,Accepted,
25367478,0568000,LOUISVILLE METRO POLICE DEPT,Accepted,JEFFERSON,I 0265,,I265 E,,,,,,,,,38.205255071,-85.507148464,24.270,7/16/2019 12:00:00 AM,1824,2,2,0,0,CLEAR,DRY,False,1 VEHICLE ENTERING/LEAVING ENTRANCE,ANGLE,STRAIGHT & GRADE,DAYLIGHT,,,7/22/2019 8:57:23 AM,False,6532,Accepted,
25347338,0568000,LOUISVILLE METRO POLICE DEPT,Accepted,JEFFERSON,US0031W,5212,DIXIE,HWY,,,,,,,,38.164274265,-85.830728896,13.034,7/16/2019 12:00:00 AM,1711,2,2,0,0,CLOUDY,DRY,False,1 VEHICLE ENTERING/LEAVING ENTRANCE,ANGLE,STRAIGHT & LEVEL,DAYLIGHT,,,7/17/2019 8:21:40 AM,False,7356,Accepted,
25347378,0568000,LOUISVILLE METRO POLICE DEPT,Accepted,JEFFERSON,,,TOWNE CENTER,DR,,,,,FISCHER PARK,,SPRINGHURST,38.298531543,-85.556290925,0.232,7/16/2019 12:00:00 AM,1218,2,2,0,0,CLOUDY,DRY,False,1 VEHICLE ENTERING/LEAVING ENTRANCE,ANGLE,STRAIGHT & LEVEL,DAYLIGHT,,,7/17/2019 8:23:29 AM,False,7703,Accepted,
25345155,0568000,LOUISVILLE METRO POLICE DEPT,Accepted,JEFFERSON,,8301,BROAD RUN,RD,,,,,,,,38.129011218,-85.542496429,0.811,7/16/2019 12:00:00 AM,1510,2,2,0,0,CLEAR,DRY,True,SIDESWIPE COLLISION - OPPOSITE DIRECTION,SIDESWIPE-OPPOSITE DIRECTION,CURVE & GRADE,DAYLIGHT,,,7/16/2019 5:27:16 PM,False,5233,Accepted,
25341912,0568000,LOUISVILLE METRO POLICE DEPT,Accepted,JEFFERSON,,,PARK,RD,S,,,,,,,38.119176261,-85.703130249,1.510,7/16/2019 12:00:00 AM,0210,2,2,0,0,CLEAR,DRY,True,SIDESWIPE COLLISION - OPPOSITE DIRECTION,SIDESWIPE-OPPOSITE DIRECTION,STRAIGHT & LEVEL,DARK-HWY NOT LIGHTED,,,7/16/2019 8:32:00 AM,False,5222,Accepted,
25347335,0568000,LOUISVILLE METRO POLICE DEPT,Accepted,JEFFERSON,KY1747,,FERN VALLEY,RD,,,,,,,,38.157726037,-85.718671656,0.742,7/16/2019 12:00:00 AM,1610,2,2,0,0,CLOUDY,DRY,False,SIDESWIPE COLLISION - SAME DIRECTION,SIDESWIPE-SAME DIRECTION,STRAIGHT & HILLCREST,DAYLIGHT,,,7/17/2019 8:21:18 AM,False,4693,Accepted,
25382812,0568000,LOUISVILLE METRO POLICE DEPT,Accepted,JEFFERSON,I 0065,,I65 S,,,,,,,,,38.123489876,-85.702130807,125.745,7/16/2019 12:00:00 AM,1600,2,2,0,0,CLEAR,DRY,False,SIDESWIPE COLLISION - SAME DIRECTION,SIDESWIPE-SAME DIRECTION,STRAIGHT & LEVEL,DAYLIGHT,,,7/25/2019 8:52:08 AM,False,7642,Accepted,
25345120,0568000,LOUISVILLE METRO POLICE DEPT,Accepted,JEFFERSON,US0031E,,BARDSTOWN,RD,,,,,,,,38.202858871,-85.664556894,11.342,7/16/2019 12:00:00 AM,1358,2,2,0,0,CLEAR,DRY,False,SIDESWIPE COLLISION - SAME DIRECTION,SIDESWIPE-SAME DIRECTION,STRAIGHT & LEVEL,DAYLIGHT,,,7/16/2019 5:25:48 PM,False,7864,Accepted,
25347342,0568000,LOUISVILLE METRO POLICE DEPT,Accepted,JEFFERSON,I 0264,,I264 E,,,,,,,,,38.192459880,-85.712479700,13.034,7/16/2019 12:00:00 AM,1720,2,2,0,0,CLOUDY,DRY,False,SIDESWIPE COLLISION - SAME DIRECTION,SIDESWIPE-SAME DIRECTION,STRAIGHT & GRADE,DAYLIGHT,,,7/17/2019 8:21:55 AM,False,7944,Accepted,
25345098,0568000,LOUISVILLE METRO POLICE DEPT,Accepted,JEFFERSON,KY1931,7019,GREENWOOD,RD,,,,,WESTBROOK,,RUTLEDGE,38.144973843,-85.881405850,0.854,7/16/2019 12:00:00 AM,0009,3,3,0,2,CLOUDY,DRY,False,SIDESWIPE COLLISION - SAME DIRECTION,SIDESWIPE-SAME DIRECTION,CURVE & HILLCREST,DARK-HWY LIGHTED/ON,,,7/16/2019 5:24:58 PM,True,7166,Accepted,
25341921,0568000,LOUISVILLE METRO POLICE DEPT,Accepted,JEFFERSON,,831,33RD,ST,S,,,,,,,38.246759341,-85.807655501,0.073,7/16/2019 12:00:00 AM,0100,2,2,0,0,CLEAR,DRY,False,SIDESWIPE COLLISION - SAME DIRECTION,SIDESWIPE-SAME DIRECTION,STRAIGHT & LEVEL,DARK-HWY LIGHTED/ON,,,7/16/2019 8:32:31 AM,False,5181,Accepted,
25407819,0568000,LOUISVILLE METRO POLICE DEPT,Accepted,JEFFERSON,I 0264,,I264 E,,,,,,,,,38.211614673,-85.670157220,15.737,7/16/2019 12:00:00 AM,0502,2,2,0,0,CLEAR,DRY,False,SIDESWIPE COLLISION - SAME DIRECTION,SIDESWIPE-SAME DIRECTION,STRAIGHT & GRADE,DARK-HWY LIGHTED/ON,,,7/31/2019 8:17:21 AM,False,2953,Accepted,
25345154,0568000,LOUISVILLE METRO POLICE DEPT,Accepted,JEFFERSON,US0031W,,22ND,ST,S,,PLYMOUTH,,,,,38.251570142,-85.787789215,19.724,7/16/2019 12:00:00 AM,1203,2,2,0,0,CLEAR,DRY,False,HEAD-ON COLLISION,HEAD ON,STRAIGHT & LEVEL,DAYLIGHT,,,7/16/2019 5:27:12 PM,False,7463,Accepted,
25793196,0568000,LOUISVILLE METRO POLICE DEPT,Accepted,JEFFERSON,KY1447,,WESTPORT,RD,,,ASSEMBLY,,,,,38.292885498,-85.561104515,5.911,7/16/2019 12:00:00 AM,1245,2,2,0,0,CLEAR,DRY,False,HEAD-ON COLLISION,HEAD ON,STRAIGHT & LEVEL,DAYLIGHT,,,10/18/2019 8:38:08 AM,False,7631,Accepted,
25367457,0568000,LOUISVILLE METRO POLICE DEPT,Accepted,JEFFERSON,I 0264,,I264 E,,,,,,,,,38.199397054,-85.700926377,13.827,7/16/2019 12:00:00 AM,1715,1,1,0,1,CLEAR,DRY,False,OTHER COLLISIONS ON SHOULDER,SINGLE VEHICLE,CURVE & HILLCREST,DAYLIGHT,,,7/22/2019 8:56:20 AM,False,7243,Accepted,
25345141,0568000,LOUISVILLE METRO POLICE DEPT,Accepted,JEFFERSON,US0060A,,LEXINGTON,RD,,,,,MACON,,WENDOVER,38.252129561,-85.659655422,10.409,7/16/2019 12:00:00 AM,1215,2,2,0,3,CLEAR,DRY,False,REAR END IN TRAFFIC LANES BOTH VEHICLES MOVING,REAR END,STRAIGHT & LEVEL,DAYLIGHT,,,7/16/2019 5:26:33 PM,False,7632,Accepted,
25382721,0568000,LOUISVILLE METRO POLICE DEPT,Accepted,JEFFERSON,KY2048,,DUTCHMANS,LN,,,,,,,,38.223230202,-85.656705896,0.108,7/16/2019 12:00:00 AM,1610,3,3,0,0,CLOUDY,DRY,False,REAR END IN TRAFFIC LANES BOTH VEHICLES MOVING,REAR END,STRAIGHT & LEVEL,DAYLIGHT,,,7/25/2019 8:48:30 AM,False,7793,Accepted,
25357673,0568000,LOUISVILLE METRO POLICE DEPT,Accepted,JEFFERSON,I 0264,,I264 W,,,,,,,,,38.198958678,-85.702526393,13.738,7/16/2019 12:00:00 AM,1637,2,2,0,0,CLOUDY,DRY,False,REAR END IN TRAFFIC LANES BOTH VEHICLES MOVING,REAR END,CURVE & GRADE,DAYLIGHT,,,7/19/2019 10:05:06 AM,False,8278,Accepted,
25347353,0568000,LOUISVILLE METRO POLICE DEPT,Accepted,JEFFERSON,KY1230,,CANE RUN,RD,,,,,,,,38.145528831,-85.896552261,4.629,7/16/2019 12:00:00 AM,1555,2,2,0,0,CLEAR,DRY,False,REAR END IN TRAFFIC LANES BOTH VEHICLES MOVING,REAR END,STRAIGHT & LEVEL,DAYLIGHT,,,7/17/2019 8:22:30 AM,False,7234,Accepted,
25347394,0568000,LOUISVILLE METRO POLICE DEPT,Accepted,JEFFERSON,,,DIXIE,HWY,,,,,,,,38.245303860,-85.783694380,0.267,7/16/2019 12:00:00 AM,1230,2,2,0,0,CLEAR,DRY,False,REAR END IN TRAFFIC LANES BOTH VEHICLES MOVING,REAR END,STRAIGHT & LEVEL,DAYLIGHT,,,7/17/2019 8:24:26 AM,False,5151,Accepted,
25347348,0568000,LOUISVILLE METRO POLICE DEPT,Accepted,JEFFERSON,I 0264,,I264 E,,,,,,,,,38.224633528,-85.643749939,17.435,7/16/2019 12:00:00 AM,1625,2,2,0,0,CLOUDY,DRY,False,REAR END IN TRAFFIC LANES BOTH VEHICLES MOVING,REAR END,STRAIGHT & LEVEL,DAYLIGHT,,,7/17/2019 8:22:09 AM,False,7944,Accepted,
25347333,0568000,LOUISVILLE METRO POLICE DEPT,Accepted,JEFFERSON,KY0864,,KY864 CROSSOVER,,,,,,,,,38.195492232,-85.707616526,0.004,7/16/2019 12:00:00 AM,1730,2,2,0,0,CLEAR,DRY,False,REAR END IN TRAFFIC LANES BOTH VEHICLES MOVING,REAR END,CURVE & GRADE,DAYLIGHT,,,7/17/2019 8:21:06 AM,False,6030,Accepted,
25345152,0568000,LOUISVILLE METRO POLICE DEPT,Accepted,JEFFERSON,US0031E,,BARDSTOWN,RD,,,,,,,,38.144808239,-85.584717373,5.161,7/16/2019 12:00:00 AM,1504,2,2,0,0,CLEAR,DRY,False,REAR END IN TRAFFIC LANES BOTH VEHICLES MOVING,REAR END,STRAIGHT & LEVEL,DAYLIGHT,,,7/16/2019 5:27:03 PM,False,5233,Accepted,
25345142,0568000,LOUISVILLE METRO POLICE DEPT,Accepted,JEFFERSON,US0031W,,DIXIE,HWY,,,,,JOHNSONTOWN,,STONESTREET,38.120703875,-85.856129428,9.707,7/16/2019 12:00:00 AM,1304,3,3,0,0,CLEAR,DRY,False,REAR END IN TRAFFIC LANES BOTH VEHICLES MOVING,REAR END,STRAIGHT & LEVEL,DAYLIGHT,,,7/16/2019 5:26:39 PM,False,6877,Accepted,
25345137,0568000,LOUISVILLE METRO POLICE DEPT,Accepted,JEFFERSON,KY0864,1609,POPLAR LEVEL,RD,,,,,,,,38.219166146,-85.723394417,,7/16/2019 12:00:00 AM,1334,2,2,0,0,CLEAR,DRY,True,1 VEHICLE PARKED POSITION (NOT PARKING LOT/DRIVEWAY),BACKING,STRAIGHT & LEVEL,DAYLIGHT,,,7/16/2019 5:26:24 PM,False,6030,Accepted,
25347356,0568000,LOUISVILLE METRO POLICE DEPT,Accepted,JEFFERSON,,1843,DEER PARK,AVE,,,,,,,,38.227366986,-85.705300694,0.192,7/16/2019 12:00:00 AM,1501,2,2,0,0,CLOUDY,DRY,True,1 VEHICLE PARKED POSITION (NOT PARKING LOT/DRIVEWAY),SIDESWIPE-SAME DIRECTION,STRAIGHT & LEVEL,DAYLIGHT,,,7/17/2019 8:22:41 AM,False,7740,Accepted,
25347354,0568000,LOUISVILLE METRO POLICE DEPT,Accepted,JEFFERSON,KY0061,,PRESTON,HWY,,,,,,,,38.175745948,-85.713911633,6.976,7/16/2019 12:00:00 AM,0800,2,2,0,0,CLEAR,DRY,False,1 VEHICLE PARKED POSITION (NOT PARKING LOT/DRIVEWAY),REAR END,STRAIGHT & GRADE,DAYLIGHT,,,7/17/2019 8:22:34 AM,False,5130,Accepted,
25345149,0568000,LOUISVILLE METRO POLICE DEPT,Accepted,JEFFERSON,,1508,CLARA,AVE,,,,,,,,38.199931560,-85.785619891,0.162,7/16/2019 12:00:00 AM,1607,2,2,0,0,CLOUDY,DRY,True,1 VEHICLE PARKED POSITION (NOT PARKING LOT/DRIVEWAY),ANGLE,STRAIGHT & LEVEL,DAYLIGHT,,,7/16/2019 5:26:55 PM,False,7977,Accepted,
25407736,0568000,LOUISVILLE METRO POLICE DEPT,Accepted,JEFFERSON,,1416,GARVEY,DR,,,,,,,,38.183892325,-85.807376606,0.129,7/16/2019 12:00:00 AM,0917,2,2,0,0,CLEAR,DRY,False,1 VEHICLE PARKED POSITION (NOT PARKING LOT/DRIVEWAY),BACKING,STRAIGHT & LEVEL,DAYLIGHT,,,7/31/2019 8:13:28 AM,False,5221,Accepted,
25347351,0568000,LOUISVILLE METRO POLICE DEPT,Accepted,JEFFERSON,I 0065,,I65 N,,,,,,,,,38.168713974,-85.720519543,129.075,7/16/2019 12:00:00 AM,1333,1,1,0,0,CLEAR,DRY,False,RAN OFF ROADWAY (1 VEHICLE WITH/EARTH EMBANKMENT/DITCH),SINGLE VEHICLE,STRAIGHT & LEVEL,DAYLIGHT,,,7/17/2019 8:22:20 AM,False,7243,Accepted,
25347355,0568000,LOUISVILLE METRO POLICE DEPT,Accepted,JEFFERSON,KY1747,,HURSTBOURNE,PKWY,S,,HENDRIK,,,,,38.185529349,-85.606225346,8.680,7/16/2019 12:00:00 AM,1842,2,2,0,0,CLOUDY,DRY,False,OTHER INTERSECTION COLLISIONS,REAR END,STRAIGHT & LEVEL,DAYLIGHT,,,7/17/2019 8:22:37 AM,False,7307,Accepted,
25347352,0568000,LOUISVILLE METRO POLICE DEPT,Accepted,JEFFERSON,US0031W,,DIXIE,HWY,,,ROSE FARM,,,,,38.145964370,-85.838309384,11.832,7/16/2019 12:00:00 AM,1831,2,2,0,0,CLEAR,DRY,False,OTHER INTERSECTION COLLISIONS,REAR END,STRAIGHT & LEVEL,DAYLIGHT,,,7/17/2019 8:22:25 AM,False,7224,Accepted,
25347380,0568000,LOUISVILLE METRO POLICE DEPT,Accepted,JEFFERSON,,,DIXIE,HWY,,,GARLAND,,,,,38.243575447,-85.784301090,0.379,7/16/2019 12:00:00 AM,1512,2,2,0,0,CLOUDY,WET,False,OTHER INTERSECTION COLLISIONS,REAR END,STRAIGHT & LEVEL,DAYLIGHT,,,7/17/2019 8:23:38 AM,False,7363,Accepted,
25347388,0568000,LOUISVILLE METRO POLICE DEPT,Accepted,JEFFERSON,KY1747,,HURSTBOURNE,PKWY,,,,US0031E,BARDSTOWN,,HAMES,38.168309632,-85.605440164,7.440,7/16/2019 12:00:00 AM,2305,1,1,0,1,CLOUDY,DRY,False,COLLISION WITH FIXED OBJECT NON - INTERSECTION - FIRST EVENT COLLISION 09 - 32 EXCLUDING 16,SINGLE VEHICLE,STRAIGHT & LEVEL,DARK-HWY LIGHTED/ON,,,7/17/2019 8:24:09 AM,False,2775,Accepted,
25345146,0568000,LOUISVILLE METRO POLICE DEPT,Accepted,JEFFERSON,I 0064,,I64 W,,,,,I 0064,I64 W EXIT17 ON RAMP FROM KY913 S,I 0064,I64 W EXIT15 OFF RAMP FROM KY1747,38.223250910,-85.559551240,16.787,7/16/2019 12:00:00 AM,1445,1,1,0,0,CLEAR,DRY,False,OCCUPANT FELL FROM MOVING VEHICLE,SINGLE VEHICLE,STRAIGHT & LEVEL,DAYLIGHT,,,7/16/2019 5:26:49 PM,False,7632,Accepted,
25382718,0568000,LOUISVILLE METRO POLICE DEPT,Accepted,JEFFERSON,I 0264,,I264 W,,,I 0264,I264 W EXIT16 OFF RAMP TO US31E,,,,,38.217804644,-85.658984318,16.480,7/16/2019 12:00:00 AM,1750,2,2,0,0,CLOUDY,DRY,False,OTHER INTERSECTION COLLISIONS,REAR END,STRAIGHT & LEVEL,DAYLIGHT,,,7/25/2019 8:48:19 AM,False,7793,Accepted,
25345126,0568000,LOUISVILLE METRO POLICE DEPT,Accepted,JEFFERSON,KY1727,,TERRY,RD,,KY1934,CANE RUN,,,,,38.178003784,-85.861836487,4.050,7/16/2019 12:00:00 AM,0750,2,2,0,0,CLEAR,DRY,True,OTHER INTERSECTION COLLISIONS,REAR END,CURVE & LEVEL,DAYLIGHT,,,7/16/2019 5:26:02 PM,False,6326,Accepted,
25345158,0568000,LOUISVILLE METRO POLICE DEPT,Accepted,JEFFERSON,KY0061,,PRESTON,HWY,,,GILMORE,,,,,38.174597753,-85.712671484,6.876,7/16/2019 12:00:00 AM,0829,2,2,0,0,CLOUDY,DRY,False,OTHER INTERSECTION COLLISIONS,REAR END,STRAIGHT & LEVEL,DAYLIGHT,,,7/16/2019 5:28:52 PM,False,7473,Accepted,
25347376,0568000,LOUISVILLE METRO POLICE DEPT,Accepted,JEFFERSON,KY0864,,FEGENBUSH,LN,,,FENWICK,,,,,38.155233909,-85.636408274,6.083,7/16/2019 12:00:00 AM,2005,2,2,0,0,RAINING,WET,False,OTHER INTERSECTION COLLISIONS,REAR END,STRAIGHT & GRADE,DAYLIGHT,,,7/17/2019 8:23:19 AM,False,7120,Accepted,
25347383,0568000,LOUISVILLE METRO POLICE DEPT,Accepted,JEFFERSON,,,BROOK,ST,S,,GRAY,,,,,38.246922543,-85.751477942,2.944,7/16/2019 12:00:00 AM,1350,2,2,0,0,CLEAR,DRY,False,OTHER INTERSECTION COLLISIONS,REAR END,STRAIGHT & LEVEL,DAYLIGHT,,,7/17/2019 8:23:52 AM,False,5124,Accepted,
25347358,0568000,LOUISVILLE METRO POLICE DEPT,Accepted,JEFFERSON,KY0155,,TAYLORSVILLE,RD,,KY1932,BRECKENRIDGE,,,,,38.220221666,-85.630584190,13.593,7/16/2019 12:00:00 AM,2238,2,2,0,1,CLEAR,DRY,False,OTHER INTERSECTION COLLISIONS,REAR END,STRAIGHT & LEVEL,DARK-HWY LIGHTED/ON,,,7/17/2019 8:22:50 AM,False,7383,Accepted,
25341918,0568000,LOUISVILLE METRO POLICE DEPT,Accepted,JEFFERSON,,,BEANBLOSSOM,RD,,KY1747,FERN VALLEY,,,,,38.157689044,-85.727961942,0.008,7/16/2019 12:00:00 AM,0432,2,2,0,0,CLEAR,DRY,False,OTHER INTERSECTION COLLISIONS,REAR END,STRAIGHT & LEVEL,DARK-HWY LIGHTED/ON,,,7/16/2019 8:32:13 AM,False,5222,Accepted,
25341919,0568000,LOUISVILLE METRO POLICE DEPT,Accepted,JEFFERSON,,,GRAND,AVE,,,25TH,,,,,38.240654772,-85.794248879,0.465,7/16/2019 12:00:00 AM,0052,2,2,0,0,CLEAR,DRY,True,OTHER INTERSECTION COLLISIONS,REAR END,STRAIGHT & LEVEL,DARK-HWY LIGHTED/ON,,,7/16/2019 8:32:19 AM,False,7370,Accepted,
25345148,0568000,LOUISVILLE METRO POLICE DEPT,Accepted,JEFFERSON,KY1747,,HURSTBOURNE,PKWY,,,HAMES,,,,,38.166629121,-85.606461209,7.318,7/16/2019 12:00:00 AM,1501,2,2,0,0,CLOUDY,DRY,False,OTHER INTERSECTION COLLISIONS,REAR END,STRAIGHT & LEVEL,DAYLIGHT,,,7/16/2019 5:26:52 PM,False,6937,Accepted,
25444036,0568000,LOUISVILLE METRO POLICE DEPT,Accepted,JEFFERSON,,,9TH,ST,S,,BRECKINRIDGE,,,,,38.242991160,-85.767366701,0.263,7/16/2019 12:00:00 AM,1812,2,2,0,0,CLEAR,DRY,False,OTHER INTERSECTION COLLISIONS,REAR END,STRAIGHT & LEVEL,DAYLIGHT,,,8/8/2019 8:23:18 AM,False,5151,Accepted,
25382783,0568000,LOUISVILLE METRO POLICE DEPT,Accepted,JEFFERSON,,,SIX MILE,LN,,,CRAWFORD,,,,,38.197223944,-85.647794976,0.303,7/16/2019 12:00:00 AM,1552,2,2,0,0,CLEAR,DRY,False,VEHICLE BACKING IN INTERSECTION,BACKING,STRAIGHT & LEVEL,DAYLIGHT,,,7/25/2019 8:51:37 AM,False,5119,Accepted,
25367338,0568000,LOUISVILLE METRO POLICE DEPT,Accepted,JEFFERSON,,,WOODLAWN,AVE,W,KY1865,TAYLOR,,,,,38.181413996,-85.783498982,0.002,7/16/2019 12:00:00 AM,1700,2,2,0,0,CLEAR,DRY,False,OPPOSITE DIRECTION - BOTH VEHICLES GOING STRAIGHT AHEAD,SIDESWIPE-OPPOSITE DIRECTION,STRAIGHT & LEVEL,DAYLIGHT,,,7/22/2019 8:48:20 AM,False,7094,Accepted,
25347379,0568000,LOUISVILLE METRO POLICE DEPT,Accepted,JEFFERSON,,,SOUTHLAND,BLVD,W,,MITSCHER,,,,,38.171779871,-85.770720799,0.380,7/16/2019 12:00:00 AM,1916,2,2,0,0,CLOUDY,WET,False,OPPOSING LEFT TURN,OPPOSING LEFT TURN,STRAIGHT & LEVEL,DUSK,,,7/17/2019 8:23:33 AM,False,7649,Accepted,