IncidentID,AgencyORI,AgencyName,IncidentStatusDesc,County,RdwyNumber,Street,RoadwayName,StreetSfx,StreetDir,IntersectionRdwy,IntersectionRdwyName,BetweenStRdwy1,BetweenStRdwyName1,BetweenStRdwy2,BetweenStRdwyName2,Latitude,Longitude,Milepoint,CollisionDate,CollisionTime,UnitsInvolved,MotorVehiclesInvolved,NumberKilled,NumberInjured,Weather,RdwyConditionCode,HitandRun,DirAnalysisCode,MannerofCollision,RdwyCharacter,LightCondition,RampFromRdwyId,RampToRdwyId,AcceptedDate,IsSecondaryCollision,OwnerBadge,IncidentStatus,
25347336,0568000,LOUISVILLE METRO POLICE DEPT,Accepted,JEFFERSON,KY0022C,,SEMINARY,DR,,KY0022,BROWNSBORO,,,,,38.288413872,-85.621066813,0.518,7/16/2019 12:00:00 AM,1717,2,2,0,0,CLOUDY,DRY,False,OPPOSING LEFT TURN,OPPOSING LEFT TURN,CURVE & HILLCREST,DAYLIGHT,,,7/17/2019 8:21:22 AM,False,7751,Accepted,
25347392,0568000,LOUISVILLE METRO POLICE DEPT,Accepted,JEFFERSON,US0031E,,BARDSTOWN,RD,,,OLDHAM,,,,,38.164240283,-85.597948070,6.729,7/16/2019 12:00:00 AM,0620,2,2,0,0,CLEAR,DRY,False,REAR END - ONE VEHICLE TURNING RIGHT,REAR END,STRAIGHT & LEVEL,DAWN,,,7/17/2019 8:24:19 AM,False,2775,Accepted,
25345153,0568000,LOUISVILLE METRO POLICE DEPT,Accepted,JEFFERSON,KY0864,,POPLAR LEVEL,RD,,,GILMORE,,,,,38.182688486,-85.698365950,10.281,7/16/2019 12:00:00 AM,0955,2,2,0,2,CLEAR,DRY,True,ANGLE COLLISION - ONE VEHICLE TURNING LEFT,ANGLE,CURVE & LEVEL,DAYLIGHT,,,7/16/2019 5:27:07 PM,False,6100,Accepted,
25345159,0568000,LOUISVILLE METRO POLICE DEPT,Accepted,JEFFERSON,,,30TH,ST,S,,MARKET,,,,,38.260280990,-85.800873291,0.086,7/16/2019 12:00:00 AM,1545,2,2,0,1,CLEAR,DRY,False,ANGLE COLLISION - ONE VEHICLE TURNING LEFT,ANGLE,STRAIGHT & LEVEL,DAYLIGHT,,,7/16/2019 5:28:57 PM,False,7220,Accepted,
25347357,0568000,LOUISVILLE METRO POLICE DEPT,Accepted,JEFFERSON,,,1ST,ST,S,,ST CATHERINE,,,,,38.236881068,-85.754936280,1.336,7/16/2019 12:00:00 AM,1738,2,2,0,1,CLEAR,DRY,False,ANGLE COLLISION - ONE VEHICLE TURNING RIGHT,ANGLE,STRAIGHT & LEVEL,DAYLIGHT,,,7/17/2019 8:22:44 AM,False,7390,Accepted,
25367417,0568000,LOUISVILLE METRO POLICE DEPT,Accepted,JEFFERSON,,,ST CATHERINE,ST,W,,1ST,,,,,38.236947237,-85.754982286,0.006,7/16/2019 12:00:00 AM,1630,2,2,0,0,CLEAR,DRY,False,ANGLE COLLISION - ONE VEHICLE TURNING RIGHT,ANGLE,STRAIGHT & LEVEL,DAYLIGHT,,,7/22/2019 8:53:56 AM,False,7296,Accepted,
25367470,0568000,LOUISVILLE METRO POLICE DEPT,Accepted,JEFFERSON,,,4TH,ST,S,,PARK,,,,,38.231268102,-85.760998823,1.748,7/16/2019 12:00:00 AM,2225,2,2,0,0,CLEAR,DRY,False,COLLISION WITH PARKED VEHICLE,REAR END,STRAIGHT & GRADE,DARK-HWY LIGHTED/ON,,,7/22/2019 8:56:57 AM,False,5166,Accepted,
25345133,0568000,LOUISVILLE METRO POLICE DEPT,Accepted,JEFFERSON,,200,BIRCHWOOD,AVE,N,US0060,FRANKFORT,,,,,38.256481933,-85.691201601,0.121,7/16/2019 12:00:00 AM,1040,2,2,0,0,CLEAR,DRY,True,COLLISION WITH PARKED VEHICLE,SIDESWIPE-SAME DIRECTION,STRAIGHT & LEVEL,DAYLIGHT,,,7/16/2019 5:26:15 PM,False,7128,Accepted,
25345103,0568000,LOUISVILLE METRO POLICE DEPT,Accepted,JEFFERSON,US0031E,,BARDSTOWN,RD,,,BOULEVARD NAPOLEON,,,,,38.225715322,-85.696490484,13.799,7/16/2019 12:00:00 AM,1009,2,1,0,0,CLEAR,DRY,False,COLLISION WITH BICYCLE IN INTERSECTION,SINGLE VEHICLE,STRAIGHT & LEVEL,DAYLIGHT,,,7/16/2019 5:25:07 PM,False,2100,Accepted,
25347344,0568000,LOUISVILLE METRO POLICE DEPT,Accepted,JEFFERSON,US0150,,21ST,ST,N,,ROWAN,,,,,38.261086075,-85.784419579,0.668,7/16/2019 12:00:00 AM,1806,2,1,0,0,CLEAR,DRY,True,COLLISION WITH PEDESTRIAN IN INTERSECTION,SINGLE VEHICLE,STRAIGHT & LEVEL,DAYLIGHT,,,7/17/2019 8:22:02 AM,False,7463,Accepted,
25347372,0568000,LOUISVILLE METRO POLICE DEPT,Accepted,JEFFERSON,KY0864,,GOSS,AVE,,,BOYLE,,,,,38.229581007,-85.739180048,14.337,7/16/2019 12:00:00 AM,1928,2,2,0,0,RAINING,WET,False,ANGLE COLLISION - OTHER,ANGLE,STRAIGHT & HILLCREST,DAYLIGHT,,,7/17/2019 8:23:14 AM,False,5022,Accepted,
25347329,0568000,LOUISVILLE METRO POLICE DEPT,Accepted,JEFFERSON,,,NELSON MILLER,PKWY,,,MAGISTERIAL,,,,,38.268881838,-85.506767753,1.069,7/16/2019 12:00:00 AM,1108,2,2,0,0,CLOUDY,DRY,False,ANGLE COLLISION - OTHER,ANGLE,STRAIGHT & LEVEL,DAYLIGHT,,,7/17/2019 8:20:32 AM,False,7018,Accepted,
25382720,0568000,LOUISVILLE METRO POLICE DEPT,Accepted,JEFFERSON,KY1934,,GREENBELT,HWY,,,GLOBAL,,,,,38.139532535,-85.887536303,3.914,7/16/2019 12:00:00 AM,0844,2,2,0,2,CLEAR,DRY,False,ANGLE COLLISION - OTHER,ANGLE,STRAIGHT & LEVEL,DAYLIGHT,,,7/25/2019 8:48:23 AM,False,6326,Accepted,
25387399,0568000,LOUISVILLE METRO POLICE DEPT,Accepted,JEFFERSON,KY1020,,3RD,ST,S,,CENTRAL STATION,,,,,38.203532205,-85.764151551,9.377,7/15/2019 12:00:00 AM,1741,2,2,0,0,CLEAR,DRY,False,ANGLE COLLISION - OTHER,ANGLE,STRAIGHT & LEVEL,DAYLIGHT,,,7/26/2019 8:57:11 AM,False,7251,Accepted,
25341872,0568000,LOUISVILLE METRO POLICE DEPT,Accepted,JEFFERSON,,,TREVILIAN,WAY,,,LAKESIDE,,,,,38.220139588,-85.687989816,0.848,7/15/2019 12:00:00 AM,1426,2,2,0,0,CLOUDY,DRY,False,ANGLE COLLISION - OTHER,ANGLE,STRAIGHT & LEVEL,DAYLIGHT,,,7/16/2019 8:28:03 AM,False,7740,Accepted,
25345109,0568000,LOUISVILLE METRO POLICE DEPT,Accepted,JEFFERSON,,,PENDLETON,RD,,,PINE KNOB,,,,,38.048692637,-85.861781338,1.706,7/15/2019 12:00:00 AM,1740,2,2,0,0,CLEAR,DRY,False,ANGLE COLLISION - OTHER,ANGLE,CURVE & HILLCREST,DAYLIGHT,,,7/16/2019 5:25:20 PM,False,2936,Accepted,
25341878,0568000,LOUISVILLE METRO POLICE DEPT,Accepted,JEFFERSON,,,LEXINGTON,RD,,,ETLEY,,,,,38.245536865,-85.704549594,1.756,7/15/2019 12:00:00 AM,1717,2,2,0,0,CLOUDY,DRY,False,ANGLE COLLISION - OTHER,ANGLE,STRAIGHT & LEVEL,DAYLIGHT,,,7/16/2019 8:28:29 AM,False,2100,Accepted,
25341833,0568000,LOUISVILLE METRO POLICE DEPT,Accepted,JEFFERSON,,,ALDER,AVE,,,DEARING,,,,,38.173208750,-85.715446280,0.181,7/15/2019 12:00:00 AM,0849,2,2,0,0,CLEAR,DRY,False,ANGLE COLLISION - OTHER,ANGLE,STRAIGHT & LEVEL,DAYLIGHT,,,7/16/2019 8:25:54 AM,False,2796,Accepted,
25372299,0568000,LOUISVILLE METRO POLICE DEPT,Accepted,JEFFERSON,,,OAK,ST,E,,SWAN,,,,,38.232927358,-85.737294061,0.999,7/15/2019 12:00:00 AM,0136,2,2,0,0,CLEAR,DRY,False,ANGLE COLLISION - OTHER,ANGLE,STRAIGHT & GRADE,DARK-HWY LIGHTED/ON,,,7/23/2019 8:21:43 AM,False,7527,Accepted,
25372300,0568000,LOUISVILLE METRO POLICE DEPT,Accepted,JEFFERSON,US0060A,,EASTERN,PKWY,,,BURNETT,,,,,38.219000433,-85.735157530,5.061,7/15/2019 12:00:00 AM,0427,3,3,0,1,CLEAR,DRY,False,COLLISION WITH FIXED OBJECT IN INTERSECTION - FIRST EVENT COLLISION 09 - 32,ANGLE,STRAIGHT & LEVEL,DARK-HWY LIGHTED/ON,,,7/23/2019 8:21:47 AM,False,7527,Accepted,
25337162,0568000,LOUISVILLE METRO POLICE DEPT,Accepted,JEFFERSON,,,JEFFERSON,ST,E,KY0864,CHESTNUT,,,,,38.251177840,-85.733043287,0.006,7/15/2019 12:00:00 AM,0200,1,1,0,1,CLEAR,DRY,False,COLLISION WITH FIXED OBJECT IN INTERSECTION - FIRST EVENT COLLISION 09 - 32,SINGLE VEHICLE,CURVE & LEVEL,DARK-HWY LIGHTED/ON,,,7/15/2019 9:07:21 AM,False,5135,Accepted,
25341858,0568000,LOUISVILLE METRO POLICE DEPT,Accepted,JEFFERSON,US0031W,,MARKET,ST,W,,8TH,,,,,38.255954255,-85.763390533,21.484,7/15/2019 12:00:00 AM,1322,2,2,0,0,CLEAR,DRY,False,COLLISION WITH PARKED VEHICLE,ANGLE,STRAIGHT & LEVEL,DAYLIGHT,,,7/16/2019 8:27:06 AM,False,7848,Accepted,
25341887,0568000,LOUISVILLE METRO POLICE DEPT,Accepted,JEFFERSON,US0060,,FRANKFORT,AVE,,,CORAL,,,,,38.254967129,-85.710992370,0.480,7/15/2019 12:00:00 AM,1345,2,2,0,1,CLEAR,DRY,False,COLLISION WITH PARKED VEHICLE,REAR END,STRAIGHT & LEVEL,DAYLIGHT,,,7/16/2019 8:29:09 AM,True,2413,Accepted,
25341882,0568000,LOUISVILLE METRO POLICE DEPT,Accepted,JEFFERSON,KY1727,,TERRY,RD,,,MATTHEWS,,,,,38.126471664,-85.874516406,0.325,7/15/2019 12:00:00 AM,1751,2,2,0,0,CLOUDY,DRY,False,ANGLE COLLISION - ONE VEHICLE TURNING LEFT,ANGLE,STRAIGHT & LEVEL,DAYLIGHT,,,7/16/2019 8:28:48 AM,False,7224,Accepted,
25341825,0568000,LOUISVILLE METRO POLICE DEPT,Accepted,JEFFERSON,KY0864,,POPLAR LEVEL,RD,,,GILMORE,,,,,38.182686535,-85.698431182,10.292,7/15/2019 12:00:00 AM,0826,2,2,0,1,CLEAR,DRY,False,OPPOSING LEFT TURN,OPPOSING LEFT TURN,STRAIGHT & LEVEL,DAYLIGHT,,,7/16/2019 8:25:03 AM,False,7879,Accepted,
25341879,0568000,LOUISVILLE METRO POLICE DEPT,Accepted,JEFFERSON,KY3082,,BANK,ST,,,27TH,,,,,38.270104703,-85.793093776,0.961,7/15/2019 12:00:00 AM,1319,2,2,0,0,CLEAR,DRY,False,OPPOSITE DIRECTION - BOTH VEHICLES GOING STRAIGHT AHEAD,SIDESWIPE-OPPOSITE DIRECTION,STRAIGHT & LEVEL,DAYLIGHT,,,7/16/2019 8:28:34 AM,False,7266,Accepted,
25341837,0568000,LOUISVILLE METRO POLICE DEPT,Accepted,JEFFERSON,,,GRADE,LN,,KY1065,OUTER,,,,,38.130078741,-85.737425441,0.027,7/15/2019 12:00:00 AM,1200,2,2,0,0,CLOUDY,DRY,True,OTHER INTERSECTION COLLISIONS,REAR END,CURVE & LEVEL,DAYLIGHT,,,7/16/2019 8:26:15 AM,False,7424,Accepted,
25345096,0568000,LOUISVILLE METRO POLICE DEPT,Accepted,JEFFERSON,KY1703,,BAXTER,AVE,,US0060A,EASTERN,,,,,38.228697629,-85.715161171,4.748,7/15/2019 12:00:00 AM,1720,3,3,0,0,CLOUDY,DRY,False,OTHER INTERSECTION COLLISIONS,REAR END,STRAIGHT & LEVEL,DAYLIGHT,,,7/16/2019 5:24:53 PM,False,5020,Accepted,
25341881,0568000,LOUISVILLE METRO POLICE DEPT,Accepted,JEFFERSON,,,GLOBAL,DR,,KY1934,GREENBELT,,,,,38.139517231,-85.887623836,0.007,7/15/2019 12:00:00 AM,1214,2,2,0,0,CLOUDY,DRY,False,OTHER INTERSECTION COLLISIONS,REAR END,STRAIGHT & GRADE,DAYLIGHT,,,7/16/2019 8:28:43 AM,False,6877,Accepted,
25341839,0568000,LOUISVILLE METRO POLICE DEPT,Accepted,JEFFERSON,KY1450,,BLUE LICK,RD,,,VANGUARD,,,,,38.108047057,-85.691723163,1.573,7/15/2019 12:00:00 AM,1145,2,2,0,3,CLEAR,DRY,False,OTHER INTERSECTION COLLISIONS,REAR END,STRAIGHT & LEVEL,DAYLIGHT,,,7/16/2019 8:26:25 AM,False,2017,Accepted,
25341826,0568000,LOUISVILLE METRO POLICE DEPT,Accepted,JEFFERSON,,,VAUGHN MILL,RD,,KY0864,FEGENBUSH,,,,,38.144995207,-85.627751857,0.003,7/15/2019 12:00:00 AM,0842,2,2,0,0,CLEAR,DRY,False,OTHER INTERSECTION COLLISIONS,REAR END,STRAIGHT & GRADE,DAYLIGHT,,,7/16/2019 8:25:08 AM,False,2017,Accepted,
25347341,0568000,LOUISVILLE METRO POLICE DEPT,Accepted,JEFFERSON,KY1020,,SOUTHERN,PKWY,,,WHITNEY,,,,,38.193950169,-85.766790019,8.673,7/15/2019 12:00:00 AM,1500,2,2,0,0,CLEAR,DRY,False,OTHER INTERSECTION COLLISIONS,REAR END,STRAIGHT & LEVEL,DAYLIGHT,,,7/17/2019 8:21:52 AM,False,7286,Accepted,
25345131,0568000,LOUISVILLE METRO POLICE DEPT,Accepted,JEFFERSON,US0150,,BROADWAY,,W,KY1020,2ND,,,,,38.245837555,-85.755046986,2.560,7/15/2019 12:00:00 AM,1247,2,2,0,0,CLEAR,DRY,False,SIDESWIPE-SAME DIRECTION,SIDESWIPE-SAME DIRECTION,STRAIGHT & LEVEL,DAYLIGHT,,,7/16/2019 5:26:10 PM,False,2854,Accepted,
25341870,0568000,LOUISVILLE METRO POLICE DEPT,Accepted,JEFFERSON,,728,34TH,ST,S,,,,,,,38.249464457,-85.808687943,0.899,7/15/2019 12:00:00 AM,0200,2,2,0,0,CLEAR,DRY,True,1 VEHICLE PARKED POSITION (NOT PARKING LOT/DRIVEWAY),SIDESWIPE-SAME DIRECTION,STRAIGHT & LEVEL,DARK (UNKNOWN ROADWAY LIGHTING),,,7/16/2019 8:27:56 AM,False,5161,Accepted,
25341856,0568000,LOUISVILLE METRO POLICE DEPT,Accepted,JEFFERSON,KY0061,1015,PRESTON,ST,S,,,,,,,38.237596919,-85.748882259,11.713,7/15/2019 12:00:00 AM,1045,2,2,0,0,CLEAR,DRY,True,1 VEHICLE PARKED POSITION (NOT PARKING LOT/DRIVEWAY),SIDESWIPE-SAME DIRECTION,STRAIGHT & LEVEL,DAYLIGHT,,,7/16/2019 8:26:57 AM,False,7360,Accepted,
25341831,0568000,LOUISVILLE METRO POLICE DEPT,Accepted,JEFFERSON,,,4TH,ST,S,,,,,,,38.247054952,-85.758208202,0.666,7/15/2019 12:00:00 AM,0935,2,2,0,0,CLEAR,DRY,False,1 VEHICLE PARKED POSITION (NOT PARKING LOT/DRIVEWAY),ANGLE,STRAIGHT & LEVEL,DAYLIGHT,,,7/16/2019 8:25:42 AM,False,7848,Accepted,
25367376,0568000,LOUISVILLE METRO POLICE DEPT,Accepted,JEFFERSON,,3669,LENTZ,AVE,,,,,,,,38.191598061,-85.785957133,0.331,7/15/2019 12:00:00 AM,0200,2,2,0,0,CLEAR,DRY,True,1 VEHICLE PARKED POSITION (NOT PARKING LOT/DRIVEWAY),ANGLE,STRAIGHT & LEVEL,DARK (UNKNOWN ROADWAY LIGHTING),,,7/22/2019 8:50:53 AM,False,7249,Accepted,
25341884,0568000,LOUISVILLE METRO POLICE DEPT,Accepted,JEFFERSON,,1222,BARRET,AVE,,,,,ELLISON,,GODDARD,38.232089638,-85.724821047,1.305,7/15/2019 12:00:00 AM,0729,2,2,0,0,CLEAR,DRY,False,1 VEHICLE PARKED POSITION (NOT PARKING LOT/DRIVEWAY),SIDESWIPE-SAME DIRECTION,STRAIGHT & GRADE,DAYLIGHT,,,7/16/2019 8:28:59 AM,False,5020,Accepted,
25367310,0568000,LOUISVILLE METRO POLICE DEPT,Accepted,JEFFERSON,,,BRASHEAR,DR,,,,,13TH,,11TH,38.225248522,-85.775635698,0.142,7/15/2019 12:00:00 AM,1448,2,2,0,0,CLEAR,DRY,False,1 VEHICLE PARKED POSITION (NOT PARKING LOT/DRIVEWAY),ANGLE,STRAIGHT & LEVEL,DAYLIGHT,,,7/22/2019 8:46:28 AM,False,7705,Accepted,
25407763,0568000,LOUISVILLE METRO POLICE DEPT,Accepted,JEFFERSON,,,COWLING,AVE,,,,,,,,38.230716503,-85.698036561,0.306,7/15/2019 12:00:00 AM,1840,2,2,0,0,CLEAR,DRY,True,1 VEHICLE PARKED POSITION (NOT PARKING LOT/DRIVEWAY),SIDESWIPE-SAME DIRECTION,STRAIGHT & LEVEL,DAYLIGHT,,,7/31/2019 8:14:49 AM,False,2953,Accepted,
25347331,0568000,LOUISVILLE METRO POLICE DEPT,Accepted,JEFFERSON,I 0071,,I71 S,,,,,,INDIAN HILLS,I 0071,I71 S EXIT2 OFF RAMP TO  ZORN AVE,38.285224395,-85.680930485,2.999,7/15/2019 12:00:00 AM,1021,2,2,0,0,CLEAR,DRY,True,REAR END IN TRAFFIC LANES BOTH VEHICLES MOVING,REAR END,STRAIGHT & LEVEL,DAYLIGHT,,,7/17/2019 8:20:53 AM,False,7632,Accepted,
25341827,0568000,LOUISVILLE METRO POLICE DEPT,Accepted,JEFFERSON,I 0064,,I64 W,,,,,,,,,38.232867577,-85.608149950,13.152,7/15/2019 12:00:00 AM,0913,3,3,0,0,CLEAR,DRY,True,REAR END IN TRAFFIC LANES BOTH VEHICLES MOVING,REAR END,STRAIGHT & LEVEL,DAYLIGHT,,,7/16/2019 8:25:13 AM,False,4903,Accepted,
25341868,0568000,LOUISVILLE METRO POLICE DEPT,Accepted,JEFFERSON,I 0064,,I64 W,,,,,,,,,38.234955140,-85.614062054,12.800,7/15/2019 12:00:00 AM,1107,2,2,0,0,CLEAR,DRY,False,REAR END IN TRAFFIC LANES BOTH VEHICLES MOVING,REAR END,STRAIGHT & LEVEL,DAYLIGHT,,,7/16/2019 8:27:48 AM,False,8278,Accepted,
25341900,0568000,LOUISVILLE METRO POLICE DEPT,Accepted,JEFFERSON,I 0065,,I65 N,,,,,,,,,38.127307936,-85.701995967,126.009,7/15/2019 12:00:00 AM,2210,2,2,0,0,CLOUDY,DRY,False,REAR END IN TRAFFIC LANES BOTH VEHICLES MOVING,REAR END,STRAIGHT & LEVEL,DARK-HWY LIGHTED/ON,,,7/16/2019 8:29:59 AM,False,7786,Accepted,
25341843,0568000,LOUISVILLE METRO POLICE DEPT,Accepted,JEFFERSON,I 0065,,I65 N,,,,,,,,,38.218615173,-85.752111024,133.353,7/15/2019 12:00:00 AM,0651,2,2,0,0,CLEAR,DRY,False,REAR END IN TRAFFIC LANES BOTH VEHICLES MOVING,REAR END,CURVE & LEVEL,DAYLIGHT,,,7/16/2019 8:26:34 AM,True,4903,Accepted,
25352708,0568000,LOUISVILLE METRO POLICE DEPT,Accepted,JEFFERSON,I 0064,,I64 E,,,,,,,,,38.235844816,-85.636381500,11.731,7/15/2019 12:00:00 AM,1400,2,2,0,0,CLEAR,DRY,False,REAR END IN TRAFFIC LANES BOTH VEHICLES MOVING,REAR END,STRAIGHT & LEVEL,DAYLIGHT,,,7/18/2019 10:09:11 AM,False,7628,Accepted,
25357765,0568000,LOUISVILLE METRO POLICE DEPT,Accepted,JEFFERSON,US0042,,BROWNSBORO,RD,,,,,PENNSYLVANIA,,PENNSYLVANIA,38.261102809,-85.684235631,2.836,7/15/2019 12:00:00 AM,1057,2,2,0,0,CLEAR,DRY,False,REAR END IN TRAFFIC LANES BOTH VEHICLES MOVING,REAR END,STRAIGHT & LEVEL,DAYLIGHT,,,7/19/2019 10:09:56 AM,False,7632,Accepted,
25367334,0568000,LOUISVILLE METRO POLICE DEPT,Accepted,JEFFERSON,I 0065,,I65 N,,,,,,,,,38.216632560,-85.752215309,133.216,7/15/2019 12:00:00 AM,0651,3,3,0,2,CLEAR,DRY,False,REAR END IN TRAFFIC LANES BOTH VEHICLES MOVING,REAR END,STRAIGHT & LEVEL,DAYLIGHT,,,7/22/2019 8:48:00 AM,True,7772,Accepted,
25341855,0568000,LOUISVILLE METRO POLICE DEPT,Accepted,JEFFERSON,KY0864,,BEULAH CHURCH,RD,,,,KY0864,FEGENBUSH,,DELCOUR,38.136367884,-85.613534197,4.164,7/15/2019 12:00:00 AM,1301,2,2,0,0,CLOUDY,DRY,False,REAR END IN TRAFFIC LANES BOTH VEHICLES MOVING,REAR END,STRAIGHT & LEVEL,DAYLIGHT,,,7/16/2019 8:26:53 AM,False,6937,Accepted,
25352707,0568000,LOUISVILLE METRO POLICE DEPT,Accepted,JEFFERSON,I 0264,,I264 E,,,,,,,,,38.232794781,-85.627888146,18.467,7/15/2019 12:00:00 AM,1515,2,2,0,0,CLOUDY,DRY,False,REAR END IN TRAFFIC LANES BOTH VEHICLES MOVING,REAR END,STRAIGHT & LEVEL,DAYLIGHT,,,7/18/2019 10:09:07 AM,False,7628,Accepted,
25341905,0568000,LOUISVILLE METRO POLICE DEPT,Accepted,JEFFERSON,,,WOODLAWN,AVE,E,,CRITTENDEN,,,,,38.182276173,-85.753581664,0.533,7/15/2019 12:00:00 AM,2221,2,2,0,0,CLEAR,DRY,False,HEAD-ON COLLISION,HEAD ON,STRAIGHT & GRADE,DARK-HWY LIGHTED/ON,,,7/16/2019 8:30:50 AM,False,7206,Accepted,
25341857,0568000,LOUISVILLE METRO POLICE DEPT,Accepted,JEFFERSON,KY0907,,3RD ST,RD,,,,,HOLIDAY,,JAMES HILL,38.114892720,-85.828103025,2.482,7/15/2019 12:00:00 AM,1136,3,3,0,3,CLEAR,DRY,False,HEAD-ON COLLISION,HEAD ON,STRAIGHT & HILLCREST,DAYLIGHT,,,7/16/2019 8:27:00 AM,False,6326,Accepted,
25341860,0568000,LOUISVILLE METRO POLICE DEPT,Accepted,JEFFERSON,US0031E,,BARDSTOWN,RD,,,BASHFORD MANOR,,,,,38.202899408,-85.664524263,11.341,7/15/2019 12:00:00 AM,1528,2,2,0,0,CLEAR,DRY,False,HEAD-ON COLLISION,HEAD ON,STRAIGHT & LEVEL,DAYLIGHT,,,7/16/2019 8:27:14 AM,False,7864,Accepted,
25341823,0568000,LOUISVILLE METRO POLICE DEPT,Accepted,JEFFERSON,KY1747,,FERN VALLEY,RD,,,,,,,,38.157381270,-85.696011659,1.998,7/15/2019 12:00:00 AM,0847,2,2,0,0,CLEAR,DRY,False,SIDESWIPE COLLISION - SAME DIRECTION,SIDESWIPE-SAME DIRECTION,STRAIGHT & LEVEL,DAYLIGHT,,,7/16/2019 8:24:52 AM,False,5026,Accepted,
25341869,0568000,LOUISVILLE METRO POLICE DEPT,Accepted,JEFFERSON,I 0064,,I64 E,,,,,,,,,38.274771244,-85.789359321,2.199,7/15/2019 12:00:00 AM,1419,2,2,0,0,CLOUDY,DRY,False,SIDESWIPE COLLISION - SAME DIRECTION,SIDESWIPE-SAME DIRECTION,STRAIGHT & GRADE,DAYLIGHT,,,7/16/2019 8:27:52 AM,False,8278,Accepted,
25341874,0568000,LOUISVILLE METRO POLICE DEPT,Accepted,JEFFERSON,US0031W,,DIXIE,HWY,,,,,,,,38.074049762,-85.884742135,6.113,7/15/2019 12:00:00 AM,1516,2,2,0,0,CLOUDY,DRY,True,SIDESWIPE COLLISION - SAME DIRECTION,SIDESWIPE-SAME DIRECTION,STRAIGHT & LEVEL,DAYLIGHT,,,7/16/2019 8:28:13 AM,False,7234,Accepted,
25341875,0568000,LOUISVILLE METRO POLICE DEPT,Accepted,JEFFERSON,US0031,,CLARK MEMORIAL,BRG,,,,,,,,38.259568931,-85.752582831,0.233,7/15/2019 12:00:00 AM,1647,2,2,0,0,CLOUDY,DRY,True,SIDESWIPE COLLISION - SAME DIRECTION,SIDESWIPE-SAME DIRECTION,STRAIGHT & LEVEL,DAYLIGHT,,,7/16/2019 8:28:15 AM,False,7345,Accepted,
25345094,0568000,LOUISVILLE METRO POLICE DEPT,Accepted,JEFFERSON,KY1934,,GREENBELT,HWY,,,,,TRADE PORT,,WINSTEAD,38.125486505,-85.893158914,2.883,7/15/2019 12:00:00 AM,1757,2,2,0,1,CLOUDY,DRY,False,SIDESWIPE COLLISION - SAME DIRECTION,SIDESWIPE-SAME DIRECTION,STRAIGHT & LEVEL,DAYLIGHT,,,7/16/2019 5:24:49 PM,False,7166,Accepted,
25345102,0568000,LOUISVILLE METRO POLICE DEPT,Accepted,JEFFERSON,KY0061,2307,PRESTON,ST,S,,,,,,,38.214233234,-85.742788533,10.097,7/15/2019 12:00:00 AM,1413,2,2,0,0,CLOUDY,DRY,False,SIDESWIPE COLLISION - SAME DIRECTION,SIDESWIPE-SAME DIRECTION,STRAIGHT & LEVEL,DARK-HWY LIGHTED/ON,,,7/16/2019 5:25:03 PM,False,7898,Accepted,
25341903,0568000,LOUISVILLE METRO POLICE DEPT,Accepted,JEFFERSON,,5449,MINOR,LN,,,,,,,,38.132985636,-85.709855229,0.153,7/15/2019 12:00:00 AM,1650,3,3,0,0,CLEAR,DRY,True,SIDESWIPE COLLISION - SAME DIRECTION,SIDESWIPE-SAME DIRECTION,STRAIGHT & LEVEL,DAYLIGHT,,,7/16/2019 8:30:24 AM,True,5198,Accepted,
25352792,0568000,LOUISVILLE METRO POLICE DEPT,Accepted,JEFFERSON,I 0065,,I65 N,,,,,,,,,38.207932986,-85.751642659,132.595,7/15/2019 12:00:00 AM,2356,2,2,0,0,CLEAR,DRY,False,SIDESWIPE COLLISION - SAME DIRECTION,SIDESWIPE-SAME DIRECTION,CURVE & LEVEL,DARK-HWY LIGHTED/ON,,,7/18/2019 10:12:30 AM,False,7912,Accepted,
25347385,0568000,LOUISVILLE METRO POLICE DEPT,Accepted,JEFFERSON,I 0265,,I265 N EXIT33 CROSSOVER KY1447,,,,,,,,,38.297849367,-85.546987146,,7/15/2019 12:00:00 AM,1415,2,2,0,0,CLOUDY,DRY,False,1 VEHICLE ENTERING/LEAVING ENTRANCE,ANGLE,STRAIGHT & LEVEL,DAYLIGHT,,,7/17/2019 8:24:01 AM,False,7703,Accepted,
25367353,0568000,LOUISVILLE METRO POLICE DEPT,Accepted,JEFFERSON,,610,41ST,ST,S,,,,,,,38.255522614,-85.819079503,1.375,7/15/2019 12:00:00 AM,1500,2,2,0,0,CLEAR,DRY,False,1 VEHICLE ENTERING/LEAVING ENTRANCE,ANGLE,STRAIGHT & LEVEL,DAYLIGHT,,,7/22/2019 8:49:19 AM,False,5129,Accepted,
25586573,0568000,LOUISVILLE METRO POLICE DEPT,Accepted,JEFFERSON,I 0064,,,,,,,,,,,38.259320225,-85.724253789,0.044,7/15/2019 12:00:00 AM,1628,2,2,0,0,CLEAR,DRY,False,OTHER RAMP RELATED COLLISIONS NOT LISTED ABOVE,REAR END,CURVE & HILLCREST,DAYLIGHT,I 0064,STORY AVE,9/3/2019 12:58:35 PM,False,7764,Accepted,