IncidentID,AgencyORI,AgencyName,IncidentStatusDesc,County,RdwyNumber,Street,RoadwayName,StreetSfx,StreetDir,IntersectionRdwy,IntersectionRdwyName,BetweenStRdwy1,BetweenStRdwyName1,BetweenStRdwy2,BetweenStRdwyName2,Latitude,Longitude,Milepoint,CollisionDate,CollisionTime,UnitsInvolved,MotorVehiclesInvolved,NumberKilled,NumberInjured,Weather,RdwyConditionCode,HitandRun,DirAnalysisCode,MannerofCollision,RdwyCharacter,LightCondition,RampFromRdwyId,RampToRdwyId,AcceptedDate,IsSecondaryCollision,OwnerBadge,IncidentStatus,
25382759,0568000,LOUISVILLE METRO POLICE DEPT,Accepted,JEFFERSON,,10520,CHARLESWOOD,RD,,,,,,,,38.101105158,-85.662234066,0.164,7/15/2019 12:00:00 AM,1800,1,1,0,0,CLEAR,DRY,False,COLLISION IN PARKING LOT,SINGLE VEHICLE,STRAIGHT & LEVEL,DAYLIGHT,,,7/25/2019 8:50:16 AM,False,7642,Accepted,
25341892,0568000,LOUISVILLE METRO POLICE DEPT,Accepted,JEFFERSON,,208,BONTRESSA,DR,,,,,,,,38.259399610,-85.703762375,0.016,7/15/2019 12:00:00 AM,1802,2,2,0,0,CLOUDY,DRY,False,COLLISION IN PARKING LOT,BACKING,STRAIGHT & LEVEL,DAYLIGHT,,,7/16/2019 8:29:27 AM,False,7403,Accepted,
25506341,0568000,LOUISVILLE METRO POLICE DEPT,Accepted,JEFFERSON,US0031W,,DIXIE,HWY,,,,,,,,38.144194678,-85.839632966,11.654,7/15/2019 12:00:00 AM,1324,2,2,0,0,CLEAR,DRY,False,OTHER ROADWAY OR MID-BLOCK COLLISION,REAR END,STRAIGHT & LEVEL,DAYLIGHT,,,8/19/2019 5:09:50 PM,True,7234,Accepted,
25341883,0568000,LOUISVILLE METRO POLICE DEPT,Accepted,JEFFERSON,KY1065,,OUTER,LOOP,,,,,CAROL,,NOLTEMEYER WYNDE,38.138421959,-85.684395946,6.185,7/15/2019 12:00:00 AM,1159,2,2,0,0,CLEAR,DRY,False,OTHER ROADWAY OR MID-BLOCK COLLISION,REAR END,STRAIGHT & LEVEL,DAYLIGHT,,,7/16/2019 8:28:54 AM,False,2324,Accepted,
25341877,0568000,LOUISVILLE METRO POLICE DEPT,Accepted,JEFFERSON,I 0064,,I64 W,,,,,I 0064,I64 W EXIT12 RAMP TO I264 E,I 0064,I64 W EXIT15 ON RAMP TO KY1747,38.233000398,-85.608529940,13.130,7/15/2019 12:00:00 AM,1423,3,3,0,2,CLOUDY,DRY,False,OTHER ROADWAY OR MID-BLOCK COLLISION,REAR END,STRAIGHT & LEVEL,DAYLIGHT,,,7/16/2019 8:28:25 AM,False,7751,Accepted,
25341853,0568000,LOUISVILLE METRO POLICE DEPT,Accepted,JEFFERSON,I 0065,,I65 S,,,,,,,,,38.219180519,-85.752082699,133.388,7/15/2019 12:00:00 AM,1214,2,2,0,0,CLEAR,DRY,False,OTHER ROADWAY OR MID-BLOCK COLLISION,REAR END,STRAIGHT & LEVEL,DAYLIGHT,,,7/16/2019 8:26:48 AM,False,4903,Accepted,
25341828,0568000,LOUISVILLE METRO POLICE DEPT,Accepted,JEFFERSON,I 0265,,I265 E,,,,,,,,,38.146025357,-85.548143042,19.264,7/15/2019 12:00:00 AM,0756,2,2,0,0,CLEAR,DRY,False,OTHER ROADWAY OR MID-BLOCK COLLISION,REAR END,STRAIGHT & LEVEL,DAYLIGHT,,,7/16/2019 8:25:17 AM,False,4903,Accepted,
25341896,0568000,LOUISVILLE METRO POLICE DEPT,Accepted,JEFFERSON,I 0265,,I265 W,,,,,,,,,38.120706641,-85.630585981,14.268,7/15/2019 12:00:00 AM,1113,1,1,0,0,CLOUDY,DRY,False,OTHER ROADWAY OR MID-BLOCK COLLISION,SINGLE VEHICLE,STRAIGHT & LEVEL,DAYLIGHT,,,7/16/2019 8:29:38 AM,False,4693,Accepted,
25341846,0568000,LOUISVILLE METRO POLICE DEPT,Accepted,JEFFERSON,I 0065,,I65 N,,,,,,,,,38.219417816,-85.751784209,133.410,7/15/2019 12:00:00 AM,0651,4,4,0,0,CLEAR,DRY,True,OTHER ROADWAY OR MID-BLOCK COLLISION,REAR END,CURVE & LEVEL,DAYLIGHT,,,7/16/2019 8:26:39 AM,False,4903,Accepted,
25340302,0560300,ST. MATTHEWS POLICE DEPARTMENT,Accepted,JEFFERSON,I 0264,,,,,,,,,,,38.266224259,-85.624319626,0.078,7/15/2019 12:00:00 AM,0448,2,2,0,0,CLEAR,DRY,False,OTHER RAMP RELATED COLLISIONS NOT LISTED ABOVE,SIDESWIPE-SAME DIRECTION,STRAIGHT & GRADE,DARK-HWY LIGHTED/ON,KY1447,I 0264,7/15/2019 9:44:22 PM,False,9173,Accepted,
25341829,0568000,LOUISVILLE METRO POLICE DEPT,Accepted,JEFFERSON,I 0065,,,,,,,,,,,38.253094465,-85.750361561,0.233,7/15/2019 12:00:00 AM,0814,2,2,0,0,CLEAR,DRY,False,OTHER RAMP RELATED COLLISIONS NOT LISTED ABOVE,SIDESWIPE-SAME DIRECTION,STRAIGHT & LEVEL,DAYLIGHT,I 0065,E JEFFERSON ST,7/16/2019 8:25:23 AM,False,7463,Accepted,
25341889,0568000,LOUISVILLE METRO POLICE DEPT,Accepted,JEFFERSON,I 0065,,,,,,,,,,,38.113876272,-85.696010023,0.154,7/15/2019 12:00:00 AM,1512,2,2,0,0,CLEAR,DRY,True,OTHER RAMP RELATED COLLISIONS NOT LISTED ABOVE,SIDESWIPE-SAME DIRECTION,CURVE & GRADE,DAYLIGHT,I 0065,I 0065,7/16/2019 8:29:18 AM,False,7243,Accepted,
25341890,0568000,LOUISVILLE METRO POLICE DEPT,Accepted,JEFFERSON,I 0071,,,,,,,,,,,38.275604145,-85.697603732,0.233,7/15/2019 12:00:00 AM,1710,2,2,0,0,CLOUDY,DRY,False,OTHER RAMP RELATED COLLISIONS NOT LISTED ABOVE,REAR END,CURVE & LEVEL,DAYLIGHT,I 0071,ZORN AVE,7/16/2019 8:29:23 AM,False,7403,Accepted,
25341863,0568000,LOUISVILLE METRO POLICE DEPT,Accepted,JEFFERSON,I 0064,,,,,,,,,,,38.275609303,-85.808077572,0.215,7/15/2019 12:00:00 AM,1222,2,2,0,0,CLOUDY,DRY,False,OTHER RAMP RELATED COLLISIONS NOT LISTED ABOVE,REAR END,CURVE & GRADE,DAYLIGHT,I 0064,I 0064,7/16/2019 8:27:25 AM,False,7944,Accepted,
25341907,0568000,LOUISVILLE METRO POLICE DEPT,Accepted,JEFFERSON,I 0264,,,,,,,,,,,38.210578236,-85.670975851,0.321,7/15/2019 12:00:00 AM,1928,2,2,0,0,CLOUDY,DRY,False,OTHER RAMP RELATED COLLISIONS NOT LISTED ABOVE,REAR END,CURVE & LEVEL,DAYLIGHT,I 0264,US31E S,7/16/2019 8:31:15 AM,False,6947,Accepted,
25341908,0568000,LOUISVILLE METRO POLICE DEPT,Accepted,JEFFERSON,I 0264,,,,,,,,,,,38.197314223,-85.705506872,0.098,7/15/2019 12:00:00 AM,2214,2,2,0,0,CLOUDY,DRY,False,OTHER RAMP RELATED COLLISIONS NOT LISTED ABOVE,REAR END,CURVE & GRADE,DARK-HWY LIGHTED/ON,I 0264,KY0864,7/16/2019 8:31:35 AM,False,2395,Accepted,
25341850,0568000,LOUISVILLE METRO POLICE DEPT,Accepted,JEFFERSON,I 0065,,,,,,,,,,,38.242305826,-85.752628148,0.005,7/15/2019 12:00:00 AM,1034,2,2,0,0,CLEAR,DRY,False,OTHER RAMP RELATED COLLISIONS NOT LISTED ABOVE,REAR END,STRAIGHT & LEVEL,DAYLIGHT,I 0065,S BROOK ST,7/16/2019 8:26:44 AM,False,4903,Accepted,
25341862,0568000,LOUISVILLE METRO POLICE DEPT,Accepted,JEFFERSON,I 0064,,,,,,,,,,,38.276600679,-85.806973868,0.302,7/15/2019 12:00:00 AM,1222,1,1,0,1,CLOUDY,DRY,False,COLLISION WITH FIXED OBJECT NOT IN GORE ,SINGLE VEHICLE,CURVE & GRADE,DAYLIGHT,I 0064,I 0064,7/16/2019 8:27:21 AM,False,7944,Accepted,
25402949,0568000,LOUISVILLE METRO POLICE DEPT,Accepted,JEFFERSON,I 0064,,I64 W,,,,,,,,,38.277411981,-85.801176526,1.404,7/14/2019 12:00:00 AM,1631,3,3,1,1,CLEAR,DRY,False,OTHER ROADWAY OR MID-BLOCK COLLISION,REAR END,STRAIGHT & GRADE,DAYLIGHT,,,7/30/2019 8:17:53 AM,False,2142,Accepted,
25337114,0568000,LOUISVILLE METRO POLICE DEPT,Accepted,JEFFERSON,I 0065,,,,,,,,,,,38.184755964,-85.723778038,0.012,7/14/2019 12:00:00 AM,1635,2,2,0,0,CLEAR,DRY,False,OTHER RAMP RELATED COLLISIONS NOT LISTED ABOVE,REAR END,STRAIGHT & LEVEL,DAYLIGHT,I 0065,I 0264,7/15/2019 9:06:25 AM,False,6148,Accepted,
25341861,0568000,LOUISVILLE METRO POLICE DEPT,Accepted,JEFFERSON,I 0064,,,,,,,,,,,38.270967196,-85.782595753,0.147,7/14/2019 12:00:00 AM,1727,2,2,0,0,CLEAR,DRY,False,OTHER RAMP RELATED COLLISIONS NOT LISTED ABOVE,REAR END,STRAIGHT & GRADE,DAYLIGHT,I 0064,US31W,7/16/2019 8:27:18 AM,False,7805,Accepted,
25367354,0568000,LOUISVILLE METRO POLICE DEPT,Accepted,JEFFERSON,,1140,OAK,ST,E,,,,,,,38.234212825,-85.731801144,1.321,7/14/2019 12:00:00 AM,0418,1,1,0,0,BLOWING SAND/SOIL/DIRT/SNOW,DRY,True,OTHER ROADWAY OR MID-BLOCK COLLISION,SINGLE VEHICLE,STRAIGHT & LEVEL,DARK (UNKNOWN ROADWAY LIGHTING),,,7/22/2019 8:49:24 AM,False,5050,Accepted,
25337056,0568000,LOUISVILLE METRO POLICE DEPT,Accepted,JEFFERSON,,1501,RUNDILL,RD,,,UPPILL,,,,,38.167924713,-85.790321600,2.172,7/14/2019 12:00:00 AM,1050,2,2,0,0,CLEAR,DRY,False,COLLISION IN PARKING LOT,ANGLE,STRAIGHT & GRADE,DAYLIGHT,,,7/15/2019 9:02:04 AM,False,5220,Accepted,
25337031,0568000,LOUISVILLE METRO POLICE DEPT,Accepted,JEFFERSON,KY1447,9493,WESTPORT,RD,,,,,,,,38.287285671,-85.573077668,5.190,7/14/2019 12:00:00 AM,0515,2,2,0,0,CLEAR,DRY,True,COLLISION IN PARKING LOT,REAR END,STRAIGHT & LEVEL,DARK-HWY NOT LIGHTED,,,7/15/2019 8:59:26 AM,False,5128,Accepted,
25337111,0568000,LOUISVILLE METRO POLICE DEPT,Accepted,JEFFERSON,,,WATTBOURNE,LN,,,,,,,,38.184316754,-85.604721992,0.123,7/14/2019 12:00:00 AM,1400,2,1,0,0,CLEAR,DRY,True,COLLISION IN PARKING LOT,SINGLE VEHICLE,STRAIGHT & LEVEL,DAYLIGHT,,,7/15/2019 9:06:15 AM,False,5159,Accepted,
25341914,0568000,LOUISVILLE METRO POLICE DEPT,Accepted,JEFFERSON,KY0061,8315,PRESTON,HWY,,,,,TRIO,,SERENITY HOPE,38.131605430,-85.682951893,3.453,7/14/2019 12:00:00 AM,1348,1,1,0,0,CLEAR,DRY,False,COLLISION IN PARKING LOT,SINGLE VEHICLE,STRAIGHT & LEVEL,DAYLIGHT,,,7/16/2019 8:32:06 AM,False,7669,Accepted,
25337065,0568000,LOUISVILLE METRO POLICE DEPT,Accepted,JEFFERSON,I 0065,,,,,,,,,,,38.248307927,-85.751911190,0.005,7/14/2019 12:00:00 AM,1149,2,2,0,1,CLEAR,DRY,False,OTHER RAMP RELATED COLLISIONS NOT LISTED ABOVE,ANGLE,STRAIGHT & LEVEL,DAYLIGHT,I 0065,S BROOK ST,7/15/2019 9:02:38 AM,False,2403,Accepted,
25337117,0568000,LOUISVILLE METRO POLICE DEPT,Accepted,JEFFERSON,,5008,INDIAN,TRL,E,,,,,,,38.183153255,-85.667994550,2.444,7/14/2019 12:00:00 AM,1957,2,2,0,0,CLEAR,DRY,True,SIDESWIPE COLLISION - OPPOSITE DIRECTION,SIDESWIPE-OPPOSITE DIRECTION,STRAIGHT & LEVEL,DAYLIGHT,,,7/15/2019 9:06:40 AM,False,5001,Accepted,
25337125,0568000,LOUISVILLE METRO POLICE DEPT,Accepted,JEFFERSON,I 0265,,I265 E,,,,,,,,,38.114545764,-85.662481402,12.481,7/14/2019 12:00:00 AM,1941,2,2,0,2,CLEAR,DRY,False,SIDESWIPE COLLISION - SAME DIRECTION,SIDESWIPE-SAME DIRECTION,STRAIGHT & LEVEL,DAYLIGHT,,,7/15/2019 9:07:14 AM,False,5042,Accepted,
25337110,0568000,LOUISVILLE METRO POLICE DEPT,Accepted,JEFFERSON,US0031W,1800,22ND,ST,S,,,,,,,38.225094124,-85.794386977,17.869,7/14/2019 12:00:00 AM,1454,2,2,0,0,CLEAR,DRY,False,SIDESWIPE COLLISION - SAME DIRECTION,SIDESWIPE-SAME DIRECTION,STRAIGHT & LEVEL,DAYLIGHT,,,7/15/2019 9:06:12 AM,False,7070,Accepted,
25337070,0568000,LOUISVILLE METRO POLICE DEPT,Accepted,JEFFERSON,I 0064,,I64 E,,,,,,,,,38.223015932,-85.522437854,18.067,7/14/2019 12:00:00 AM,1550,2,2,0,0,CLEAR,DRY,False,SIDESWIPE COLLISION - SAME DIRECTION,SIDESWIPE-SAME DIRECTION,CURVE & GRADE,DAYLIGHT,,,7/15/2019 9:03:15 AM,False,6953,Accepted,
25337020,0568000,LOUISVILLE METRO POLICE DEPT,Accepted,JEFFERSON,,,MORTON,AVE,,,,,RUBEL,US0031E,BAXTER,38.240961950,-85.726159257,0.060,7/14/2019 12:00:00 AM,0057,2,2,0,0,CLEAR,DRY,False,SIDESWIPE COLLISION - SAME DIRECTION,SIDESWIPE-SAME DIRECTION,STRAIGHT & LEVEL,DARK-HWY LIGHTED/ON,,,7/15/2019 8:58:23 AM,False,7049,Accepted,
25337171,0568000,LOUISVILLE METRO POLICE DEPT,Accepted,JEFFERSON,KY2053,,MT WASHINGTON,RD,,,LEVEN,,,,,38.090083293,-85.649568072,1.048,7/14/2019 12:00:00 AM,1854,2,2,0,2,CLEAR,DRY,False,HEAD-ON COLLISION,HEAD ON,CURVE & LEVEL,DAYLIGHT,,,7/15/2019 9:07:51 AM,False,5184,Accepted,
25337032,0568000,LOUISVILLE METRO POLICE DEPT,Accepted,JEFFERSON,KY2054,,ALGONQUIN,PKWY,,,7TH,,,,,38.219966904,-85.777308314,2.512,7/14/2019 12:00:00 AM,0106,2,2,0,0,CLEAR,DRY,False,HEAD-ON COLLISION,HEAD ON,STRAIGHT & LEVEL,DAYLIGHT,,,7/15/2019 8:59:30 AM,False,5039,Accepted,
25337053,0568000,LOUISVILLE METRO POLICE DEPT,Accepted,JEFFERSON,,,BRUCE,AVE,,KY1142,PALATKA,,,,,38.151929188,-85.784583253,0.901,7/14/2019 12:00:00 AM,1051,2,2,0,0,CLEAR,DRY,False,HEAD-ON COLLISION,HEAD ON,STRAIGHT & HILLCREST,DAYLIGHT,,,7/15/2019 9:01:53 AM,False,7202,Accepted,
25337030,0568000,LOUISVILLE METRO POLICE DEPT,Accepted,JEFFERSON,,,JEFFERSON,ST,E,,,KY0061,PRESTON,KY0061,JACKSON,38.252676620,-85.746331451,0.736,7/14/2019 12:00:00 AM,0500,2,2,0,2,CLEAR,DRY,False,REAR END IN TRAFFIC LANES BOTH VEHICLES MOVING,REAR END,STRAIGHT & LEVEL,DARK-HWY LIGHTED/ON,,,7/15/2019 8:59:22 AM,False,5199,Accepted,
25337052,0568000,LOUISVILLE METRO POLICE DEPT,Accepted,JEFFERSON,US0031E,,BARDSTOWN,RD,,,,,,,,38.212200076,-85.672150815,12.100,7/14/2019 12:00:00 AM,1148,2,2,0,0,CLEAR,DRY,False,REAR END IN TRAFFIC LANES BOTH VEHICLES MOVING,REAR END,STRAIGHT & LEVEL,DAYLIGHT,,,7/15/2019 9:01:47 AM,False,2278,Accepted,
25337024,0568000,LOUISVILLE METRO POLICE DEPT,Accepted,JEFFERSON,I 0264,,I264 E,,,,,,,,,38.223523042,-85.646054888,17.287,7/14/2019 12:00:00 AM,0008,2,2,0,0,CLEAR,DRY,False,REAR END IN TRAFFIC LANES BOTH VEHICLES MOVING,REAR END,STRAIGHT & LEVEL,DARK-HWY LIGHTED/ON,,,7/15/2019 8:58:39 AM,False,5146,Accepted,
25337122,0568000,LOUISVILLE METRO POLICE DEPT,Accepted,JEFFERSON,,5009,ROSETTE,BLVD,,,,,,,,38.170796776,-85.668104627,0.054,7/14/2019 12:00:00 AM,2010,2,2,0,0,CLEAR,DRY,True,1 VEHICLE PARKED POSITION (NOT PARKING LOT/DRIVEWAY),REAR END,STRAIGHT & LEVEL,DAYLIGHT,,,7/15/2019 9:07:01 AM,False,7045,Accepted,
25337112,0568000,LOUISVILLE METRO POLICE DEPT,Accepted,JEFFERSON,,3118,DUMESNIL,ST,,,,,,,,38.237349798,-85.807022775,0.720,7/14/2019 12:00:00 AM,,3,3,0,0,CLEAR,DRY,True,1 VEHICLE PARKED POSITION (NOT PARKING LOT/DRIVEWAY),SIDESWIPE-SAME DIRECTION,STRAIGHT & LEVEL,DAYLIGHT,,,7/15/2019 9:06:17 AM,False,5179,Accepted,
25337167,0568000,LOUISVILLE METRO POLICE DEPT,Accepted,JEFFERSON,,300 BLK,CLAY,ST,N,,,,,,,38.256884726,-85.739436985,0.146,7/14/2019 12:00:00 AM,2158,2,2,0,0,CLEAR,DRY,False,1 VEHICLE PARKED POSITION (NOT PARKING LOT/DRIVEWAY),SIDESWIPE-SAME DIRECTION,STRAIGHT & LEVEL,DARK-HWY LIGHTED/ON,,,7/15/2019 9:07:38 AM,False,7325,Accepted,
25337118,0568000,LOUISVILLE METRO POLICE DEPT,Accepted,JEFFERSON,KY1865,,TAYLOR,BLVD,,,ARLING,,,,,38.173419771,-85.782175368,4.597,7/14/2019 12:00:00 AM,1036,2,2,0,0,CLEAR,DRY,False,SIDESWIPE-SAME DIRECTION,SIDESWIPE-SAME DIRECTION,STRAIGHT & LEVEL,DAYLIGHT,,,7/15/2019 9:06:43 AM,False,7183,Accepted,
25337075,0568000,LOUISVILLE METRO POLICE DEPT,Accepted,JEFFERSON,,,FURMAN,BLVD,,,KINGS,,,,,38.220109275,-85.646423134,0.075,7/14/2019 12:00:00 AM,1659,2,2,0,0,CLEAR,DRY,False,SIDESWIPE-SAME DIRECTION,SIDESWIPE-SAME DIRECTION,STRAIGHT & LEVEL,DAYLIGHT,,,7/15/2019 9:03:28 AM,False,7059,Accepted,
25337076,0568000,LOUISVILLE METRO POLICE DEPT,Accepted,JEFFERSON,KY0864,,POPLAR LEVEL,RD,,,JEFFERSON,,,,,38.160169521,-85.671336953,8.053,7/14/2019 12:00:00 AM,1231,2,2,0,0,CLEAR,DRY,True,SIDESWIPE-SAME DIRECTION,SIDESWIPE-SAME DIRECTION,STRAIGHT & LEVEL,DAYLIGHT,,,7/15/2019 9:03:34 AM,False,7451,Accepted,
25352692,0568000,LOUISVILLE METRO POLICE DEPT,Accepted,JEFFERSON,I 0064,,I64 W,,,I 0064,I64 W EXIT3 OFF RAMP TO US31W,,,,,38.269983575,-85.782241609,2.599,7/14/2019 12:00:00 AM,1807,2,2,0,0,CLEAR,DRY,False,SIDESWIPE-SAME DIRECTION,SIDESWIPE-SAME DIRECTION,STRAIGHT & GRADE,DAYLIGHT,,,7/18/2019 10:08:09 AM,False,7361,Accepted,
25337019,0568000,LOUISVILLE METRO POLICE DEPT,Accepted,JEFFERSON,US0031E,,BARDSTOWN,RD,,US0060A,EASTERN,,,,,38.231997022,-85.709320453,14.626,7/14/2019 12:00:00 AM,0006,2,2,0,0,CLEAR,DRY,False,SIDESWIPE-SAME DIRECTION,SIDESWIPE-SAME DIRECTION,STRAIGHT & LEVEL,DARK-HWY LIGHTED/ON,,,7/15/2019 8:58:19 AM,False,7049,Accepted,
25337115,0568000,LOUISVILLE METRO POLICE DEPT,Accepted,JEFFERSON,KY1931,,GREENWOOD,RD,,,ELNORA,,,,,38.143778844,-85.846799430,2.669,7/14/2019 12:00:00 AM,1724,3,3,0,0,CLEAR,DRY,False,OTHER INTERSECTION COLLISIONS,REAR END,STRAIGHT & LEVEL,DAYLIGHT,,,7/15/2019 9:06:28 AM,False,7992,Accepted,
25337123,0568000,LOUISVILLE METRO POLICE DEPT,Accepted,JEFFERSON,KY1020,,SOUTHSIDE,DR,,KY1020,NATIONAL,,,,,38.152551974,-85.765684389,5.820,7/14/2019 12:00:00 AM,0014,2,2,0,0,CLEAR,DRY,True,OTHER INTERSECTION COLLISIONS,REAR END,STRAIGHT & LEVEL,DARK-HWY LIGHTED/ON,,,7/15/2019 9:07:05 AM,False,7198,Accepted,
25337165,0568000,LOUISVILLE METRO POLICE DEPT,Accepted,JEFFERSON,KY0864,,POPLAR LEVEL,RD,,,GILMORE,,,,,38.182686510,-85.698374214,10.289,7/14/2019 12:00:00 AM,2330,2,2,0,0,CLEAR,DRY,True,OTHER INTERSECTION COLLISIONS,REAR END,STRAIGHT & LEVEL,DARK-HWY LIGHTED/ON,,,7/15/2019 9:07:32 AM,False,5165,Accepted,
25337126,0568000,LOUISVILLE METRO POLICE DEPT,Accepted,JEFFERSON,KY1065,,OUTER,LOOP,,,NOLTEMEYER WYNDE,,,,,38.138153951,-85.680482330,6.407,7/14/2019 12:00:00 AM,2320,2,2,0,0,CLEAR,DRY,False,OTHER INTERSECTION COLLISIONS,REAR END,STRAIGHT & LEVEL,DARK-HWY LIGHTED/ON,,,7/15/2019 9:07:18 AM,False,5042,Accepted,
25341895,0568000,LOUISVILLE METRO POLICE DEPT,Accepted,JEFFERSON,I 0264,,I264 W,,,I 0264,I264 W EXIT10 OFF RAMP TO KY1020,,,,,38.190202886,-85.760524281,10.485,7/14/2019 12:00:00 AM,1414,2,2,0,0,CLEAR,DRY,False,OTHER INTERSECTION COLLISIONS,REAR END,STRAIGHT & GRADE,DAYLIGHT,,,7/16/2019 8:29:32 AM,False,2142,Accepted,
25337166,0568000,LOUISVILLE METRO POLICE DEPT,Accepted,JEFFERSON,,,HANCOCK,ST,S,,BILLY GOAT STRUT,,,,,38.254334668,-85.741940639,0.047,7/14/2019 12:00:00 AM,2108,2,2,0,0,CLEAR,DRY,False,OTHER INTERSECTION COLLISIONS,REAR END,STRAIGHT & LEVEL,DUSK,,,7/15/2019 9:07:35 AM,False,7325,Accepted,
25337022,0568000,LOUISVILLE METRO POLICE DEPT,Accepted,JEFFERSON,,,RIVER,RD,,,,,LIME KILN,,JUNIPER BEACH,38.315674309,-85.647366693,3.714,7/14/2019 12:00:00 AM,0103,1,1,0,0,CLEAR,DRY,False,COLLISION WITH FIXED OBJECT NON - INTERSECTION - FIRST EVENT COLLISION 09 - 32 EXCLUDING 16,SINGLE VEHICLE,CURVE & LEVEL,DARK-HWY NOT LIGHTED,,,7/15/2019 8:58:31 AM,False,5128,Accepted,
25337038,0568000,LOUISVILLE METRO POLICE DEPT,Accepted,JEFFERSON,US0031W,13013,DIXIE,HWY,,,,,,,,38.064990501,-85.885373757,5.487,7/14/2019 12:00:00 AM,0844,1,1,0,1,CLOUDY,DRY,False,COLLISION WITH FIXED OBJECT NON - INTERSECTION - FIRST EVENT COLLISION 09 - 32 EXCLUDING 16,SINGLE VEHICLE,CURVE & LEVEL,DAYLIGHT,,,7/15/2019 8:59:53 AM,False,2461,Accepted,
25378038,0568000,LOUISVILLE METRO POLICE DEPT,Accepted,JEFFERSON,,,7TH,ST,S,,HILL,,,,,38.226761918,-85.769005441,0.658,7/14/2019 12:00:00 AM,1406,2,2,0,0,CLEAR,DRY,False,OTHER INTERSECTION COLLISIONS,REAR END,STRAIGHT & LEVEL,DAYLIGHT,,,7/24/2019 8:44:53 AM,False,7132,Accepted,
25337103,0568000,LOUISVILLE METRO POLICE DEPT,Accepted,JEFFERSON,,,DORSEY,LN,,,WARD,,,,,38.254231169,-85.558722862,0.729,7/14/2019 12:00:00 AM,1423,2,2,0,3,CLEAR,DRY,False,OPPOSING LEFT TURN,OPPOSING LEFT TURN,STRAIGHT & HILLCREST,DAYLIGHT,,,7/15/2019 9:05:52 AM,False,7858,Accepted,
25337062,0568000,LOUISVILLE METRO POLICE DEPT,Accepted,JEFFERSON,,,MARKET,ST,W,,42ND,,,,,38.263234795,-85.818368493,1.772,7/14/2019 12:00:00 AM,1311,3,3,0,0,CLEAR,DRY,False,OPPOSING LEFT TURN,OPPOSING LEFT TURN,STRAIGHT & LEVEL,DAYLIGHT,,,7/15/2019 9:02:23 AM,False,7439,Accepted,
25397926,0568000,LOUISVILLE METRO POLICE DEPT,Accepted,JEFFERSON,KY1230,,LOWER RIVER,RD,,KY1849,MOORMAN,,,,,38.096026511,-85.893245328,2.465,7/14/2019 12:00:00 AM,1646,2,2,0,2,CLEAR,DRY,False,OPPOSING LEFT TURN,OPPOSING LEFT TURN,STRAIGHT & LEVEL,DAYLIGHT,,,7/29/2019 8:46:40 AM,False,2509,Accepted,
25337124,0568000,LOUISVILLE METRO POLICE DEPT,Accepted,JEFFERSON,,,KNOLL GATE,RD,,KY1865,NEW CUT,,,,,38.161618707,-85.779173993,,7/14/2019 12:00:00 AM,2321,2,2,0,0,CLEAR,DRY,False,OPPOSITE DIRECTION - BOTH VEHICLES GOING STRAIGHT AHEAD,SIDESWIPE-OPPOSITE DIRECTION,STRAIGHT & LEVEL,DUSK,,,7/15/2019 9:07:09 AM,False,5059,Accepted,
25433370,0568000,LOUISVILLE METRO POLICE DEPT,Accepted,JEFFERSON,I 0065,,,,,I 0065,I65 S,,,,,38.121692704,-85.702088759,0.007,7/14/2019 12:00:00 AM,1735,2,2,0,0,CLEAR,DRY,False,SIDESWIPE-SAME DIRECTION,SIDESWIPE-SAME DIRECTION,STRAIGHT & LEVEL,DAYLIGHT,,,8/6/2019 8:35:03 AM,False,7269,Accepted,
25337040,0568000,LOUISVILLE METRO POLICE DEPT,Accepted,JEFFERSON,KY1865,,TAYLOR,BLVD,,,BEECHER,,,,,38.191658586,-85.783271800,5.877,7/14/2019 12:00:00 AM,0956,2,2,0,0,CLEAR,DRY,False,ANGLE COLLISION - ONE VEHICLE TURNING LEFT,ANGLE,STRAIGHT & LEVEL,DAYLIGHT,,,7/15/2019 8:59:58 AM,False,7433,Accepted,
25337025,0568000,LOUISVILLE METRO POLICE DEPT,Accepted,JEFFERSON,KY2052,,SHEPHERDSVILLE,RD,,,ACAPOLCA,,,,,38.153640709,-85.659671836,1.035,7/14/2019 12:00:00 AM,0315,2,2,0,1,CLEAR,DRY,False,COLLISION WITH PARKED VEHICLE,HEAD ON,STRAIGHT & LEVEL,DARK-HWY LIGHTED/ON,,,7/15/2019 8:58:51 AM,False,7415,Accepted,
25337069,0568000,LOUISVILLE METRO POLICE DEPT,Accepted,JEFFERSON,,,BALLARD,ST,,,WENZEL,,,,,38.250671424,-85.734406183,0.037,7/14/2019 12:00:00 AM,1313,2,2,0,0,CLEAR,DRY,False,COLLISION WITH PARKED VEHICLE,BACKING,STRAIGHT & LEVEL,DAYLIGHT,,,7/15/2019 9:03:02 AM,False,5168,Accepted,
25337121,0568000,LOUISVILLE METRO POLICE DEPT,Accepted,JEFFERSON,KY1703,,NEWBURG,RD,,,BELLARMINE,,,,,38.216974782,-85.707795074,3.843,7/14/2019 12:00:00 AM,0200,1,1,0,0,CLEAR,DRY,False,COLLISION WITH FIXED OBJECT IN INTERSECTION - FIRST EVENT COLLISION 09 - 32,SINGLE VEHICLE,CURVE & HILLCREST,DARK-HWY LIGHTED/ON,,,7/15/2019 9:06:56 AM,False,2192,Accepted,