IncidentID,AgencyORI,AgencyName,IncidentStatusDesc,County,RdwyNumber,Street,RoadwayName,StreetSfx,StreetDir,IntersectionRdwy,IntersectionRdwyName,BetweenStRdwy1,BetweenStRdwyName1,BetweenStRdwy2,BetweenStRdwyName2,Latitude,Longitude,Milepoint,CollisionDate,CollisionTime,UnitsInvolved,MotorVehiclesInvolved,NumberKilled,NumberInjured,Weather,RdwyConditionCode,HitandRun,DirAnalysisCode,MannerofCollision,RdwyCharacter,LightCondition,RampFromRdwyId,RampToRdwyId,AcceptedDate,IsSecondaryCollision,OwnerBadge,IncidentStatus,
25596875,0568000,LOUISVILLE METRO POLICE DEPT,Accepted,JEFFERSON,KY0061,,PRESTON,ST,S,,WOODBINE,,,,,38.228950652,-85.750352282,11.109,7/14/2019 12:00:00 AM,2233,2,1,0,1,CLEAR,DRY,False,COLLISION WITH PEDESTRIAN IN INTERSECTION,SINGLE VEHICLE,STRAIGHT & LEVEL,DARK-HWY LIGHTED/ON,,,9/5/2019 9:06:35 AM,False,7450,Accepted,
25337028,0568000,LOUISVILLE METRO POLICE DEPT,Accepted,JEFFERSON,KY1703,,BAXTER,AVE,,,HEPBURN,,,,,38.239118732,-85.723424126,5.597,7/14/2019 12:00:00 AM,0023,2,1,0,1,CLEAR,DRY,False,COLLISION WITH BICYCLE IN INTERSECTION,SINGLE VEHICLE,STRAIGHT & LEVEL,DARK-HWY LIGHTED/ON,,,7/15/2019 8:59:13 AM,False,5240,Accepted,
25352690,0568000,LOUISVILLE METRO POLICE DEPT,Accepted,JEFFERSON,KY1727,,TERRY,RD,,,GRANDEL,,,,,38.155586511,-85.868324456,2.367,7/14/2019 12:00:00 AM,1814,2,2,0,1,CLEAR,DRY,False,ANGLE COLLISION - OTHER,ANGLE,STRAIGHT & LEVEL,DAYLIGHT,,,7/18/2019 10:08:01 AM,False,7496,Accepted,
25337068,0568000,LOUISVILLE METRO POLICE DEPT,Accepted,JEFFERSON,US0031W,,22ND,ST,S,,MAIN,,,,,38.259927176,-85.786296544,20.299,7/14/2019 12:00:00 AM,1549,2,2,0,2,CLEAR,DRY,True,ANGLE COLLISION - OTHER,ANGLE,STRAIGHT & LEVEL,DAYLIGHT,,,7/15/2019 9:02:54 AM,False,7988,Accepted,
25337116,0568000,LOUISVILLE METRO POLICE DEPT,Accepted,JEFFERSON,,,CLAY,ST,S,US0150,BROADWAY,,,,,38.244837662,-85.741544557,0.708,7/14/2019 12:00:00 AM,1914,2,2,0,1,CLEAR,DRY,False,ANGLE COLLISION - OTHER,ANGLE,STRAIGHT & LEVEL,DAYLIGHT,,,7/15/2019 9:06:33 AM,False,7852,Accepted,
25337113,0568000,LOUISVILLE METRO POLICE DEPT,Accepted,JEFFERSON,,,28TH,ST,S,,BROADWAY,,,,,38.249495519,-85.798134314,0.791,7/14/2019 12:00:00 AM,1828,2,2,0,0,CLEAR,DRY,False,ANGLE COLLISION - OTHER,ANGLE,STRAIGHT & LEVEL,DUSK,,,7/15/2019 9:06:21 AM,False,7386,Accepted,
25337170,0568000,LOUISVILLE METRO POLICE DEPT,Accepted,JEFFERSON,,,HALE,AVE,,US0031W,22ND,,,,,38.238377268,-85.790152966,0.644,7/14/2019 12:00:00 AM,1956,2,2,0,9,CLEAR,DRY,False,ANGLE COLLISION - OTHER,ANGLE,STRAIGHT & LEVEL,DAYLIGHT,,,7/15/2019 9:07:46 AM,False,7481,Accepted,
25357660,0568000,LOUISVILLE METRO POLICE DEPT,Accepted,JEFFERSON,,,THOMPSON,LN,,,PAGES,,,,,38.130412790,-85.863137248,0.017,7/14/2019 12:00:00 AM,1700,2,2,0,0,CLEAR,DRY,False,ANGLE COLLISION - OTHER,ANGLE,STRAIGHT & LEVEL,DAYLIGHT,,,7/19/2019 10:04:17 AM,False,7267,Accepted,
25337021,0568000,LOUISVILLE METRO POLICE DEPT,Accepted,JEFFERSON,,,BUECHEL BANK,RD,,,LAMBERT,,,,,38.183242937,-85.648244024,0.631,7/14/2019 12:00:00 AM,2334,2,2,0,0,CLEAR,DRY,False,ANGLE COLLISION - OTHER,ANGLE,STRAIGHT & LEVEL,DARK-HWY LIGHTED/OFF,,,7/15/2019 8:58:27 AM,False,7492,Accepted,
25367630,0568000,LOUISVILLE METRO POLICE DEPT,Accepted,JEFFERSON,,,PHILLIPS,LN,,,MONARCH,,,,,38.197171703,-85.732656370,1.211,7/14/2019 12:00:00 AM,1612,2,2,0,0,CLEAR,DRY,False,ANGLE COLLISION - OTHER,ANGLE,STRAIGHT & LEVEL,DAYLIGHT,,,7/22/2019 9:13:19 AM,False,7938,Accepted,
25336938,0568000,LOUISVILLE METRO POLICE DEPT,Accepted,JEFFERSON,,,LILLIAN,AVE,,,SHARP,,,,,38.215250701,-85.780532175,0.626,7/13/2019 12:00:00 AM,0120,2,2,0,0,CLEAR,DRY,True,ANGLE COLLISION - OTHER,ANGLE,STRAIGHT & LEVEL,DARK-HWY NOT LIGHTED,,,7/15/2019 8:53:24 AM,False,5183,Accepted,
25336989,0568000,LOUISVILLE METRO POLICE DEPT,Accepted,JEFFERSON,US0031E,,BARDSTOWN,RD,,,DUNDEE,,,,,38.225185723,-85.695236780,13.722,7/13/2019 12:00:00 AM,1509,2,2,0,0,CLEAR,DRY,False,ANGLE COLLISION - OTHER,ANGLE,STRAIGHT & LEVEL,DAYLIGHT,,,7/15/2019 8:56:48 AM,False,2278,Accepted,
25336925,0568000,LOUISVILLE METRO POLICE DEPT,Accepted,JEFFERSON,KY1065,,OUTER,LOOP,,KY1020,NATIONAL,,,,,38.126947071,-85.749027195,2.517,7/13/2019 12:00:00 AM,0200,2,2,0,0,CLEAR,DRY,True,ANGLE COLLISION - OTHER,ANGLE,STRAIGHT & LEVEL,DARK-HWY LIGHTED/ON,,,7/15/2019 8:52:26 AM,False,7975,Accepted,
25336992,0568000,LOUISVILLE METRO POLICE DEPT,Accepted,JEFFERSON,,,BURNETT,AVE,E,,HANCOCK,,,,,38.225724545,-85.746899343,0.543,7/13/2019 12:00:00 AM,1618,2,2,0,0,CLEAR,DRY,False,ANGLE COLLISION - OTHER,ANGLE,STRAIGHT & LEVEL,DAYLIGHT,,,7/15/2019 8:57:03 AM,False,7418,Accepted,
25336983,0568000,LOUISVILLE METRO POLICE DEPT,Accepted,JEFFERSON,,,CHESTNUT,ST,W,US0031W,22ND,,,,,38.252258605,-85.787674748,0.727,7/13/2019 12:00:00 AM,1249,3,3,0,2,CLEAR,DRY,False,ANGLE COLLISION - OTHER,ANGLE,STRAIGHT & LEVEL,DAYLIGHT,,,7/15/2019 8:56:37 AM,False,5251,Accepted,
25337102,0568000,LOUISVILLE METRO POLICE DEPT,Accepted,JEFFERSON,,,RIVER,RD,,,CAPTAINS QUARTERS,,,,,38.326773101,-85.640391446,4.575,7/13/2019 12:00:00 AM,1424,2,2,0,0,CLEAR,DRY,False,ANGLE COLLISION - OTHER,ANGLE,STRAIGHT & LEVEL,DAYLIGHT,,,7/15/2019 9:05:31 AM,False,7858,Accepted,
25337033,0568000,LOUISVILLE METRO POLICE DEPT,Accepted,JEFFERSON,,,PETERSBURG,RD,,,INDIAN,,,,,38.184145236,-85.666182786,0.511,7/13/2019 12:00:00 AM,2201,2,2,0,0,CLEAR,DRY,False,ANGLE COLLISION - OTHER,ANGLE,STRAIGHT & LEVEL,DARK-HWY LIGHTED/ON,,,7/15/2019 8:59:34 AM,False,7045,Accepted,
25337034,0568000,LOUISVILLE METRO POLICE DEPT,Accepted,JEFFERSON,KY1865,,NEW CUT,RD,,,CANDLELIGHT,,,,,38.129862509,-85.773858582,1.528,7/13/2019 12:00:00 AM,2323,2,2,0,1,CLEAR,DRY,False,ANGLE COLLISION - OTHER,ANGLE,CURVE & HILLCREST,DARK-HWY LIGHTED/ON,,,7/15/2019 8:59:39 AM,False,5209,Accepted,
25337013,0568000,LOUISVILLE METRO POLICE DEPT,Accepted,JEFFERSON,US0150,,BROADWAY,,W,US0031W,DR W J HODGE,,,,,38.249165696,-85.786522942,0.825,7/13/2019 12:00:00 AM,0612,1,1,0,1,CLEAR,DRY,False,COLLISION WITH FIXED OBJECT IN INTERSECTION - FIRST EVENT COLLISION 09 - 32,SINGLE VEHICLE,STRAIGHT & LEVEL,DAWN,,,7/15/2019 8:58:07 AM,False,5021,Accepted,
25336930,0568000,LOUISVILLE METRO POLICE DEPT,Accepted,JEFFERSON,KY1747,,FERN VALLEY,RD,,I 0065,I65 S EXIT128 ON RAMP FROM KY1631 W,,,,,38.157764546,-85.718362930,0.758,7/13/2019 12:00:00 AM,0523,1,1,0,0,CLEAR,DRY,False,COLLISION WITH FIXED OBJECT IN INTERSECTION - FIRST EVENT COLLISION 09 - 32,SINGLE VEHICLE,CURVE & GRADE,DARK-HWY LIGHTED/ON,,,7/15/2019 8:52:44 AM,False,7423,Accepted,
25337026,0568000,LOUISVILLE METRO POLICE DEPT,Accepted,JEFFERSON,US0031E,,BAXTER,AVE,,,CHRISTY,,,,,38.242074366,-85.725713681,15.782,7/13/2019 12:00:00 AM,1900,2,2,0,0,CLEAR,DRY,False,COLLISION WITH PARKED VEHICLE,SIDESWIPE-OPPOSITE DIRECTION,STRAIGHT & LEVEL,DAYLIGHT,,,7/15/2019 8:58:54 AM,False,5240,Accepted,
25336985,0568000,LOUISVILLE METRO POLICE DEPT,Accepted,JEFFERSON,,,4TH,ST,S,,WINN,,,,,38.199305478,-85.767709968,4.018,7/13/2019 12:00:00 AM,1617,2,2,0,0,CLEAR,DRY,False,ANGLE COLLISION - ONE VEHICLE TURNING LEFT,ANGLE,STRAIGHT & LEVEL,DAYLIGHT,,,7/15/2019 8:56:40 AM,False,5230,Accepted,
25337051,0568000,LOUISVILLE METRO POLICE DEPT,Accepted,JEFFERSON,,,POWELL,AVE,,US0060A,BERRY,,,,,38.196403961,-85.790854581,0.362,7/13/2019 12:00:00 AM,1555,2,2,0,0,CLEAR,DRY,False,OPPOSITE DIRECTION - BOTH VEHICLES GOING STRAIGHT AHEAD,SIDESWIPE-OPPOSITE DIRECTION,STRAIGHT & LEVEL,DAYLIGHT,,,7/15/2019 9:01:30 AM,False,7422,Accepted,
25336997,0568000,LOUISVILLE METRO POLICE DEPT,Accepted,JEFFERSON,KY2845,,MANSLICK,RD,E,,PENNSYLVANIA RUN,,,,,38.123670965,-85.629394681,2.874,7/13/2019 12:00:00 AM,1640,2,2,0,0,CLEAR,DRY,False,VEHICLE BACKING IN INTERSECTION,BACKING,STRAIGHT & LEVEL,DAYLIGHT,,,7/15/2019 8:57:21 AM,False,7278,Accepted,
25336933,0568000,LOUISVILLE METRO POLICE DEPT,Accepted,JEFFERSON,KY1865,,NEW CUT,RD,,KY0841,KY841 RAMP FROM KY1865,,,,,38.118235517,-85.776086018,0.666,7/13/2019 12:00:00 AM,2310,2,2,0,1,CLEAR,DRY,True,OPPOSING LEFT TURN,OPPOSING LEFT TURN,STRAIGHT & LEVEL,DARK-HWY LIGHTED/ON,,,7/15/2019 8:53:03 AM,False,5209,Accepted,
25336947,0568000,LOUISVILLE METRO POLICE DEPT,Accepted,JEFFERSON,KY1931,,GREENWOOD,RD,,,PINTAIL,,,,,38.147398319,-85.889535731,0.364,7/13/2019 12:00:00 AM,0847,2,2,0,0,CLEAR,DRY,False,REAR END - ONE VEHICLE TURNING LEFT,REAR END,STRAIGHT & LEVEL,DAYLIGHT,,,7/15/2019 8:54:12 AM,False,7679,Accepted,
25336972,0568000,LOUISVILLE METRO POLICE DEPT,Accepted,JEFFERSON,KY2841,,EASTWOOD CUT OFF,RD,,US0060,SHELBYVILLE,,,,,38.235151609,-85.446796152,0.633,7/13/2019 12:00:00 AM,1355,2,2,0,0,CLEAR,DRY,False,OTHER INTERSECTION COLLISIONS,REAR END,STRAIGHT & LEVEL,DAYLIGHT,,,7/15/2019 8:55:56 AM,False,6334,Accepted,
25336974,0568000,LOUISVILLE METRO POLICE DEPT,Accepted,JEFFERSON,KY1934,,CANE RUN,RD,,,TRAPPERS,,,,,38.203403904,-85.832189782,9.586,7/13/2019 12:00:00 AM,1325,2,2,0,1,CLEAR,DRY,False,OTHER INTERSECTION COLLISIONS,REAR END,STRAIGHT & LEVEL,DAYLIGHT,,,7/15/2019 8:56:06 AM,False,7346,Accepted,
25336990,0568000,LOUISVILLE METRO POLICE DEPT,Accepted,JEFFERSON,,,ASHLAND,AVE,W,KY1865,TAYLOR,,,,,38.186649609,-85.783779786,0.992,7/13/2019 12:00:00 AM,1353,2,2,0,0,CLEAR,DRY,True,OTHER INTERSECTION COLLISIONS,REAR END,STRAIGHT & LEVEL,DAYLIGHT,,,7/15/2019 8:56:53 AM,False,7488,Accepted,
25336982,0568000,LOUISVILLE METRO POLICE DEPT,Accepted,JEFFERSON,KY1865,,TAYLOR,BLVD,,I 0264,I264 W EXIT9 OFF RAMP TO KY1865,,,,,38.189800865,-85.783406475,5.755,7/13/2019 12:00:00 AM,1551,2,2,0,0,CLEAR,DRY,False,OTHER INTERSECTION COLLISIONS,REAR END,STRAIGHT & LEVEL,DAYLIGHT,,,7/15/2019 8:56:32 AM,False,7433,Accepted,
25337002,0568000,LOUISVILLE METRO POLICE DEPT,Accepted,JEFFERSON,KY0022,,BROWNSBORO,RD,,,CHAMBERLAIN,,,,,38.312480131,-85.567658879,4.423,7/13/2019 12:00:00 AM,1218,2,2,0,0,CLEAR,DRY,False,OTHER INTERSECTION COLLISIONS,REAR END,STRAIGHT & LEVEL,DAYLIGHT,,,7/15/2019 8:57:45 AM,False,6830,Accepted,
25337008,0568000,LOUISVILLE METRO POLICE DEPT,Accepted,JEFFERSON,,,3RD,ST,S,,CUMBERLAND,,,,,38.169263920,-85.768443126,2.044,7/13/2019 12:00:00 AM,0042,2,2,0,0,CLEAR,DRY,False,SIDESWIPE-SAME DIRECTION,SIDESWIPE-SAME DIRECTION,STRAIGHT & LEVEL,DARK-HWY LIGHTED/ON,,,7/15/2019 8:58:02 AM,False,7198,Accepted,
25337049,0568000,LOUISVILLE METRO POLICE DEPT,Accepted,JEFFERSON,US0031W,,MAIN,ST,W,,,,7TH,,8TH,38.257285864,-85.762558371,21.602,7/13/2019 12:00:00 AM,1404,3,3,0,2,CLEAR,DRY,False,1 VEHICLE PARKED POSITION (NOT PARKING LOT/DRIVEWAY),REAR END,STRAIGHT & LEVEL,DAYLIGHT,,,7/15/2019 9:00:58 AM,False,5173,Accepted,
25337106,0568000,LOUISVILLE METRO POLICE DEPT,Accepted,JEFFERSON,,,ANDERSON,ST,,,,,16TH,,17TH,38.247386138,-85.779079015,0.475,7/13/2019 12:00:00 AM,1200,2,2,0,0,CLEAR,DRY,False,1 VEHICLE PARKED POSITION (NOT PARKING LOT/DRIVEWAY),SIDESWIPE-OPPOSITE DIRECTION,STRAIGHT & LEVEL,DAYLIGHT,,,7/15/2019 9:05:58 AM,False,7229,Accepted,
25336993,0568000,LOUISVILLE METRO POLICE DEPT,Accepted,JEFFERSON,KY1934,,CANE RUN,RD,,,,,FARNSLEY,,TRAPPERS,38.202889586,-85.832764225,9.535,7/13/2019 12:00:00 AM,1457,2,2,0,0,CLEAR,DRY,False,REAR END IN TRAFFIC LANES BOTH VEHICLES MOVING,REAR END,STRAIGHT & LEVEL,DAYLIGHT,,,7/15/2019 8:57:07 AM,False,7381,Accepted,
25336932,0568000,LOUISVILLE METRO POLICE DEPT,Accepted,JEFFERSON,US0150,,BROADWAY,,E,,,CS1003F,FLOYD,CS1006F,BROOK,38.245440178,-85.749682205,2.846,7/13/2019 12:00:00 AM,0336,2,2,0,0,CLEAR,DRY,True,REAR END IN TRAFFIC LANES BOTH VEHICLES MOVING,REAR END,STRAIGHT & LEVEL,DARK-HWY LIGHTED/ON,,,7/15/2019 8:52:57 AM,False,5199,Accepted,
25352711,0568000,LOUISVILLE METRO POLICE DEPT,Accepted,JEFFERSON,I 0265,,I265 W,,,,,I 0065,I65 N EXIT125B OFF RAMP TO KY481,I 0065,I65 N EXIT125B OFF RAMP TO KY481,38.114998206,-85.701338175,10.257,7/13/2019 12:00:00 AM,1329,4,4,0,0,CLEAR,DRY,False,REAR END IN TRAFFIC LANES BOTH VEHICLES MOVING,REAR END,STRAIGHT & LEVEL,DAYLIGHT,,,7/18/2019 10:09:22 AM,False,7991,Accepted,
25352828,0568000,LOUISVILLE METRO POLICE DEPT,Accepted,JEFFERSON,KY0155,,TAYLORSVILLE,RD,,,,,HOUSTON,,TAYLOR SPRINGS,38.219325426,-85.616134222,12.803,7/13/2019 12:00:00 AM,1648,3,3,0,0,CLEAR,DRY,False,REAR END IN TRAFFIC LANES BOTH VEHICLES MOVING,REAR END,STRAIGHT & LEVEL,DAYLIGHT,,,7/18/2019 10:13:44 AM,False,7938,Accepted,
25336939,0568000,LOUISVILLE METRO POLICE DEPT,Accepted,JEFFERSON,KY1703,,BAXTER,AVE,,,,,,,,38.229475646,-85.715200635,4.746,7/13/2019 12:00:00 AM,0808,2,2,0,0,CLEAR,DRY,False,REAR END IN TRAFFIC LANES BOTH VEHICLES MOVING,REAR END,STRAIGHT & LEVEL,DAYLIGHT,,,7/15/2019 8:53:29 AM,False,7034,Accepted,
25336978,0568000,LOUISVILLE METRO POLICE DEPT,Accepted,JEFFERSON,KY1065,,BEULAH CHURCH,RD,,,,,JOHNSON SCHOOL,,ARTIS,38.142421310,-85.597594086,11.007,7/13/2019 12:00:00 AM,1314,3,3,0,0,CLEAR,DRY,False,REAR END IN TRAFFIC LANES BOTH VEHICLES MOVING,REAR END,CURVE & LEVEL,DAYLIGHT,,,7/15/2019 8:56:16 AM,False,7278,Accepted,
25337169,0568000,LOUISVILLE METRO POLICE DEPT,Accepted,JEFFERSON,KY0022,,BROWNSBORO,RD,,,,,,,,38.308283547,-85.573637534,4.010,7/13/2019 12:00:00 AM,2145,2,2,0,0,CLEAR,DRY,False,REAR END IN TRAFFIC LANES BOTH VEHICLES MOVING,REAR END,STRAIGHT & LEVEL,DARK-HWY LIGHTED/ON,,,7/15/2019 9:07:42 AM,False,7785,Accepted,
25357744,0568000,LOUISVILLE METRO POLICE DEPT,Accepted,JEFFERSON,,,VIM,DR,,,,,GUEST,,BUCHARD,38.173718888,-85.700535779,0.560,7/13/2019 12:00:00 AM,1900,2,2,0,0,CLEAR,DRY,False,REAR END IN TRAFFIC LANES BOTH VEHICLES MOVING,REAR END,CURVE & LEVEL,DAYLIGHT,,,7/19/2019 10:08:15 AM,False,5053,Accepted,
25336964,0568000,LOUISVILLE METRO POLICE DEPT,Accepted,JEFFERSON,I 0064,,I64 W,,,,,,,,,38.249497685,-85.707569819,7.388,7/13/2019 12:00:00 AM,1138,2,2,0,0,CLEAR,DRY,False,REAR END IN TRAFFIC LANES BOTH VEHICLES MOVING,REAR END,STRAIGHT & LEVEL,DAYLIGHT,,,7/15/2019 8:55:05 AM,False,7377,Accepted,
25336929,0568000,LOUISVILLE METRO POLICE DEPT,Accepted,JEFFERSON,I 0265,,I265 E,,,,,I 0265,I265 E EXIT15 ON RAMP FROM KY864,I 0265,I265 E EXIT17 OFF RAMP TO US31E,38.138059355,-85.593290966,16.697,7/13/2019 12:00:00 AM,0448,1,1,0,0,CLEAR,DRY,False,OTHER COLLISIONS ON SHOULDER,SINGLE VEHICLE,STRAIGHT & GRADE,DARK-HWY NOT LIGHTED,,,7/15/2019 8:52:40 AM,False,6028,Accepted,
25337004,0568000,LOUISVILLE METRO POLICE DEPT,Accepted,JEFFERSON,KY1447,,WESTPORT,RD,,,,KY1747,HURSTBOURNE,,WESTPORT,38.287427843,-85.572686479,5.214,7/13/2019 12:00:00 AM,2002,2,2,0,0,CLEAR,DRY,False,SIDESWIPE COLLISION - SAME DIRECTION,SIDESWIPE-SAME DIRECTION,STRAIGHT & LEVEL,DAYLIGHT,,,7/15/2019 8:57:55 AM,False,5128,Accepted,
25337023,0568000,LOUISVILLE METRO POLICE DEPT,Accepted,JEFFERSON,I 0264,,I264 E,,,,,,,,,38.203841097,-85.683189325,14.847,7/13/2019 12:00:00 AM,1920,2,2,0,0,CLEAR,DRY,True,SIDESWIPE COLLISION - SAME DIRECTION,SIDESWIPE-SAME DIRECTION,STRAIGHT & LEVEL,DAYLIGHT,,,7/15/2019 8:58:35 AM,False,7055,Accepted,
25337029,0568000,LOUISVILLE METRO POLICE DEPT,Accepted,JEFFERSON,KY0864,,POPLAR LEVEL,RD,,,,,ILLINOIS,,AUDUBON,38.210997611,-85.718256091,12.559,7/13/2019 12:00:00 AM,2226,2,2,0,0,CLEAR,DRY,False,SIDESWIPE COLLISION - SAME DIRECTION,SIDESWIPE-SAME DIRECTION,STRAIGHT & GRADE,DARK-HWY LIGHTED/ON,,,7/15/2019 8:59:18 AM,False,5189,Accepted,
25336995,0568000,LOUISVILLE METRO POLICE DEPT,Accepted,JEFFERSON,I 0065,,I65 S,,,,,,,,,38.100711007,-85.701121390,124.172,7/13/2019 12:00:00 AM,1234,2,2,0,0,CLEAR,DRY,False,SIDESWIPE COLLISION - SAME DIRECTION,SIDESWIPE-SAME DIRECTION,STRAIGHT & LEVEL,DAYLIGHT,,,7/15/2019 8:57:12 AM,False,7379,Accepted,
25336935,0568000,LOUISVILLE METRO POLICE DEPT,Accepted,JEFFERSON,KY0841,,GENE SNYDER,FWY,,,,,,,,38.118701171,-85.783999896,5.664,7/13/2019 12:00:00 AM,0500,2,2,0,0,CLEAR,DRY,False,SIDESWIPE COLLISION - SAME DIRECTION,SIDESWIPE-SAME DIRECTION,STRAIGHT & LEVEL,DARK-HWY LIGHTED/ON,,,7/15/2019 8:53:07 AM,False,5209,Accepted,
25336959,0568000,LOUISVILLE METRO POLICE DEPT,Accepted,JEFFERSON,KY0061,,PRESTON,HWY,,,,,,,,38.133443834,-85.683939408,3.629,7/13/2019 12:00:00 AM,1141,2,2,0,0,CLEAR,DRY,False,SIDESWIPE COLLISION - SAME DIRECTION,SIDESWIPE-SAME DIRECTION,STRAIGHT & LEVEL,DAYLIGHT,,,7/15/2019 8:54:45 AM,False,7269,Accepted,
25506284,0568000,LOUISVILLE METRO POLICE DEPT,Accepted,JEFFERSON,I 0065,,I65 N,,,,,,,,,38.092274739,-85.700786777,123.592,7/13/2019 12:00:00 AM,1007,2,2,0,0,CLEAR,DRY,False,SIDESWIPE COLLISION - SAME DIRECTION,SIDESWIPE-SAME DIRECTION,STRAIGHT & LEVEL,DAYLIGHT,,,8/19/2019 4:59:48 PM,False,5156,Accepted,
25336975,0568000,LOUISVILLE METRO POLICE DEPT,Accepted,JEFFERSON,US0031E,,BARDSTOWN,RD,,,,,,,,38.139355229,-85.582219914,4.756,7/13/2019 12:00:00 AM,1533,2,2,0,0,CLEAR,DRY,False,1 VEHICLE ENTERING/LEAVING ENTRANCE,ANGLE,STRAIGHT & LEVEL,DAYLIGHT,,,7/15/2019 8:56:10 AM,False,7698,Accepted,
25336979,0568000,LOUISVILLE METRO POLICE DEPT,Accepted,JEFFERSON,US0060A,,EASTERN,PKWY,,,,,,,,38.228955830,-85.715450735,6.432,7/13/2019 12:00:00 AM,1516,2,2,0,0,CLEAR,DRY,False,1 VEHICLE ENTERING/LEAVING ENTRANCE,ANGLE,CURVE & LEVEL,DAYLIGHT,,,7/15/2019 8:56:22 AM,False,7034,Accepted,
25336987,0568000,LOUISVILLE METRO POLICE DEPT,Accepted,JEFFERSON,US0031W,,DIXIE,HWY,,,,,,,,38.157358610,-85.833900028,12.533,7/13/2019 12:00:00 AM,1502,2,2,0,0,CLEAR,DRY,False,1 VEHICLE ENTERING/LEAVING ENTRANCE,ANGLE,STRAIGHT & LEVEL,DAYLIGHT,,,7/15/2019 8:56:44 AM,False,7205,Accepted,
25336954,0568000,LOUISVILLE METRO POLICE DEPT,Accepted,JEFFERSON,US0060A,,EASTERN,PKWY,,,,,,,,38.230936952,-85.711363801,6.696,7/13/2019 12:00:00 AM,0932,2,2,0,1,CLEAR,DRY,False,1 VEHICLE ENTERING/LEAVING ENTRANCE,ANGLE,STRAIGHT & LEVEL,DAYLIGHT,,,7/15/2019 8:54:40 AM,False,7034,Accepted,
25336921,0568000,LOUISVILLE METRO POLICE DEPT,Accepted,JEFFERSON,KY0841,,GENE SNYDER,FWY,,,,KY0841,KY841 RAMP TO KY1865,KY0841,KY841 RAMP FROM KY1865,38.117094887,-85.756318401,7.200,7/13/2019 12:00:00 AM,0155,2,2,0,0,CLOUDY,DRY,False,1 VEHICLE ENTERING/LEAVING ENTRANCE,ANGLE,STRAIGHT & LEVEL,DARK-HWY LIGHTED/ON,,,7/15/2019 8:52:08 AM,False,7957,Accepted,
25337163,0568000,LOUISVILLE METRO POLICE DEPT,Accepted,JEFFERSON,,8313,CANNA,DR,,,,,,,,38.138135227,-85.868213203,0.162,7/13/2019 12:00:00 AM,2310,2,2,0,0,CLEAR,DRY,False,VEHICLE BACKING NON INTERSECTION,BACKING,STRAIGHT & LEVEL,DARK (UNKNOWN ROADWAY LIGHTING),,,7/15/2019 9:07:24 AM,False,7483,Accepted,
25337027,0568000,LOUISVILLE METRO POLICE DEPT,Accepted,JEFFERSON,,301,LEXINGTON,RD,,,,,,,,38.247748255,-85.708558966,1.468,7/13/2019 12:00:00 AM,2012,2,2,0,1,,,True,VEHICLE BACKING NON INTERSECTION,BACKING,STRAIGHT & LEVEL,,,,7/15/2019 8:58:59 AM,False,5240,Accepted,
25337048,0568000,LOUISVILLE METRO POLICE DEPT,Accepted,JEFFERSON,,,HIKES,LN,,,,,,,,38.210637882,-85.641577127,2.091,7/13/2019 12:00:00 AM,1810,2,2,0,0,CLEAR,DRY,False,VEHICLE BACKING NON INTERSECTION,BACKING,STRAIGHT & LEVEL,DAYLIGHT,,,7/15/2019 9:00:43 AM,False,5159,Accepted,
25337067,0568000,LOUISVILLE METRO POLICE DEPT,Accepted,JEFFERSON,,1938,GOLDSMITH,LN,,,,,,,,38.202214017,-85.680938954,0.261,7/13/2019 12:00:00 AM,1637,2,2,0,0,CLEAR,DRY,True,COLLISION IN PARKING LOT,SIDESWIPE-SAME DIRECTION,STRAIGHT & LEVEL,DAYLIGHT,,,7/15/2019 9:02:48 AM,False,5027,Accepted,
25341840,0568000,LOUISVILLE METRO POLICE DEPT,Accepted,JEFFERSON,KY0061,7845,PRESTON,HWY,,,,,,,,38.138625762,-85.686756627,3.934,7/13/2019 12:00:00 AM,2351,1,1,0,0,CLEAR,DRY,True,COLLISION IN PARKING LOT,SINGLE VEHICLE,STRAIGHT & LEVEL,DARK-HWY LIGHTED/ON,,,7/16/2019 8:26:30 AM,False,2017,Accepted,
25336920,0568000,LOUISVILLE METRO POLICE DEPT,Accepted,JEFFERSON,US0150,110,BROADWAY,,W,,,,,,,38.245718747,-85.753278092,2.651,7/13/2019 12:00:00 AM,0124,2,2,0,0,CLEAR,DRY,False,COLLISION IN PARKING LOT,REAR END,STRAIGHT & LEVEL,DARK-HWY LIGHTED/ON,,,7/15/2019 8:52:04 AM,False,5135,Accepted,
25336962,0568000,LOUISVILLE METRO POLICE DEPT,Accepted,JEFFERSON,,7101,CEDAR SPRINGS,BLVD,,,,,,,,38.144338311,-85.585636106,0.110,7/13/2019 12:00:00 AM,1152,2,2,0,0,CLEAR,DRY,False,COLLISION IN PARKING LOT,REAR END,STRAIGHT & LEVEL,DAYLIGHT,,,7/15/2019 8:55:01 AM,False,7465,Accepted,