IncidentID,AgencyORI,AgencyName,IncidentStatusDesc,County,RdwyNumber,Street,RoadwayName,StreetSfx,StreetDir,IntersectionRdwy,IntersectionRdwyName,BetweenStRdwy1,BetweenStRdwyName1,BetweenStRdwy2,BetweenStRdwyName2,Latitude,Longitude,Milepoint,CollisionDate,CollisionTime,UnitsInvolved,MotorVehiclesInvolved,NumberKilled,NumberInjured,Weather,RdwyConditionCode,HitandRun,DirAnalysisCode,MannerofCollision,RdwyCharacter,LightCondition,RampFromRdwyId,RampToRdwyId,AcceptedDate,IsSecondaryCollision,OwnerBadge,IncidentStatus,
25337003,0568000,LOUISVILLE METRO POLICE DEPT,Accepted,JEFFERSON,KY1747,,HURSTBOURNE,PKWY,N,,,KY1447,WESTPORT,KY1747,KY1747 CROSSOVER,38.287698015,-85.572476104,17.027,7/13/2019 12:00:00 AM,1832,3,3,0,0,CLEAR,DRY,False,OTHER ROADWAY OR MID-BLOCK COLLISION,REAR END,STRAIGHT & LEVEL,DAYLIGHT,,,7/15/2019 8:57:50 AM,False,5128,Accepted,
25336996,0568000,LOUISVILLE METRO POLICE DEPT,Accepted,JEFFERSON,,,3RD,ST,S,,,,,,,38.191364478,-85.764902490,0.637,7/13/2019 12:00:00 AM,1406,2,2,0,0,CLEAR,DRY,False,OTHER ROADWAY OR MID-BLOCK COLLISION,REAR END,STRAIGHT & LEVEL,DAYLIGHT,,,7/15/2019 8:57:17 AM,False,7398,Accepted,
25336971,0568000,LOUISVILLE METRO POLICE DEPT,Accepted,JEFFERSON,KY2251,,BARDSTOWN,RD,,,,,HIKES,,STEIER,38.198660048,-85.659314306,0.997,7/13/2019 12:00:00 AM,1340,2,2,0,0,CLEAR,DRY,False,OTHER ROADWAY OR MID-BLOCK COLLISION,REAR END,STRAIGHT & LEVEL,DAYLIGHT,,,7/15/2019 8:55:51 AM,False,2532,Accepted,
25337001,0568000,LOUISVILLE METRO POLICE DEPT,Accepted,JEFFERSON,US0031E,,BARDSTOWN,RD,,,,,CEDAR SPRINGS,,CEDARLOOK,38.146926654,-85.585820116,5.324,7/13/2019 12:00:00 AM,1840,2,2,0,0,CLEAR,DRY,False,OTHER ROADWAY OR MID-BLOCK COLLISION,REAR END,STRAIGHT & LEVEL,DAYLIGHT,,,7/15/2019 8:57:40 AM,False,6494,Accepted,
25336991,0568000,LOUISVILLE METRO POLICE DEPT,Accepted,JEFFERSON,KY2251,,BARDSTOWN,RD,,,,,HIKES,,STEIER,38.198373229,-85.658778151,0.963,7/13/2019 12:00:00 AM,1648,2,2,0,4,CLEAR,DRY,True,OTHER ROADWAY OR MID-BLOCK COLLISION,REAR END,STRAIGHT & LEVEL,DAYLIGHT,,,7/15/2019 8:56:57 AM,False,2532,Accepted,
25336967,0568000,LOUISVILLE METRO POLICE DEPT,Accepted,JEFFERSON,I 0265,,,,,,,,,,,38.188581661,-85.510826505,0.029,7/13/2019 12:00:00 AM,1229,2,2,0,0,CLEAR,DRY,False,OTHER RAMP RELATED COLLISIONS NOT LISTED ABOVE,REAR END,STRAIGHT & LEVEL,DAYLIGHT,KY0155,I 0265,7/15/2019 8:55:18 AM,False,5248,Accepted,
25357654,0568000,LOUISVILLE METRO POLICE DEPT,Accepted,JEFFERSON,I 0264,,,,,,,,,,,38.211793830,-85.671386932,0.310,7/12/2019 12:00:00 AM,1445,3,3,0,0,CLEAR,DRY,False,OTHER RAMP RELATED COLLISIONS NOT LISTED ABOVE,ANGLE,CURVE & GRADE,DAYLIGHT,I 0264,US31E N,7/19/2019 10:04:02 AM,False,2278,Accepted,
25341866,0568000,LOUISVILLE METRO POLICE DEPT,Accepted,JEFFERSON,I 0264,,I264 W,,,,,,,,,38.196470810,-85.706342271,13.467,7/12/2019 12:00:00 AM,1538,3,3,0,0,CLEAR,DRY,False,OTHER ROADWAY OR MID-BLOCK COLLISION,REAR END,CURVE & GRADE,DAYLIGHT,,,7/16/2019 8:27:39 AM,False,8278,Accepted,
25336815,0568000,LOUISVILLE METRO POLICE DEPT,Accepted,JEFFERSON,US0031,,CLARK MEMORIAL,BRG,,,,,,,,38.261828398,-85.752160467,0.390,7/12/2019 12:00:00 AM,0723,3,3,0,0,CLEAR,DRY,False,OTHER ROADWAY OR MID-BLOCK COLLISION,REAR END,STRAIGHT & LEVEL,DAYLIGHT,,,7/15/2019 8:45:14 AM,False,7386,Accepted,
25336914,0568000,LOUISVILLE METRO POLICE DEPT,Accepted,JEFFERSON,KY1932,,BRECKENRIDGE,LN,,,,KY6158,PUMP STATE ACCESS,,NACHAND,38.195493610,-85.625354169,0.962,7/12/2019 12:00:00 AM,2144,2,2,0,1,CLEAR,DRY,False,OTHER ROADWAY OR MID-BLOCK COLLISION,REAR END,STRAIGHT & LEVEL,DARK-HWY NOT LIGHTED,,,7/15/2019 8:51:38 AM,False,6668,Accepted,
25330205,0560300,ST. MATTHEWS POLICE DEPARTMENT,Accepted,JEFFERSON,I 0264,,I264 W,,,,,,,,,38.232889157,-85.628204044,18.436,7/12/2019 12:00:00 AM,1740,3,3,0,0,CLEAR,DRY,False,OTHER ROADWAY OR MID-BLOCK COLLISION,REAR END,STRAIGHT & LEVEL,DAYLIGHT,,,7/13/2019 12:14:17 AM,False,9160,Accepted,
25336880,0568000,LOUISVILLE METRO POLICE DEPT,Accepted,JEFFERSON,US0031E,,BARDSTOWN,RD,,,,,,,,38.132706585,-85.578887481,4.266,7/12/2019 12:00:00 AM,1843,2,2,0,0,CLEAR,DRY,False,OTHER ROADWAY OR MID-BLOCK COLLISION,REAR END,STRAIGHT & LEVEL,DAYLIGHT,,,7/15/2019 8:49:52 AM,False,7255,Accepted,
25336882,0568000,LOUISVILLE METRO POLICE DEPT,Accepted,JEFFERSON,KY0061,,PRESTON,HWY,,,,,,,,38.136262976,-85.685538726,3.796,7/12/2019 12:00:00 AM,1324,2,2,0,0,CLEAR,DRY,False,OTHER ROADWAY OR MID-BLOCK COLLISION,OPPOSING LEFT TURN,STRAIGHT & LEVEL,DAYLIGHT,,,7/15/2019 8:50:02 AM,False,4693,Accepted,
25336894,0568000,LOUISVILLE METRO POLICE DEPT,Accepted,JEFFERSON,I 0264,,I264 E,,,,,,,,,38.231072409,-85.631023500,18.259,7/12/2019 12:00:00 AM,1654,2,2,0,0,CLEAR,DRY,False,OTHER ROADWAY OR MID-BLOCK COLLISION,REAR END,STRAIGHT & LEVEL,DAYLIGHT,,,7/15/2019 8:50:48 AM,False,7944,Accepted,
25336874,0568000,LOUISVILLE METRO POLICE DEPT,Accepted,JEFFERSON,,5900,RANGELAND,RD,,KY2052,SHEPHERDSVILLE,,,,,38.164284861,-85.659903095,1.221,7/12/2019 12:00:00 AM,0824,2,2,0,1,CLEAR,DRY,False,COLLISION IN PARKING LOT,ANGLE,STRAIGHT & LEVEL,DAYLIGHT,,,7/15/2019 8:49:23 AM,False,7451,Accepted,
25352716,0568000,LOUISVILLE METRO POLICE DEPT,Accepted,JEFFERSON,,1926,GOLDSMITH,LN,,,,,,,,38.201680511,-85.681920530,0.196,7/12/2019 12:00:00 AM,1617,2,2,0,0,CLEAR,DRY,True,COLLISION IN PARKING LOT,BACKING,STRAIGHT & LEVEL,DAYLIGHT,,,7/18/2019 10:09:45 AM,False,7121,Accepted,
25341574,0566900,LOUISVILLE AIRPORT POLICE,Accepted,JEFFERSON,,600,TERMINAL,DR,,,,,,,,38.186697076,-85.741867785,0.305,7/12/2019 12:00:00 AM,2300,2,2,0,0,CLEAR,DRY,True,COLLISION IN PARKING LOT,REAR TO REAR,STRAIGHT & LEVEL,DARK (UNKNOWN ROADWAY LIGHTING),,,7/16/2019 7:35:53 AM,False,5876,Accepted,
25336876,0568000,LOUISVILLE METRO POLICE DEPT,Accepted,JEFFERSON,I 0064,,,,,,,,,,,38.234828187,-85.613606338,0.024,7/12/2019 12:00:00 AM,1719,2,2,0,0,CLEAR,DRY,False,OTHER RAMP RELATED COLLISIONS NOT LISTED ABOVE,REAR END,STRAIGHT & LEVEL,DAYLIGHT,I 0064,I 0264,7/15/2019 8:49:33 AM,False,7243,Accepted,
25336865,0568000,LOUISVILLE METRO POLICE DEPT,Accepted,JEFFERSON,I 0071,,,,,,,,,,,38.275606547,-85.697608496,0.234,7/12/2019 12:00:00 AM,1633,3,3,0,0,CLEAR,DRY,False,OTHER RAMP RELATED COLLISIONS NOT LISTED ABOVE,REAR END,STRAIGHT & LEVEL,DAYLIGHT,I 0071,ZORN AVE,7/15/2019 8:48:37 AM,True,5236,Accepted,
25336846,0568000,LOUISVILLE METRO POLICE DEPT,Accepted,JEFFERSON,I 0264,,,,,,,,,,,38.194442743,-85.707410348,0.314,7/12/2019 12:00:00 AM,1149,2,2,0,0,CLEAR,DRY,False,OTHER RAMP RELATED COLLISIONS NOT LISTED ABOVE,REAR END,CURVE & HILLCREST,DAYLIGHT,I 0264,KY0864,7/15/2019 8:46:56 AM,False,4903,Accepted,
25336881,0568000,LOUISVILLE METRO POLICE DEPT,Accepted,JEFFERSON,I 0265,,,,,,,,,,,38.108089096,-85.674410035,0.486,7/12/2019 12:00:00 AM,1121,2,2,0,0,CLEAR,DRY,False,OTHER RAMP RELATED COLLISIONS NOT LISTED ABOVE,REAR END,CURVE & LEVEL,DAYLIGHT,I 0265,KY0061,7/15/2019 8:49:55 AM,False,4693,Accepted,
25326966,0568000,LOUISVILLE METRO POLICE DEPT,Accepted,JEFFERSON,I 0264,,,,,,,,,,,38.248355493,-85.618458426,0.595,7/12/2019 12:00:00 AM,0704,2,2,0,0,CLEAR,DRY,False,OTHER RAMP RELATED COLLISIONS NOT LISTED ABOVE,REAR END,CURVE & LEVEL,DAYLIGHT,I 0264,US0060,7/12/2019 8:43:05 AM,False,4903,Accepted,
25336851,0568000,LOUISVILLE METRO POLICE DEPT,Accepted,JEFFERSON,,3006,TREMONT,DR,,,,,,,,38.210747735,-85.679214428,0.340,7/12/2019 12:00:00 AM,1331,2,2,0,0,CLEAR,DRY,False,VEHICLE BACKING NON INTERSECTION,BACKING,STRAIGHT & LEVEL,DAYLIGHT,,,7/15/2019 8:47:19 AM,False,7306,Accepted,
25336862,0568000,LOUISVILLE METRO POLICE DEPT,Accepted,JEFFERSON,KY2860,,GRINSTEAD,DR,,,,,,,,38.242682394,-85.711081741,0.635,7/12/2019 12:00:00 AM,1552,2,2,0,0,CLEAR,DRY,False,1 VEHICLE ENTERING/LEAVING ENTRANCE,ANGLE,STRAIGHT & GRADE,DAYLIGHT,,,7/15/2019 8:48:18 AM,False,5112,Accepted,
25337035,0568000,LOUISVILLE METRO POLICE DEPT,Accepted,JEFFERSON,I 0264,,I264 E,,,,,,,,,38.243387251,-85.621417076,19.314,7/12/2019 12:00:00 AM,0920,2,2,0,1,CLEAR,DRY,False,1 VEHICLE ENTERING/LEAVING ENTRANCE,ANGLE,STRAIGHT & LEVEL,DAYLIGHT,,,7/15/2019 8:59:46 AM,False,7840,Accepted,
25336907,0568000,LOUISVILLE METRO POLICE DEPT,Accepted,JEFFERSON,,,26TH,ST,S,,,,BROADWAY,,ELLIOTT,38.249866197,-85.794896251,0.701,7/12/2019 12:00:00 AM,1905,2,2,0,5,CLEAR,DRY,False,1 VEHICLE ENTERING/LEAVING ENTRANCE,ANGLE,STRAIGHT & LEVEL,DAYLIGHT,,,7/15/2019 8:51:21 AM,False,7077,Accepted,
25339066,0560600,WEST BUECHEL POLICE DEPT.,Accepted,JEFFERSON,,2103,BASHFORD MANOR,LN,,,,,,,,38.201958548,-85.666349079,0.124,7/12/2019 12:00:00 AM,1505,2,2,0,0,CLEAR,DRY,False,1 VEHICLE ENTERING/LEAVING ENTRANCE,ANGLE,STRAIGHT & LEVEL,DAYLIGHT,,,7/15/2019 3:12:36 PM,False,1272,Accepted,
25337047,0568000,LOUISVILLE METRO POLICE DEPT,Accepted,JEFFERSON,,,BUECHEL BANK,RD,,,,,,,,38.178553696,-85.657449718,1.453,7/12/2019 12:00:00 AM,1440,2,2,0,0,CLEAR,DRY,False,VEHICLE BACKING NON INTERSECTION,BACKING,STRAIGHT & LEVEL,DAYLIGHT,,,7/15/2019 9:00:26 AM,False,5159,Accepted,
25336948,0568000,LOUISVILLE METRO POLICE DEPT,Accepted,JEFFERSON,US0150,,BROADWAY,,W,,,KY1020,3RD,,4TH,38.246041364,-85.757649643,2.423,7/12/2019 12:00:00 AM,1644,2,2,0,0,CLEAR,DRY,False,SIDESWIPE COLLISION - SAME DIRECTION,SIDESWIPE-SAME DIRECTION,STRAIGHT & LEVEL,DAYLIGHT,,,7/15/2019 8:54:17 AM,False,2403,Accepted,
25347820,0568000,LOUISVILLE METRO POLICE DEPT,Accepted,JEFFERSON,I 0065,,I65 S,,,,,,,,,38.207574459,-85.751376804,132.555,7/12/2019 12:00:00 AM,2315,2,2,0,0,CLEAR,DRY,False,SIDESWIPE COLLISION - SAME DIRECTION,SIDESWIPE-SAME DIRECTION,STRAIGHT & LEVEL,DARK-HWY NOT LIGHTED,,,7/17/2019 9:39:30 AM,False,2139,Accepted,
25336859,0568000,LOUISVILLE METRO POLICE DEPT,Accepted,JEFFERSON,I 0065,,I65 S,,,,,,,,,38.260567186,-85.741689739,136.581,7/12/2019 12:00:00 AM,1528,2,2,0,0,CLEAR,DRY,False,SIDESWIPE COLLISION - SAME DIRECTION,SIDESWIPE-SAME DIRECTION,STRAIGHT & LEVEL,DAYLIGHT,,,7/15/2019 8:47:55 AM,False,5254,Accepted,
25336887,0568000,LOUISVILLE METRO POLICE DEPT,Accepted,JEFFERSON,I 0071,,I71 N,,,,,,,,,38.302331164,-85.606467411,7.491,7/12/2019 12:00:00 AM,1328,2,2,0,0,CLEAR,DRY,False,SIDESWIPE COLLISION - SAME DIRECTION,SIDESWIPE-SAME DIRECTION,STRAIGHT & LEVEL,DAYLIGHT,,,7/15/2019 8:50:25 AM,False,7944,Accepted,
25336931,0568000,LOUISVILLE METRO POLICE DEPT,Accepted,JEFFERSON,I 0264,,I264 W,,,,,,,,,38.217130099,-85.660448294,16.388,7/12/2019 12:00:00 AM,2115,2,2,0,0,CLEAR,DRY,False,SIDESWIPE COLLISION - SAME DIRECTION,SIDESWIPE-SAME DIRECTION,CURVE & LEVEL,DARK-HWY LIGHTED/ON,,,7/15/2019 8:52:49 AM,False,5171,Accepted,
25336969,0568000,LOUISVILLE METRO POLICE DEPT,Accepted,JEFFERSON,,,1ST,ST,S,,,,JEFFERSON,US0031E,MARKET,38.253751050,-85.752026759,0.162,7/12/2019 12:00:00 AM,1854,2,2,0,0,CLEAR,DRY,False,SIDESWIPE COLLISION - SAME DIRECTION,SIDESWIPE-SAME DIRECTION,STRAIGHT & LEVEL,DAYLIGHT,,,7/15/2019 8:55:29 AM,False,2403,Accepted,
25326964,0568000,LOUISVILLE METRO POLICE DEPT,Accepted,JEFFERSON,I 0071,,I71 S,,,,,,,,,38.295087599,-85.629450387,6.094,7/12/2019 12:00:00 AM,0237,2,2,0,0,CLEAR,DRY,True,SIDESWIPE COLLISION - SAME DIRECTION,SIDESWIPE-SAME DIRECTION,STRAIGHT & LEVEL,DARK-HWY LIGHTED/OFF,,,7/12/2019 8:42:53 AM,False,5004,Accepted,
25337097,0568000,LOUISVILLE METRO POLICE DEPT,Accepted,JEFFERSON,,,BULLITT,LN,,,,,,,,38.246200821,-85.615717298,0.128,7/12/2019 12:00:00 AM,0958,2,2,0,0,CLEAR,DRY,False,SIDESWIPE COLLISION - SAME DIRECTION,SIDESWIPE-SAME DIRECTION,STRAIGHT & LEVEL,DAYLIGHT,,,7/15/2019 9:04:57 AM,False,7858,Accepted,
25326974,0568000,LOUISVILLE METRO POLICE DEPT,Accepted,JEFFERSON,I 0065,,I65 S,,,,,,,,,38.233140298,-85.750900294,134.362,7/12/2019 12:00:00 AM,0016,2,2,0,0,CLEAR,DRY,False,SIDESWIPE COLLISION - SAME DIRECTION,SIDESWIPE-SAME DIRECTION,CURVE & LEVEL,DARK (UNKNOWN ROADWAY LIGHTING),,,7/12/2019 8:44:30 AM,False,5111,Accepted,
25586576,0568000,LOUISVILLE METRO POLICE DEPT,Accepted,JEFFERSON,I 0264,,I264 W,,,,,,,,,38.214028531,-85.666247043,15.981,7/12/2019 12:00:00 AM,1445,2,2,0,0,CLEAR,DRY,True,REAR END IN TRAFFIC LANES BOTH VEHICLES MOVING,REAR END,STRAIGHT & LEVEL,DAYLIGHT,,,9/3/2019 12:59:07 PM,False,7764,Accepted,
25336869,0568000,LOUISVILLE METRO POLICE DEPT,Accepted,JEFFERSON,I 0264,,I264 W,,,,,,,,,38.190300140,-85.731239567,12.000,7/12/2019 12:00:00 AM,1547,2,2,0,0,CLEAR,DRY,False,REAR END IN TRAFFIC LANES BOTH VEHICLES MOVING,REAR END,STRAIGHT & LEVEL,DAYLIGHT,,,7/15/2019 8:48:56 AM,False,2217,Accepted,
25341920,0568000,LOUISVILLE METRO POLICE DEPT,Accepted,JEFFERSON,US0031W,,DIXIE,HWY,,,,,,,,38.124537012,-85.853083660,10.019,7/12/2019 12:00:00 AM,0601,4,4,0,2,CLEAR,DRY,False,REAR END IN TRAFFIC LANES BOTH VEHICLES MOVING,REAR END,STRAIGHT & LEVEL,DAYLIGHT,,,7/16/2019 8:32:26 AM,False,5170,Accepted,
25336917,0568000,LOUISVILLE METRO POLICE DEPT,Accepted,JEFFERSON,I 0065,,I65 S,,,,,,,,,38.201103776,-85.735485452,131.560,7/12/2019 12:00:00 AM,2307,2,2,0,0,CLEAR,DRY,False,REAR END IN TRAFFIC LANES BOTH VEHICLES MOVING,REAR END,CURVE & LEVEL,DARK-HWY NOT LIGHTED,,,7/15/2019 8:51:52 AM,False,7912,Accepted,
25336816,0568000,LOUISVILLE METRO POLICE DEPT,Accepted,JEFFERSON,I 0071,,I71 S,,,,,I 0071,I71 TURN AROUND6,I 0071,I71 TURN AROUND8,38.308876861,-85.594061705,8.307,7/12/2019 12:00:00 AM,0746,2,2,0,2,CLEAR,DRY,False,REAR END IN TRAFFIC LANES BOTH VEHICLES MOVING,REAR END,STRAIGHT & LEVEL,DAYLIGHT,,,7/15/2019 8:45:48 AM,False,2000,Accepted,
25336831,0568000,LOUISVILLE METRO POLICE DEPT,Accepted,JEFFERSON,KY1932,4203,BRECKENRIDGE,LN,,,,,,,,38.186512015,-85.626108331,0.367,7/12/2019 12:00:00 AM,1019,2,2,0,0,CLEAR,DRY,False,REAR END IN TRAFFIC LANES BOTH VEHICLES MOVING,REAR END,STRAIGHT & LEVEL,DAYLIGHT,,,7/15/2019 8:46:15 AM,False,5027,Accepted,
25336884,0568000,LOUISVILLE METRO POLICE DEPT,Accepted,JEFFERSON,KY0155,,TAYLORSVILLE,RD,,,,,,,,38.188146264,-85.512147964,6.247,7/12/2019 12:00:00 AM,1708,2,2,0,0,CLEAR,DRY,False,REAR END IN TRAFFIC LANES BOTH VEHICLES MOVING,REAR END,STRAIGHT & LEVEL,DAYLIGHT,,,7/15/2019 8:50:09 AM,False,4693,Accepted,
25336877,0568000,LOUISVILLE METRO POLICE DEPT,Accepted,JEFFERSON,KY1447,,WESTPORT,RD,,,,,TOWNE CENTER,,SHELBURN PARK,38.295625941,-85.554880030,6.295,7/12/2019 12:00:00 AM,1509,3,3,0,0,CLEAR,DRY,False,REAR END IN TRAFFIC LANES BOTH VEHICLES MOVING,REAR END,STRAIGHT & LEVEL,DAYLIGHT,,,7/15/2019 8:49:37 AM,False,7142,Accepted,
25336903,0568000,LOUISVILLE METRO POLICE DEPT,Accepted,JEFFERSON,KY1747,,HURSTBOURNE,PKWY,S,,,,SIX MILE,,AMBROSSE,38.197257259,-85.603403085,9.488,7/12/2019 12:00:00 AM,1624,2,2,0,0,CLEAR,DRY,False,REAR END IN TRAFFIC LANES BOTH VEHICLES MOVING,REAR END,STRAIGHT & LEVEL,DAYLIGHT,,,7/15/2019 8:51:08 AM,False,5027,Accepted,
25336919,0568000,LOUISVILLE METRO POLICE DEPT,Accepted,JEFFERSON,I 0264,,I264 W,,,,,I 0264,I264 W EXIT14 ON RAMP FROM KY864 N,I 0264,I264 W EXIT14 OFF RAMP TO KY864 S,38.197260755,-85.705271255,13.547,7/12/2019 12:00:00 AM,1732,2,2,0,0,CLEAR,DRY,False,REAR END IN TRAFFIC LANES BOTH VEHICLES MOVING,REAR END,STRAIGHT & GRADE,DAYLIGHT,,,7/15/2019 8:52:00 AM,False,5189,Accepted,
25331080,0566400,HURSTBOURNE ACRES PD,Accepted,JEFFERSON,KY1747,,HURSTBOURNE,PKWY,S,,,KY1747,HURSTBOURNE,KY1747,HURSTBOURNE,38.216167252,-85.590221963,11.093,7/12/2019 12:00:00 AM,1715,2,2,0,0,CLEAR,DRY,False,REAR END IN TRAFFIC LANES BOTH VEHICLES MOVING,REAR END,STRAIGHT & LEVEL,DAYLIGHT,,,7/13/2019 7:55:35 AM,False,9205,Accepted,
25352700,0568000,LOUISVILLE METRO POLICE DEPT,Accepted,JEFFERSON,,,BROADWAY,,W,,,,SOUTHWESTERN,,45TH,38.250595851,-85.828539808,2.197,7/12/2019 12:00:00 AM,1817,3,3,0,3,CLEAR,DRY,False,REAR END IN TRAFFIC LANES BOTH VEHICLES MOVING,REAR END,STRAIGHT & LEVEL,DAYLIGHT,,,7/18/2019 10:08:35 AM,False,7458,Accepted,
25336883,0568000,LOUISVILLE METRO POLICE DEPT,Accepted,JEFFERSON,KY0061,,PRESTON,HWY,,,,,,,,38.094964735,-85.669988101,0.795,7/12/2019 12:00:00 AM,1509,2,2,0,0,CLEAR,DRY,False,REAR END IN TRAFFIC LANES BOTH VEHICLES MOVING,REAR END,STRAIGHT & LEVEL,DAYLIGHT,,,7/15/2019 8:50:06 AM,False,4693,Accepted,
25336898,0568000,LOUISVILLE METRO POLICE DEPT,Accepted,JEFFERSON,I 0264,,I264 W,,,,,,,,,38.209968052,-85.673698733,15.514,7/12/2019 12:00:00 AM,1728,2,2,0,0,CLEAR,DRY,True,REAR END IN TRAFFIC LANES BOTH VEHICLES MOVING,REAR END,STRAIGHT & GRADE,DAYLIGHT,,,7/15/2019 8:50:54 AM,False,7944,Accepted,
25341867,0568000,LOUISVILLE METRO POLICE DEPT,Accepted,JEFFERSON,I 0264,,I264 E,,,,,,,,,38.190082496,-85.752974871,10.800,7/12/2019 12:00:00 AM,1656,3,3,0,2,CLEAR,DRY,True,REAR END IN TRAFFIC LANES BOTH VEHICLES MOVING,REAR END,STRAIGHT & GRADE,DAYLIGHT,,,7/16/2019 8:27:44 AM,False,8278,Accepted,
25336848,0568000,LOUISVILLE METRO POLICE DEPT,Accepted,JEFFERSON,,2618,ALANMEDE,RD,,,,,BON AIR,,CARSON,38.219331622,-85.661780873,0.391,7/12/2019 12:00:00 AM,0900,2,2,0,0,CLEAR,DRY,True,1 VEHICLE PARKED POSITION (NOT PARKING LOT/DRIVEWAY),HEAD ON,CURVE & LEVEL,UNKNOWN,,,7/15/2019 8:47:05 AM,False,2278,Accepted,
25435157,0568000,LOUISVILLE METRO POLICE DEPT,Accepted,JEFFERSON,KY1703,1919,NEWBURG,RD,,,,,,,,38.221648962,-85.710336675,4.195,7/12/2019 12:00:00 AM,1219,2,2,0,0,CLEAR,DRY,False,REAR END IN TRAFFIC LANES BOTH VEHICLES MOVING,REAR END,STRAIGHT & LEVEL,DAYLIGHT,,,8/6/2019 1:16:22 PM,False,7570,Accepted,
25336998,0568000,LOUISVILLE METRO POLICE DEPT,Accepted,JEFFERSON,KY1020,,3RD,ST,S,,MAGNOLIA,,,,,38.228982655,-85.759723806,10.911,7/12/2019 12:00:00 AM,2022,2,2,0,0,CLEAR,DRY,False,SIDESWIPE-SAME DIRECTION,SIDESWIPE-SAME DIRECTION,STRAIGHT & LEVEL,DAYLIGHT,,,7/15/2019 8:57:25 AM,False,7132,Accepted,
25336868,0568000,LOUISVILLE METRO POLICE DEPT,Accepted,JEFFERSON,KY0061,,PRESTON,HWY,,,GILMORE,,,,,38.174553057,-85.712677329,6.874,7/12/2019 12:00:00 AM,1710,2,2,0,0,CLEAR,DRY,False,SIDESWIPE-SAME DIRECTION,SIDESWIPE-SAME DIRECTION,STRAIGHT & LEVEL,DAYLIGHT,,,7/15/2019 8:48:50 AM,False,7319,Accepted,
25336842,0568000,LOUISVILLE METRO POLICE DEPT,Accepted,JEFFERSON,I 0065,,I65 S,,,I 0065,I65 S EXIT136 ON RAMP FROM  E JACOB ST,,,,,38.242575435,-85.752807222,135.038,7/12/2019 12:00:00 AM,1035,2,2,0,0,CLEAR,DRY,False,SIDESWIPE-SAME DIRECTION,SIDESWIPE-SAME DIRECTION,CURVE & GRADE,DAYLIGHT,,,7/15/2019 8:46:41 AM,False,7965,Accepted,
25336878,0568000,LOUISVILLE METRO POLICE DEPT,Accepted,JEFFERSON,,,JEFFERSON,ST,W,,5TH,,,,,38.254015566,-85.758594177,0.360,7/12/2019 12:00:00 AM,1750,2,2,0,0,CLEAR,DRY,False,SIDESWIPE-SAME DIRECTION,SIDESWIPE-SAME DIRECTION,STRAIGHT & LEVEL,DAYLIGHT,,,7/15/2019 8:49:41 AM,False,7804,Accepted,
25336879,0568000,LOUISVILLE METRO POLICE DEPT,Accepted,JEFFERSON,,,WOODLAWN,AVE,E,,ALLMOND,,,,,38.181076018,-85.757685121,0.290,7/12/2019 12:00:00 AM,1800,2,2,0,0,CLEAR,DRY,False,SIDESWIPE-SAME DIRECTION,SIDESWIPE-SAME DIRECTION,STRAIGHT & GRADE,DAYLIGHT,,,7/15/2019 8:49:48 AM,False,7488,Accepted,
25336872,0568000,LOUISVILLE METRO POLICE DEPT,Accepted,JEFFERSON,KY0864,,LOGAN,ST,,,MARY,,,,,38.234199480,-85.739791627,14.691,7/12/2019 12:00:00 AM,1628,2,2,0,0,CLEAR,DRY,False,SIDESWIPE-SAME DIRECTION,SIDESWIPE-SAME DIRECTION,STRAIGHT & LEVEL,DAYLIGHT,,,7/15/2019 8:49:12 AM,False,7418,Accepted,
25336968,0568000,LOUISVILLE METRO POLICE DEPT,Accepted,JEFFERSON,I 0065,,I65 N,,,I 0064,I64 S EXIT137 RAMP TO I71 N,,,,,38.256910396,-85.741548200,136.338,7/12/2019 12:00:00 AM,1726,2,2,0,1,CLEAR,DRY,False,SIDESWIPE-SAME DIRECTION,SIDESWIPE-SAME DIRECTION,CURVE & LEVEL,DAYLIGHT,,,7/15/2019 8:55:23 AM,True,2403,Accepted,
25336916,0568000,LOUISVILLE METRO POLICE DEPT,Accepted,JEFFERSON,KY0061,,JACKSON,ST,S,US0031E,MAIN,,,,,38.255225797,-85.743843988,12.992,7/12/2019 12:00:00 AM,2328,2,2,0,0,CLEAR,DRY,False,OTHER INTERSECTION COLLISIONS,REAR END,STRAIGHT & LEVEL,DARK-HWY LIGHTED/ON,,,7/15/2019 8:51:47 AM,False,7316,Accepted,
25336871,0568000,LOUISVILLE METRO POLICE DEPT,Accepted,JEFFERSON,KY0864,,POPLAR LEVEL,RD,,,GARDINER,,,,,38.192657996,-85.706033341,11.095,7/12/2019 12:00:00 AM,1022,2,2,0,1,CLEAR,DRY,False,OTHER INTERSECTION COLLISIONS,REAR END,STRAIGHT & GRADE,DAYLIGHT,,,7/15/2019 8:49:08 AM,False,7121,Accepted,
25336852,0568000,LOUISVILLE METRO POLICE DEPT,Accepted,JEFFERSON,KY1931,,ST ANDREWS CHURCH,RD,,,CARDINAL OAKS,,,,,38.152915039,-85.817182484,4.560,7/12/2019 12:00:00 AM,1115,2,2,0,0,CLEAR,DRY,False,OTHER INTERSECTION COLLISIONS,REAR END,STRAIGHT & LEVEL,DAYLIGHT,,,7/15/2019 8:47:23 AM,False,6326,Accepted,