IncidentID,AgencyORI,AgencyName,IncidentStatusDesc,County,RdwyNumber,Street,RoadwayName,StreetSfx,StreetDir,IntersectionRdwy,IntersectionRdwyName,BetweenStRdwy1,BetweenStRdwyName1,BetweenStRdwy2,BetweenStRdwyName2,Latitude,Longitude,Milepoint,CollisionDate,CollisionTime,UnitsInvolved,MotorVehiclesInvolved,NumberKilled,NumberInjured,Weather,RdwyConditionCode,HitandRun,DirAnalysisCode,MannerofCollision,RdwyCharacter,LightCondition,RampFromRdwyId,RampToRdwyId,AcceptedDate,IsSecondaryCollision,OwnerBadge,IncidentStatus,
25336845,0568000,LOUISVILLE METRO POLICE DEPT,Accepted,JEFFERSON,KY1931,,ST ANDREWS CHURCH,RD,,,BROOKVIEW,,,,,38.152309884,-85.818365766,4.485,7/12/2019 12:00:00 AM,1142,2,2,0,0,CLEAR,DRY,False,OTHER INTERSECTION COLLISIONS,REAR END,STRAIGHT & LEVEL,DAYLIGHT,,,7/15/2019 8:46:52 AM,False,7073,Accepted,
25336858,0568000,LOUISVILLE METRO POLICE DEPT,Accepted,JEFFERSON,US0060,,SHELBYVILLE,RD,,KY1747,HURSTBOURNE,,,,,38.246416908,-85.577125202,7.842,7/12/2019 12:00:00 AM,1540,2,2,0,1,CLEAR,DRY,False,OTHER INTERSECTION COLLISIONS,REAR END,STRAIGHT & LEVEL,DAYLIGHT,,,7/15/2019 8:47:49 AM,False,5228,Accepted,
25336841,0568000,LOUISVILLE METRO POLICE DEPT,Accepted,JEFFERSON,KY1934,,CANE RUN,RD,,,RICHMONT,,,,,38.197357525,-85.839828569,8.990,7/12/2019 12:00:00 AM,1022,2,2,0,0,CLEAR,DRY,True,OTHER INTERSECTION COLLISIONS,REAR END,STRAIGHT & LEVEL,DAYLIGHT,,,7/15/2019 8:46:36 AM,False,7346,Accepted,
25336946,0568000,LOUISVILLE METRO POLICE DEPT,Accepted,JEFFERSON,US0060,,SHELBYVILLE,RD,,KY2841,EASTWOOD CUT OFF,,,,,38.233698809,-85.456626277,14.719,7/12/2019 12:00:00 AM,1742,2,2,0,1,CLEAR,DRY,False,OTHER INTERSECTION COLLISIONS,REAR END,CURVE & LEVEL,DAYLIGHT,,,7/15/2019 8:54:08 AM,False,6953,Accepted,
25336936,0568000,LOUISVILLE METRO POLICE DEPT,Accepted,JEFFERSON,KY0907,,3RD ST,RD,,,STONESTREET,,,,,38.112976985,-85.836968652,1.913,7/12/2019 12:00:00 AM,1612,2,2,0,0,CLEAR,DRY,False,OTHER INTERSECTION COLLISIONS,REAR END,STRAIGHT & LEVEL,DAYLIGHT,,,7/15/2019 8:53:12 AM,False,2311,Accepted,
25336902,0568000,LOUISVILLE METRO POLICE DEPT,Accepted,JEFFERSON,KY1703,,NEWBURG,RD,,,RUTH,,,,,38.221944784,-85.710417677,4.203,7/12/2019 12:00:00 AM,1910,2,2,0,0,CLEAR,DRY,False,OTHER INTERSECTION COLLISIONS,REAR END,STRAIGHT & HILLCREST,DAYLIGHT,,,7/15/2019 8:51:01 AM,False,7935,Accepted,
25336918,0568000,LOUISVILLE METRO POLICE DEPT,Accepted,JEFFERSON,,,APPLEGATE,LN,,,APPLEGATE VILLAGE,,,,,38.134564064,-85.654854468,0.226,7/12/2019 12:00:00 AM,1901,2,2,0,0,CLEAR,DRY,False,REAR END - ONE VEHICLE TURNING RIGHT,REAR END,STRAIGHT & LEVEL,DAYLIGHT,,,7/15/2019 8:51:56 AM,False,5214,Accepted,
25336864,0568000,LOUISVILLE METRO POLICE DEPT,Accepted,JEFFERSON,,,JEFFERSON,ST,W,,11TH,,,,,38.255112228,-85.768597027,0.909,7/12/2019 12:00:00 AM,1635,2,2,0,0,CLEAR,DRY,True,ANGLE COLLISION - OTHER,ANGLE,STRAIGHT & LEVEL,DAYLIGHT,,,7/15/2019 8:48:30 AM,False,5187,Accepted,
25337017,0568000,LOUISVILLE METRO POLICE DEPT,Accepted,JEFFERSON,KY1747,3005,FERN VALLEY,RD,,KY1747,KY1747 CROSSOVER,,,,,38.157391735,-85.695630776,2.018,7/12/2019 12:00:00 AM,1745,2,2,0,0,CLEAR,DRY,False,OPPOSING LEFT TURN,OPPOSING LEFT TURN,STRAIGHT & LEVEL,DAYLIGHT,,,7/15/2019 8:58:16 AM,False,7669,Accepted,
25336853,0568000,LOUISVILLE METRO POLICE DEPT,Accepted,JEFFERSON,US0031W,,DIXIE,HWY,,,CRAWFORD,,,,,38.150083646,-85.837220190,12.077,7/12/2019 12:00:00 AM,1309,2,2,0,0,CLEAR,DRY,False,OPPOSING LEFT TURN,OPPOSING LEFT TURN,STRAIGHT & LEVEL,DAYLIGHT,,,7/15/2019 8:47:28 AM,False,6326,Accepted,
25336885,0568000,LOUISVILLE METRO POLICE DEPT,Accepted,JEFFERSON,US0031E,,BARDSTOWN,RD,,,BRENTLINGER,,,,,38.134149505,-85.579613197,4.372,7/12/2019 12:00:00 AM,1823,2,2,0,0,CLEAR,DRY,False,OPPOSING LEFT TURN,OPPOSING LEFT TURN,STRAIGHT & LEVEL,DAYLIGHT,,,7/15/2019 8:50:13 AM,False,4693,Accepted,
25330617,0560400,SHIVELY POLICE DEPARTMENT,Accepted,JEFFERSON,,,CENTRAL,AVE,,KY1931,7TH ST,,,,,38.214879795,-85.782891183,1.717,7/12/2019 12:00:00 AM,1732,2,2,0,0,CLEAR,DRY,False,OPPOSING LEFT TURN,OPPOSING LEFT TURN,STRAIGHT & LEVEL,DAYLIGHT,,,7/13/2019 3:12:57 AM,False,7128,Accepted,
25336912,0568000,LOUISVILLE METRO POLICE DEPT,Accepted,JEFFERSON,KY3082,,BANK,ST,,US0150,22ND,,,,,38.266607868,-85.783588355,1.534,7/12/2019 12:00:00 AM,1943,2,2,0,0,CLEAR,DRY,False,VEHICLE BACKING IN INTERSECTION,BACKING,STRAIGHT & HILLCREST,DAYLIGHT,,,7/15/2019 8:51:29 AM,False,7311,Accepted,
25476252,0568000,LOUISVILLE METRO POLICE DEPT,Accepted,JEFFERSON,US0150,,BROADWAY,,E,,BROOK,,,,,38.245615871,-85.751686784,2.728,7/12/2019 12:00:00 AM,1300,2,2,0,0,CLEAR,DRY,True,SIDESWIPE-SAME DIRECTION,SIDESWIPE-SAME DIRECTION,STRAIGHT & GRADE,DAYLIGHT,,,8/15/2019 8:32:09 AM,False,2661,Accepted,
25336928,0568000,LOUISVILLE METRO POLICE DEPT,Accepted,JEFFERSON,KY2251,,BARDSTOWN,RD,,,SIX MILE,,,,,38.195079824,-85.652588832,0.562,7/12/2019 12:00:00 AM,2041,2,2,0,0,CLEAR,DRY,False,ANGLE COLLISION - ONE VEHICLE TURNING LEFT,ANGLE,STRAIGHT & LEVEL,DAYLIGHT,,,7/15/2019 8:52:37 AM,False,5165,Accepted,
25336923,0568000,LOUISVILLE METRO POLICE DEPT,Accepted,JEFFERSON,,,1ST,ST,N,,WITHERSPOON,,,,,38.257727764,-85.751269865,0.115,7/12/2019 12:00:00 AM,2305,2,2,0,0,CLEAR,DRY,False,COLLISION WITH PARKED VEHICLE,ANGLE,STRAIGHT & LEVEL,DARK-HWY LIGHTED/ON,,,7/15/2019 8:52:18 AM,False,7325,Accepted,
25326967,0568000,LOUISVILLE METRO POLICE DEPT,Accepted,JEFFERSON,,,KRIEGER,ST,,KY0864,GOSS,,,,,38.228804374,-85.736882630,0.036,7/12/2019 12:00:00 AM,0210,2,2,0,0,CLEAR,DRY,False,COLLISION WITH PARKED VEHICLE,REAR END,STRAIGHT & LEVEL,DARK-HWY LIGHTED/ON,,,7/12/2019 8:43:18 AM,False,5123,Accepted,
25337016,0568000,LOUISVILLE METRO POLICE DEPT,Accepted,JEFFERSON,KY1065,,OUTER,LOOP,,KY1065,KY1065 CROSSOVER,,,,,38.132701986,-85.726464626,3.804,7/12/2019 12:00:00 AM,1530,2,2,0,0,CLEAR,DRY,False,COLLISION WITH FIXED OBJECT IN INTERSECTION - FIRST EVENT COLLISION 09 - 32,BACKING,STRAIGHT & LEVEL,DAYLIGHT,,,7/15/2019 8:58:11 AM,False,7669,Accepted,
25337120,0568000,LOUISVILLE METRO POLICE DEPT,Accepted,JEFFERSON,,,DUNCAN,ST,,US0150,22ND,,,,,38.262578332,-85.785841879,0.489,7/12/2019 12:00:00 AM,2226,2,1,0,0,CLEAR,DRY,False,COLLISION WITH BICYCLE IN INTERSECTION,SINGLE VEHICLE,CURVE & LEVEL,DARK-HWY LIGHTED/ON,,,7/15/2019 9:06:53 AM,False,7190,Accepted,
25357676,0568000,LOUISVILLE METRO POLICE DEPT,Accepted,JEFFERSON,US0060A,,EASTERN,PKWY,,,BRADLEY,,,,,38.212433864,-85.747125449,4.278,7/12/2019 12:00:00 AM,1900,1,1,0,1,CLEAR,DRY,False,,SINGLE VEHICLE,CURVE & LEVEL,DAYLIGHT,,,7/19/2019 10:05:17 AM,False,7165,Accepted,
25336924,0568000,LOUISVILLE METRO POLICE DEPT,Accepted,JEFFERSON,KY1065,,OUTER,LOOP,,KY1020,NATIONAL,,,,,38.126954929,-85.748967796,2.514,7/12/2019 12:00:00 AM,2305,2,2,0,0,CLEAR,DRY,False,ANGLE COLLISION - OTHER,ANGLE,STRAIGHT & LEVEL,DARK-HWY LIGHTED/ON,,,7/15/2019 8:52:22 AM,False,7975,Accepted,
25336952,0568000,LOUISVILLE METRO POLICE DEPT,Accepted,JEFFERSON,,,GOLDSMITH,LN,,,LEITH,,,,,38.201583007,-85.681885405,0.194,7/12/2019 12:00:00 AM,1253,2,2,0,1,CLEAR,DRY,False,ANGLE COLLISION - OTHER,ANGLE,STRAIGHT & LEVEL,DAYLIGHT,,,7/15/2019 8:54:35 AM,False,7536,Accepted,
25337099,0568000,LOUISVILLE METRO POLICE DEPT,Accepted,JEFFERSON,,,FACTORY,LN,,,SERVICE,,,,,38.288996507,-85.511443682,0.052,7/12/2019 12:00:00 AM,1339,2,2,0,0,CLEAR,DRY,False,ANGLE COLLISION - OTHER,ANGLE,STRAIGHT & LEVEL,DAYLIGHT,,,7/15/2019 9:05:08 AM,False,7858,Accepted,
25336860,0568000,LOUISVILLE METRO POLICE DEPT,Accepted,JEFFERSON,US0031W,,DR W J HODGE,ST,,,DATE,,,,,38.242955383,-85.787648166,19.203,7/12/2019 12:00:00 AM,1050,2,2,0,1,CLEAR,DRY,False,ANGLE COLLISION - OTHER,ANGLE,STRAIGHT & LEVEL,DAYLIGHT,,,7/15/2019 8:48:02 AM,False,7326,Accepted,
25336937,0568000,LOUISVILLE METRO POLICE DEPT,Accepted,JEFFERSON,US0060A,,EASTERN,PKWY,,US0060A,3RD,,,,,38.213754719,-85.762286609,3.410,7/12/2019 12:00:00 AM,2238,2,2,0,0,CLEAR,DRY,False,ANGLE COLLISION - OTHER,ANGLE,STRAIGHT & LEVEL,DARK-HWY LIGHTED/ON,,,7/15/2019 8:53:19 AM,False,5196,Accepted,
25336900,0568000,LOUISVILLE METRO POLICE DEPT,Accepted,JEFFERSON,US0031E,,BARDSTOWN,RD,,,ALTA,,,,,38.231140760,-85.706010668,14.447,7/12/2019 12:00:00 AM,1710,2,2,0,0,CLEAR,DRY,False,ANGLE COLLISION - OTHER,ANGLE,STRAIGHT & LEVEL,DAYLIGHT,,,7/15/2019 8:50:58 AM,False,7960,Accepted,
25336915,0568000,LOUISVILLE METRO POLICE DEPT,Accepted,JEFFERSON,,,JEFFERSON,ST,E,I 0065,I65 S EXIT136C OFF RAMP TO  E JEFFERSON ST,,,,,38.253108865,-85.750397474,0.960,7/12/2019 12:00:00 AM,2156,2,2,0,0,CLEAR,DRY,False,ANGLE COLLISION - OTHER,ANGLE,STRAIGHT & LEVEL,DARK-HWY LIGHTED/ON,,,7/15/2019 8:51:42 AM,False,7316,Accepted,
25336854,0568000,LOUISVILLE METRO POLICE DEPT,Accepted,JEFFERSON,US0031W,,MAIN,ST,W,,16TH,,,,,38.258873313,-85.776436502,20.840,7/12/2019 12:00:00 AM,1203,3,3,0,3,CLEAR,DRY,False,ANGLE COLLISION - OTHER,ANGLE,STRAIGHT & LEVEL,DAYLIGHT,,,7/15/2019 8:47:31 AM,False,7361,Accepted,
25336861,0568000,LOUISVILLE METRO POLICE DEPT,Accepted,JEFFERSON,US0031W,,DR W J HODGE,ST,,,DATE,,,,,38.242955391,-85.787624599,19.204,7/12/2019 12:00:00 AM,1134,2,2,0,0,CLEAR,DRY,False,ANGLE COLLISION - OTHER,ANGLE,STRAIGHT & LEVEL,DAYLIGHT,,,7/15/2019 8:48:12 AM,False,7326,Accepted,
25336863,0568000,LOUISVILLE METRO POLICE DEPT,Accepted,JEFFERSON,,,DUNCAN,ST,,,35TH,,,,,38.264954888,-85.807896818,1.517,7/12/2019 12:00:00 AM,1707,2,2,0,0,CLEAR,DRY,False,ANGLE COLLISION - OTHER,ANGLE,STRAIGHT & LEVEL,DAYLIGHT,,,7/15/2019 8:48:25 AM,False,7439,Accepted,
25336905,0568000,LOUISVILLE METRO POLICE DEPT,Accepted,JEFFERSON,KY1747,,FERN VALLEY,RD,,,INDUSTRIAL,,,,,38.157001407,-85.708057384,1.326,7/12/2019 12:00:00 AM,0801,2,2,0,1,CLEAR,DRY,False,ANGLE COLLISION - OTHER,ANGLE,STRAIGHT & LEVEL,DAYLIGHT,,,7/15/2019 8:51:15 AM,False,7669,Accepted,
25326968,0568000,LOUISVILLE METRO POLICE DEPT,Accepted,JEFFERSON,,,LIBERTY,ST,E,,1ST,,,,,38.252535172,-85.752195336,0.001,7/12/2019 12:00:00 AM,0715,2,2,0,0,CLEAR,DRY,False,ANGLE COLLISION - OTHER,ANGLE,STRAIGHT & LEVEL,DAYLIGHT,,,7/12/2019 8:43:29 AM,False,5148,Accepted,
25352712,0568000,LOUISVILLE METRO POLICE DEPT,Accepted,JEFFERSON,,,CAVEN,AVE,,,KURTZ,,,,,38.106976192,-85.688011263,0.255,7/12/2019 12:00:00 AM,1733,2,2,0,0,CLEAR,DRY,True,ANGLE COLLISION - OTHER,ANGLE,STRAIGHT & LEVEL,DAYLIGHT,,,7/18/2019 10:09:26 AM,False,7991,Accepted,
25459934,0568000,LOUISVILLE METRO POLICE DEPT,Accepted,JEFFERSON,US0031E,,BUECHEL,BYP,,,HIKES,,,,,38.198915312,-85.661413688,11.027,7/12/2019 12:00:00 AM,1945,2,2,0,0,CLEAR,DRY,False,ANGLE COLLISION - OTHER,ANGLE,STRAIGHT & LEVEL,DAYLIGHT,,,8/12/2019 8:58:25 AM,False,5165,Accepted,
25327838,0568000,LOUISVILLE METRO POLICE DEPT,Accepted,JEFFERSON,,,LOWER HUNTERS,TRCE,,KY1727,TERRY,,,,,38.164806888,-85.865544671,1.843,7/11/2019 12:00:00 AM,2011,2,1,0,0,CLEAR,DRY,True,ANGLE COLLISION - OTHER,ANGLE,STRAIGHT & LEVEL,DAYLIGHT,,,7/12/2019 12:07:12 PM,False,7908,Accepted,
25326941,0568000,LOUISVILLE METRO POLICE DEPT,Accepted,JEFFERSON,,,WITHERSPOON,ST,E,,BROOK,,,,,38.257576857,-85.749650204,0.088,7/11/2019 12:00:00 AM,1401,3,3,0,1,CLEAR,DRY,True,ANGLE COLLISION - OTHER,ANGLE,STRAIGHT & LEVEL,DAYLIGHT,,,7/12/2019 8:39:04 AM,False,2764,Accepted,
25326891,0568000,LOUISVILLE METRO POLICE DEPT,Accepted,JEFFERSON,US0031W,,DIXIE,HWY,,,ROSE FARM,,,,,38.146034253,-85.838517516,11.836,7/11/2019 12:00:00 AM,1114,2,2,0,4,CLEAR,DRY,False,ANGLE COLLISION - OTHER,ANGLE,STRAIGHT & LEVEL,DAYLIGHT,,,7/12/2019 8:33:00 AM,False,7356,Accepted,
25322509,0568000,LOUISVILLE METRO POLICE DEPT,Accepted,JEFFERSON,,,BROADWAY,,W,,28TH,,,,,38.249568528,-85.798282615,0.549,7/11/2019 12:00:00 AM,2330,2,1,0,1,CLEAR,DRY,False,COLLISION WITH PEDESTRIAN IN INTERSECTION,SINGLE VEHICLE,STRAIGHT & LEVEL,DARK-HWY LIGHTED/ON,,,7/11/2019 8:24:59 AM,False,7416,Accepted,
25323137,0568000,LOUISVILLE METRO POLICE DEPT,Accepted,JEFFERSON,,,BELMAR,DR,,KY0061,PRESTON,,,,,38.194688169,-85.729663451,0.001,7/11/2019 12:00:00 AM,0804,2,1,0,0,CLEAR,DRY,False,COLLISION WITH BICYCLE IN INTERSECTION,SINGLE VEHICLE,STRAIGHT & LEVEL,DAYLIGHT,,,7/11/2019 10:46:05 AM,False,6030,Accepted,
25326897,0568000,LOUISVILLE METRO POLICE DEPT,Accepted,JEFFERSON,,,3RD,ST,S,,KINGSTON,,,,,38.173081935,-85.767751134,1.777,7/11/2019 12:00:00 AM,1327,2,2,0,0,CLEAR,DRY,True,NON-COLLISION OBJECT COLLISION,REAR END,STRAIGHT & LEVEL,DAYLIGHT,,,7/12/2019 8:33:54 AM,False,7495,Accepted,
25326942,0568000,LOUISVILLE METRO POLICE DEPT,Accepted,JEFFERSON,KY1819,,BILLTOWN,RD,,KY6327,BILLTOWN FRONTAGE,,,,,38.143750589,-85.543186185,4.947,7/11/2019 12:00:00 AM,1735,2,2,0,0,CLEAR,DRY,False,ANGLE COLLISION - ONE VEHICLE TURNING LEFT,ANGLE,STRAIGHT & LEVEL,DAYLIGHT,,,7/12/2019 8:39:19 AM,False,6878,Accepted,
25326946,0568000,LOUISVILLE METRO POLICE DEPT,Accepted,JEFFERSON,US0031E,,BARDSTOWN,RD,,,COLONEL HANCOCK,,,,,38.130482976,-85.577409013,4.092,7/11/2019 12:00:00 AM,1550,3,3,0,0,CLEAR,DRY,False,ANGLE COLLISION - ONE VEHICLE TURNING LEFT,ANGLE,STRAIGHT & LEVEL,DAYLIGHT,,,7/12/2019 8:40:03 AM,False,4693,Accepted,
25326921,0568000,LOUISVILLE METRO POLICE DEPT,Accepted,JEFFERSON,,,JEFFERSON,ST,W,US0031W,DR W J HODGE,,,,,38.256951240,-85.785153358,1.818,7/11/2019 12:00:00 AM,1516,2,2,0,2,CLEAR,DRY,False,OPPOSING LEFT TURN,OPPOSING LEFT TURN,STRAIGHT & LEVEL,DAYLIGHT,,,7/12/2019 8:36:06 AM,False,7220,Accepted,
25375257,0568000,LOUISVILLE METRO POLICE DEPT,Accepted,JEFFERSON,KY2048,,CANNONS,LN,,I 0064,I64 W EXIT10 ON RAMP FROM KY2048,,,,,38.236354468,-85.658845895,1.319,7/11/2019 12:00:00 AM,2109,2,2,0,0,CLEAR,DRY,True,OPPOSING LEFT TURN,OPPOSING LEFT TURN,CURVE & HILLCREST,DAYLIGHT,,,7/23/2019 3:59:46 PM,False,7101,Accepted,
25326958,0568000,LOUISVILLE METRO POLICE DEPT,Accepted,JEFFERSON,,,JEFFERSON,ST,W,,5TH,,,,,38.254017144,-85.758671769,0.364,7/11/2019 12:00:00 AM,1637,2,2,0,0,CLEAR,DRY,False,REAR END - ONE VEHICLE TURNING RIGHT,REAR END,STRAIGHT & LEVEL,DAYLIGHT,,,7/12/2019 8:41:57 AM,False,5124,Accepted,
25326861,0568000,LOUISVILLE METRO POLICE DEPT,Accepted,JEFFERSON,,,GRADE,LN,,KY0061,PRESTON,,,,,38.179899387,-85.718267816,0.013,7/11/2019 12:00:00 AM,0729,2,2,0,1,CLEAR,DRY,False,REAR END - ONE VEHICLE TURNING RIGHT,REAR END,STRAIGHT & LEVEL,DAYLIGHT,,,7/12/2019 8:31:11 AM,False,2796,Accepted,
25326863,0568000,LOUISVILLE METRO POLICE DEPT,Accepted,JEFFERSON,,,LINCOLN,AVE,,,,,,,,38.196700111,-85.708341519,0.427,7/11/2019 12:00:00 AM,0830,1,1,0,0,CLEAR,DRY,True,COLLISION WITH FIXED OBJECT NON - INTERSECTION - FIRST EVENT COLLISION 09 - 32 EXCLUDING 16,SINGLE VEHICLE,STRAIGHT & LEVEL,UNKNOWN,,,7/12/2019 8:31:28 AM,False,6030,Accepted,
25326969,0568000,LOUISVILLE METRO POLICE DEPT,Accepted,JEFFERSON,US0060A,,EASTERN,PKWY,,,,,,,,38.228926034,-85.715263219,6.440,7/11/2019 12:00:00 AM,0811,1,1,0,0,CLEAR,DRY,False,COLLISION WITH FIXED OBJECT NON - INTERSECTION - FIRST EVENT COLLISION 09 - 32 EXCLUDING 16,SINGLE VEHICLE,STRAIGHT & LEVEL,DARK-HWY LIGHTED/ON,,,7/12/2019 8:43:42 AM,False,5104,Accepted,
25322501,0568000,LOUISVILLE METRO POLICE DEPT,Accepted,JEFFERSON,US0060,9100,SHELBYVILLE,RD,,,,,,,,38.246810399,-85.581965911,7.585,7/11/2019 12:00:00 AM,0116,1,1,0,0,CLEAR,DRY,False,COLLISION WITH FIXED OBJECT NON - INTERSECTION - FIRST EVENT COLLISION 09 - 32 EXCLUDING 16,SINGLE VEHICLE,STRAIGHT & LEVEL,DARK-HWY NOT LIGHTED,,,7/11/2019 8:24:49 AM,False,7096,Accepted,
25336910,0568000,LOUISVILLE METRO POLICE DEPT,Accepted,JEFFERSON,US0031E,,BARDSTOWN,RD,,,,,,,,38.079569250,-85.554521124,0.292,7/11/2019 12:00:00 AM,2251,1,1,1,0,CLEAR,DRY,False,COLLISION WITH FIXED OBJECT NON - INTERSECTION - FIRST EVENT COLLISION 09 - 32 EXCLUDING 16,SINGLE VEHICLE,CURVE & LEVEL,DARK-HWY NOT LIGHTED,,,7/15/2019 8:51:26 AM,False,7786,Accepted,
25322499,0568000,LOUISVILLE METRO POLICE DEPT,Accepted,JEFFERSON,KY1065,,OUTER,LOOP,,,,,,,,38.126059793,-85.769294790,1.394,7/11/2019 12:00:00 AM,0012,1,1,0,3,CLEAR,DRY,False,COLLISION WITH FIXED OBJECT NON - INTERSECTION - FIRST EVENT COLLISION 09 - 32 EXCLUDING 16,SINGLE VEHICLE,STRAIGHT & LEVEL,DUSK,,,7/11/2019 8:24:46 AM,False,7149,Accepted,
25326933,0568000,LOUISVILLE METRO POLICE DEPT,Accepted,JEFFERSON,US0150,,22ND,ST,N,,,,DUNCAN,,OWEN,38.262898839,-85.785802953,0.536,7/11/2019 12:00:00 AM,2319,1,1,0,4,CLEAR,DRY,False,COLLISION WITH FIXED OBJECT NON - INTERSECTION - FIRST EVENT COLLISION 09 - 32 EXCLUDING 16,SINGLE VEHICLE,STRAIGHT & LEVEL,DARK-HWY LIGHTED/ON,,,7/12/2019 8:37:22 AM,False,7417,Accepted,
25326970,0568000,LOUISVILLE METRO POLICE DEPT,Accepted,JEFFERSON,US0031W,,DIXIE,HWY,,,PENDLETON,,,,,38.062308758,-85.886624995,5.291,7/11/2019 12:00:00 AM,2259,2,2,0,0,CLEAR,DRY,False,OTHER INTERSECTION COLLISIONS,REAR END,STRAIGHT & LEVEL,DARK-HWY LIGHTED/ON,,,7/12/2019 8:43:56 AM,False,7908,Accepted,
25326902,0568000,LOUISVILLE METRO POLICE DEPT,Accepted,JEFFERSON,,,STONESTREET,RD,,,SILVERWOOD,,,,,38.107253220,-85.834942327,1.625,7/11/2019 12:00:00 AM,0802,2,2,0,0,CLEAR,DRY,False,OTHER INTERSECTION COLLISIONS,REAR END,STRAIGHT & LEVEL,DAYLIGHT,,,7/12/2019 8:34:21 AM,False,6326,Accepted,
25326947,0568000,LOUISVILLE METRO POLICE DEPT,Accepted,JEFFERSON,US0031E,,BARDSTOWN,RD,,,GOLDSMITH,,,,,38.208313685,-85.668810368,11.760,7/11/2019 12:00:00 AM,1319,2,2,0,0,CLEAR,DRY,False,OTHER INTERSECTION COLLISIONS,REAR END,STRAIGHT & LEVEL,DAYLIGHT,,,7/12/2019 8:40:12 AM,False,5191,Accepted,
25326948,0568000,LOUISVILLE METRO POLICE DEPT,Accepted,JEFFERSON,KY2801,,SOUTHERN HEIGHTS,AVE,W,KY1020,SOUTHERN,,,,,38.189240811,-85.766662319,0.002,7/11/2019 12:00:00 AM,1439,3,3,0,1,CLEAR,DRY,False,OTHER INTERSECTION COLLISIONS,REAR END,STRAIGHT & LEVEL,DAYLIGHT,,,7/12/2019 8:40:23 AM,False,7262,Accepted,
25326943,0568000,LOUISVILLE METRO POLICE DEPT,Accepted,JEFFERSON,KY1703,,NEWBURG,RD,,,MEADOWCREEK,,,,,38.198934779,-85.683497611,1.887,7/11/2019 12:00:00 AM,1857,2,2,0,0,CLEAR,DRY,False,OTHER INTERSECTION COLLISIONS,REAR END,STRAIGHT & LEVEL,DAYLIGHT,,,7/12/2019 8:39:31 AM,False,7496,Accepted,
25326934,0568000,LOUISVILLE METRO POLICE DEPT,Accepted,JEFFERSON,,,3RD,ST,S,,WELLINGTON,,,,,38.183929069,-85.765790928,1.153,7/11/2019 12:00:00 AM,1200,3,3,0,0,CLEAR,DRY,False,OTHER INTERSECTION COLLISIONS,REAR END,STRAIGHT & LEVEL,DAYLIGHT,,,7/12/2019 8:37:34 AM,False,7262,Accepted,
25326919,0568000,LOUISVILLE METRO POLICE DEPT,Accepted,JEFFERSON,,,ROY WILKINS,AVE,,,CHESTNUT,,,,,38.249824203,-85.765839205,0.538,7/11/2019 12:00:00 AM,0914,2,2,0,0,CLEAR,DRY,False,OTHER INTERSECTION COLLISIONS,REAR END,STRAIGHT & LEVEL,DAYLIGHT,,,7/12/2019 8:35:42 AM,False,5124,Accepted,
25322516,0568000,LOUISVILLE METRO POLICE DEPT,Accepted,JEFFERSON,US0031E,,BARDSTOWN,RD,,,BRENTLINGER,,,,,38.133425673,-85.579293096,4.320,7/11/2019 12:00:00 AM,0649,2,2,0,0,CLEAR,DRY,False,OTHER INTERSECTION COLLISIONS,REAR END,STRAIGHT & LEVEL,DAYLIGHT,,,7/11/2019 8:25:10 AM,False,2017,Accepted,
25341859,0568000,LOUISVILLE METRO POLICE DEPT,Accepted,JEFFERSON,,,BERRY,BLVD,,KY1865,TAYLOR,,,,,38.196322119,-85.783132603,0.009,7/11/2019 12:00:00 AM,1745,2,2,0,0,CLEAR,DRY,True,OTHER INTERSECTION COLLISIONS,REAR END,STRAIGHT & LEVEL,DAYLIGHT,,,7/16/2019 8:27:10 AM,False,5237,Accepted,
25326931,0568000,LOUISVILLE METRO POLICE DEPT,Accepted,JEFFERSON,KY0864,,POPLAR LEVEL,RD,,,GILMORE,,,,,38.182596454,-85.698089437,10.292,7/11/2019 12:00:00 AM,1932,2,2,0,0,CLEAR,DRY,False,SIDESWIPE-SAME DIRECTION,SIDESWIPE-SAME DIRECTION,STRAIGHT & LEVEL,DAYLIGHT,,,7/12/2019 8:36:56 AM,False,7206,Accepted,
25341824,0568000,LOUISVILLE METRO POLICE DEPT,Accepted,JEFFERSON,KY2054,,ALGONQUIN,PKWY,,,DE SOTO,,,,,38.222946785,-85.789454300,1.805,7/11/2019 12:00:00 AM,1910,2,2,0,0,CLEAR,DRY,False,SIDESWIPE-SAME DIRECTION,SIDESWIPE-SAME DIRECTION,STRAIGHT & GRADE,DAYLIGHT,,,7/16/2019 8:24:59 AM,False,5239,Accepted,
25322504,0568000,LOUISVILLE METRO POLICE DEPT,Accepted,JEFFERSON,KY1931,,GREENWOOD,RD,,KY1727,TERRY,,,,,38.144781969,-85.872665508,1.336,7/11/2019 12:00:00 AM,2052,2,2,0,0,CLEAR,DRY,False,SIDESWIPE-SAME DIRECTION,SIDESWIPE-SAME DIRECTION,STRAIGHT & LEVEL,DAYLIGHT,,,7/11/2019 8:24:53 AM,False,7365,Accepted,