IncidentID,AgencyORI,AgencyName,IncidentStatusDesc,County,RdwyNumber,Street,RoadwayName,StreetSfx,StreetDir,IntersectionRdwy,IntersectionRdwyName,BetweenStRdwy1,BetweenStRdwyName1,BetweenStRdwy2,BetweenStRdwyName2,Latitude,Longitude,Milepoint,CollisionDate,CollisionTime,UnitsInvolved,MotorVehiclesInvolved,NumberKilled,NumberInjured,Weather,RdwyConditionCode,HitandRun,DirAnalysisCode,MannerofCollision,RdwyCharacter,LightCondition,RampFromRdwyId,RampToRdwyId,AcceptedDate,IsSecondaryCollision,OwnerBadge,IncidentStatus,
25326928,0568000,LOUISVILLE METRO POLICE DEPT,Accepted,JEFFERSON,,,5TH,ST,S,US0031W,MAIN,,,,,38.256800667,-85.758177237,3.808,7/11/2019 12:00:00 AM,2037,2,2,0,0,CLEAR,DRY,False,SIDESWIPE-SAME DIRECTION,SIDESWIPE-SAME DIRECTION,STRAIGHT & LEVEL,DAWN,,,7/12/2019 8:36:31 AM,False,5172,Accepted,
25341871,0568000,LOUISVILLE METRO POLICE DEPT,Accepted,JEFFERSON,KY1703,1801,NEWBURG,RD,,,,,,,,38.222892648,-85.710667524,4.282,7/11/2019 12:00:00 AM,1326,2,2,0,0,CLEAR,DRY,False,1 VEHICLE PARKED POSITION (NOT PARKING LOT/DRIVEWAY),BACKING,STRAIGHT & LEVEL,DAYLIGHT,,,7/16/2019 8:27:59 AM,False,7740,Accepted,
25326886,0568000,LOUISVILLE METRO POLICE DEPT,Accepted,JEFFERSON,,659,39TH,ST,S,,,,,,,38.252278250,-85.816349406,0.939,7/11/2019 12:00:00 AM,0800,2,2,0,0,CLEAR,DRY,True,1 VEHICLE PARKED POSITION (NOT PARKING LOT/DRIVEWAY),SIDESWIPE-SAME DIRECTION,STRAIGHT & LEVEL,DAYLIGHT,,,7/12/2019 8:32:19 AM,False,5161,Accepted,
25326859,0568000,LOUISVILLE METRO POLICE DEPT,Accepted,JEFFERSON,,9110,WOODDALE,DR,,,,,,,,38.122304091,-85.846494367,0.295,7/11/2019 12:00:00 AM,1014,2,2,0,0,CLEAR,DRY,False,1 VEHICLE PARKED POSITION (NOT PARKING LOT/DRIVEWAY),BACKING,STRAIGHT & LEVEL,DAYLIGHT,,,7/12/2019 8:30:23 AM,False,7232,Accepted,
25323135,0568000,LOUISVILLE METRO POLICE DEPT,Accepted,JEFFERSON,,6604,ESTELE,AVE,,,,,,,,38.160909072,-85.763641963,0.252,7/11/2019 12:00:00 AM,0730,2,2,0,0,CLEAR,DRY,True,1 VEHICLE PARKED POSITION (NOT PARKING LOT/DRIVEWAY),SIDESWIPE-SAME DIRECTION,STRAIGHT & LEVEL,DARK (UNKNOWN ROADWAY LIGHTING),,,7/11/2019 10:45:56 AM,False,7424,Accepted,
25367479,0568000,LOUISVILLE METRO POLICE DEPT,Accepted,JEFFERSON,I 0064,,I64 W,,,,,,,,,38.250143547,-85.711057237,7.194,7/11/2019 12:00:00 AM,1704,3,3,0,0,CLEAR,DRY,False,REAR END IN TRAFFIC LANES BOTH VEHICLES MOVING,REAR END,STRAIGHT & LEVEL,DAYLIGHT,,,7/22/2019 8:57:29 AM,False,2228,Accepted,
25326938,0568000,LOUISVILLE METRO POLICE DEPT,Accepted,JEFFERSON,I 0265,,I265 E,,,,,,,,,38.111943755,-85.688422709,10.987,7/11/2019 12:00:00 AM,1734,2,2,0,0,CLEAR,DRY,False,REAR END IN TRAFFIC LANES BOTH VEHICLES MOVING,REAR END,STRAIGHT & LEVEL,DAYLIGHT,,,7/12/2019 8:38:24 AM,False,2142,Accepted,
25326939,0568000,LOUISVILLE METRO POLICE DEPT,Accepted,JEFFERSON,KY0913,,BLANKENBAKER,PKWY,,,,,REHL,,ELECTRON,38.200568117,-85.538303004,1.241,7/11/2019 12:00:00 AM,0903,2,2,0,0,CLOUDY,DRY,False,REAR END IN TRAFFIC LANES BOTH VEHICLES MOVING,REAR END,CURVE & LEVEL,DAYLIGHT,,,7/12/2019 8:38:35 AM,False,7751,Accepted,
25326940,0568000,LOUISVILLE METRO POLICE DEPT,Accepted,JEFFERSON,KY1447,,WESTPORT,RD,,,,,,,,38.297787455,-85.547075639,6.761,7/11/2019 12:00:00 AM,2236,3,3,0,0,CLEAR,DRY,False,REAR END IN TRAFFIC LANES BOTH VEHICLES MOVING,REAR END,STRAIGHT & LEVEL,DARK-HWY NOT LIGHTED,,,7/12/2019 8:38:50 AM,False,5102,Accepted,
25326955,0568000,LOUISVILLE METRO POLICE DEPT,Accepted,JEFFERSON,US0031E,,BARDSTOWN,RD,,,,,,,,38.138843755,-85.581945675,4.761,7/11/2019 12:00:00 AM,1516,2,2,0,0,CLEAR,DRY,False,REAR END IN TRAFFIC LANES BOTH VEHICLES MOVING,REAR END,STRAIGHT & LEVEL,DAYLIGHT,,,7/12/2019 8:41:33 AM,False,4693,Accepted,
25341864,0568000,LOUISVILLE METRO POLICE DEPT,Accepted,JEFFERSON,I 0264,,I264 W,,,,,,,,,38.190980999,-85.720249336,12.600,7/11/2019 12:00:00 AM,1146,2,2,0,0,CLEAR,DRY,False,REAR END IN TRAFFIC LANES BOTH VEHICLES MOVING,REAR END,STRAIGHT & LEVEL,DAYLIGHT,,,7/16/2019 8:27:29 AM,False,8278,Accepted,
25326924,0568000,LOUISVILLE METRO POLICE DEPT,Accepted,JEFFERSON,KY1065,,OUTER,LOOP,,,,,,,,38.138452555,-85.684948779,6.150,7/11/2019 12:00:00 AM,1347,2,2,0,0,CLEAR,DRY,False,REAR END IN TRAFFIC LANES BOTH VEHICLES MOVING,REAR END,STRAIGHT & LEVEL,DAYLIGHT,,,7/12/2019 8:36:18 AM,False,4693,Accepted,
25326959,0568000,LOUISVILLE METRO POLICE DEPT,Accepted,JEFFERSON,I 0065,,,,,,,,,,,38.155866586,-85.716430249,0.368,7/11/2019 12:00:00 AM,1724,2,2,0,0,CLEAR,DRY,False,REAR END IN TRAFFIC LANES BOTH VEHICLES MOVING,REAR END,CURVE & GRADE,DAYLIGHT,I 0065,KY1631,7/12/2019 8:42:09 AM,False,4693,Accepted,
25322502,0568000,LOUISVILLE METRO POLICE DEPT,Accepted,JEFFERSON,,11437,SEATONVILLE,RD,,,,,,,,38.138135138,-85.547865029,1.957,7/11/2019 12:00:00 AM,0052,1,1,0,0,CLEAR,DRY,False,OTHER COLLISIONS ON SHOULDER,SINGLE VEHICLE,CURVE & LEVEL,DARK-HWY NOT LIGHTED,,,7/11/2019 8:24:50 AM,False,5169,Accepted,
25793197,0568000,LOUISVILLE METRO POLICE DEPT,Accepted,JEFFERSON,KY0022,,BROWNSBORO,RD,,,LIME KILN,,,,,38.283791797,-85.628254805,0.451,7/11/2019 12:00:00 AM,1800,2,2,0,0,CLEAR,DRY,False,HEAD-ON COLLISION,HEAD ON,STRAIGHT & LEVEL,DAYLIGHT,,,10/18/2019 8:38:35 AM,False,7631,Accepted,
25326960,0568000,LOUISVILLE METRO POLICE DEPT,Accepted,JEFFERSON,,,BROOK,ST,S,,,,JEFFERSON,,PRODUCE,38.253676014,-85.750352906,3.356,7/11/2019 12:00:00 AM,1011,2,2,0,0,CLEAR,DRY,False,SIDESWIPE COLLISION - SAME DIRECTION,SIDESWIPE-SAME DIRECTION,STRAIGHT & LEVEL,DAYLIGHT,,,7/12/2019 8:42:20 AM,False,2764,Accepted,
25326944,0568000,LOUISVILLE METRO POLICE DEPT,Accepted,JEFFERSON,US0031W,,DIXIE,HWY,,,,,,,,38.081526431,-85.882028327,6.648,7/11/2019 12:00:00 AM,2210,2,2,0,0,CLEAR,DRY,False,SIDESWIPE COLLISION - SAME DIRECTION,SIDESWIPE-SAME DIRECTION,STRAIGHT & LEVEL,DARK-HWY LIGHTED/ON,,,7/12/2019 8:39:43 AM,False,7295,Accepted,
25322507,0568000,LOUISVILLE METRO POLICE DEPT,Accepted,JEFFERSON,,2500 BLK,BROADWAY,,W,,,,,,,38.249395995,-85.793311006,0.278,7/11/2019 12:00:00 AM,0335,2,2,0,0,CLEAR,DRY,False,SIDESWIPE COLLISION - SAME DIRECTION,SIDESWIPE-SAME DIRECTION,STRAIGHT & LEVEL,DARK-HWY LIGHTED/ON,,,7/11/2019 8:24:57 AM,False,7416,Accepted,
25326912,0568000,LOUISVILLE METRO POLICE DEPT,Accepted,JEFFERSON,I 0264,,I264 W,,,,,,,,,38.231096227,-85.631406554,18.222,7/11/2019 12:00:00 AM,1237,2,2,0,0,CLEAR,DRY,False,SIDESWIPE COLLISION - SAME DIRECTION,SIDESWIPE-SAME DIRECTION,STRAIGHT & LEVEL,DAYLIGHT,,,7/12/2019 8:34:48 AM,False,4903,Accepted,
25345116,0568000,LOUISVILLE METRO POLICE DEPT,Accepted,JEFFERSON,I 0264,,I264 E,,,,,I 0264,I264 E EXIT17A OFF RAMP TO KY155 S,I 0264,I264 E EXIT17B OFF RAMP TO KY155 N,38.221728625,-85.650188348,17.028,7/11/2019 12:00:00 AM,1740,2,2,0,0,CLEAR,DRY,True,SIDESWIPE COLLISION - SAME DIRECTION,SIDESWIPE-SAME DIRECTION,STRAIGHT & LEVEL,DAYLIGHT,,,7/16/2019 5:25:41 PM,False,7793,Accepted,
25586574,0568000,LOUISVILLE METRO POLICE DEPT,Accepted,JEFFERSON,I 0065,,I65 S,,,,,,,,,38.099231715,-85.700965610,124.070,7/11/2019 12:00:00 AM,1741,2,2,0,0,CLEAR,DRY,False,SIDESWIPE COLLISION - SAME DIRECTION,SIDESWIPE-SAME DIRECTION,STRAIGHT & LEVEL,DAYLIGHT,,,9/3/2019 12:58:50 PM,False,7764,Accepted,
25326978,0568000,LOUISVILLE METRO POLICE DEPT,Accepted,JEFFERSON,KY2251,3718,BARDSTOWN,RD,,,,,,,,38.197991034,-85.658047286,0.917,7/11/2019 12:00:00 AM,2023,2,2,0,0,CLEAR,DRY,False,1 VEHICLE ENTERING/LEAVING ENTRANCE,ANGLE,STRAIGHT & LEVEL,DAYLIGHT,,,7/12/2019 8:44:40 AM,False,5019,Accepted,
25326930,0568000,LOUISVILLE METRO POLICE DEPT,Accepted,JEFFERSON,,107,SOUTHVIEW,SQ,,,,,,,,38.152205429,-85.767873323,0.174,7/11/2019 12:00:00 AM,0200,2,2,0,0,CLEAR,DRY,True,1 VEHICLE ENTERING/LEAVING ENTRANCE,ANGLE,CURVE & GRADE,DAYLIGHT,,,7/12/2019 8:36:48 AM,False,7263,Accepted,
25326917,0568000,LOUISVILLE METRO POLICE DEPT,Accepted,JEFFERSON,US0031W,,DIXIE,HWY,,,,,ROCKFORD,,KINGSFORD,38.173514213,-85.824145687,13.754,7/11/2019 12:00:00 AM,1057,2,2,0,0,CLEAR,DRY,False,1 VEHICLE ENTERING/LEAVING ENTRANCE,ANGLE,STRAIGHT & LEVEL,DAYLIGHT,,,7/12/2019 8:35:28 AM,False,6326,Accepted,
25326920,0568000,LOUISVILLE METRO POLICE DEPT,Accepted,JEFFERSON,KY1020,6912,SOUTHSIDE,DR,,,,,,,,38.155747078,-85.764713965,5.918,7/11/2019 12:00:00 AM,0930,2,2,0,0,CLEAR,DRY,False,1 VEHICLE ENTERING/LEAVING ENTRANCE,ANGLE,STRAIGHT & LEVEL,DAYLIGHT,,,7/12/2019 8:35:53 AM,False,6326,Accepted,
25326962,0568000,LOUISVILLE METRO POLICE DEPT,Accepted,JEFFERSON,KY2052,5608,SHEPHERDSVILLE,RD,,,,,,,,38.138913163,-85.656965174,0.023,7/11/2019 12:00:00 AM,2006,2,2,0,0,CLEAR,DRY,True,VEHICLE BACKING NON INTERSECTION,BACKING,STRAIGHT & LEVEL,DAYLIGHT,,,7/12/2019 8:42:43 AM,False,5107,Accepted,
25326971,0568000,LOUISVILLE METRO POLICE DEPT,Accepted,JEFFERSON,US0031E,333,MARKET,ST,E,,,,,,,38.254104111,-85.746202114,17.369,7/11/2019 12:00:00 AM,2241,2,2,0,0,CLEAR,DRY,False,VEHICLE BACKING NON INTERSECTION,BACKING,STRAIGHT & LEVEL,DARK-HWY LIGHTED/ON,,,7/12/2019 8:44:07 AM,False,5056,Accepted,
25326951,0568000,LOUISVILLE METRO POLICE DEPT,Accepted,JEFFERSON,I 0265,,,,,,,,,,,38.309068296,-85.573019684,0.220,7/11/2019 12:00:00 AM,1915,2,2,0,0,CLEAR,DRY,False,OTHER RAMP RELATED COLLISIONS NOT LISTED ABOVE,REAR END,STRAIGHT & HILLCREST,DAYLIGHT,I 0265,KY0022,7/12/2019 8:40:59 AM,False,5004,Accepted,
25336942,0568000,LOUISVILLE METRO POLICE DEPT,Accepted,JEFFERSON,,,WITHERSPOON,ST,E,,,,,,,38.257632817,-85.745923500,0.291,7/11/2019 12:00:00 AM,1000,1,1,0,0,CLEAR,DRY,False,COLLISION IN PARKING LOT,SINGLE VEHICLE,STRAIGHT & LEVEL,DAYLIGHT,,,7/15/2019 8:53:53 AM,False,2501,Accepted,
25326961,0568000,LOUISVILLE METRO POLICE DEPT,Accepted,JEFFERSON,US0031E,,BAXTER,AVE,,,,,,,,38.240956602,-85.724871064,15.704,7/11/2019 12:00:00 AM,1910,2,2,0,0,CLEAR,DRY,True,COLLISION IN PARKING LOT,BACKING,STRAIGHT & GRADE,DAYLIGHT,,,7/12/2019 8:42:32 AM,False,7376,Accepted,
25326950,0568000,LOUISVILLE METRO POLICE DEPT,Accepted,JEFFERSON,,2301,DOUGLASS,BLVD,,,,,,,,38.229994074,-85.684785125,1.200,7/11/2019 12:00:00 AM,1402,2,2,0,0,CLEAR,DRY,False,COLLISION IN PARKING LOT,BACKING,STRAIGHT & LEVEL,DAYLIGHT,,,7/12/2019 8:40:49 AM,False,2100,Accepted,
25326874,0568000,LOUISVILLE METRO POLICE DEPT,Accepted,JEFFERSON,KY0061,6622,PRESTON,HWY,,,,,,,,38.154937873,-85.695898732,5.194,7/11/2019 12:00:00 AM,1045,2,2,0,0,CLEAR,DRY,False,COLLISION IN PARKING LOT,REAR END,STRAIGHT & LEVEL,DAYLIGHT,,,7/12/2019 8:31:40 AM,False,2017,Accepted,
25326952,0568000,LOUISVILLE METRO POLICE DEPT,Accepted,JEFFERSON,KY1932,3039,BRECKENRIDGE,LN,,,,,,,,38.216484400,-85.626286953,2.552,7/11/2019 12:00:00 AM,1702,2,2,0,1,CLOUDY,DRY,False,COLLISION IN PARKING LOT,ANGLE,STRAIGHT & LEVEL,DAYLIGHT,,,7/12/2019 8:41:09 AM,False,6100,Accepted,
25326935,0568000,LOUISVILLE METRO POLICE DEPT,Accepted,JEFFERSON,,447,FARMINGTON,AVE,,,,,,,,38.200159416,-85.753947087,0.197,7/11/2019 12:00:00 AM,1458,2,2,0,0,CLEAR,DRY,True,COLLISION IN PARKING LOT,BACKING,STRAIGHT & LEVEL,DAYLIGHT,,,7/12/2019 8:37:46 AM,False,7977,Accepted,
25326916,0568000,LOUISVILLE METRO POLICE DEPT,Accepted,JEFFERSON,KY0864,4903,POPLAR LEVEL,RD,,,,,,,,38.171442137,-85.684695930,9.231,7/11/2019 12:00:00 AM,1233,2,2,0,0,CLEAR,DRY,True,COLLISION IN PARKING LOT,ANGLE,STRAIGHT & LEVEL,DAYLIGHT,,,7/12/2019 8:35:14 AM,False,2796,Accepted,
25326884,0568000,LOUISVILLE METRO POLICE DEPT,Accepted,JEFFERSON,,,TREVILIAN,WAY,,,,,,,,38.208966755,-85.706061417,2.244,7/11/2019 12:00:00 AM,1229,2,2,0,0,CLEAR,DRY,False,OTHER ROADWAY OR MID-BLOCK COLLISION,REAR END,CURVE & GRADE,DAYLIGHT,,,7/12/2019 8:31:51 AM,False,6030,Accepted,
25323138,0568000,LOUISVILLE METRO POLICE DEPT,Accepted,JEFFERSON,I 0065,,,,,,,,,,,38.190517298,-85.721761672,0.435,7/11/2019 12:00:00 AM,0847,2,2,0,0,CLEAR,DRY,False,OTHER ROADWAY OR MID-BLOCK COLLISION,REAR END,CURVE & LEVEL,DAYLIGHT,,,7/11/2019 10:46:07 AM,False,4903,Accepted,
25326894,0568000,LOUISVILLE METRO POLICE DEPT,Accepted,JEFFERSON,KY0907,,3RD ST,RD,,,,,HAWTHORNE POINTE,,JAMES HILL,38.116532006,-85.817839865,3.061,7/11/2019 12:00:00 AM,1130,2,2,0,1,CLEAR,DRY,False,OTHER ROADWAY OR MID-BLOCK COLLISION,REAR END,STRAIGHT & LEVEL,DAYLIGHT,,,7/12/2019 8:33:26 AM,False,6326,Accepted,
25326929,0568000,LOUISVILLE METRO POLICE DEPT,Accepted,JEFFERSON,KY0841,,GENE SNYDER,FWY,,,,,,,,38.119516568,-85.782057468,5.784,7/11/2019 12:00:00 AM,1708,1,1,0,1,CLEAR,DRY,False,OTHER ROADWAY OR MID-BLOCK COLLISION,SINGLE VEHICLE,CURVE & LEVEL,DAYLIGHT,,,7/12/2019 8:36:40 AM,False,7944,Accepted,
25341865,0568000,LOUISVILLE METRO POLICE DEPT,Accepted,JEFFERSON,I 0064,,I64 W,,,,,,,,,38.234955140,-85.614062054,12.800,7/11/2019 12:00:00 AM,1327,5,5,0,1,CLEAR,DRY,False,OTHER ROADWAY OR MID-BLOCK COLLISION,REAR END,STRAIGHT & LEVEL,DAYLIGHT,,,7/16/2019 8:27:33 AM,False,8278,Accepted,
25322496,0568000,LOUISVILLE METRO POLICE DEPT,Accepted,JEFFERSON,KY0841,,GENE SNYDER,FWY,,,,,,,,38.117638865,-85.735763032,8.311,7/10/2019 12:00:00 AM,2300,1,1,0,0,CLOUDY,DRY,False,OTHER ROADWAY OR MID-BLOCK COLLISION,SINGLE VEHICLE,CURVE & LEVEL,DARK-HWY NOT LIGHTED,,,7/11/2019 8:24:42 AM,False,7149,Accepted,
25322462,0568000,LOUISVILLE METRO POLICE DEPT,Accepted,JEFFERSON,I 0264,,I264 W,,,,,,,,,38.191930869,-85.714307224,12.931,7/10/2019 12:00:00 AM,1448,3,3,0,0,CLEAR,DRY,False,OTHER ROADWAY OR MID-BLOCK COLLISION,REAR END,CURVE & GRADE,DAYLIGHT,,,7/11/2019 8:23:43 AM,False,8278,Accepted,
25322484,0568000,LOUISVILLE METRO POLICE DEPT,Accepted,JEFFERSON,US0060A,1138,EASTERN,PKWY,,,,,,,,38.224234942,-85.729887768,5.541,7/10/2019 12:00:00 AM,1753,2,2,0,0,CLOUDY,DRY,False,OTHER ROADWAY OR MID-BLOCK COLLISION,REAR END,CURVE & HILLCREST,DAYLIGHT,,,7/11/2019 8:24:23 AM,False,7898,Accepted,
25336960,0568000,LOUISVILLE METRO POLICE DEPT,Accepted,JEFFERSON,I 0064,,I64 E,,,,,,,,,38.222808458,-85.510943649,18.684,7/10/2019 12:00:00 AM,0842,2,2,0,0,CLEAR,DRY,False,OTHER ROADWAY OR MID-BLOCK COLLISION,REAR END,STRAIGHT & LEVEL,DAYLIGHT,,,7/15/2019 8:54:49 AM,False,7772,Accepted,
25318606,0560300,ST. MATTHEWS POLICE DEPARTMENT,Accepted,JEFFERSON,US0060,3900,SHELBYVILLE,RD,,,,,,,,38.252831768,-85.655468521,3.537,7/10/2019 12:00:00 AM,0845,2,2,0,0,CLEAR,DRY,False,OTHER ROADWAY OR MID-BLOCK COLLISION,REAR END,STRAIGHT & LEVEL,DAYLIGHT,,,7/10/2019 11:20:07 AM,False,9155,Accepted,
25322429,0568000,LOUISVILLE METRO POLICE DEPT,Accepted,JEFFERSON,KY1747,,HURSTBOURNE,PKWY,S,,,,SIX MILE,,RAINTREE,38.198819314,-85.603159277,9.597,7/10/2019 12:00:00 AM,1125,2,2,0,0,CLEAR,DRY,False,OTHER ROADWAY OR MID-BLOCK COLLISION,REAR END,STRAIGHT & GRADE,DAYLIGHT,,,7/11/2019 8:22:31 AM,False,7602,Accepted,
25322440,0568000,LOUISVILLE METRO POLICE DEPT,Accepted,JEFFERSON,KY1020,,NATIONAL,TPKE,,,,,SAM,,RECOVERY,38.144965590,-85.757347794,4.983,7/10/2019 12:00:00 AM,1148,3,3,0,0,CLEAR,DRY,True,OTHER ROADWAY OR MID-BLOCK COLLISION,REAR END,STRAIGHT & LEVEL,DAYLIGHT,,,7/11/2019 8:23:01 AM,False,6326,Accepted,
25317925,0568000,LOUISVILLE METRO POLICE DEPT,Accepted,JEFFERSON,I 0065,,I65 N,,,,,,,,,38.211340129,-85.752922068,132.848,7/10/2019 12:00:00 AM,0740,3,3,0,0,CLEAR,DRY,False,OTHER ROADWAY OR MID-BLOCK COLLISION,REAR END,STRAIGHT & LEVEL,DAYLIGHT,,,7/10/2019 9:34:35 AM,False,4903,Accepted,
25326915,0568000,LOUISVILLE METRO POLICE DEPT,Accepted,JEFFERSON,US0060A,3738,LEXINGTON,RD,,,,,,,,38.252365563,-85.658975559,10.447,7/10/2019 12:00:00 AM,1752,2,2,0,0,CLEAR,DRY,False,COLLISION IN PARKING LOT,BACKING,STRAIGHT & LEVEL,DAYLIGHT,,,7/12/2019 8:34:58 AM,False,7403,Accepted,
25336922,0568000,LOUISVILLE METRO POLICE DEPT,Accepted,JEFFERSON,,700,9TH,ST,S,,,US0150,BROADWAY,,CAWTHON,38.245106127,-85.767002841,0.122,7/10/2019 12:00:00 AM,0723,2,2,0,0,CLEAR,DRY,False,1 VEHICLE ENTERING/LEAVING ENTRANCE,ANGLE,STRAIGHT & LEVEL,DAWN,,,7/15/2019 8:52:13 AM,False,7325,Accepted,
25322475,0568000,LOUISVILLE METRO POLICE DEPT,Accepted,JEFFERSON,KY1020,,NATIONAL,TPKE,,,,,,,,38.127551879,-85.749211163,3.704,7/10/2019 12:00:00 AM,1549,2,2,0,0,CLEAR,DRY,False,1 VEHICLE ENTERING/LEAVING ENTRANCE,ANGLE,STRAIGHT & LEVEL,DAYLIGHT,,,7/11/2019 8:24:04 AM,False,7252,Accepted,
25322470,0568000,LOUISVILLE METRO POLICE DEPT,Accepted,JEFFERSON,KY1931,7338,GREENWOOD,RD,,,,,,,,38.143552415,-85.840496783,3.094,7/10/2019 12:00:00 AM,1731,2,2,0,0,CLEAR,DRY,True,1 VEHICLE ENTERING/LEAVING ENTRANCE,ANGLE,STRAIGHT & LEVEL,DAYLIGHT,,,7/11/2019 8:23:55 AM,False,7723,Accepted,
25322453,0568000,LOUISVILLE METRO POLICE DEPT,Accepted,JEFFERSON,,409,OAK,ST,W,,,,GARVIN,,4TH,38.235112917,-85.761070591,0.314,7/10/2019 12:00:00 AM,1149,2,2,0,0,CLOUDY,DRY,False,1 VEHICLE ENTERING/LEAVING ENTRANCE,ANGLE,STRAIGHT & LEVEL,DAYLIGHT,,,7/11/2019 8:23:23 AM,False,7619,Accepted,
25586577,0568000,LOUISVILLE METRO POLICE DEPT,Accepted,JEFFERSON,I 0065,,I65 S,,,,,,,,,38.095715741,-85.701035578,123.827,7/10/2019 12:00:00 AM,1701,2,2,0,0,CLEAR,DRY,True,1 VEHICLE ENTERING/LEAVING ENTRANCE,ANGLE,STRAIGHT & LEVEL,DAYLIGHT,,,9/3/2019 12:59:30 PM,False,7764,Accepted,
25322469,0568000,LOUISVILLE METRO POLICE DEPT,Accepted,JEFFERSON,KY1065,,OUTER,LOOP,,,,KY1020,NATIONAL,,NASH,38.126840036,-85.749701855,2.473,7/10/2019 12:00:00 AM,1707,2,2,0,0,CLOUDY,DRY,False,SIDESWIPE COLLISION - SAME DIRECTION,SIDESWIPE-SAME DIRECTION,STRAIGHT & LEVEL,DAYLIGHT,,,7/11/2019 8:23:53 AM,False,7232,Accepted,
25322446,0568000,LOUISVILLE METRO POLICE DEPT,Accepted,JEFFERSON,US0031E,,MARKET,ST,E,,,KY0061,JACKSON,,HANCOCK,38.253769539,-85.743204669,17.219,7/10/2019 12:00:00 AM,0810,2,2,0,1,CLOUDY,DRY,False,SIDESWIPE COLLISION - SAME DIRECTION,SIDESWIPE-SAME DIRECTION,STRAIGHT & LEVEL,DAYLIGHT,,,7/11/2019 8:23:13 AM,True,2406,Accepted,
25322465,0568000,LOUISVILLE METRO POLICE DEPT,Accepted,JEFFERSON,I 0265,,I265 W,,,,,,,,,38.154827681,-85.533574870,20.281,7/10/2019 12:00:00 AM,1609,2,2,0,0,CLOUDY,DRY,False,SIDESWIPE COLLISION - SAME DIRECTION,SIDESWIPE-SAME DIRECTION,CURVE & GRADE,DAYLIGHT,,,7/11/2019 8:23:48 AM,False,8278,Accepted,
25327776,0568000,LOUISVILLE METRO POLICE DEPT,Accepted,JEFFERSON,,,INDIAN,TRL,E,,,,,,,38.183036001,-85.668202040,2.430,7/10/2019 12:00:00 AM,1645,2,1,0,0,CLEAR,DRY,False,SIDESWIPE COLLISION - SAME DIRECTION,SIDESWIPE-SAME DIRECTION,STRAIGHT & LEVEL,DAYLIGHT,,,7/12/2019 11:51:40 AM,False,7400,Accepted,
25322517,0568000,LOUISVILLE METRO POLICE DEPT,Accepted,JEFFERSON,,,7TH,ST,S,,,,,,,38.226774241,-85.768990072,0.657,7/10/2019 12:00:00 AM,2110,2,2,0,0,CLEAR,DRY,False,SIDESWIPE COLLISION - SAME DIRECTION,SIDESWIPE-SAME DIRECTION,STRAIGHT & LEVEL,DARK-HWY LIGHTED/ON,,,7/11/2019 8:25:13 AM,False,5163,Accepted,
25326956,0568000,LOUISVILLE METRO POLICE DEPT,Accepted,JEFFERSON,,,SHELBY,ST,S,,,US0031E,MARKET,,NANNY GOAT STRUT,38.252816498,-85.738120013,0.123,7/10/2019 12:00:00 AM,0757,2,2,0,0,CLEAR,DRY,False,SIDESWIPE COLLISION - SAME DIRECTION,SIDESWIPE-SAME DIRECTION,STRAIGHT & LEVEL,DAYLIGHT,,,7/12/2019 8:41:45 AM,False,2764,Accepted,
25326989,0568000,LOUISVILLE METRO POLICE DEPT,Accepted,JEFFERSON,I 0064,,I64 E,,,,,,,,,38.218362515,-85.423760262,23.361,7/10/2019 12:00:00 AM,0843,2,2,0,0,CLEAR,DRY,False,SIDESWIPE COLLISION - SAME DIRECTION,SIDESWIPE-SAME DIRECTION,STRAIGHT & GRADE,DAYLIGHT,,,7/12/2019 8:50:04 AM,False,6886,Accepted,
25322437,0568000,LOUISVILLE METRO POLICE DEPT,Accepted,JEFFERSON,,,ORMSBY,AVE,W,,15TH,,,,,38.234384145,-85.778775429,1.092,7/10/2019 12:00:00 AM,0931,2,2,0,0,CLEAR,DRY,False,HEAD-ON COLLISION,HEAD ON,STRAIGHT & LEVEL,DAYLIGHT,,,7/11/2019 8:22:56 AM,False,7363,Accepted,
25449358,0568000,LOUISVILLE METRO POLICE DEPT,Accepted,JEFFERSON,KY0155,,TAYLORSVILLE,RD,,,,,PEE WEE REESE,,BON AIR,38.222833141,-85.667854034,15.619,7/10/2019 12:00:00 AM,1650,2,2,0,0,RAINING,WET,False,REAR END IN TRAFFIC LANES BOTH VEHICLES MOVING,REAR END,STRAIGHT & LEVEL,DAYLIGHT,,,8/9/2019 8:22:15 AM,False,7793,Accepted,
25322481,0568000,LOUISVILLE METRO POLICE DEPT,Accepted,JEFFERSON,KY0061,,PRESTON,HWY,,,,,,,,38.157898060,-85.697712410,5.474,7/10/2019 12:00:00 AM,1358,2,2,0,0,CLEAR,DRY,False,REAR END IN TRAFFIC LANES BOTH VEHICLES MOVING,REAR END,STRAIGHT & LEVEL,DAYLIGHT,,,7/11/2019 8:24:17 AM,False,4693,Accepted,