IncidentID,AgencyORI,AgencyName,IncidentStatusDesc,County,RdwyNumber,Street,RoadwayName,StreetSfx,StreetDir,IntersectionRdwy,IntersectionRdwyName,BetweenStRdwy1,BetweenStRdwyName1,BetweenStRdwy2,BetweenStRdwyName2,Latitude,Longitude,Milepoint,CollisionDate,CollisionTime,UnitsInvolved,MotorVehiclesInvolved,NumberKilled,NumberInjured,Weather,RdwyConditionCode,HitandRun,DirAnalysisCode,MannerofCollision,RdwyCharacter,LightCondition,RampFromRdwyId,RampToRdwyId,AcceptedDate,IsSecondaryCollision,OwnerBadge,IncidentStatus,
25322445,0568000,LOUISVILLE METRO POLICE DEPT,Accepted,JEFFERSON,KY0022,,BROWNSBORO,RD,,,,,,,,38.308642461,-85.572641023,4.045,7/10/2019 12:00:00 AM,1320,2,2,0,0,CLEAR,DRY,False,REAR END IN TRAFFIC LANES BOTH VEHICLES MOVING,REAR END,CURVE & GRADE,DAYLIGHT,,,7/11/2019 8:23:12 AM,False,5253,Accepted,
25322471,0568000,LOUISVILLE METRO POLICE DEPT,Accepted,JEFFERSON,KY0146,,LA GRANGE,RD,,,,,SADDLECREEK,,OLIVER STATION,38.296198576,-85.506670134,8.178,7/10/2019 12:00:00 AM,1740,2,2,0,0,CLEAR,DRY,False,REAR END IN TRAFFIC LANES BOTH VEHICLES MOVING,REAR END,STRAIGHT & LEVEL,DAYLIGHT,,,7/11/2019 8:23:56 AM,False,2109,Accepted,
25322433,0568000,LOUISVILLE METRO POLICE DEPT,Accepted,JEFFERSON,I 0265,,,,,,,,,,,38.310808732,-85.569969806,0.376,7/10/2019 12:00:00 AM,1200,2,2,0,0,CLEAR,DRY,False,REAR END IN TRAFFIC LANES BOTH VEHICLES MOVING,REAR END,STRAIGHT & LEVEL,DAYLIGHT,I 0265,KY0022,7/11/2019 8:22:42 AM,False,5253,Accepted,
25322463,0568000,LOUISVILLE METRO POLICE DEPT,Accepted,JEFFERSON,KY0841,,GENE SNYDER,FWY,,,,,,,,38.117392212,-85.749369370,7.580,7/10/2019 12:00:00 AM,1528,2,2,0,0,CLEAR,DRY,False,REAR END IN TRAFFIC LANES BOTH VEHICLES MOVING,REAR END,STRAIGHT & GRADE,DAYLIGHT,,,7/11/2019 8:23:45 AM,False,8278,Accepted,
25322464,0568000,LOUISVILLE METRO POLICE DEPT,Accepted,JEFFERSON,I 0264,,I264 E,,,,,,,,,38.191328475,-85.715441352,12.855,7/10/2019 12:00:00 AM,1718,2,2,0,0,CLEAR,DRY,False,REAR END IN TRAFFIC LANES BOTH VEHICLES MOVING,REAR END,CURVE & GRADE,DAYLIGHT,,,7/11/2019 8:23:47 AM,False,8278,Accepted,
25322488,0568000,LOUISVILLE METRO POLICE DEPT,Accepted,JEFFERSON,KY0864,,POPLAR LEVEL,RD,,,,,FERN VALLEY,KY1747,FERN VALLEY,38.158461065,-85.649309039,6.811,7/10/2019 12:00:00 AM,1748,2,2,0,0,CLOUDY,WET,False,REAR END IN TRAFFIC LANES BOTH VEHICLES MOVING,REAR END,STRAIGHT & LEVEL,DAYLIGHT,,,7/11/2019 8:24:29 AM,False,5191,Accepted,
25322489,0568000,LOUISVILLE METRO POLICE DEPT,Accepted,JEFFERSON,I 0265,,I265 E,,,,,,,,,38.122468068,-85.623053668,14.704,7/10/2019 12:00:00 AM,1756,2,2,0,0,RAINING,WET,False,REAR END IN TRAFFIC LANES BOTH VEHICLES MOVING,REAR END,STRAIGHT & LEVEL,DAYLIGHT,,,7/11/2019 8:24:31 AM,False,2321,Accepted,
25322442,0568000,LOUISVILLE METRO POLICE DEPT,Accepted,JEFFERSON,I 0065,,I65 N,,,,,,,,,38.182064803,-85.721817270,130.035,7/10/2019 12:00:00 AM,0838,4,4,0,0,CLEAR,DRY,False,REAR END IN TRAFFIC LANES BOTH VEHICLES MOVING,REAR END,CURVE & LEVEL,DAYLIGHT,,,7/11/2019 8:23:05 AM,False,2000,Accepted,
25322478,0568000,LOUISVILLE METRO POLICE DEPT,Accepted,JEFFERSON,I 0265,,I265 N,,,,,,,,,38.315048904,-85.581986987,34.723,7/10/2019 12:00:00 AM,1710,3,3,0,0,CLEAR,DRY,False,REAR END IN TRAFFIC LANES BOTH VEHICLES MOVING,REAR END,STRAIGHT & LEVEL,DAYLIGHT,,,7/11/2019 8:24:09 AM,False,5253,Accepted,
25322491,0568000,LOUISVILLE METRO POLICE DEPT,Accepted,JEFFERSON,I 0265,,I265 S,,,,,,,,,38.255956918,-85.502575294,27.744,7/10/2019 12:00:00 AM,1654,2,2,0,0,CLEAR,DRY,True,REAR END IN TRAFFIC LANES BOTH VEHICLES MOVING,REAR END,STRAIGHT & LEVEL,DAYLIGHT,,,7/11/2019 8:24:34 AM,False,7243,Accepted,
25322486,0568000,LOUISVILLE METRO POLICE DEPT,Accepted,JEFFERSON,I 0264,,I264 W,,,,,,,,,38.234302171,-85.626014827,18.600,7/10/2019 12:00:00 AM,1315,3,3,0,1,CLEAR,DRY,False,REAR END IN TRAFFIC LANES BOTH VEHICLES MOVING,REAR END,STRAIGHT & LEVEL,DAYLIGHT,,,7/11/2019 8:24:26 AM,False,2142,Accepted,
25322467,0568000,LOUISVILLE METRO POLICE DEPT,Accepted,JEFFERSON,KY0061,,PRESTON,HWY,,,,,,,,38.093404437,-85.669159762,0.685,7/10/2019 12:00:00 AM,1727,2,2,0,0,RAINING,WET,False,REAR END IN TRAFFIC LANES BOTH VEHICLES MOVING,REAR END,STRAIGHT & LEVEL,DAYLIGHT,,,7/11/2019 8:23:51 AM,False,7442,Accepted,
25336875,0568000,LOUISVILLE METRO POLICE DEPT,Accepted,JEFFERSON,I 0265,,I265 W,,,,,,,,,38.188343506,-85.509175556,23.065,7/10/2019 12:00:00 AM,1818,3,3,0,1,CLEAR,DRY,False,REAR END IN TRAFFIC LANES BOTH VEHICLES MOVING,REAR END,STRAIGHT & GRADE,DAYLIGHT,,,7/15/2019 8:49:27 AM,False,7243,Accepted,
25322498,0568000,LOUISVILLE METRO POLICE DEPT,Accepted,JEFFERSON,,2606,WOODSDALE,AVE,,,,,,,,38.231284861,-85.626826381,0.070,7/10/2019 12:00:00 AM,1956,2,2,0,0,CLEAR,DRY,False,1 VEHICLE PARKED POSITION (NOT PARKING LOT/DRIVEWAY),BACKING,STRAIGHT & LEVEL,DAYLIGHT,,,7/11/2019 8:24:44 AM,False,7383,Accepted,
25322474,0568000,LOUISVILLE METRO POLICE DEPT,Accepted,JEFFERSON,,,COLLINS,LN,,,,KY1447,WESTPORT,,CHAMBERLAIN CROSSING,38.300503134,-85.522700627,0.272,7/10/2019 12:00:00 AM,1358,2,2,0,0,CLOUDY,DRY,False,1 VEHICLE PARKED POSITION (NOT PARKING LOT/DRIVEWAY),BACKING,STRAIGHT & LEVEL,DAYLIGHT,,,7/11/2019 8:24:02 AM,False,7751,Accepted,
25322492,0568000,LOUISVILLE METRO POLICE DEPT,Accepted,JEFFERSON,,500,LAMPTON,ST,,,,,,,,38.241911467,-85.745750762,0.091,7/10/2019 12:00:00 AM,2125,2,2,0,0,CLEAR,DRY,True,1 VEHICLE PARKED POSITION (NOT PARKING LOT/DRIVEWAY),SIDESWIPE-SAME DIRECTION,STRAIGHT & LEVEL,DARK-HWY LIGHTED/ON,,,7/11/2019 8:24:36 AM,False,7360,Accepted,
25326945,0568000,LOUISVILLE METRO POLICE DEPT,Accepted,JEFFERSON,,,GARLAND,AVE,,,,,33RD,,32ND,38.245624940,-85.806505854,2.127,7/10/2019 12:00:00 AM,2313,4,4,0,2,CLEAR,DRY,False,1 VEHICLE PARKED POSITION (NOT PARKING LOT/DRIVEWAY),SIDESWIPE-SAME DIRECTION,STRAIGHT & LEVEL,DARK-HWY LIGHTED/ON,,,7/12/2019 8:39:53 AM,False,7370,Accepted,
25322495,0568000,LOUISVILLE METRO POLICE DEPT,Accepted,JEFFERSON,KY1747,,FERN VALLEY,RD,,,INDUSTRIAL,,,,,38.156944472,-85.702625895,1.623,7/10/2019 12:00:00 AM,2045,2,2,0,0,CLEAR,DRY,False,SIDESWIPE-SAME DIRECTION,SIDESWIPE-SAME DIRECTION,STRAIGHT & LEVEL,DAYLIGHT,,,7/11/2019 8:24:40 AM,False,5222,Accepted,
25322443,0568000,LOUISVILLE METRO POLICE DEPT,Accepted,JEFFERSON,US0042,,MELLWOOD,AVE,,US0060,FRANKFORT,,,,,38.257718147,-85.719489590,0.804,7/10/2019 12:00:00 AM,1111,2,2,0,0,CLEAR,DRY,False,SIDESWIPE-SAME DIRECTION,SIDESWIPE-SAME DIRECTION,STRAIGHT & LEVEL,DAYLIGHT,,,7/11/2019 8:23:08 AM,False,7281,Accepted,
25322434,0568000,LOUISVILLE METRO POLICE DEPT,Accepted,JEFFERSON,KY1631,,CRITTENDEN,DR,,,CENTRAL,,,,,38.203335800,-85.750716864,1.064,7/10/2019 12:00:00 AM,1057,2,2,0,0,CLEAR,DRY,False,SIDESWIPE-SAME DIRECTION,SIDESWIPE-SAME DIRECTION,STRAIGHT & LEVEL,DAYLIGHT,,,7/11/2019 8:22:44 AM,False,5237,Accepted,
25326932,0568000,LOUISVILLE METRO POLICE DEPT,Accepted,JEFFERSON,US0031E,,MAIN,ST,E,KY0061,PRESTON,,,,,38.255451532,-85.745844648,17.455,7/10/2019 12:00:00 AM,1732,2,2,0,0,CLEAR,DRY,True,SIDESWIPE-SAME DIRECTION,SIDESWIPE-SAME DIRECTION,STRAIGHT & LEVEL,DAYLIGHT,,,7/12/2019 8:37:08 AM,False,2764,Accepted,
25322500,0568000,LOUISVILLE METRO POLICE DEPT,Accepted,JEFFERSON,US0031E,,BARDSTOWN,RD,,,CEDAR SPRINGS,,,,,38.145193702,-85.584963815,5.191,7/10/2019 12:00:00 AM,2000,2,2,0,0,CLEAR,DRY,False,OTHER INTERSECTION COLLISIONS,REAR END,STRAIGHT & LEVEL,DUSK,,,7/11/2019 8:24:47 AM,False,7828,Accepted,
25322485,0568000,LOUISVILLE METRO POLICE DEPT,Accepted,JEFFERSON,I 0265,,,,,KY0146,LA GRANGE,,,,,38.288241901,-85.512954146,0.354,7/10/2019 12:00:00 AM,1700,2,2,0,0,CLEAR,DRY,False,OTHER INTERSECTION COLLISIONS,REAR END,STRAIGHT & LEVEL,DAYLIGHT,,,7/11/2019 8:24:24 AM,False,7018,Accepted,
25322468,0568000,LOUISVILLE METRO POLICE DEPT,Accepted,JEFFERSON,KY1631,,CRITTENDEN,DR,,,CHICOPEE,,,,,38.193167403,-85.750963928,0.360,7/10/2019 12:00:00 AM,1544,2,2,0,0,CLEAR,DRY,False,OTHER INTERSECTION COLLISIONS,REAR END,STRAIGHT & LEVEL,DAYLIGHT,,,7/11/2019 8:23:52 AM,False,7207,Accepted,
25322487,0568000,LOUISVILLE METRO POLICE DEPT,Accepted,JEFFERSON,KY1747,,HURSTBOURNE,PKWY,S,,BUNSEN,,,,,38.218977461,-85.584197546,11.456,7/10/2019 12:00:00 AM,1825,3,3,0,0,CLEAR,DRY,False,OTHER INTERSECTION COLLISIONS,REAR END,STRAIGHT & LEVEL,DAYLIGHT,,,7/11/2019 8:24:28 AM,False,5119,Accepted,
25322422,0568000,LOUISVILLE METRO POLICE DEPT,Accepted,JEFFERSON,,,POPE LICK,RD,S,KY0155,TAYLORSVILLE,,,,,38.190711041,-85.486830147,0.148,7/10/2019 12:00:00 AM,0849,2,2,0,0,CLEAR,DRY,False,OTHER INTERSECTION COLLISIONS,REAR END,STRAIGHT & LEVEL,DAYLIGHT,,,7/11/2019 8:22:21 AM,False,2017,Accepted,
25322438,0568000,LOUISVILLE METRO POLICE DEPT,Accepted,JEFFERSON,KY1727,,TERRY,RD,,,LOWER HUNTERS,,,,,38.164849703,-85.865545876,3.024,7/10/2019 12:00:00 AM,1233,2,2,0,0,CLEAR,DRY,False,OTHER INTERSECTION COLLISIONS,REAR END,STRAIGHT & LEVEL,DAYLIGHT,,,7/11/2019 8:22:58 AM,False,7224,Accepted,
25322426,0568000,LOUISVILLE METRO POLICE DEPT,Accepted,JEFFERSON,US0031E,,BUECHEL,BYP,,,BUECHEL BANK,,,,,38.190807616,-85.647680584,10.041,7/10/2019 12:00:00 AM,1030,2,2,0,1,CLEAR,DRY,False,OTHER INTERSECTION COLLISIONS,REAR END,STRAIGHT & LEVEL,DAYLIGHT,,,7/11/2019 8:22:25 AM,False,7307,Accepted,
25322441,0568000,LOUISVILLE METRO POLICE DEPT,Accepted,JEFFERSON,KY1142,,PALATKA,RD,,,VENETIAN,,,,,38.154095281,-85.797116530,0.281,7/10/2019 12:00:00 AM,1241,2,2,0,0,CLEAR,DRY,False,OTHER INTERSECTION COLLISIONS,REAR END,STRAIGHT & LEVEL,DAYLIGHT,,,7/11/2019 8:23:03 AM,False,6326,Accepted,
25322454,0568000,LOUISVILLE METRO POLICE DEPT,Accepted,JEFFERSON,,115,VERNON,AVE,,,,,,,,38.254786369,-85.708178134,0.045,7/10/2019 12:00:00 AM,1430,1,1,0,0,CLEAR,DRY,True,COLLISION WITH FIXED OBJECT NON - INTERSECTION - FIRST EVENT COLLISION 09 - 32 EXCLUDING 16,SINGLE VEHICLE,STRAIGHT & LEVEL,DAYLIGHT,,,7/11/2019 8:23:25 AM,False,7281,Accepted,
25326888,0568000,LOUISVILLE METRO POLICE DEPT,Accepted,JEFFERSON,,,PAGES,LN,W,,THOMPSON,,,,,38.130667702,-85.863383948,0.826,7/10/2019 12:00:00 AM,1600,2,2,0,1,CLEAR,DRY,False,OTHER INTERSECTION COLLISIONS,REAR END,STRAIGHT & LEVEL,DAYLIGHT,,,7/12/2019 8:32:38 AM,False,7634,Accepted,
25367414,0568000,LOUISVILLE METRO POLICE DEPT,Accepted,JEFFERSON,,,KENTUCKY,ST,W,KY1020,3RD,,,,,38.238751604,-85.757991442,3.650,7/10/2019 12:00:00 AM,1730,2,2,0,0,CLEAR,DRY,False,OTHER INTERSECTION COLLISIONS,REAR END,STRAIGHT & LEVEL,DAYLIGHT,,,7/22/2019 8:53:44 AM,False,7296,Accepted,
25367480,0568000,LOUISVILLE METRO POLICE DEPT,Accepted,JEFFERSON,,,LEXINGTON,RD,,,PAYNE,,,,,38.250585811,-85.720718500,0.732,7/10/2019 12:00:00 AM,1620,2,2,0,0,CLEAR,DRY,True,OTHER INTERSECTION COLLISIONS,REAR END,STRAIGHT & GRADE,DAYLIGHT,,,7/22/2019 8:57:33 AM,False,2228,Accepted,
25322451,0568000,LOUISVILLE METRO POLICE DEPT,Accepted,JEFFERSON,,,BUECHEL BANK,RD,,,SANFORD,,,,,38.182155194,-85.648363408,0.706,7/10/2019 12:00:00 AM,1604,2,2,0,0,RAINING,WET,False,OPPOSING LEFT TURN,OPPOSING LEFT TURN,STRAIGHT & LEVEL,DAYLIGHT,,,7/11/2019 8:23:22 AM,False,7307,Accepted,
25322483,0568000,LOUISVILLE METRO POLICE DEPT,Accepted,JEFFERSON,KY1065,,BEULAH CHURCH,RD,,KY0864,FEGENBUSH,,,,,38.137641276,-85.613432367,10.009,7/10/2019 12:00:00 AM,1646,3,3,0,0,RAINING,WET,False,OPPOSING LEFT TURN,OPPOSING LEFT TURN,STRAIGHT & LEVEL,DAYLIGHT,,,7/11/2019 8:24:20 AM,False,4693,Accepted,
25322497,0568000,LOUISVILLE METRO POLICE DEPT,Accepted,JEFFERSON,KY1934,,GREENBELT,HWY,,,TRADE PORT,,,,,38.125412002,-85.893037231,2.880,7/10/2019 12:00:00 AM,2158,2,2,0,0,CLEAR,DRY,False,OPPOSING LEFT TURN,OPPOSING LEFT TURN,STRAIGHT & LEVEL,DARK-HWY LIGHTED/ON,,,7/11/2019 8:24:43 AM,False,7295,Accepted,
25322447,0568000,LOUISVILLE METRO POLICE DEPT,Accepted,JEFFERSON,,,FISCHER PARK,DR,,,TOWNE CENTER,,,,,38.296898705,-85.554892284,0.301,7/10/2019 12:00:00 AM,1335,2,2,0,0,CLEAR,DRY,False,OPPOSING LEFT TURN,OPPOSING LEFT TURN,STRAIGHT & LEVEL,DAYLIGHT,,,7/11/2019 8:23:15 AM,False,7631,Accepted,
25322430,0568000,LOUISVILLE METRO POLICE DEPT,Accepted,JEFFERSON,,,ROY WILKINS,AVE,,,CHESTNUT,,,,,38.249821038,-85.765867962,0.524,7/10/2019 12:00:00 AM,1147,2,2,0,0,CLEAR,DRY,False,OPPOSING LEFT TURN,OPPOSING LEFT TURN,STRAIGHT & LEVEL,DAYLIGHT,,,7/11/2019 8:22:34 AM,False,7220,Accepted,
25319832,0566900,LOUISVILLE AIRPORT POLICE,Accepted,JEFFERSON,,,ADMINISTRATION,DR,,,LOWER TERMINAL DR CONN,,,,,38.187576277,-85.739211251,0.001,7/10/2019 12:00:00 AM,1224,2,2,0,0,CLEAR,DRY,False,VEHICLE BACKING IN INTERSECTION,BACKING,STRAIGHT & LEVEL,DAYLIGHT,,,7/10/2019 3:53:59 PM,False,5871,Accepted,
25322466,0568000,LOUISVILLE METRO POLICE DEPT,Accepted,JEFFERSON,,,EUCLID,AVE,,,SOUTH,,,,,38.218265177,-85.777423116,0.645,7/10/2019 12:00:00 AM,1725,2,2,0,0,CLEAR,DRY,False,ANGLE COLLISION - ONE VEHICLE TURNING RIGHT,ANGLE,STRAIGHT & LEVEL,DAYLIGHT,,,7/11/2019 8:23:49 AM,False,7977,Accepted,
25322508,0568000,LOUISVILLE METRO POLICE DEPT,Accepted,JEFFERSON,,3349,LESTER,AVE,,,SOUTHGATE,,,,,38.200278874,-85.786408661,0.301,7/10/2019 12:00:00 AM,2024,2,2,0,0,CLEAR,DRY,False,COLLISION WITH PARKED VEHICLE,BACKING,STRAIGHT & LEVEL,DUSK,,,7/11/2019 8:24:58 AM,False,7435,Accepted,
25322417,0568000,LOUISVILLE METRO POLICE DEPT,Accepted,JEFFERSON,US0031E,,BARDSTOWN,RD,,,CEDARLOOK,,,,,38.145491922,-85.585109027,5.214,7/10/2019 12:00:00 AM,0900,1,1,0,1,CLEAR,DRY,False,NON-COLLISION OBJECT COLLISION,SINGLE VEHICLE,STRAIGHT & LEVEL,DAYLIGHT,,,7/11/2019 8:22:11 AM,False,7573,Accepted,
25322456,0568000,LOUISVILLE METRO POLICE DEPT,Accepted,JEFFERSON,KY0864,,POPLAR LEVEL,RD,,,TAYLOR,,,,,38.199185553,-85.708114024,11.568,7/10/2019 12:00:00 AM,1641,2,2,0,1,RAINING,WET,False,NON-COLLISION OBJECT COLLISION,ANGLE,STRAIGHT & LEVEL,DAYLIGHT,,,7/11/2019 8:23:27 AM,False,6030,Accepted,
25322418,0568000,LOUISVILLE METRO POLICE DEPT,Accepted,JEFFERSON,KY1747,,HURSTBOURNE,PKWY,S,,BUNSEN,,,,,38.218802888,-85.584044448,11.459,7/10/2019 12:00:00 AM,0942,1,1,0,0,CLEAR,DRY,True,COLLISION WITH FIXED OBJECT IN INTERSECTION - FIRST EVENT COLLISION 09 - 32,SINGLE VEHICLE,STRAIGHT & LEVEL,,,,7/11/2019 8:22:13 AM,False,7864,Accepted,
25427865,0568000,LOUISVILLE METRO POLICE DEPT,Accepted,JEFFERSON,,,BROADWAY,,W,,28TH,,,,,38.249618794,-85.798324101,0.545,7/10/2019 12:00:00 AM,2254,2,1,0,1,CLEAR,DRY,False,COLLISION WITH PEDESTRIAN IN INTERSECTION,SINGLE VEHICLE,STRAIGHT & LEVEL,DARK-HWY LIGHTED/ON,,,8/5/2019 8:46:49 AM,False,7408,Accepted,
25322431,0568000,LOUISVILLE METRO POLICE DEPT,Accepted,JEFFERSON,KY1065,,SEATONVILLE,RD,,,SEATON,,,,,38.150865989,-85.582100461,12.146,7/10/2019 12:00:00 AM,0750,2,2,0,0,CLEAR,DRY,False,ANGLE COLLISION - OTHER,ANGLE,CURVE & GRADE,DAWN,,,7/11/2019 8:22:36 AM,False,6937,Accepted,
25322424,0568000,LOUISVILLE METRO POLICE DEPT,Accepted,JEFFERSON,KY1747,,FERN VALLEY,RD,,,HANSES,,,,,38.157208875,-85.679763228,2.881,7/10/2019 12:00:00 AM,0922,2,2,0,0,CLEAR,DRY,False,ANGLE COLLISION - OTHER,ANGLE,STRAIGHT & LEVEL,DAYLIGHT,,,7/11/2019 8:22:23 AM,False,2017,Accepted,
25322480,0568000,LOUISVILLE METRO POLICE DEPT,Accepted,JEFFERSON,,,PARK,RD,S,,WOODPOINTE,,,,,38.116752206,-85.693292444,0.905,7/10/2019 12:00:00 AM,1142,2,2,0,0,CLEAR,DRY,False,ANGLE COLLISION - OTHER,ANGLE,STRAIGHT & LEVEL,DAYLIGHT,,,7/11/2019 8:24:16 AM,False,4693,Accepted,
25322482,0568000,LOUISVILLE METRO POLICE DEPT,Accepted,JEFFERSON,,,MUD,LN,,,ANTLE,,,,,38.088293041,-85.670027512,0.435,7/10/2019 12:00:00 AM,1611,2,2,0,0,CLOUDY,DRY,False,ANGLE COLLISION - OTHER,ANGLE,STRAIGHT & LEVEL,DAYLIGHT,,,7/11/2019 8:24:19 AM,False,4693,Accepted,
25322449,0568000,LOUISVILLE METRO POLICE DEPT,Accepted,JEFFERSON,,,BRECKINRIDGE,ST,E,KY0061,JACKSON,,,,,38.240501080,-85.746403537,1.177,7/10/2019 12:00:00 AM,1025,3,3,0,0,CLEAR,DRY,False,ANGLE COLLISION - OTHER,ANGLE,STRAIGHT & LEVEL,DAYLIGHT,,,7/11/2019 8:23:18 AM,True,7390,Accepted,
25322476,0568000,LOUISVILLE METRO POLICE DEPT,Accepted,JEFFERSON,,,DIXIE,HWY,,,BERNHEIM,,,,,38.221728018,-85.793199980,1.974,7/10/2019 12:00:00 AM,1547,2,2,0,3,CLEAR,DRY,False,ANGLE COLLISION - OTHER,ANGLE,STRAIGHT & LEVEL,DAYLIGHT,,,7/11/2019 8:24:05 AM,False,5002,Accepted,
25322506,0568000,LOUISVILLE METRO POLICE DEPT,Accepted,JEFFERSON,,,34TH,ST,S,,HERMAN,,,,,38.258952473,-85.807264162,0.227,7/10/2019 12:00:00 AM,2106,2,2,0,2,CLEAR,DRY,False,ANGLE COLLISION - OTHER,ANGLE,STRAIGHT & LEVEL,DARK-HWY LIGHTED/ON,,,7/11/2019 8:24:55 AM,False,7489,Accepted,
25322514,0568000,LOUISVILLE METRO POLICE DEPT,Accepted,JEFFERSON,KY1065,,OUTER,LOOP,,KY1020,NATIONAL,,,,,38.126989052,-85.749023791,2.518,7/10/2019 12:00:00 AM,2129,2,2,0,0,CLEAR,DRY,False,ANGLE COLLISION - OTHER,ANGLE,STRAIGHT & LEVEL,DARK-HWY LIGHTED/ON,,,7/11/2019 8:25:06 AM,False,5121,Accepted,
25322479,0568000,LOUISVILLE METRO POLICE DEPT,Accepted,JEFFERSON,,,JEFFERSON,ST,E,,1ST,,,,,38.253291756,-85.752049657,1.050,7/10/2019 12:00:00 AM,1245,2,2,0,0,CLEAR,DRY,False,ANGLE COLLISION - OTHER,ANGLE,STRAIGHT & LEVEL,DAYLIGHT,,,7/11/2019 8:24:12 AM,False,7266,Accepted,
25326893,0568000,LOUISVILLE METRO POLICE DEPT,Accepted,JEFFERSON,KY0907,,SOUTHSIDE,DR,,,ALVINA,,,,,38.150660606,-85.768109357,6.836,7/10/2019 12:00:00 AM,1200,2,2,0,0,CLEAR,DRY,False,ANGLE COLLISION - OTHER,ANGLE,STRAIGHT & LEVEL,DAYLIGHT,,,7/12/2019 8:33:18 AM,False,7768,Accepted,
25322493,0568000,LOUISVILLE METRO POLICE DEPT,Accepted,JEFFERSON,,,SHELBY,ST,S,,MULBERRY,,,,,38.228370509,-85.741857958,0.165,7/10/2019 12:00:00 AM,2014,2,2,0,0,CLEAR,DRY,False,ANGLE COLLISION - OTHER,ANGLE,STRAIGHT & LEVEL,DAYLIGHT,,,7/11/2019 8:24:37 AM,False,5037,Accepted,
25317649,0568000,LOUISVILLE METRO POLICE DEPT,Accepted,JEFFERSON,US0031W,,DIXIE,HWY,,,KENDALL,,,,,38.115537526,-85.860574464,9.275,7/9/2019 12:00:00 AM,1556,2,2,0,1,CLEAR,DRY,False,ANGLE COLLISION - OTHER,ANGLE,STRAIGHT & LEVEL,DAYLIGHT,,,7/10/2019 8:29:31 AM,False,2311,Accepted,
25317636,0568000,LOUISVILLE METRO POLICE DEPT,Accepted,JEFFERSON,US0150,,BROADWAY,,W,,5TH,,,,,38.246216625,-85.760033720,2.293,7/9/2019 12:00:00 AM,1009,2,2,0,0,CLEAR,DRY,True,ANGLE COLLISION - OTHER,ANGLE,STRAIGHT & LEVEL,DAYLIGHT,,,7/10/2019 8:29:09 AM,False,5187,Accepted,
25317642,0568000,LOUISVILLE METRO POLICE DEPT,Accepted,JEFFERSON,,,CHESTNUT,ST,W,,15TH,,,,,38.250903929,-85.776144448,1.359,7/9/2019 12:00:00 AM,2257,2,2,0,3,CLEAR,DRY,False,ANGLE COLLISION - OTHER,ANGLE,STRAIGHT & LEVEL,DARK-HWY LIGHTED/ON,,,7/10/2019 8:29:21 AM,False,7217,Accepted,
25317612,0568000,LOUISVILLE METRO POLICE DEPT,Accepted,JEFFERSON,KY1865,,NEW CUT,RD,,,JONES,,,,,38.148161297,-85.775815747,2.829,7/9/2019 12:00:00 AM,1224,2,2,0,0,CLEAR,DRY,False,ANGLE COLLISION - OTHER,ANGLE,STRAIGHT & LEVEL,DAYLIGHT,,,7/10/2019 8:28:18 AM,False,7139,Accepted,
25317613,0568000,LOUISVILLE METRO POLICE DEPT,Accepted,JEFFERSON,KY1934,,GREENBELT,HWY,,KY1931,GREENWOOD,,,,,38.146963372,-85.886496757,4.453,7/9/2019 12:00:00 AM,1013,2,2,0,0,CLEAR,DRY,False,ANGLE COLLISION - OTHER,ANGLE,STRAIGHT & LEVEL,DAYLIGHT,,,7/10/2019 8:28:20 AM,False,6326,Accepted,
25336941,0568000,LOUISVILLE METRO POLICE DEPT,Accepted,JEFFERSON,,,MUHAMMAD ALI,BLVD,W,,8TH,,,,,38.251880815,-85.764116167,0.635,7/9/2019 12:00:00 AM,1349,2,2,0,0,CLEAR,DRY,False,ANGLE COLLISION - OTHER,ANGLE,STRAIGHT & LEVEL,DAYLIGHT,,,7/15/2019 8:53:45 AM,False,5173,Accepted,
25476244,0568000,LOUISVILLE METRO POLICE DEPT,Accepted,JEFFERSON,,,GREENWOOD,RD,,KY1230,CANE RUN,,,,,38.147586144,-85.896400461,0.010,7/9/2019 12:00:00 AM,1651,2,2,0,0,CLEAR,DRY,False,ANGLE COLLISION - OTHER,ANGLE,STRAIGHT & LEVEL,DAYLIGHT,,,8/15/2019 8:30:32 AM,False,5224,Accepted,
25317654,0568000,LOUISVILLE METRO POLICE DEPT,Accepted,JEFFERSON,US0031E,,BARDSTOWN,RD,,I 0264,I264 W EXIT16 OFF RAMP TO US31E N,,,,,38.211857884,-85.671621042,12.091,7/9/2019 12:00:00 AM,1659,2,1,0,1,CLEAR,DRY,False,COLLISION WITH PEDESTRIAN IN INTERSECTION,SINGLE VEHICLE,CURVE & LEVEL,DAYLIGHT,,,7/10/2019 8:29:36 AM,False,7306,Accepted,
25337006,0568000,LOUISVILLE METRO POLICE DEPT,Accepted,JEFFERSON,KY1142,,PALATKA,RD,,,VENETIAN,,,,,38.154111500,-85.796862338,0.275,7/9/2019 12:00:00 AM,0215,1,1,0,1,CLEAR,DRY,False,COLLISION WITH FIXED OBJECT IN INTERSECTION - FIRST EVENT COLLISION 09 - 32,SINGLE VEHICLE,CURVE & HILLCREST,DARK-HWY LIGHTED/ON,,,7/15/2019 8:57:58 AM,False,7198,Accepted,