IncidentID,AgencyORI,AgencyName,IncidentStatusDesc,County,RdwyNumber,Street,RoadwayName,StreetSfx,StreetDir,IntersectionRdwy,IntersectionRdwyName,BetweenStRdwy1,BetweenStRdwyName1,BetweenStRdwy2,BetweenStRdwyName2,Latitude,Longitude,Milepoint,CollisionDate,CollisionTime,UnitsInvolved,MotorVehiclesInvolved,NumberKilled,NumberInjured,Weather,RdwyConditionCode,HitandRun,DirAnalysisCode,MannerofCollision,RdwyCharacter,LightCondition,RampFromRdwyId,RampToRdwyId,AcceptedDate,IsSecondaryCollision,OwnerBadge,IncidentStatus,
25326889,0568000,LOUISVILLE METRO POLICE DEPT,Accepted,JEFFERSON,,,FAIRDALE,RD,,,FARMERS,,,,,38.116102912,-85.737442443,1.411,7/9/2019 12:00:00 AM,1858,2,2,0,1,CLEAR,DRY,False,ANGLE COLLISION - ONE VEHICLE TURNING LEFT,ANGLE,STRAIGHT & LEVEL,DAYLIGHT,,,7/12/2019 8:32:48 AM,False,7851,Accepted,
25336855,0568000,LOUISVILLE METRO POLICE DEPT,Accepted,JEFFERSON,,,15TH,ST,S,,CONGRESS,,,,,38.256543201,-85.775116594,2.162,7/9/2019 12:00:00 AM,1800,2,2,0,0,CLEAR,DRY,True,OPPOSITE DIRECTION - BOTH VEHICLES GOING STRAIGHT AHEAD,SIDESWIPE-OPPOSITE DIRECTION,STRAIGHT & LEVEL,DAYLIGHT,,,7/15/2019 8:47:37 AM,False,7479,Accepted,
25317626,0568000,LOUISVILLE METRO POLICE DEPT,Accepted,JEFFERSON,KY2052,,SHEPHERDSVILLE,RD,,,INDIAN,,,,,38.185840102,-85.659642787,3.264,7/9/2019 12:00:00 AM,1945,2,2,0,0,CLEAR,DRY,False,OPPOSITE DIRECTION - BOTH VEHICLES GOING STRAIGHT AHEAD,SIDESWIPE-OPPOSITE DIRECTION,STRAIGHT & LEVEL,DARK (UNKNOWN ROADWAY LIGHTING),,,7/10/2019 8:28:46 AM,False,7492,Accepted,
25317599,0568000,LOUISVILLE METRO POLICE DEPT,Accepted,JEFFERSON,KY0864,,POPLAR LEVEL,RD,,,AUDUBON PLAZA,,,,,38.214012407,-85.723431780,12.923,7/9/2019 12:00:00 AM,0900,2,2,0,0,CLEAR,DRY,False,OPPOSING LEFT TURN,OPPOSING LEFT TURN,STRAIGHT & HILLCREST,DAYLIGHT,,,7/10/2019 8:27:46 AM,False,6148,Accepted,
25317603,0568000,LOUISVILLE METRO POLICE DEPT,Accepted,JEFFERSON,KY1934,,GREENBELT,HWY,,,LOWER HUNTERS,,,,,38.170171095,-85.875929624,6.203,7/9/2019 12:00:00 AM,1147,2,2,0,0,CLEAR,DRY,False,OPPOSING LEFT TURN,OPPOSING LEFT TURN,STRAIGHT & LEVEL,DAYLIGHT,,,7/10/2019 8:27:54 AM,False,6326,Accepted,
25317630,0568000,LOUISVILLE METRO POLICE DEPT,Accepted,JEFFERSON,KY1747,,HURSTBOURNE,PKWY,S,KY1747,KY1747 CROSSOVER,,,,,38.216846276,-85.589022469,11.158,7/9/2019 12:00:00 AM,1804,2,2,0,0,CLEAR,DRY,False,OPPOSING LEFT TURN,OPPOSING LEFT TURN,STRAIGHT & LEVEL,DAYLIGHT,,,7/10/2019 8:28:53 AM,False,2234,Accepted,
25337078,0568000,LOUISVILLE METRO POLICE DEPT,Accepted,JEFFERSON,KY1703,,NEWBURG,RD,,,BISHOP,,,,,38.200726857,-85.685936277,2.096,7/9/2019 12:00:00 AM,1534,3,3,0,0,CLEAR,DRY,False,OTHER INTERSECTION COLLISIONS,REAR END,CURVE & GRADE,DAYLIGHT,,,7/15/2019 9:03:49 AM,False,7722,Accepted,
25317666,0568000,LOUISVILLE METRO POLICE DEPT,Accepted,JEFFERSON,KY0864,,POPLAR LEVEL,RD,,,,,,,,38.167681946,-85.682172727,8.919,7/9/2019 12:00:00 AM,2047,1,1,0,0,CLEAR,DRY,False,COLLISION WITH FIXED OBJECT NON - INTERSECTION - FIRST EVENT COLLISION 09 - 32 EXCLUDING 16,SINGLE VEHICLE,STRAIGHT & LEVEL,DAYLIGHT,,,7/10/2019 8:29:54 AM,False,5165,Accepted,
25317634,0568000,LOUISVILLE METRO POLICE DEPT,Accepted,JEFFERSON,,935,OAK,ST,W,,,,,,,38.235969362,-85.771129932,0.865,7/9/2019 12:00:00 AM,0732,1,1,0,0,CLEAR,DRY,False,COLLISION WITH FIXED OBJECT NON - INTERSECTION - FIRST EVENT COLLISION 09 - 32 EXCLUDING 16,SINGLE VEHICLE,STRAIGHT & LEVEL,DAYLIGHT,,,7/10/2019 8:29:06 AM,False,7229,Accepted,
25317595,0568000,LOUISVILLE METRO POLICE DEPT,Accepted,JEFFERSON,I 0071,,I71 N,,,,,,,,,38.299260171,-85.619581163,6.745,7/9/2019 12:00:00 AM,0926,1,1,0,0,CLEAR,DRY,False,COLLISION WITH FIXED OBJECT NON - INTERSECTION - FIRST EVENT COLLISION 09 - 32 EXCLUDING 16,SINGLE VEHICLE,STRAIGHT & LEVEL,DAYLIGHT,,,7/10/2019 8:27:38 AM,False,4903,Accepted,
25330612,0560400,SHIVELY POLICE DEPARTMENT,Accepted,JEFFERSON,US0031W,,DIXIE,HWY,,,,,KENNEDY,,MILLERS,38.214851934,-85.795888416,17.029,7/9/2019 12:00:00 AM,1430,1,1,0,0,CLEAR,DRY,False,COLLISION WITH FIXED OBJECT NON - INTERSECTION - FIRST EVENT COLLISION 09 - 32 EXCLUDING 16,SINGLE VEHICLE,STRAIGHT & LEVEL,DAYLIGHT,,,7/13/2019 3:12:31 AM,False,7085,Accepted,
25312778,0568000,LOUISVILLE METRO POLICE DEPT,Accepted,JEFFERSON,I 0065,,,,,,,,,,,38.189665684,-85.748906260,0.009,7/9/2019 12:00:00 AM,0025,1,1,0,0,CLOUDY,DRY,False,COLLISION WITH NON-FIXED OBJECT ,SINGLE VEHICLE,STRAIGHT & GRADE,DARK-HWY LIGHTED/ON,,,7/9/2019 8:20:06 AM,False,7786,Accepted,
25317662,0568000,LOUISVILLE METRO POLICE DEPT,Accepted,JEFFERSON,KY1065,,OUTER,LOOP,,,NOLTEMEYER WYNDE,,,,,38.138274965,-85.680610051,6.396,7/9/2019 12:00:00 AM,2243,2,2,0,0,CLEAR,DRY,False,OTHER INTERSECTION COLLISIONS,REAR END,STRAIGHT & LEVEL,DARK-HWY LIGHTED/ON,,,7/10/2019 8:29:45 AM,False,5042,Accepted,
25317631,0568000,LOUISVILLE METRO POLICE DEPT,Accepted,JEFFERSON,,,MUHAMMAD ALI,BLVD,W,,32ND,,,,,38.256418009,-85.804915106,2.876,7/9/2019 12:00:00 AM,0915,1,1,0,0,CLEAR,DRY,False,OTHER INTERSECTION COLLISIONS,SINGLE VEHICLE,STRAIGHT & LEVEL,DAYLIGHT,,,7/10/2019 8:28:55 AM,False,7361,Accepted,
25336838,0568000,LOUISVILLE METRO POLICE DEPT,Accepted,JEFFERSON,,,FLOYD,ST,S,,LIBERTY,,,,,38.252157498,-85.748551829,0.243,7/9/2019 12:00:00 AM,1532,2,2,0,0,CLOUDY,DRY,False,OTHER INTERSECTION COLLISIONS,REAR END,STRAIGHT & LEVEL,DAYLIGHT,,,7/15/2019 8:46:20 AM,False,2403,Accepted,
25336843,0568000,LOUISVILLE METRO POLICE DEPT,Accepted,JEFFERSON,,,HIKES,LN,,,FURMAN,,,,,38.211960069,-85.639405962,2.304,7/9/2019 12:00:00 AM,1403,2,2,0,0,CLEAR,DRY,False,OTHER INTERSECTION COLLISIONS,REAR END,STRAIGHT & LEVEL,DAYLIGHT,,,7/15/2019 8:46:45 AM,False,7482,Accepted,
25317614,0568000,LOUISVILLE METRO POLICE DEPT,Accepted,JEFFERSON,,,FREEPORT,DR,,,TRADE PORT,,,,,38.122763133,-85.883967242,0.014,7/9/2019 12:00:00 AM,1451,2,2,0,2,CLEAR,DRY,False,OTHER INTERSECTION COLLISIONS,REAR END,STRAIGHT & LEVEL,DAYLIGHT,,,7/10/2019 8:28:22 AM,False,7496,Accepted,
25317623,0568000,LOUISVILLE METRO POLICE DEPT,Accepted,JEFFERSON,US0031E,,BARDSTOWN,RD,,,WOODBOURNE,,,,,38.224180834,-85.691806028,13.523,7/9/2019 12:00:00 AM,1643,2,2,0,1,CLEAR,DRY,False,OTHER INTERSECTION COLLISIONS,REAR END,STRAIGHT & LEVEL,DAYLIGHT,,,7/10/2019 8:28:40 AM,False,5236,Accepted,
25317618,0568000,LOUISVILLE METRO POLICE DEPT,Accepted,JEFFERSON,,,BLOSSOM,LN,,KY1747,HURSTBOURNE,,,,,38.289383923,-85.573927492,0.007,7/9/2019 12:00:00 AM,1645,2,2,0,0,CLEAR,DRY,False,OTHER INTERSECTION COLLISIONS,REAR END,STRAIGHT & LEVEL,DAYLIGHT,,,7/10/2019 8:28:32 AM,False,2969,Accepted,
25317619,0568000,LOUISVILLE METRO POLICE DEPT,Accepted,JEFFERSON,US0150,,BROADWAY,,E,,BARRET,,,,,38.244268022,-85.734025171,3.716,7/9/2019 12:00:00 AM,2155,2,2,0,2,CLEAR,DRY,False,OTHER INTERSECTION COLLISIONS,REAR END,STRAIGHT & LEVEL,DARK-HWY LIGHTED/ON,,,7/10/2019 8:28:34 AM,False,7072,Accepted,
25317620,0568000,LOUISVILLE METRO POLICE DEPT,Accepted,JEFFERSON,,,7TH,ST,S,,HILL,,,,,38.226801883,-85.768989258,0.655,7/9/2019 12:00:00 AM,1644,2,2,0,0,CLEAR,DRY,True,OTHER INTERSECTION COLLISIONS,REAR END,STRAIGHT & LEVEL,DAYLIGHT,,,7/10/2019 8:28:36 AM,False,7402,Accepted,
25317606,0568000,LOUISVILLE METRO POLICE DEPT,Accepted,JEFFERSON,KY1747,,HURSTBOURNE,PKWY,S,,RIDGEHURST,,,,,38.193033611,-85.604921898,9.198,7/9/2019 12:00:00 AM,1518,2,2,0,0,CLEAR,DRY,False,OTHER INTERSECTION COLLISIONS,REAR END,STRAIGHT & LEVEL,DAYLIGHT,,,7/10/2019 8:28:00 AM,False,2532,Accepted,
25316540,0560300,ST. MATTHEWS POLICE DEPARTMENT,Accepted,JEFFERSON,I 0064,,I64 W,,,I 0264,I264 W,,,,,38.238297113,-85.626960562,12.053,7/9/2019 12:00:00 AM,1737,2,2,0,0,CLEAR,DRY,False,OTHER INTERSECTION COLLISIONS,REAR END,STRAIGHT & LEVEL,DAYLIGHT,,,7/10/2019 12:26:58 AM,False,9192,Accepted,
25317602,0568000,LOUISVILLE METRO POLICE DEPT,Accepted,JEFFERSON,KY0907,,3RD ST,RD,,,STONESTREET,,,,,38.113053583,-85.836994305,1.912,7/9/2019 12:00:00 AM,1551,2,2,0,0,CLEAR,DRY,False,OTHER INTERSECTION COLLISIONS,REAR END,STRAIGHT & LEVEL,DAYLIGHT,,,7/10/2019 8:27:52 AM,False,6318,Accepted,
25317653,0568000,LOUISVILLE METRO POLICE DEPT,Accepted,JEFFERSON,KY1727,,TERRY,RD,,KY1931,GREENWOOD,,,,,38.144667895,-85.871816923,1.590,7/9/2019 12:00:00 AM,1510,2,2,0,0,CLOUDY,DRY,False,OTHER INTERSECTION COLLISIONS,REAR END,STRAIGHT & LEVEL,DAYLIGHT,,,7/10/2019 8:29:34 AM,False,7073,Accepted,
25317646,0568000,LOUISVILLE METRO POLICE DEPT,Accepted,JEFFERSON,KY1020,,3RD,ST,S,,CENTRAL,,,,,38.204811997,-85.763994741,9.475,7/9/2019 12:00:00 AM,1724,2,2,0,0,CLEAR,DRY,False,OTHER INTERSECTION COLLISIONS,REAR END,STRAIGHT & LEVEL,DAYLIGHT,,,7/10/2019 8:29:26 AM,False,7398,Accepted,
25336890,0568000,LOUISVILLE METRO POLICE DEPT,Accepted,JEFFERSON,,,7TH,ST,S,,MAGNOLIA,,,,,38.229644086,-85.767568231,0.872,7/9/2019 12:00:00 AM,1721,1,1,0,0,CLEAR,DRY,False,OTHER INTERSECTION COLLISIONS,SINGLE VEHICLE,STRAIGHT & GRADE,DAYLIGHT,,,7/15/2019 8:50:40 AM,False,7472,Accepted,
25336949,0568000,LOUISVILLE METRO POLICE DEPT,Accepted,JEFFERSON,KY1934,,CANE RUN,RD,,,SHANKS,,,,,38.195431427,-85.842637826,8.791,7/9/2019 12:00:00 AM,1900,2,2,0,0,CLEAR,DRY,False,OTHER INTERSECTION COLLISIONS,REAR TO REAR,STRAIGHT & LEVEL,DAYLIGHT,,,7/15/2019 8:54:24 AM,False,5032,Accepted,
25317633,0568000,LOUISVILLE METRO POLICE DEPT,Accepted,JEFFERSON,KY3077,,RIVER,RD,,,2ND,,,,,38.258690726,-85.752778871,0.468,7/9/2019 12:00:00 AM,0631,2,2,0,0,CLEAR,DRY,False,SIDESWIPE-SAME DIRECTION,SIDESWIPE-SAME DIRECTION,STRAIGHT & LEVEL,DAWN,,,7/10/2019 8:29:05 AM,False,7325,Accepted,
25312782,0568000,LOUISVILLE METRO POLICE DEPT,Accepted,JEFFERSON,US0031E,,BARDSTOWN,RD,,,GOLDSMITH,,,,,38.208540293,-85.668953343,11.770,7/9/2019 12:00:00 AM,0541,2,2,0,0,CLEAR,DRY,False,SIDESWIPE-SAME DIRECTION,SIDESWIPE-SAME DIRECTION,STRAIGHT & LEVEL,DAWN,,,7/9/2019 8:20:12 AM,False,5146,Accepted,
25317659,0568000,LOUISVILLE METRO POLICE DEPT,Accepted,JEFFERSON,KY1747,,FERN VALLEY,RD,,I 0065,I65 N EXIT128 ON RAMP FROM KY1631 E,,,,,38.157597956,-85.716617676,0.852,7/9/2019 12:00:00 AM,2223,2,2,0,0,CLEAR,DRY,False,SIDESWIPE-SAME DIRECTION,SIDESWIPE-SAME DIRECTION,STRAIGHT & LEVEL,DARK-HWY NOT LIGHTED,,,7/10/2019 8:29:42 AM,False,7423,Accepted,
25317627,0568000,LOUISVILLE METRO POLICE DEPT,Accepted,JEFFERSON,KY1447,,WESTPORT,RD,,,WESTPORT,,,,,38.287244065,-85.573179603,5.183,7/9/2019 12:00:00 AM,1740,2,2,0,1,CLEAR,DRY,False,SIDESWIPE-SAME DIRECTION,SIDESWIPE-SAME DIRECTION,STRAIGHT & LEVEL,DAYLIGHT,,,7/10/2019 8:28:47 AM,False,6929,Accepted,
25317628,0568000,LOUISVILLE METRO POLICE DEPT,Accepted,JEFFERSON,KY1020,,3RD,ST,S,,PARK,,,,,38.231221877,-85.759325178,11.069,7/9/2019 12:00:00 AM,1900,2,2,0,0,CLEAR,DRY,True,SIDESWIPE-SAME DIRECTION,SIDESWIPE-SAME DIRECTION,STRAIGHT & LEVEL,DAYLIGHT,,,7/10/2019 8:28:49 AM,False,7344,Accepted,
25317624,0568000,LOUISVILLE METRO POLICE DEPT,Accepted,JEFFERSON,,,BRECKINRIDGE,ST,E,KY0061,JACKSON,,,,,38.240529907,-85.746509337,1.181,7/9/2019 12:00:00 AM,1156,2,2,0,2,CLEAR,DRY,False,SIDESWIPE-SAME DIRECTION,SIDESWIPE-SAME DIRECTION,STRAIGHT & LEVEL,DAYLIGHT,,,7/10/2019 8:28:42 AM,False,7455,Accepted,
25336850,0568000,LOUISVILLE METRO POLICE DEPT,Accepted,JEFFERSON,,,SCENIC,LOOP,,,,,,,,38.238211323,-85.702943634,0.259,7/9/2019 12:00:00 AM,1826,2,2,0,0,CLEAR,DRY,True,1 VEHICLE PARKED POSITION (NOT PARKING LOT/DRIVEWAY),SIDESWIPE-SAME DIRECTION,STRAIGHT & GRADE,DAYLIGHT,,,7/15/2019 8:47:15 AM,False,7833,Accepted,
25317608,0568000,LOUISVILLE METRO POLICE DEPT,Accepted,JEFFERSON,,3009,FAYWOOD,WAY,,,,,,,,38.205872309,-85.788184657,0.071,7/9/2019 12:00:00 AM,1546,2,2,0,0,CLEAR,DRY,False,1 VEHICLE PARKED POSITION (NOT PARKING LOT/DRIVEWAY),SIDESWIPE-SAME DIRECTION,STRAIGHT & LEVEL,DAYLIGHT,,,7/10/2019 8:28:03 AM,False,7433,Accepted,
25317629,0568000,LOUISVILLE METRO POLICE DEPT,Accepted,JEFFERSON,,2600,EASTVIEW,AVE,,,,,,,,38.219399818,-85.686815163,0.375,7/9/2019 12:00:00 AM,1700,2,2,0,0,CLEAR,DRY,True,1 VEHICLE PARKED POSITION (NOT PARKING LOT/DRIVEWAY),BACKING,STRAIGHT & HILLCREST,DAYLIGHT,,,7/10/2019 8:28:51 AM,False,7916,Accepted,
25357679,0568000,LOUISVILLE METRO POLICE DEPT,Accepted,JEFFERSON,,2531,JEFFERSON,ST,W,,,,,,,38.257916175,-85.793502768,2.277,7/9/2019 12:00:00 AM,0900,2,2,0,0,CLEAR,DRY,True,1 VEHICLE PARKED POSITION (NOT PARKING LOT/DRIVEWAY),SIDESWIPE-SAME DIRECTION,STRAIGHT & LEVEL,DAYLIGHT,,,7/19/2019 10:05:49 AM,False,5108,Accepted,
25326907,0568000,LOUISVILLE METRO POLICE DEPT,Accepted,JEFFERSON,I 0265,,I265 E,,,,,,,,,38.138679371,-85.592230460,16.769,7/9/2019 12:00:00 AM,1809,3,3,0,0,CLEAR,DRY,False,REAR END IN TRAFFIC LANES BOTH VEHICLES MOVING,REAR END,STRAIGHT & HILLCREST,DAYLIGHT,,,7/12/2019 8:34:36 AM,False,7944,Accepted,
25326885,0568000,LOUISVILLE METRO POLICE DEPT,Accepted,JEFFERSON,I 0265,,I265 E,,,,,,,,,38.139928501,-85.589379577,16.947,7/9/2019 12:00:00 AM,1735,2,2,0,0,CLEAR,DRY,False,REAR END IN TRAFFIC LANES BOTH VEHICLES MOVING,REAR END,STRAIGHT & GRADE,DAYLIGHT,,,7/12/2019 8:32:07 AM,False,7944,Accepted,
25317625,0568000,LOUISVILLE METRO POLICE DEPT,Accepted,JEFFERSON,I 0264,,I264 E,,,,,,,,,38.231046263,-85.631035886,18.257,7/9/2019 12:00:00 AM,1646,2,2,0,0,CLEAR,DRY,False,REAR END IN TRAFFIC LANES BOTH VEHICLES MOVING,REAR END,STRAIGHT & LEVEL,DAYLIGHT,,,7/10/2019 8:28:44 AM,False,7243,Accepted,
25317640,0568000,LOUISVILLE METRO POLICE DEPT,Accepted,JEFFERSON,KY2054,3404,ALGONQUIN,PKWY,,,,,,,,38.224586114,-85.811322452,0.610,7/9/2019 12:00:00 AM,1841,2,2,0,3,CLEAR,DRY,False,REAR END IN TRAFFIC LANES BOTH VEHICLES MOVING,REAR END,STRAIGHT & LEVEL,DAYLIGHT,,,7/10/2019 8:29:19 AM,False,7231,Accepted,
25337109,0568000,LOUISVILLE METRO POLICE DEPT,Accepted,JEFFERSON,,1400,15TH,ST,S,,,,,,,38.231240075,-85.779240612,0.404,7/9/2019 12:00:00 AM,1151,2,2,0,0,CLEAR,DRY,False,REAR END IN TRAFFIC LANES BOTH VEHICLES MOVING,REAR END,STRAIGHT & LEVEL,DAYLIGHT,,,7/15/2019 9:06:06 AM,False,7070,Accepted,
25337092,0568000,LOUISVILLE METRO POLICE DEPT,Accepted,JEFFERSON,US0060,,SHELBYVILLE,RD,,,,,,,,38.246037111,-85.572196577,8.117,7/9/2019 12:00:00 AM,0817,2,2,0,0,CLEAR,DRY,False,REAR END IN TRAFFIC LANES BOTH VEHICLES MOVING,REAR END,STRAIGHT & LEVEL,DAYLIGHT,,,7/15/2019 9:04:39 AM,False,7858,Accepted,
25317669,0568000,LOUISVILLE METRO POLICE DEPT,Accepted,JEFFERSON,KY1450,,BLUE LICK,RD,,,,,,,,38.097907767,-85.695945931,0.846,7/9/2019 12:00:00 AM,2141,2,2,0,0,CLEAR,DRY,False,SIDESWIPE COLLISION - SAME DIRECTION,SIDESWIPE-SAME DIRECTION,STRAIGHT & LEVEL,DARK-HWY NOT LIGHTED,,,7/10/2019 8:30:00 AM,False,5138,Accepted,
25317656,0568000,LOUISVILLE METRO POLICE DEPT,Accepted,JEFFERSON,,,LIBERTY,ST,W,,,,6TH,,7TH,38.253510685,-85.761243114,0.383,7/9/2019 12:00:00 AM,0725,2,2,0,0,CLEAR,DRY,False,SIDESWIPE COLLISION - SAME DIRECTION,SIDESWIPE-SAME DIRECTION,STRAIGHT & LEVEL,DAWN,,,7/10/2019 8:29:39 AM,False,7823,Accepted,
25317660,0568000,LOUISVILLE METRO POLICE DEPT,Accepted,JEFFERSON,I 0064,,I64 E,,,,,,,,,38.222671929,-85.518018418,18.305,7/9/2019 12:00:00 AM,0900,2,2,0,0,CLEAR,DRY,True,SIDESWIPE COLLISION - SAME DIRECTION,SIDESWIPE-SAME DIRECTION,,DAYLIGHT,,,7/10/2019 8:29:44 AM,False,6886,Accepted,
25336940,0568000,LOUISVILLE METRO POLICE DEPT,Accepted,JEFFERSON,,,5TH,ST,S,,,,CATHEDRAL SCHOOL,,LIBERTY,38.252548606,-85.758902411,3.474,7/9/2019 12:00:00 AM,1605,2,2,0,0,CLEAR,DRY,False,SIDESWIPE COLLISION - SAME DIRECTION,SIDESWIPE-SAME DIRECTION,STRAIGHT & LEVEL,DAYLIGHT,,,7/15/2019 8:53:36 AM,False,5173,Accepted,
25317622,0568000,LOUISVILLE METRO POLICE DEPT,Accepted,JEFFERSON,KY1020,942,2ND,ST,S,,,,,,,38.240170541,-85.756066346,11.706,7/9/2019 12:00:00 AM,2115,2,2,0,0,CLEAR,DRY,True,1 VEHICLE ENTERING/LEAVING ENTRANCE,ANGLE,STRAIGHT & LEVEL,DARK-HWY LIGHTED/ON,,,7/10/2019 8:28:39 AM,False,2499,Accepted,
25317616,0568000,LOUISVILLE METRO POLICE DEPT,Accepted,JEFFERSON,KY1747,,FERN VALLEY,RD,,,,,INDUSTRIAL,,ULRICH,38.157011655,-85.704743506,1.507,7/9/2019 12:00:00 AM,1246,2,2,0,0,CLEAR,DRY,False,1 VEHICLE ENTERING/LEAVING ENTRANCE,ANGLE,STRAIGHT & LEVEL,DAYLIGHT,,,7/10/2019 8:28:28 AM,False,2017,Accepted,
25317601,0568000,LOUISVILLE METRO POLICE DEPT,Accepted,JEFFERSON,,,STONESTREET,RD,,,,,WHITEHALL,,GAYWOOD,38.105888047,-85.834293209,1.722,7/9/2019 12:00:00 AM,0930,2,2,0,0,CLEAR,DRY,False,1 VEHICLE ENTERING/LEAVING ENTRANCE,ANGLE,STRAIGHT & LEVEL,DAYLIGHT,,,7/10/2019 8:27:50 AM,False,5220,Accepted,
25317617,0568000,LOUISVILLE METRO POLICE DEPT,Accepted,JEFFERSON,,,BANK,ST,,,,,19TH,,20TH,38.264665900,-85.781122631,0.186,7/9/2019 12:00:00 AM,1045,2,2,0,0,CLEAR,DRY,False,1 VEHICLE ENTERING/LEAVING ENTRANCE,ANGLE,STRAIGHT & LEVEL,DAYLIGHT,,,7/10/2019 8:28:31 AM,False,7805,Accepted,
25317610,0568000,LOUISVILLE METRO POLICE DEPT,Accepted,JEFFERSON,KY1934,,CANE RUN,RD,,,,,ROCKAWAY,KY2051,LEES,38.183659340,-85.855359480,7.713,7/9/2019 12:00:00 AM,0811,2,2,0,0,CLEAR,DRY,True,1 VEHICLE ENTERING/LEAVING ENTRANCE,ANGLE,STRAIGHT & LEVEL,DAYLIGHT,,,7/10/2019 8:28:11 AM,False,6326,Accepted,
25317670,0568000,LOUISVILLE METRO POLICE DEPT,Accepted,JEFFERSON,,2305,OAK,ST,W,,,,,,,38.237741087,-85.793355058,2.085,7/9/2019 12:00:00 AM,2027,3,3,0,0,CLEAR,DRY,True,1 VEHICLE ENTERING/LEAVING ENTRANCE,ANGLE,CURVE & LEVEL,DAYLIGHT,,,7/10/2019 8:30:39 AM,False,5190,Accepted,
25352819,0568000,LOUISVILLE METRO POLICE DEPT,Accepted,JEFFERSON,KY2251,,BARDSTOWN,RD,,,,,STEIER,,HIKES,38.198721292,-85.659402053,1.003,7/9/2019 12:00:00 AM,0939,2,2,0,0,CLEAR,DRY,False,1 VEHICLE ENTERING/LEAVING ENTRANCE,ANGLE,STRAIGHT & LEVEL,DAYLIGHT,,,7/18/2019 10:13:29 AM,False,7059,Accepted,
25336870,0568000,LOUISVILLE METRO POLICE DEPT,Accepted,JEFFERSON,,1440,SELINDA,AVE,,,,,,,,38.190367400,-85.699326957,0.694,7/9/2019 12:00:00 AM,0715,2,1,0,1,CLEAR,DRY,False,COLLISION IN PARKING LOT,SINGLE VEHICLE,STRAIGHT & LEVEL,DAYLIGHT,,,7/15/2019 8:49:02 AM,False,7121,Accepted,
25317651,0568000,LOUISVILLE METRO POLICE DEPT,Accepted,JEFFERSON,,13900,ENGLISH STATION,RD,S,,,,,,,38.221971707,-85.493631041,3.139,7/9/2019 12:00:00 AM,1846,2,2,0,1,CLEAR,DRY,False,COLLISION IN PARKING LOT,REAR TO REAR,STRAIGHT & LEVEL,DAYLIGHT,,,7/10/2019 8:29:33 AM,False,6334,Accepted,
25317639,0568000,LOUISVILLE METRO POLICE DEPT,Accepted,JEFFERSON,KY0907,5415,VALLEY STATION,RD,,,,,,,,38.106342406,-85.863046326,0.220,7/9/2019 12:00:00 AM,0918,1,1,0,0,CLEAR,DRY,True,COLLISION IN PARKING LOT,SINGLE VEHICLE,STRAIGHT & LEVEL,DAYLIGHT,,,7/10/2019 8:29:17 AM,False,2311,Accepted,
25337094,0568000,LOUISVILLE METRO POLICE DEPT,Accepted,JEFFERSON,I 0265,,,,,,,,,,,38.308519825,-85.571666832,0.101,7/9/2019 12:00:00 AM,1627,2,2,0,0,CLEAR,DRY,False,OTHER RAMP RELATED COLLISIONS NOT LISTED ABOVE,REAR END,STRAIGHT & GRADE,DAYLIGHT,KY0022,I 0265,7/15/2019 9:04:45 AM,False,7858,Accepted,
25322461,0568000,LOUISVILLE METRO POLICE DEPT,Accepted,JEFFERSON,I 0065,,,,,,,,,,,38.190897569,-85.727677267,0.338,7/9/2019 12:00:00 AM,1633,2,2,0,0,CLEAR,DRY,False,OTHER RAMP RELATED COLLISIONS NOT LISTED ABOVE,REAR END,STRAIGHT & LEVEL,DAYLIGHT,I 0065,I 0065,7/11/2019 8:23:41 AM,False,8278,Accepted,
25322459,0568000,LOUISVILLE METRO POLICE DEPT,Accepted,JEFFERSON,I 0265,,,,,,,,,,,38.310914639,-85.570073541,0.386,7/9/2019 12:00:00 AM,1441,2,2,0,2,CLEAR,DRY,False,OTHER RAMP RELATED COLLISIONS NOT LISTED ABOVE,REAR END,STRAIGHT & LEVEL,DAYLIGHT,I 0265,KY0022,7/11/2019 8:23:37 AM,False,8278,Accepted,
25322460,0568000,LOUISVILLE METRO POLICE DEPT,Accepted,JEFFERSON,I 0265,,,,,,,,,,,38.119407951,-85.643273789,0.277,7/9/2019 12:00:00 AM,1537,2,2,0,0,CLEAR,DRY,False,OTHER RAMP RELATED COLLISIONS NOT LISTED ABOVE,REAR END,STRAIGHT & GRADE,DAYLIGHT,I 0265,COOPER CHAPEL RD,7/11/2019 8:23:40 AM,False,8278,Accepted,
25317635,0568000,LOUISVILLE METRO POLICE DEPT,Accepted,JEFFERSON,US0031E,,BARDSTOWN,RD,,,,,RANDOM,,DREAMS END,38.172152059,-85.610041349,7.593,7/9/2019 12:00:00 AM,1825,2,2,0,0,CLEAR,DRY,False,OTHER ROADWAY OR MID-BLOCK COLLISION,REAR END,STRAIGHT & LEVEL,DAYLIGHT,,,7/10/2019 8:29:07 AM,False,6668,Accepted,
25336844,0568000,LOUISVILLE METRO POLICE DEPT,Accepted,JEFFERSON,,,BROWNS,LN,,,,,RICHLAND,,EDMONIA,38.220382104,-85.624836810,2.971,7/9/2019 12:00:00 AM,1554,2,2,0,0,CLEAR,DRY,False,OTHER ROADWAY OR MID-BLOCK COLLISION,REAR END,STRAIGHT & LEVEL,DAYLIGHT,,,7/15/2019 8:46:49 AM,False,7482,Accepted,